subscription_id,user_id,plan,start_date,end_date,mrr
aa7f367f-9c7f-44b1-a0d9-05f547b7acbd,1e24b07a-4dd4-4316-bcab-26479cd4ea0d,pro,2026-06-21,,49
7c379685-a560-4064-9bf0-b1729abbe911,ab14970c-3239-4858-8b98-cc89ebdb9654,basic,2026-01-10,,19
cd9df5c9-7257-42d7-85bc-4f8013bc2e97,70d64d3a-d3a7-4446-9e34-a17bf0ebf782,pro,2025-11-30,,49
1352510e-79a0-4f76-8e5c-db0cb7741975,017613bf-520d-488d-9c3d-a66082011a43,enterprise,2026-03-07,,199
6514da2e-f3d1-4fd8-8b95-e57e160eeea4,73f0c97a-3f31-41cc-86fe-6e6d03766610,basic,2026-03-27,,19
38bed4e8-bd8a-427e-81a7-350055f2d61e,508128fa-cb4c-419d-9ae4-59ae14ffab7d,pro,2026-04-18,,49
2330e133-547b-4577-a585-e5efb13c5ffb,8a917732-45c3-4344-aa43-980f668ef603,pro,2025-12-10,,49
2395b03b-15d3-4389-b74c-f63eb1e49fc7,2d2edcd4-90e1-4684-8f33-3c8336f8583f,enterprise,2025-12-14,2026-05-29,199
89ccd6a6-a502-4e95-8192-19148e5a0925,4f978efe-5d63-46ac-86fb-f8700546f571,basic,2026-07-03,,19
bca730ab-d9e1-4001-a175-b5ff3d6fb888,b0ab5f55-6a40-411e-a3e5-427e21c42196,basic,2026-05-13,,19
f0c879d4-0c46-4d28-8dad-ed1f71242328,04541114-e4d5-4a1f-90d9-5ed932345afa,basic,2025-11-23,,19
f198a801-8340-47ae-a62d-005004ff3348,b173d3c1-ae28-4368-aec1-cf4705a03cb8,enterprise,2026-04-30,,199
f5631a7a-a0af-4eba-9056-c68e9ca8f35f,60372e4e-7b00-4534-a365-f0b9f1ce5aca,enterprise,2026-03-18,,199
741ae998-9573-4006-9ee7-f78f333af6d2,7c31c442-046a-4113-b179-62afb3f29f24,enterprise,2025-10-08,,199
4a4c8ae5-d692-413c-9361-c547745996f2,cf5701c8-8f6d-4bd7-b049-26c5c53411ed,basic,2026-03-10,2026-06-17,19
9a22550e-1349-4688-a8ad-21f757928dc0,f627e3ce-abb8-4da4-9041-d059da31cec5,enterprise,2025-08-11,2026-01-19,199
596f56f7-83c9-4053-a2c7-1f1c35d71989,c4d23623-f23a-4989-b0b9-cd30508e8349,basic,2026-05-21,,19
873d2f2b-5d79-4bb9-b50b-b7ca17619dc0,602d8aaf-045b-4ff1-9858-ea635cdd0ebf,basic,2025-07-26,,19
2f6c9e73-19c6-495f-abf7-b43afd6c7f45,75dbbf07-2bb3-442b-9664-17bcc0390dd1,basic,2025-09-10,,19
eb279338-e17d-4316-854c-a78886ac8c66,d7058a62-0b30-45ce-a60e-fca0459d927c,basic,2025-08-09,2026-01-30,19
22274f33-de2f-4211-a524-e294e4a7cdfb,3b582437-bbe8-4880-b2fd-b18f2f34bafc,basic,2026-02-28,,19
6f54850c-89d1-4f6b-8689-defbdd473ee6,a9c0c49c-77d8-4ec7-bfd7-71d50ceb1aae,basic,2025-12-31,,19
5c5ba1dc-537a-4bed-a167-0c6f7e853c30,b9a559f4-5962-4b12-bbc7-72807d1b9763,basic,2025-11-29,,19
b9654b15-902b-43ee-ad04-ed9291d91d12,9a62e8bf-8a79-48d3-a77b-5d14b75c68ce,basic,2026-04-13,,19
1398c18c-25c2-48e8-ac2e-2d6c406ce6df,af28674e-17f8-4067-9efd-4c3cef7a8c56,pro,2026-03-20,,49
492ca5cb-2f66-4593-9d35-9475d66396cb,eb068e6c-5def-4c25-b16b-126242e6d64d,basic,2026-01-10,,19
cf0727bb-b911-4385-8842-0772afe3bd86,a604c4ba-19fa-494a-9218-5a116c405538,pro,2026-02-12,,49
5c502e72-6233-4226-ad3f-aa9f158bc502,4b2d85d7-f9fa-4540-b287-d80499065d2d,enterprise,2026-02-19,,199
af7bf4c8-9657-4ffa-89e7-8ae37181c191,a9313b24-b464-46cd-b8af-036e5855b4b1,basic,2026-05-22,2026-08-27,19
c133eed0-5c88-4360-8080-954f4106a27a,2bd84f41-ed34-4eb8-9eef-083d9f6d0889,basic,2025-08-31,,19
f16f1bd0-e653-4d6b-9cae-104466252e31,3f992143-0e35-423b-8819-5ade3b4350d0,basic,2026-04-04,,19
f07d6d6c-261d-4652-b99c-c4fdd80149e9,d9f336cc-b39c-41b7-b4ef-6a6ee2020fb5,basic,2025-08-23,,19
6bb66ae2-dc08-41e2-b45e-958387b569d9,fb79cd65-2ab4-46b0-8b69-1a70c1f090fe,basic,2025-12-17,,19
c2e0b251-c76a-4c96-8b5d-fdaab738ba2a,53386435-f49a-4f98-b1f8-a774dd116ff2,pro,2025-06-28,,49
8762b043-fb13-43bb-89b5-74cb93830cb5,63ce5e1e-8f91-4f04-8f88-0205e9052685,basic,2026-06-02,,19
6e3de48e-1c3f-4738-8349-6b8ee8472f4b,5d1a40a2-ae97-4285-bb60-8f8280bd0c8a,basic,2025-10-16,,19
a660825f-ed7a-4e64-a643-defe012a32c9,8c044f2c-dffe-40b6-b9a4-44e43e8552f6,basic,2025-10-04,,19
96862f44-dc08-4258-b2a6-da0747d9f697,1009f2d6-e0d8-44b7-8555-4bb86ccb342b,basic,2026-04-04,2026-06-21,19
e1450ec2-83c3-4dcf-b08f-0d9833f9901b,c4fc3093-60e4-4177-84d9-924831c16fc0,pro,2026-03-02,2026-07-02,49
7501b7d9-e56e-4807-9b0f-027994449ced,01c4328e-55ad-4e34-ba93-90fce96fe1af,basic,2025-11-17,,19
82abbadb-54bd-49f8-8484-3b75a45d6a5a,f8934391-392e-4da5-9d90-ea875c9503c8,basic,2026-01-23,,19
23f7d79a-9082-4c20-bfb3-e5df1ea60753,8e1fd421-2802-447a-8eab-cbfbe1e71d68,basic,2026-03-16,,19
181df1be-2827-4815-b4a0-e38db163bc9e,84db5970-63b8-4535-b6f8-d43874160290,pro,2025-08-01,,49
1344254b-17e2-4a6c-9a1e-3ea682ac0510,dea0c2cb-1d49-45de-b12c-ab633cd304d4,basic,2025-08-31,,19
5dc06c95-8c7a-411c-ad5c-5a61be343c9b,ae5e095a-4be8-43a5-bd73-d2a44c14d5fe,basic,2026-04-27,,19
5d87d03f-1be9-4843-8835-e19650b9e7a4,1bdb681a-1390-42ca-9687-2747a3cfbb33,enterprise,2026-06-29,,199
8de928fc-3a8d-4beb-b0e3-c2ce8c5ffa01,51fc9107-1573-4ac9-a9fc-3dca8d161c95,basic,2026-01-12,,19
3a0998a7-71c3-45fa-9f62-2cd798b8b680,e0fd9d23-ee5b-4b98-87ca-64781015b796,enterprise,2025-10-17,,199
ba989346-38cf-4924-a006-6064dcef3e8f,b4072793-9e71-4286-85e1-28dc86af3cb6,pro,2026-05-31,,49
ae1af8a4-5fdc-46e0-bb60-3d7b6b4d8193,0fd2d336-4b2c-4887-a38a-0b9feedaa102,basic,2026-01-06,2026-04-09,19
b9d23eb2-0d1d-47e0-9482-5d8ab1978fa5,52765598-14d0-4dda-8bd6-6ec70ce54c65,basic,2025-08-16,,19
11daa013-53dc-4352-a5d0-2cf1b8a5509c,0b5c027d-845c-4099-978d-f22ba13d71a6,basic,2026-06-26,,19
ed4e6f79-7548-47ff-a70e-dbfd8497c34c,d521e273-906e-4df5-913c-583326432813,pro,2026-02-27,2026-06-23,49
50745f9d-94e8-4d3c-8401-c716adb0394f,eedf857f-3cdf-46ac-a329-5a0ae438e230,basic,2026-01-29,,19
918620d6-fa6d-49b4-a901-b7bbb680f2b4,eedb5b4b-729b-4d86-adc1-9f7665878aad,basic,2026-03-06,,19
ce1d4585-a659-46fb-ae8a-59694c537968,df7da09f-c771-42b4-a13d-b09a16c1eac0,pro,2025-11-22,,49
d429cefd-5fb4-4e4a-8353-268d128c1fb4,d8951d9e-dc95-47e8-adcb-98cebafd60d9,pro,2025-07-23,,49
4cfbb251-850f-4d01-a916-613176239c2b,7a140f2a-8ca5-4f7c-afb0-163dc33ef05a,basic,2026-05-09,,19
d2780b4e-0c50-4d2b-a34a-3aada7ba98e5,c2b1baa4-d975-443d-893d-a19d1bbb8e11,pro,2026-02-24,,49
20298a48-28d9-4d96-a893-3f08c9683621,66d83289-6fed-453b-bd95-d1f4e77d8f0d,pro,2025-09-25,,49
c4195236-6fba-4a70-ad8b-ea4bad631c04,f9e187e3-325e-4be8-853e-00994aee7dad,pro,2026-03-29,,49
728cdceb-823c-4872-8935-575febcdc4d0,ecc76896-8cab-469b-ab32-4cf2f77d33ab,pro,2025-12-24,,49
9e2577d2-8f4c-4459-9d1e-5a3ed8c15815,bf73cc77-4f79-424c-99d4-b03e3f6d8cf7,basic,2025-08-14,,19
f8cbfdcc-9283-4b7b-b127-36593dfcb875,68a44803-e969-42f4-9eac-b5419eb36e9b,enterprise,2025-08-18,,199
5fd79cf7-5175-4486-80d4-28ec3c931baa,de3aa2cb-22a3-4771-8021-344f6aae1704,enterprise,2026-05-19,,199
7347d158-eb5e-4905-bd03-4850f534163d,7229eb44-a5db-4a20-ad60-08ce14744f3d,pro,2026-05-24,2026-08-27,49
969e554b-fd76-486a-97a4-7fec5170814d,2fbb8fa9-b554-4157-b0fc-a44a992a53fe,basic,2025-11-02,,19
b1a4f14e-33ef-406a-9708-f6d800a9bc45,8b87c2f8-8604-485f-8a88-a5be6fa35ed7,pro,2026-02-19,2026-05-24,49
0dda8819-ba41-47f2-8743-a684591dd476,eb97cbc5-64e2-4b35-8954-3dfe1f823c4c,basic,2025-10-23,2026-02-26,19
ae8679b0-72ba-4551-b57a-429fa3338655,ddfb7ff4-6033-4ec2-8812-18b96b69341e,basic,2025-12-18,,19
c177e34f-2261-4a10-8af8-e49a75835082,a7ce93c2-be8e-4564-addf-8b4b78208aa9,enterprise,2026-02-06,,199
0f9d0700-9dd8-4949-a9cf-acaadf2e76c5,50842130-63d2-473e-95c3-baf816402b9f,basic,2026-04-04,,19
86c3480c-e525-48fc-a784-a7b47e118a88,15ae5ac8-e367-4d28-8cc4-69e8ee64a070,basic,2025-11-04,,19
f6b7f317-4eae-4a6e-9443-a89397152751,49420a32-975c-4ca9-80de-a2cd1a7263ae,basic,2026-04-24,,19
77283d0e-7e22-4e95-a189-cf57563a7caf,2cf9b47e-f608-45ee-bf69-7a605c07ce2a,basic,2025-08-08,2026-01-11,19
84c163e7-dddf-4d86-b35d-cb498e1a4314,340033f0-309c-4216-b0de-9eee913b27fa,pro,2026-03-25,,49
efe995df-a669-4143-ac11-d79e9eb4dc9a,a5e7eac1-efe5-4bbc-9f62-651ab926cb3c,basic,2026-04-27,,19
0e312144-8041-43e2-9632-06cad424592b,8981552a-f1e4-4ebd-a976-4d97d231731f,enterprise,2025-10-29,,199
a83b53db-5595-492a-8125-e2e5f63190bf,fe6031ab-34d3-45bf-9b60-2e67096ccd32,enterprise,2025-09-07,,199
9f97c16a-a556-448e-bbbd-87d6029da922,f8f3640a-c0af-42b5-9ab2-95cc7dc9dced,pro,2026-01-06,,49
34df733f-43a3-4afe-8989-4389b6ccd0e1,ca91d488-3bc0-4b5f-8899-24331d9e8bc5,basic,2025-10-28,,19
59402ae5-6c78-4102-8edc-7d7d888c907d,88a3b9c0-a8a9-45f9-b763-2f8d83ac535c,basic,2025-11-04,,19
d1c7fce4-9ff3-4b1e-b608-176d355b10b5,e94d533a-7831-4c01-8001-49c3e8dfaa18,basic,2026-05-22,,19
e088e616-781e-4a91-8ba5-a977a64372da,e85c6cff-93ce-4eae-8afc-651d6befce23,pro,2025-08-10,,49
8ef8dca8-444d-47f2-8c72-94feda45c0a9,93d60190-9373-4470-b40d-3bd1dd27d54d,basic,2026-04-24,,19
0ac06bfe-2976-430e-9bf7-61c21fab245f,5bb72b66-73e2-4cee-9bf7-f403054d2b8d,basic,2025-12-29,,19
e918279d-d49a-4e3d-a144-f749cacb6782,59d5d1ed-d7a5-4fe6-b30d-59274af3b214,enterprise,2025-11-11,,199
5ced9baa-9ef8-41e0-a566-dbbcf03b948c,b0c675a6-ae2c-4c93-8711-d86205a2d93b,basic,2026-03-14,,19
5fd555a6-8b75-4f02-b75f-ca7199fa8164,d9b63e96-4afc-42c8-b496-514235f8ef2f,pro,2026-05-30,,49
425df3b6-33f4-40db-9ac9-13bc79af4ea0,e99cb3ef-6c8c-40fb-b0cf-f8bb31757635,basic,2025-12-22,,19
82bb94c5-3eb3-4462-bf91-92d5ea23e770,c53c730a-d3e7-4711-81ca-c19bb6d91a63,pro,2026-02-26,,49
4f9c6c44-e8d2-4433-9beb-82975e7d7d80,909ace2d-485b-4c62-9a8d-dcc8916598db,pro,2025-11-19,,49
e32b116f-4d26-49a1-aa2b-f299f90e0c5a,68329152-30f4-472d-929e-8fcb91e4c796,pro,2025-09-30,,49
1126e4d8-8344-4e0f-a6c0-0e634f41d4b0,257b221b-1385-4f1b-8b97-517444f03e5f,enterprise,2025-12-25,,199
c230ca2b-f11e-4a7e-a31a-0c52e63659f1,d3e3b70c-eaf5-49ff-a7b7-33648bd74eae,basic,2026-02-22,,19
3e29582f-d804-4921-9f0f-93c0d8cb5823,f6c82ff9-2ef3-4870-a3c6-02b1ba55b3da,pro,2026-02-16,,49
3085318b-d446-4239-b5ab-4c8eb720184a,21033192-1ef4-4168-96d9-7653ade31d89,basic,2026-05-24,2026-07-24,19
3ae54fed-4789-4f5a-9b23-ad7eec009fa9,98461d79-39db-4172-99b5-8765e85a1ff1,enterprise,2025-11-19,,199
30dcf999-b822-4250-aef1-f93e45a5b2b0,28197772-ec7f-4982-b317-68f852e9eae1,basic,2026-05-22,,19
1a9a4e33-407e-4bd7-a28e-abec9782902a,ca77d08d-894c-4445-bd95-8e3df2733746,basic,2025-12-19,,19
4d61c547-45b8-4d2d-8c85-dd35aa6e912d,e42b24b9-8743-4082-87d5-599616cb7678,basic,2025-07-14,,19
7f67a550-f14a-4cbe-96fe-18da72d2774f,4313adab-dfe7-437e-af9c-dc5502d072f3,basic,2025-10-25,,19
0fbfad16-8efd-4d7c-b014-28588bc9b84f,b9b0dab4-1718-4c43-8c22-3638eb4bd303,basic,2026-02-25,,19
1353473d-c1a5-4b3b-ac46-323d40607b2d,094ccb84-8283-49fc-b177-5c94f9e07a12,basic,2026-06-17,,19
2c4c50bc-75b9-487b-b65b-73ab52cb1865,c3cbff34-3367-4436-961d-45d50559b950,enterprise,2025-10-25,,199
66c69845-dea4-40d5-94c4-e14366b0e5c4,aa651c41-35f0-45d4-a6db-9ddaad94bada,basic,2025-08-17,,19
de77f7dc-a5cc-436b-a071-bcc340959105,91281b45-dda3-4a62-9887-dc7121b2b82f,pro,2026-02-18,,49
d2dde114-1a97-417b-9020-a7f05c5b6414,6ada8e2a-b0e4-4be2-b048-497227796335,basic,2025-07-14,,19
6d9e2c22-1b4e-431b-95d6-c93ccb776725,2db28122-2db5-4c9d-8b85-a4b64e996912,basic,2026-03-04,,19
f2dfcfa1-627d-4932-8434-695cdf4e1196,487b132d-05b4-4dd0-b844-a571444379e6,basic,2025-10-05,,19
c43f44dc-c1b4-451e-a07c-efabcfb7878f,5ad39ef2-54ef-41aa-b604-2c11d1101e30,basic,2025-11-08,,19
0ce922a3-4df5-4221-882e-a1399aa1ae50,fdac733d-59c9-47de-abb8-0a459e975c70,enterprise,2025-09-27,,199
89642ecb-b765-400b-9115-bc135e1452d1,b38c9088-c2f0-440c-b003-7890eb386d2f,basic,2025-09-26,,19
248441f1-4662-45e1-b9dc-aedaa0b317e9,5c559e24-a8c3-4932-93da-b193fc062384,pro,2025-10-28,,49
08d1f241-c731-4993-b7d1-7b5a3884a4c9,fd07e925-c396-4641-aaeb-712a63e00589,enterprise,2026-05-10,2026-06-11,199
97acd2ce-7e13-40a9-a7af-7fde3e8923dc,5a3a910c-6817-4749-b44e-e101aa0d8c17,basic,2025-09-28,,19
12167e72-465b-4eb5-b37b-eefefa5d08ec,b3615e5f-6a17-4a03-8f06-d24ee5e58b8d,basic,2026-01-02,,19
54dde7ca-ac78-4a94-839f-01b714c4a82e,68749f04-fd46-47c9-8bbd-6a607214c476,basic,2026-05-16,,19
a162fe34-6efa-4b06-9c39-fe589bc065a2,de5ecc45-f116-4b76-a7eb-bef0e853ce33,basic,2025-11-28,,19
763abd71-275d-4d3b-b359-2bcfd1a4b9a2,ad9aa02f-5198-4f22-aa68-d3bd154921bd,basic,2025-12-05,,19
f7883a19-a08c-4412-be0e-0d2322f2b358,83ef353a-9584-4ee9-97f1-9d55fb360433,enterprise,2026-04-13,,199
2b25a979-53da-46d6-9d0f-142dae6344bf,001d476f-e66a-45ef-92a7-80feb9465cf9,basic,2026-04-16,,19
7c852881-2e56-4608-8969-5b0c21b8bda2,74bc2571-e143-4bfe-9d94-8733fce833db,basic,2025-12-27,,19
4352495d-f368-495e-8a93-042e41b8773d,d6fca9d9-fb47-42fe-afbf-7e6c66b34285,basic,2025-10-21,,19
e1b67129-b8b4-4358-b379-ad868b4d9406,7ee44a22-6338-4182-bb16-c120bb46188d,basic,2025-08-01,,19
0196b419-a464-4ab7-8b6a-bb13d00e2e10,d3710e5c-c6de-4401-91d5-a27af0ba48e0,basic,2025-08-16,2026-02-08,19
3008fecf-534d-4673-a23c-283a69879955,77a9e454-06c0-406a-b498-83ffa14b3fd2,pro,2025-08-08,,49
72f61947-9c22-4d5a-894f-f78732e50205,fbd27526-b1f3-4890-b037-1180d3f9bf46,basic,2025-08-02,,19
7d216b53-4a0c-482a-9eba-a9fd336bf1db,cc9afaa7-ba13-414f-b4be-b4e323af349a,basic,2025-06-27,,19
1df0f22a-814f-4cf8-b6d8-470d8452a213,be7a26ba-ddc6-4d36-84b0-71eb01699a26,basic,2025-07-21,,19
8ed708cf-ac36-469a-96b1-9f8f5f287d38,08a3c859-a74d-4182-a150-4c1d6ce6f892,basic,2025-07-29,2025-09-02,19
349a9b71-da84-4731-8695-f94d9ee37c0e,e7a49a8c-7c14-4a5e-af6c-4288934f4842,basic,2025-07-23,,19
b7984d33-f1af-431e-9de2-5d6c6267fc75,06b37936-76e3-4b56-9609-da81a18186e8,basic,2026-02-13,,19
1a9909a3-27bc-41b5-982d-5b7fc1855842,38279d10-beae-43de-9433-694d88ca6222,pro,2025-08-06,,49
9f6ef239-4a5b-4225-b6ed-c697f36d3956,f33fc742-50be-428e-adcc-d793464a2cfc,basic,2026-02-03,,19
b47f0058-e160-4f2e-8916-e6e1ebb5cf63,192854eb-5a89-456c-83e1-e3f6ec36f187,basic,2025-12-09,,19
dcf44a10-400f-4127-9fac-b6322f60ec7e,b380b661-e259-4edb-8746-98e1894e3ec3,basic,2025-09-28,,19
60ed6bbf-2f65-42cd-a5cf-914d98b290c5,a6b62294-74d8-4a8c-b0f2-6372c26a30f5,basic,2025-10-08,,19
49be2622-6b34-4705-bc13-67fdd3d31ad3,d1c46054-e8d4-4a80-9da9-09106a9c3350,basic,2026-03-15,,19
15a71500-2435-4e24-9a1a-a4ec96244662,72162e55-31ff-43ad-a625-e6fa4a3b4e33,basic,2025-11-01,,19
07689c37-817a-4814-875c-dca00355daa7,6669a630-45a9-42e8-8b7a-c474271eaa04,pro,2026-03-17,,49
a810cbe6-20ca-4f45-a2a5-0f36cc7f33d5,5366c989-7763-48ed-8fb7-aa6b9b2420de,basic,2025-11-13,,19
6fa925e0-f162-485f-aa90-dfd7dc7ec0f2,f0d698dc-d94c-4e1d-ae3d-ab4344f04169,basic,2026-04-01,,19
1a0fc00c-6daf-4871-aecd-a997bc7fd091,d05ff698-f994-45a6-a364-3ba150a78b40,basic,2025-12-24,,19
b1798d10-d96b-4129-8588-34ba95e0be77,898342b6-a905-46e6-b20b-08432237295f,pro,2025-08-05,2025-11-12,49
3928dd72-e66d-4a32-abf0-b456fca9c75f,d56fa566-2cca-478e-844c-a21b2fddc9c1,basic,2026-06-22,,19
16afaf7c-db50-4700-9434-939f9a865310,56c3c566-0b83-4966-8044-125bf3ec66fc,basic,2026-04-17,,19
dd6d0dd0-02ba-4931-ae6b-ad094ac15ab5,4cb9b6da-04d8-4a08-9ff6-1a4d40582443,basic,2025-07-13,,19
3df8890e-cb0b-48cf-890a-45ff8be653e6,45b0d00d-c287-41d9-be48-f81734c4442a,pro,2025-07-06,,49
5489b733-16ff-4f6a-b83f-6500a5fb5f5d,25d2ce48-a4c5-4700-838e-321f5cd7d01a,pro,2025-11-16,,49
633a6af9-abff-4325-8ab0-2b34fa281532,94ad21bb-7ead-47ad-86f1-e3ce7a973a91,basic,2025-11-05,,19
55a220e2-65ab-410c-9fa5-e8f3d4087172,8bf65abf-2f62-49f3-a43e-6845c87f02e5,basic,2026-06-05,,19
23f69a98-d03b-4b9d-856d-d8f27cc847fb,91b5fb32-e418-43df-8dcd-2dd2b55835bc,enterprise,2026-05-18,,199
d9d46378-959e-4ad6-bb67-963650f9b40f,a80bfbb3-eb8d-4ec0-b810-f3a93758c86d,basic,2026-04-24,,19
6db74fa8-ac2f-46e0-afec-eeb59336ae95,e7de4c70-b284-44da-8f30-a9c6914f561f,basic,2026-01-12,,19
dbb3e4cb-8bb9-4025-b31b-72fb113ce093,955f4fb2-7622-47fb-9419-d203de572ebc,basic,2026-05-20,,19
b308ce22-ae4a-451c-bdfa-c55e65a3ce01,9686c70d-664d-4915-bb76-f03deb015fd6,basic,2025-11-15,,19
b3ae3874-4bb4-45ae-a5ab-eae2ee44b062,b6863657-f097-4d99-8e19-d8874148c090,pro,2025-08-20,2025-10-16,49
a0caf128-8262-43b3-9113-759f823ed4e9,56336ece-d3bc-4e7b-b8af-b448267d54a5,basic,2025-10-04,,19
61ab7903-5406-4276-802b-159d89f07e06,11e44464-e245-4bc3-a0e2-b40dea3df646,enterprise,2026-05-24,,199
7fca23d7-2d41-4db1-bb37-28878b610c63,ca88457c-9fa7-4c15-98ef-89cfe44efb46,enterprise,2026-05-14,,199
576f5126-f4b0-4890-8e00-fdb65fb238a3,fafa7bd3-1a17-4368-9867-e4426e4a7c71,enterprise,2025-12-07,,199
d4c75a88-f18c-4f2b-9e4c-5288ccea8dad,2c1fb2c0-c83d-4933-ae33-5e6c4e1a101a,basic,2026-05-20,,19
26e4bfcc-8c0d-43db-b71d-ae6fdc3bce2a,622f80f9-2a24-4a8b-bb4f-d40280682457,basic,2026-04-05,,19
aeadf28f-f677-4b1b-92a5-d95ce8be1743,9ff6575d-d23b-4043-9eea-9ec685254f5a,pro,2025-10-18,,49
e75d3c46-0484-43ef-96c5-90504bd71184,0aab6958-8022-45db-a596-d3d288923656,pro,2025-08-17,,49
e7a0cd31-b491-4dda-b190-bc2ceab82aab,26464f9b-36b6-496c-8333-4af82cc41627,basic,2025-08-28,,19
a38621f9-b857-4047-9f77-df95ec960c0f,30008525-89ec-4018-8675-5d9ff030507f,basic,2025-09-30,,19
6520523a-a021-48ea-855d-63ef42d6262c,69885b1f-f164-48eb-b584-2da8314e61be,basic,2025-06-20,,19
d95e3e2e-fe75-42d8-a5f8-06bd8711608e,128ba462-9211-47bb-a8e8-cf02c9b61b86,basic,2026-05-28,,19
ad90d8e1-22f3-4598-9dd9-330195f31e49,7376f896-d621-4482-a2bb-6fe352b945ac,pro,2026-04-13,,49
79ad333c-5ea9-45b5-8af5-a5b539c24433,d5ceec82-3b34-4833-95d0-5e4835435789,basic,2025-12-02,,19
45a1d08c-c308-4c51-9832-5205a928b737,b3d7b6fb-86f0-485f-be40-5028ad8b04ee,basic,2025-11-21,,19
6cb7563b-723d-4aaa-a377-160a9056288e,00317d99-5a96-4af5-bf11-7d7cadc9147f,pro,2026-05-14,,49
7865c9cc-c249-4dcd-8e91-c35b53ffc12a,05273683-6991-4f76-ad1e-80fc9105014c,basic,2026-03-12,,19
2267d1d5-1446-4a69-b552-63cbdbe2fe7d,43a6a1f7-87bb-4bcd-ab51-8d1f767a9b04,enterprise,2025-09-25,,199
94c3fffc-9f0e-445d-a0f0-d2cdbcb8f58b,54f9bb3c-c5dd-4275-bd2e-ef5996dd3553,pro,2025-09-06,2026-01-11,49
6bf84eb2-f640-4316-8d76-1bda8a448a7c,69a68812-5dbd-433b-af0e-c26ab736ca8b,pro,2026-05-14,,49
8f5be5c9-0749-4366-aa61-2b7e153a00da,b3641320-bb21-402d-b889-6738794162a5,pro,2026-02-19,2026-05-29,49
36f2a26c-bc77-4e54-b651-3d1526c04122,0269ef35-08f1-4955-a823-25045bb753ae,basic,2025-10-09,,19
50450709-6704-4c46-b58a-48a36faae8c1,3e48fc2b-a442-4ab0-87bc-4525c50fba1c,basic,2025-11-20,,19
6dddd592-ab64-4dd0-a539-b7ff8b7e281c,b083acbb-f721-4859-8942-1d5af553c638,pro,2025-11-01,,49
3c97a3f6-f042-4c42-992a-8c3ab9646996,8de0f967-60ab-4073-b8cd-b7bf8744fa37,enterprise,2025-06-29,,199
c7df43a1-88d2-404d-ae3b-19bdb60eb692,830a9642-362a-4d4a-bf5b-a2edad57afae,enterprise,2025-10-08,,199
8f8924d7-205b-4047-ab49-fbe146084177,755133fc-30f7-4357-a81e-8a63ef0af7bc,basic,2025-10-18,,19
3e51cdbc-540d-41fd-af00-9bfdf8144d40,fec5ee90-70f9-472d-b904-ebe579324937,basic,2025-09-18,,19
5ff9e6af-acfe-42e6-a4af-f7238c674e8c,2b4ae404-477d-4269-8ad7-145552ec0978,pro,2026-03-01,,49
2678687d-587c-4e12-a5f2-c73a1dba51ed,58ab185e-390e-470f-99ea-7a6116561f49,enterprise,2026-06-16,,199
65d158d2-1506-4df3-9eaa-8303759f7baa,a6842a43-0a6c-4f84-a6d9-d70793fd3762,basic,2026-03-07,,19
c7c4fa01-fd9b-4b50-8e1c-c10495c48f67,4e9f7625-bfa1-440d-9a2c-f95df6d57c4b,basic,2025-10-04,2026-02-10,19
2ba8e0b8-12db-4ade-bcde-d5736f337c66,7e8f45db-d728-4f48-8b20-8575e9bf422d,basic,2025-12-31,,19
98277d24-d268-4349-bb5e-9463b282e988,697f447c-1da6-4df7-bd07-ae88ac776eb5,basic,2026-02-14,,19
ee0ecdbe-024f-47ff-9456-f96c1cf9594d,84e3167c-c5cb-4b96-84eb-457762ba8ce5,basic,2025-08-22,2025-12-25,19
474ae2d3-b271-4cf4-ae5f-b59d7cea1058,6d8d8f5e-54b8-4ae5-8fd6-b8f939f92aee,enterprise,2025-07-27,,199
9918fa5d-c554-4985-9d48-d3caa9073a47,6fede1f9-99fb-4ae0-aa8b-a482f284fa15,pro,2025-09-07,,49
92e8f2b2-f678-4246-973a-66f488894575,62b7e9f9-75a9-4871-a726-3812be41ed1d,basic,2026-03-04,,19
19005e75-ebd4-482a-9846-d3d09c16593a,6a540110-d4c7-4117-812e-4e31894770e6,basic,2026-02-04,,19
6c5f7cf3-935b-4e00-9888-e4505880c51f,bfd61f89-b467-4cad-9d40-c4ce0aba9738,basic,2026-06-20,,19
96f8f5f1-1ee8-4f83-ad25-3e70e630b3b9,5281fa1b-f578-42dd-9525-31fd78fbf21e,basic,2026-03-06,,19
4c77f243-0ec6-451a-928e-1b7764a15632,620d8f68-a792-47d2-a615-f97072713aed,basic,2026-02-12,,19
9fe6d1e8-095b-4ec8-b3e6-53606e324bb8,cfa7517c-dba3-4805-884a-6bfd1ef2b91b,basic,2026-05-17,,19
7be07ea8-1acf-4429-aa30-a2dca346d404,a28cb48c-7533-41b6-9646-45935bcd9271,pro,2026-03-31,,49
44893381-1610-4a0d-bfb2-489e6542e393,8030825f-9c4c-4de0-86f1-34284afca587,basic,2025-12-11,,19
9f6db9b4-ec4f-476c-8cf4-a60e76a9bf56,8e070647-9b49-41ae-82a3-cc85712bcf1b,basic,2026-02-26,2026-06-26,19
5311b572-566a-455b-8f38-0072e19e6c95,1cb38657-bf90-4114-8eef-31a97c0f09d4,enterprise,2025-11-20,,199
2e0ce256-4082-4fd9-a1c9-c9c80ddc7290,47564263-b19c-4e99-b1a4-09815306ba7b,pro,2026-05-09,,49
05f92792-b764-4f3e-8aa3-44c9ccbeb912,367c6f41-0ea3-4b9a-a0ce-6d879bba30c6,basic,2025-06-20,,19
088004fc-ca73-4801-a36a-029a870ed858,206c545c-91a6-41f1-baa2-101cc114059d,pro,2026-02-21,,49
8616674a-4f66-46c6-9598-d3fe47904983,3fb98c68-3545-4de0-b297-566285814749,basic,2026-05-21,,19
9c54d152-8431-4cf4-af52-6ab7a85ac913,6218aa2a-b127-46fa-b1f7-9f9de6934a6b,basic,2025-07-28,,19
7ff36ca4-015a-403a-baad-920af3280485,df96c99b-1dc5-4611-a343-ecddbdda163b,basic,2025-10-18,,19
d92e5934-ad02-473f-acc5-75bfbbf49db8,21101566-04a5-4390-81d0-a7cca6f4a985,basic,2026-05-27,2026-07-02,19
06e15bda-7377-4ed6-b316-fa23791ee730,4267bc65-bcc5-481a-9760-ef078e71191c,basic,2025-08-27,,19
29a9e8ea-f146-4618-9766-05ff22f4aff1,ad6cc7c9-c864-45fe-a47c-904eaf99f2d6,enterprise,2025-07-19,,199
3426ee3a-fe1a-43e8-aa26-102c9e6f170a,e2e9b76b-0f4e-4f32-a007-238b6bd01792,basic,2025-09-19,2025-11-04,19
90b2687b-124f-45c0-bde0-cc5e57198c54,2dcdba5c-73ce-4b3f-8824-677dfd30cf46,basic,2026-04-27,,19
9773876c-51e2-4f74-b133-360f8a6ddcc4,49f01ab5-5861-4d4a-b0da-9c9558ed3e62,pro,2026-01-03,2026-05-12,49
43624956-2e02-4909-86d6-ee7bfef029cd,4443cf7f-ab96-4abc-a505-63eebd375a4c,basic,2025-10-05,,19
0f028524-e8cc-4899-abb5-e6a34f8254ae,b859e50a-9b66-4ea0-a2aa-15540bb689d1,basic,2026-03-14,,19
a9172d2c-12a5-4875-ac53-9787f47a191d,1733f2db-da41-47c7-9c6c-e8ccb4f7d261,basic,2025-09-22,,19
4cd0db30-f38c-4e89-9d53-e6dc7981a263,5d1e42af-595a-4e0d-9f63-b5b577b36d97,basic,2025-10-18,,19
fe2831c9-4b3e-487e-ba73-cc5bf0e13cc2,f4fcdbf3-ad00-44a3-8106-72cd3998f0f9,basic,2025-09-15,,19
aed9dead-e9c1-416b-911e-68272d5fcc8c,400771cd-8024-426d-a905-79329a6ba350,basic,2025-09-15,,19
52389dca-4411-40e1-8d4b-c4d4b927e077,8f259884-072b-4ea7-98b9-3a2703bf7c4e,basic,2026-01-31,,19
94bd46cd-0978-412f-a1ab-33fda5983f08,782ca42d-12c2-4972-93d2-087c8cda2689,pro,2026-03-05,,49
a1d1d542-f4fa-4424-a929-8cfda8df4c3e,dc0400aa-e383-41b1-ad6c-36529de2b23e,pro,2026-06-20,,49
c632ecb1-51d4-4cb0-bbc3-9eaa84aaf466,b0a6ffa9-ff25-4ed6-b2a5-0958b3f25746,enterprise,2025-12-15,,199
53546cb7-4aa3-4627-baa6-5348f401fa8c,e9c8ee00-181b-4136-bc4a-b1dedc13d520,pro,2026-02-10,,49
83cfa6e4-853a-43f1-902c-8cb6da7278c4,b4c3bbb6-ccd5-4cfc-bdf5-82a98a8edd3e,basic,2025-12-11,2026-04-09,19
2a991f48-992b-455e-bb31-051fee56b159,4d0b3b1a-bf24-47e7-9e59-b3de9fdfb060,basic,2025-09-19,,19
2c0a8957-0da4-42f3-a976-f82bd94d6eb3,919246bd-d006-4185-8307-400ec59f781d,basic,2025-12-25,,19
be0eb4fc-db10-4b71-bfd9-28efc94d3054,0987a238-711f-4122-bcd9-f1683fb3b6ca,pro,2025-07-31,,49
90e16472-6bb2-4c81-ae84-11ec3a38913e,aab09719-132c-46bf-942b-27db0c3d75cc,basic,2026-03-12,,19
98dd369b-ad89-403f-a1a2-72965b53c234,c4b471d8-f842-4c0f-98dc-041ea5f4801b,basic,2025-12-31,,19
2aa8f001-78dd-4cb6-bf1a-a5182f32ee61,7d128f7b-f945-43cc-ae01-98070a0c2ff7,basic,2025-06-24,,19
c7649635-deaa-4ec0-8c21-84cf9815061f,04b4a605-4021-4899-99c5-d50d8a8c8eb6,pro,2026-03-17,,49
bcdc1d9e-ca92-457c-b535-71696dcd4f43,60699f29-8835-4f69-8c3c-b194a2add74d,basic,2026-01-18,,19
d4550e61-3f25-41a5-9205-7e7ff0e56df3,0907a351-748a-4467-8987-bcb1a545f547,basic,2026-06-28,,19
6da762b7-046b-4597-8a62-677944e9223b,8cb84905-727d-4a33-8662-abd2cc0b29b5,pro,2026-04-24,,49
e133cad7-b63e-40dd-8199-185615fcb831,d905bd8c-a2b5-481b-89a8-5c7de91f2bce,basic,2026-04-03,,19
c1d0958f-42a4-4b4f-a5f4-a602b3bf2267,20bee3b1-2a7f-4fcb-b663-828af71138f0,basic,2026-02-11,,19
b49f9caa-bce1-4a75-bfbd-816c917f9501,9420fc2b-86de-4555-96d5-bcdad32eefe4,pro,2026-01-07,,49
4662d44e-4721-4c48-a7d1-f05b91ee7edf,e4651c97-2d50-46b6-8295-2c9ec4bd1cf4,enterprise,2025-07-02,,199
3bf0f175-5d63-4fdd-8099-af3fa436c36d,8cd70113-eaac-4908-85b2-102a49a1b1ab,basic,2025-09-11,,19
041b8d5b-0e56-4b29-8e59-eb4337ce54e6,fb411de1-d537-4c94-8b1a-133edb12f26f,basic,2025-09-09,,19
405a87a7-dbea-4096-8ea8-f51839f04e5e,1da08ec9-07d5-4606-a482-31c131d80006,basic,2026-04-04,,19
ddc05435-66d8-4385-992d-e94b64583a97,62bc7a16-6493-4a0a-bc60-bcf98b198451,pro,2025-06-29,,49
f45724e2-9027-41f6-a3b9-655f344418f7,a066583e-74d2-433b-9be9-17ed657dda5d,basic,2025-08-07,,19
adb021fc-05f5-458d-ba94-3933ee703b92,976a8bb4-56b9-487f-b895-5a33fe10482f,pro,2025-11-04,,49
ed90fdb9-72b1-41e9-8997-72d1832ce5d8,dd2a3c46-248e-4ed2-8273-0dd4fd84e511,pro,2025-11-02,,49
a5883778-0ed2-4d2e-bdff-90b718d3ca25,54f70e9e-2ef0-44f4-8f6c-6295f5b18fc1,pro,2025-12-04,,49
a9453fc8-da0b-4214-bdc4-d36957a96e9e,b85b6f7e-4958-464e-b7a0-64f5fb7f6683,enterprise,2025-08-21,,199
b202d415-d1cc-404b-b1b1-3d1d1272d6f5,6d281e38-fe3a-4dfc-8ef8-ca90375490ef,basic,2025-11-25,,19
60749949-7ec5-4d11-ba17-55713c0782ec,1928e783-8423-4de1-9c0a-850342b0e1a3,basic,2025-12-16,2026-01-27,19
e619ca90-d508-4540-a595-cb20ad2a1cf4,7bac92a4-25cf-4d49-b97f-fd42aee36b94,basic,2026-02-07,2026-03-29,19
81b72ab1-b03e-4b39-86a9-31cb261dc8a4,ee206fc1-c716-454c-97d3-3260ed9f96f1,basic,2026-05-31,,19
bcfbeabc-b97a-448f-a294-a3eb5a3ad70e,0d9d3b8f-81f2-4950-b054-a3c5a4ad5894,pro,2026-02-11,,49
7e96600c-013a-4d88-aff0-b8e0c9ef9177,5d17ea52-c7f8-499d-9b47-0263871b18be,basic,2025-07-08,,19
6ab42808-6086-47e0-bbca-669763bb3b69,40925f60-4d87-4d66-b9be-c2be14a9782e,basic,2025-08-23,,19
a50b51ee-05cd-417b-ad48-38e070e7a598,9b75fc3a-b4e1-432b-ad59-12604147d6e2,basic,2025-06-26,,19
df5d7432-36d9-458e-8ba2-ce63b49944db,1eb37251-f41e-460c-83e2-95f7698193f0,basic,2025-10-29,,19
bc64ffc4-e238-4400-969d-d0205ce8b6b1,5b23e053-2429-40be-b7a7-3e29c5702517,basic,2025-12-13,,19
e9cd65fd-fb8b-4e3b-8c81-5707fcbdaff0,ad909f5b-a66d-44d3-99da-3f85d653f97a,basic,2025-12-05,2026-02-20,19
8d992503-7935-4f58-ad57-f2823f2cdf98,2ddb8f66-1af8-4144-80a9-92682d4317f4,basic,2025-12-26,,19
8e8e3779-2ec2-4942-9a7f-1b7d98b13c75,c8425e14-608b-4bfc-a595-83cf038dbf00,basic,2025-07-26,,19
0ccbaf34-50b1-49c4-8863-28b198bbcdc7,037943f0-73bf-4688-b587-7abc5d65f165,basic,2025-12-02,,19
62608aef-97a1-42b3-a7bf-0386f6bb2236,cd54477b-1bd9-4823-ac71-e624b47aec8f,basic,2025-10-25,,19
f16aa641-bd3b-45f4-9404-a74f03c94b0d,436cedcf-1f22-479a-b2e2-f7af5d29c032,enterprise,2025-11-26,,199
989071f3-f195-4723-92af-e504c11e864f,8a1b5e68-0456-442b-8929-68ad4be096bc,enterprise,2026-04-28,,199
8444b8cd-c28b-42ac-b3d3-ed39264f4fd2,3a0892cc-ba0d-4e6d-a8d6-5b77b29fe691,pro,2026-04-12,,49
d2f0b10a-ae90-4d81-8bec-03a17e97688b,9a46f967-3396-4199-9756-6df264ca7274,pro,2026-02-13,,49
c0998ff8-e7b4-43ca-99fc-0f543efe0845,7e6d3534-0cbe-4b3c-8cb1-d50448bca1b5,basic,2025-12-24,,19
2d7570d3-6319-461c-88e9-a9d9b1c0488a,9691762f-c8b2-4df0-a1ec-3e77252ccf9d,basic,2025-06-23,,19
47f06f69-3af8-4d3c-ba74-e298e9b7e013,ca3ae3da-5c15-4cd9-8f5e-b881ae595e6f,basic,2025-08-15,,19
526257f1-6826-4548-9168-91dbbbf4a5fd,7daa4fb1-1a4c-4cd1-abff-a913f761076c,basic,2026-01-01,2026-03-17,19
85d761fb-1f74-409e-9cfb-2e26d98ff318,60f16240-4cc0-46a7-b449-d74c6d970e80,pro,2026-02-16,,49
653be3bf-8bda-4258-b005-31f8abdc365d,ed046b98-ba33-492f-9a75-38cafb2f5c62,basic,2025-12-01,,19
21931623-2438-46c7-be11-624d36a0233a,cb8899ee-dbbc-4664-9834-31cc8607ac93,pro,2026-05-14,,49
7bb1691b-4d7a-4b30-bee2-b7c2c00891b6,35e38a69-2743-4748-bf0b-fa4dbdd70f42,basic,2025-06-29,,19
6ec1bf88-281a-4202-b21b-70f739fb5795,c01952e7-c65a-4eff-a496-08bd50ec8690,basic,2026-04-19,,19
eb20de11-3284-4027-8c2b-f7c539c1300a,9b83346a-4b77-4ca7-bdaa-41c1099f6e91,basic,2025-10-11,,19
7da2d937-4d59-4039-9f62-73e5309f7865,bfa866da-0030-470a-8e2f-bbbeeddcfae3,basic,2025-12-22,,19
cfb51128-1a1f-4bbc-923c-3b1a676722cd,f36cd6f6-4d68-4b64-ba9e-df3e2efa5279,basic,2026-01-28,,19
7ea203a8-d829-4ce4-b195-084df9f9afcc,f7bd3af3-d4cc-4652-a8c4-990eae2e082c,pro,2026-02-27,,49
9cef11bd-58c9-4fad-840b-cb6635d89faa,c26022f8-55db-4f8e-ba94-43dd89bf838c,basic,2025-10-26,,19
f2b781e0-7034-4d8f-91e3-21d080816e07,6b8f616d-9e63-4993-9d35-74229f31ba02,basic,2025-07-29,,19
2940aba9-282b-4ffd-8c98-e03e142b5c87,b56df8c6-e766-4989-9b47-95af17b8aa33,enterprise,2025-10-29,2026-02-04,199
073d544a-42ed-47ca-a6c6-c3d3df5b321f,8a1c971e-31cb-4da5-86eb-29c65b8f7644,pro,2026-01-22,,49
e5d6ce81-3a15-49f4-aa55-b12a930f8d44,f59e70a0-34db-4410-ac8c-fa3b01b79c88,basic,2025-12-08,,19
ce28a433-d418-4f09-9e34-e102f13f421b,6170d56b-e640-4294-82af-7169b289c3cd,basic,2026-05-22,,19
5db9c83f-86d0-46d0-a35d-8d15f3f39658,6f941f3c-1c2f-47c8-8159-6e17de92e580,basic,2025-09-28,,19
07a74ec4-aeca-4405-8fbc-01ede8a70812,c974c850-b91b-41de-8505-3e27f3c48b50,enterprise,2025-11-19,2026-03-23,199
9ad09253-7502-4104-b593-a284ccf4b48b,02eda4d8-f998-403e-91a4-995387fb5991,pro,2026-01-18,,49
7ea7ecb5-1fe9-4b64-bda1-39f69fa8eed9,67972874-8efd-4a98-9502-04c8127a960d,basic,2026-01-24,,19
a172a5ad-ca16-4282-a798-1b54ed357d16,ae81d6bf-268f-431f-aa61-54788537411c,pro,2026-01-13,,49
f09949f0-ffad-464b-81c8-190ca93bebb6,c5cefa22-1995-4456-97d0-94fba6bb357f,basic,2026-01-10,,19
7b1d79a5-364b-4d0a-af73-711d23da6719,53398606-590f-419d-ac93-c81f1254a65d,enterprise,2026-01-22,,199
9c7bc12f-d114-46d3-b222-cd4bbf58f187,d410768d-cb94-4e6c-adc5-84368a3ed7cd,basic,2026-01-27,,19
2432bb01-e382-4bd7-b190-e67f264b9e7a,d24c270c-5770-4e0b-ab25-dabddabf7a43,pro,2026-03-04,,49
7166dca6-1d9f-436e-b99f-2fca1bb1f2b6,c901dea9-9555-44e0-99f6-1c92dad5598e,pro,2025-12-25,,49
1c197e37-76e0-4e03-a375-a48a32b7b63e,a62ee73f-f937-4764-a069-6fce85217f12,enterprise,2026-04-17,,199
c2bc9f8b-8649-4f2d-aafd-82c9dcf1bdb6,fcc7e503-3bb5-4b33-a971-272ea431e39e,basic,2026-05-11,,19
927883ec-5529-4752-8380-a9d3b4cf8094,19e17397-eca8-4ef4-9d80-2a1ccc164503,basic,2026-03-15,,19
c5d86d2d-3092-4cca-8838-4f4abd5761c8,3ea6c425-6e97-4ab7-9d6d-dd6707eb103e,basic,2026-03-02,,19
b82b76b2-78f3-41db-b10d-5a37a0db513b,fb2243da-94e5-4734-a1e7-5c30e04d913f,pro,2025-10-30,,49
06c845c0-4460-4c95-82a8-d7e9a6fc5ad7,72c4ab38-f70c-424d-bb42-7ee4b8a877ed,pro,2025-08-08,,49
dfe46441-6e86-4219-8594-deede0544b1e,c02673d8-28a7-43e7-a517-34c7494bb77f,basic,2026-02-05,,19
1f076c84-218c-4e13-bb91-34f1b6312d3f,3e41a087-d40e-4ae3-8018-5d80e7a49128,basic,2026-02-03,,19
10a86f26-2e7f-40b8-bed8-a94c123b3ea7,c796dc0b-6463-4774-867a-d470ac78702c,basic,2025-12-05,,19
e0dd7c05-5570-40dc-af79-59c0c0076eb8,f0a0e115-1a53-4111-8822-332486c2e5fe,pro,2026-05-11,,49
3dc13c96-8280-4a4b-bf48-6e647d2bb2c3,43dfaaed-a962-41b9-b7c6-06b6cf6fd9c7,basic,2026-04-09,,19
9f741472-0ec5-4363-9763-bd5743e538e8,a78acba9-1b10-4eef-ad32-46ef625f5951,basic,2026-01-13,,19
49b5ce5e-85f6-473f-b25f-2d3e86a49b6b,42b7bae2-238e-4f96-8c06-29b9b8c8a847,pro,2025-12-03,,49
64ab199d-b9f8-4797-a825-db5e5983eff2,961e92d4-59ba-44cc-add6-70f26301d452,basic,2025-09-29,,19
5ceb1180-7633-495b-9aec-6533bfeb205e,b1d03a98-982e-49ed-b74b-81d3d2f92ce8,enterprise,2025-07-15,,199
9f9572e1-dce7-417e-b27f-2247ab52d58e,b305242b-ed23-4d54-be52-f900c931dfd9,basic,2026-01-07,,19
220210d1-3b6b-49de-bc63-aadf2af6a3d1,db484331-3e4b-410c-b19b-1e1392a020dd,pro,2026-06-23,,49
51e4bc0c-2482-481b-bac4-08e29b4edf5d,d9048c0d-87ef-4cb9-8ccf-4e9ffb439f03,pro,2026-03-04,,49
b3f2b03e-5766-485f-be8f-6d46025133c6,cb836bdc-3c0f-4a0e-900a-d87d9e66f5d1,basic,2025-07-23,,19
a81c1496-1a94-46f0-9fa4-f10539a73203,8d851599-58e6-48eb-b12c-8949cce5eae3,basic,2026-01-04,,19
432c04d4-888e-45c2-acc4-857b7775acf6,9392e7c9-c2be-4298-a9d0-d16d3a68faaa,basic,2025-11-22,,19
a8f2b371-d162-44b4-937b-025ea0ecad73,79ffb865-8186-4830-a5cf-356033873783,enterprise,2025-06-13,,199
deec0012-bb17-40d4-b0db-a5aabccbfc0e,e9743100-88d4-4097-a602-28537cf8c9eb,basic,2025-12-30,,19
889d8dce-934a-4384-9ffa-e9ff42deff1e,3c6804af-9d51-4bd8-aded-780455c55edd,basic,2025-07-20,,19
3f33c5bc-e883-4b8f-be9b-f1f146eb102b,6f424845-9c84-49cc-8258-8ad0485b92a9,basic,2025-11-12,,19
eee3d8f5-634c-48c7-a0aa-2bdd52a0389e,05e82075-365e-4852-945c-9696267dac97,basic,2026-03-18,,19
37a6a226-99e3-454c-bc02-ed1c4a5d315d,40d298df-123e-48c4-bfe9-2980a2e954ee,basic,2025-11-04,,19
5f2df8e5-ec55-4c7b-a3bb-a177e52f06ee,e22d9806-3ced-427d-b641-102f8ba37db5,enterprise,2026-02-17,,199
90506a87-ee32-4664-be09-ac25d4b1207c,f25d49e0-7bed-4937-ad50-e92af73e72e8,basic,2026-02-28,,19
e043e103-108f-452c-a244-c3d45bfb1e03,a0102e92-97fa-411c-8e8d-8570d6cc6b11,pro,2026-02-16,,49
28f27d81-d064-4008-980b-bb99ff93372a,292a6325-dcf2-4549-8b84-3cf7a7516b16,pro,2026-01-17,,49
aef1ab09-1c27-409e-8160-2c9e6c10f646,14d4d8ef-4b02-4154-9625-1a863f9a82bd,basic,2025-12-25,,19
55805228-c7f0-491d-a8e7-6d5e40909383,788237a0-0ce6-4de4-be55-58de9efcc007,basic,2025-08-24,,19
6c5302d1-9c22-4221-af3c-94246164968b,b03030b5-f827-426a-a70b-43fd172b0318,pro,2025-10-11,,49
ea63637c-d869-4777-98d9-a63aaeec7adc,db0eabd3-5518-42ac-ac65-ca9c01f6cd91,basic,2026-01-12,,19
7f3f19a2-1a97-4f29-a359-2e2401f05c5a,d8731167-4fd7-42a8-b74c-939d111ce2e0,basic,2026-05-04,,19
69652676-7fb2-45c1-be6f-92145bbb49f4,fd136c69-15bc-4c5f-a86e-8fe973febbd0,basic,2026-06-17,,19
df79e084-1a32-485e-891d-f32011440fb3,8199eaf8-897d-4d84-b1c6-0d595a687dfa,basic,2026-04-08,2026-09-25,19
2c4cf336-255a-47cd-b1ed-1aaa3ec6eb43,619ddd2f-69a9-42e1-b64f-e4656fb59dac,pro,2026-06-17,,49
302c906a-01b7-4e42-b94e-507d650aed64,89e3383c-9a45-4077-b542-1c99cdd08ed1,pro,2026-03-02,,49
d7c98e54-9cfd-4784-a63e-85da14f954c6,68d60ba7-d781-4634-ab0e-cc6a35c3a221,basic,2026-06-04,,19
993cbcfc-8362-4f59-ad72-af8a92966b36,bd19b624-06b5-470c-80d2-1d12f305c2be,basic,2026-03-04,,19
c8e5ad86-ce1b-4cdd-83c3-e47255200bfc,86acc65e-8c71-4d66-8af2-a0505ba406fe,basic,2026-04-23,,19
5bc4fe1b-19d8-4f29-b2a9-f86d7320f352,ec005f56-1b16-49d5-bb15-1277e4134579,pro,2025-11-19,2026-03-19,49
2f151961-33de-44de-8f77-06debe78eb5b,6e07e187-5673-4e14-bba3-5b5bcd3f9d1a,enterprise,2026-01-30,,199
da5b4f63-c2c2-4603-aacc-7fd6e8b59266,e71b6ce6-73ab-4891-8ce6-41194eecbad6,basic,2025-08-19,,19
f2170285-01ce-4edb-a5b7-3d58a3584bcf,fe52a422-80a9-497b-8253-56a2333c1556,basic,2026-02-21,,19
3d44bd2c-7d7d-4e79-a01c-59ac05bbf0d9,4f686fff-db4d-4257-85a9-387e91c9f907,basic,2026-02-21,2026-08-04,19
885e3e6e-4c0b-44bd-ac13-f18742c37f74,b66d10f9-a5b7-4f63-aabd-085eadf96dd6,pro,2025-11-25,2026-02-05,49
5f26657b-492d-4cc7-8891-dc89243a0f72,bac5127b-09e8-4932-869a-ecadabd58390,basic,2026-01-03,,19
6f8a7ea0-9c63-4d95-b30c-5c9dd34d7892,1f931caa-878f-44bd-a886-253f0041b387,basic,2025-12-04,,19
f26d283f-3068-4c66-bc81-8070bd41c5ff,d02be012-e04a-4cb6-b8b5-7011b31bdfeb,pro,2025-11-16,,49
ee472777-c2e9-4bd4-87d0-98f21e41f618,8cd92a5b-ad14-49f7-b374-9c047b2c2fa9,basic,2025-07-24,,19
0dd38f33-228c-4193-b949-5686d0cecee0,3c6f835e-30b8-44f1-93be-a0ef8146d4da,basic,2025-09-14,,19
ed77feaf-7e89-4f79-88e8-5ff31190e51d,78a50fc6-1420-486c-8bca-25f1829067ec,pro,2026-04-18,,49
f4045a7e-c092-4200-952c-46ef190c25f9,4cd61d4b-242a-407d-bb68-a0c00824885d,enterprise,2025-07-31,,199
b43115cb-d951-409d-8d96-8803a198c3ac,6abdf4d5-9aa6-4898-a77c-f6e3cc9bb8b9,basic,2025-07-06,,19
8a4b1cf1-ce91-47e9-ab10-b3c2f540dc31,cfa8aec1-eb7a-4dd4-94ff-0dd031d1f0ff,basic,2026-06-01,,19
c4b26d54-6fce-452e-8f74-7f84cfd24639,378f1500-4e1a-42f7-9e8a-4829a10210fe,basic,2026-04-05,,19
3cb08d33-7efb-4562-8966-52f52496a99d,6c59682d-f22c-4141-a1dc-41e97d648dea,basic,2026-04-17,2026-08-30,19
d1d95dbe-c5ef-4f4d-94e4-6ce1c5123cc1,9acd3e6d-7b3c-4242-8883-6c2390abe4d0,basic,2026-03-01,,19
1b2ff26a-9551-4c24-b39c-8f066a4dabbc,12ed9112-e104-40d5-9a4e-41d9d8cd1e0a,basic,2025-08-11,,19
1d8c57ed-f205-4f23-8644-792f3ffb0a69,5a660d52-cc35-4f5a-87d0-c8a246137de0,basic,2026-01-20,2026-05-25,19
7fd20f7c-1695-4d9b-aa13-148789ef5d05,bdfc9f87-a0bc-4c84-b739-5151127d7c18,basic,2026-01-27,,19
7ee1c5e6-8106-4e62-8340-3383813d4d82,dafc8bc6-2bb2-4791-9f81-88fdc6be8486,basic,2025-08-16,,19
ca19ff54-8289-4ad8-9478-0512eb95885a,744376d5-e028-4937-a3f3-3dbc2df72331,basic,2026-05-17,,19
bf6ca084-a568-414e-b59c-8473b38b2942,2bb857ad-34b0-4c20-8bcb-f993aaaf5b05,enterprise,2026-05-16,,199
296fc7b6-6b93-45d6-8210-02163619ed0b,9c6950a6-68f0-4c04-a159-bc0618948e10,basic,2025-06-10,,19
47ce0279-4706-4830-bbcd-f5e520fe4fde,589f44b4-5160-4537-9dc2-d0389ea73293,basic,2026-06-04,2026-10-23,19
80d7b541-e18c-415f-af58-321eae505e7c,9b74ae03-5095-4cbf-ae3a-e1d407fffaf1,basic,2026-02-03,,19
177e48f8-1481-407e-89f0-570e3c0896e0,dd7fa360-1282-4df6-83d1-aea231508d3b,enterprise,2025-10-15,,199
aa8af491-b0a0-4858-9c27-4e2df05b9f0d,27b51687-4bf0-4649-9024-d4b228bb678a,enterprise,2025-09-15,,199
fe26c1c9-d109-4c14-acbf-fb60b9861b63,00e6dce4-e6b8-47f2-9d2e-c9200442a7ec,pro,2026-02-09,,49
187de07e-4331-4191-bb28-eb88de3b3af4,4ce00ce6-5b1d-4caa-a76f-1a8b10c19945,basic,2025-12-13,,19
604eb635-c21d-4a17-854e-afda36ef27a5,914c0c3d-ee73-48f8-9863-78f80cb483fe,pro,2025-07-15,,49
13ac0dc7-6cf6-4887-a037-2efbcb909a7e,9c960f9e-302d-4e88-991b-b069b1a5fedf,enterprise,2025-10-09,,199
58843e89-c36f-487f-ad4b-76508e71ae10,34af5b8b-923c-491b-b216-f29139926a93,enterprise,2026-02-19,,199
0ebdafda-53ff-4499-956f-6b3217c47afb,9b0d8803-0b65-47ad-8857-fc508a818dfb,basic,2026-06-14,,19
74501f3a-9d6d-4740-b97a-21767402e86f,7400d03f-d7fb-41b9-abbd-310cb477e74a,basic,2026-02-04,,19
43cc5a5b-c605-4ec2-b1da-2106a6d08ae0,658c824a-0711-4696-af84-0fed23dac6a0,basic,2025-06-17,,19
dfc814fa-e2e7-4ab0-ac05-510ea4ec0c77,0fbc58d7-a01a-43db-a8e0-6a25420a5919,basic,2025-12-24,,19
0728066d-72cc-4650-88e6-c6203200430a,0d618f7b-3bd3-4378-87f6-6f4801e3c3fd,basic,2025-10-26,,19
52b89040-fd00-4967-a986-c0bd77ecdcd5,13fc24cd-d083-46d5-b049-6d621994a8c6,pro,2025-07-15,,49
0237d2c8-c2ba-4ee5-ad16-7227fa5ad2f7,53adc088-592a-4910-a1ed-7a1bfa27174e,pro,2026-01-20,,49
20f99280-c52f-447b-a46b-e9da94b73070,2ac8d0f6-6c15-4f69-bb58-a213e5bcc5e4,enterprise,2025-08-04,2025-12-31,199
65f94b0f-2535-4fa1-aacc-d9b71edaea52,04f4e18a-e252-432b-b6b1-ad75403770f9,basic,2026-02-16,2026-06-21,19
2633d4c9-541e-4237-a300-2ff7e3df1700,08a470fd-f17f-493b-be41-c5e5a595586d,enterprise,2026-04-10,2026-09-05,199
2074abc8-ce5c-463a-b3a7-88227abe4151,b0579436-229d-438c-b757-70edfd91366b,pro,2025-07-04,,49
18a8d65c-1fb8-48f3-b574-f9c18c27b15b,61e0c3e1-a2c4-4c35-ae1c-637d15fda36a,basic,2026-01-25,,19
e9a3bd7d-00f7-46b4-b985-d1745bb701f9,e2ed1209-6cff-4aa5-8c7a-9e29496a234f,basic,2025-06-29,,19
03c0bcd8-3770-47ff-98e3-ed858f81e9b1,0b0fb3f4-e246-490c-9e03-d449b9dcf44f,pro,2025-08-23,2025-10-29,49
8ee56968-d4a2-4978-9b3a-6ef8cd49748a,7ccc0276-87ee-46ad-acc3-ab60ae794c26,pro,2026-02-24,,49
1ae72f26-8539-457d-9e7a-99ae37463c38,9ca3fc4c-dd03-4576-b552-15d748bc911a,basic,2026-01-29,2026-05-14,19
c336f0b3-8e1e-4183-8093-ddaad894eb8f,4fcffc51-8363-429f-96d7-399e7487deeb,basic,2025-09-15,2025-10-28,19
7accb7dd-c63b-45b0-9bee-4930ca2c28b9,a33a7f9a-89c0-4a40-82ea-4dac0d9b00b5,basic,2025-08-04,,19
a0110027-34b7-41cb-8473-8d45176d26dc,869adcb0-28d4-40d3-9045-a6c4573cd3fd,basic,2026-05-16,2026-09-21,19
15432a5b-8421-4ea3-9c37-fc8aa9f8b27b,4cb9a29c-e98d-4ec5-8e19-4619f014ccc8,basic,2026-05-23,2026-10-10,19
00e6f27a-9d66-4f10-be35-9437af7e24d3,fefe1c87-bc7e-4152-9d6f-711ea3db727d,basic,2026-03-21,,19
96b1c223-c54d-4058-8d99-7466aa310a2a,3db4ede7-9eaa-4254-82fa-42f8bec04105,pro,2025-12-06,,49
e3b93ea1-4a28-4438-94d3-34684e3d0bb1,79886d48-2c45-4495-b259-e8e203e8d2bd,basic,2026-03-23,,19
007019c9-24e0-4309-8b86-0090715eba94,5d8cca04-0670-42c2-b0c9-039d67577317,enterprise,2025-09-01,,199
7bf15200-0cd0-4b78-90b5-a82419241e90,8d73892f-5aa0-4078-a13e-b148a1b2de58,basic,2025-10-23,,19
1e6a5bc4-63f9-46dc-ab4e-ba02d6b2e09b,a50dabc1-5d93-404b-a288-9ac452f9a198,basic,2026-06-02,,19
bd173d7e-6d7c-4526-a8e8-e910e22fd03f,07553133-bfb1-4dd9-a4b3-1b50914ebc4f,basic,2026-05-15,,19
ee85eafa-e12c-4e7e-bd29-6fe93a4a6c43,c5e74ed4-2bcc-452b-80c7-71c0274eab03,enterprise,2025-11-02,,199
f78304a5-773e-4690-b253-a56d5b68fc3d,ee36d0a4-4149-465c-b557-77042a7fb0a4,basic,2026-03-01,,19
561cd571-66eb-4459-866d-86d4f60c2aa1,2b1ed9d4-d80d-47f9-a280-ebc622fef32c,basic,2025-07-15,,19
99eb61f3-ddce-44b7-9680-bafad3135d3d,c2032c44-782f-4db8-b734-c26ff2b3c8ea,basic,2025-07-29,,19
6cb5622e-9ca1-47b3-b1e4-b21cd6b56acd,6edec8a7-4df4-42ca-a0f4-e23958c69dda,basic,2026-01-31,,19
6261f9ea-80bb-44cf-ab74-737cdaf82829,8e94bdf1-f420-4d8a-b16d-6f6b9964b7b1,basic,2025-06-17,,19
d3f97c7e-cabc-4085-8cc5-3a8efd9568db,184c55fd-a28a-48e1-a3c6-f4d381f80038,basic,2025-11-01,,19
22c9c8ba-7001-4d0b-b591-6108850d9a78,8ec2773d-58d2-4538-840a-2d8320aed98a,basic,2026-01-22,,19
277f6f27-716c-432c-88e8-5bd833091dfa,1b9c1cb2-cc21-4855-893b-09e21133bb52,basic,2026-04-07,,19
8b5e7569-aa75-4d6a-ae43-d6348880a143,c41271fa-790b-44de-83d7-c59abc7a6bbd,basic,2025-10-12,,19
0c70808b-9f9d-4d8b-bd4d-4e37ca44fe64,253b6cbe-28b0-4e4b-8bc6-01e421015fea,basic,2025-10-03,,19
3c9b4b70-499d-4403-95d9-797732e94c27,af69b6f7-94c9-4e8b-85c2-7e9755647f84,basic,2026-03-12,,19
50a3ade4-ca0a-46b3-915a-e9e1fe7f02da,e6c48a68-b807-410c-9811-68e968b61f57,pro,2026-02-03,,49
d3543632-336c-4c3f-890a-eff0ce2c8b70,948590b3-04ee-4883-bf89-b59f7b1f3cd1,pro,2026-01-29,2026-03-15,49
4ceb0ea3-8a1b-4d68-8955-9adf6ff18c18,a0abc053-562a-4fae-beb9-04fb428cc647,basic,2025-06-22,,19
38ede8f0-048e-411a-a65c-913b236db2f6,8c999dd3-468b-4384-be3f-d82c8a4a9a67,basic,2025-11-20,,19
a9c94024-e20b-4f2e-a9a5-32b7fd3ff209,11ddf5e1-521b-4b39-a39d-e58b40c73fd8,pro,2025-11-03,,49
d5b86bd1-bcfa-46b7-8692-28cb088a789b,62917333-fc00-47c4-abbd-657664b987be,pro,2026-05-27,,49
c08d27dc-1d3d-4bc6-beaa-942f3b5dc567,f9e6c3ae-eb9a-4558-b601-da092e06f190,basic,2026-04-23,,19
b0902d1d-5a00-4a47-baaa-2bd16e377bd4,6e8d4391-16df-498a-ba9d-c8ef0c61b485,basic,2025-11-10,2025-12-16,19
927204d0-f4c3-453e-9fa5-4b877f308787,a61c4df5-bb30-4f5f-9a3c-35e3d0d60d53,basic,2026-03-15,,19
409c0521-a8ce-48af-b7cb-3c95bcdeb2a8,40ced634-66aa-4709-ab06-fc08ee84a5e1,basic,2025-07-06,,19
361960aa-5ae5-40ac-8de6-d40a5be3a49e,5ff34657-7f3a-4ac8-94e5-57166439caee,pro,2026-03-10,2026-08-04,49
5f1cb7aa-dab6-4632-baa0-3f6ddbc851e6,b993326c-5734-40b9-8539-74586c92998b,basic,2025-11-08,,19
e2fb96aa-a975-4ec0-853a-3992ae010256,a638b77c-6168-458e-9c58-5866820e748f,basic,2025-12-29,,19
d2d6bba4-4b50-47eb-89f1-56a58d5f35fc,c04a9f17-3677-4194-82a0-ee3b11658543,basic,2025-10-29,,19
4dedbc72-a193-48a3-bdfa-3635689f0d92,ef05dda0-2490-4889-9214-3a85f83e9d69,pro,2026-05-06,,49
254498cc-23a8-4c94-94c8-022774c47b80,d87bfa55-1f67-442e-bb0b-5e9bf147e35a,pro,2026-03-24,,49
1af48927-94dc-4ac5-b5dc-5df66cc58738,055e427b-b997-46cf-b021-fe35b004b020,basic,2025-09-07,,19
1c81e8fe-f4bb-4000-9b46-48b3abce728f,b2532a94-f9ac-44cd-b98c-8fbaf6fd6a44,basic,2026-02-25,,19
7d4a68f8-6ee1-494d-a32f-178e288067f1,54fe564e-969e-4edd-865c-a8f2a43f2ad3,basic,2025-07-09,,19
2694015f-7030-4d76-ae06-c2d59d57f1bd,448dcc96-89bd-49fa-8a55-5638614ca817,pro,2026-04-24,,49
9d618fb1-700c-4435-b513-61f4fe4deb42,13590431-547c-4759-8f56-144aea0f185d,enterprise,2025-08-28,,199
d94011b6-6caf-4d37-917e-961f7daba3eb,53f324c7-9417-4594-83b2-8fc516867d82,basic,2026-06-16,,19
f490a618-ae09-4e08-844c-0cd5f4f627a4,69829e92-72ab-461a-8e88-f47feb853d7e,basic,2026-05-22,,19
d6605c5d-2045-4e7e-82c3-f6dc90e50808,8cbbf376-131d-422c-ae50-9808b4962f9a,pro,2026-03-27,,49
603d6ed0-1b52-4a57-9856-aa94c8b96170,0bd9023f-6a04-4ca8-bffe-8d77ed819a94,pro,2026-04-15,,49
6ec95a0f-03be-4aba-9266-e1f4003a7685,70f1805b-9ece-4cc1-b9a4-a10ff0f755f6,pro,2025-09-13,,49
24539ae4-9d21-4f8b-9521-c16db567bc9a,cc7b2ee0-740e-48d4-8dea-ca06756f419b,basic,2025-10-03,,19
dba467f3-63fd-4e7c-8e27-1fe9ff4edd24,45af9873-5a8a-424d-a066-adfdb3232caf,basic,2025-10-04,,19
e0d2bb6f-1091-42a8-890b-e7089009cd49,e3eaabb7-81d3-4626-ba9c-65243030e4bc,basic,2026-04-25,,19
cae48f00-d0b3-4e3e-9019-6db6bd037ec4,011fbf47-4096-4dbe-bd9c-9f641cfe0f5c,enterprise,2026-03-27,,199
988f4eee-4807-4084-9f14-6b663ac2889c,d72f0ee2-51f7-4ba5-9b24-acca725b38fc,pro,2025-09-22,,49
83bc90c8-8175-4165-8ab9-e0a198d4e63a,a6e0a1f2-601f-4b0c-9bdb-bdd5a7c8f3d9,enterprise,2025-07-09,,199
fcaba121-b0f5-4732-833c-173b7ed5adcc,d9d8b1ea-6682-4f21-9f2f-f5e7b885820e,basic,2025-10-25,,19
a6ad3e1e-a14f-4f93-a58f-52fd3e9a425f,56704aea-109f-4be2-b7ba-03b420cedc1c,basic,2026-07-01,2026-11-20,19
9d9eee99-8cc8-4e85-8bb0-bc65fb610c12,6feda83e-91d0-4513-a74d-160dac243849,basic,2025-09-12,,19
a59af738-c0f0-46c4-8393-3f228296ef13,8938dfcf-e43e-404c-b558-5a39ec2795cf,basic,2026-01-29,,19
4a417251-74b4-4b17-911e-bc98dd1a7076,f23f12df-5f05-4b11-845b-00c7e78766ca,basic,2025-09-22,,19
7c01306c-75c9-4e99-b750-734fb8e92d33,c5bdf9af-9c2e-458a-b0a6-0fd19edfabd8,basic,2025-07-19,2025-10-07,19
a23224d6-8578-48d1-a600-66fd37835464,23048ed6-e3c1-4180-ac66-d571c61a84d6,enterprise,2025-12-21,,199
c303fc28-b527-4414-abee-fcd8822d48a0,59c456e6-c941-4380-ba77-98e24e948f15,basic,2025-11-21,,19
13fc676e-bc0e-4343-a2f1-6423b9aba8b3,b8a7745d-3d90-41f4-b6de-7e015acbee6d,enterprise,2025-08-31,2025-12-09,199
2d021a23-83e2-4750-8aaf-a2118ada44ea,cf873768-1769-43d6-a95d-475634f28cbf,basic,2025-11-30,,19
29c96da6-963d-4c82-8ab5-616d5ca41bf2,343c78e4-7455-4bed-b866-66a4920c4e33,basic,2026-03-31,,19
554c9a6c-7bf3-4b25-b79d-16ab7ea028b6,a54c6115-f21e-4c1c-aa7e-56f2a9b131e6,basic,2025-08-28,2025-10-08,19
b1db1f92-6466-4a08-8613-631e298302d5,d0951b2b-7174-4d82-948f-9ba2a7a7501c,basic,2026-05-08,,19
fcc50032-2c3f-4ec4-b5e7-7834be8c102e,c36754a4-e883-4ed7-a92d-6d6bd7c6ff33,pro,2025-06-06,2025-08-09,49
ab13ac2f-1dc7-4f81-9e62-996e0d0f06a1,9681bd6f-606b-44ce-8e8a-f724dee3578b,basic,2026-04-03,,19
50ee9079-21c4-4a3e-8cab-4e8eec9d4e02,00012397-f0af-4f56-92f6-b2abdbca5345,basic,2026-02-10,,19
50b8fae7-1469-4bfb-92b6-6bc9f6b80f9f,0feb6fa2-5a90-4732-bd5b-d2a8e696acf4,basic,2025-07-22,,19
f33d1a21-c687-485b-a347-58abf032f1b2,2037ae6c-0d6b-4b6a-9c67-3d9d244a3452,pro,2025-10-27,,49
af81d24a-70b6-4e27-8d72-d18c0d2e8e58,930143e6-2df7-4a70-a9dc-4610c2ed039d,basic,2025-12-01,,19
613ffcd3-78f4-4217-b02d-3b6e342d4a2a,3eddffea-6290-49c9-afad-4f20d49ccf5b,pro,2026-04-30,2026-09-16,49
74ffb0ac-0ac8-4795-8b3e-81d30724ca91,d1c25661-de6e-479c-8576-4f84a6fb8e50,basic,2025-12-26,,19
fde9f178-f672-4d57-84c4-e3650faa0f4d,c1724412-23d6-4ef6-98d0-7cf6bd2d035a,basic,2026-03-07,2026-06-10,19
1b6e951e-f1f7-467f-a683-8f9cefd66f88,76fe9d7b-e96b-496a-a6a3-4aadf755bc6b,pro,2026-04-02,,49
88fd1e5d-2aaf-4287-8962-bd1f04391c59,68663602-f682-4073-93de-48a34f70280b,basic,2026-03-11,,19
574074e1-f16c-465b-b65e-7187bc467134,fa290073-d32f-4fa7-9df8-0d7f91c44ac7,enterprise,2025-10-31,,199
f107eba9-69ee-45c4-a5e5-a236649d1dac,2fe1516e-6b7e-43b9-b2f9-c1e47352fab9,basic,2025-06-22,,19
a39e642a-1abf-4331-8f03-01aed43536df,b79b4191-d7cd-4a10-9e23-7fac49d7c4ef,basic,2026-02-12,2026-05-20,19
f9016c64-fd85-4871-b201-9750b31e78fe,4da35ab5-8363-44c9-9b89-61fca0208c71,basic,2025-08-08,,19
f3803ed0-6533-48e2-a9c9-eed26d5f84c6,b4c0a2a1-825b-47fd-815a-b577921bd329,pro,2025-10-17,,49
2e640619-c02a-4f54-89b4-c36f3aa41aa4,17cbfad6-6501-4e4f-b0bf-4b4fce73a22d,enterprise,2026-01-01,,199
e8fb1efa-6ef9-4659-b21c-2f6d6d94f293,ca913151-2412-4c6c-83ee-566973695b1a,pro,2026-04-28,,49
a35e408d-6c7b-4e70-bf29-35085e3f7e8d,1774046a-49d2-49c1-8d33-dabf35970d38,enterprise,2026-01-07,,199
a37cf721-5640-4d0d-b14a-bca68cc6e542,3a22a925-c310-4d3c-a5de-c4e1eaacf38e,basic,2025-11-24,,19
ae94564c-6da6-4c83-970b-c8f66c7057ea,a7536d3b-f265-4ce3-90b9-6997c1faa99f,basic,2025-10-16,,19
9b259b12-3b92-44aa-893f-22772d38736f,03956b67-f8f9-483d-b2bb-caf8d0db43ee,basic,2026-03-22,,19
211c8adb-074a-418a-b1da-c39e4b80ab29,31476df3-88ff-49ea-b707-9a94d062f49c,basic,2025-07-05,,19
9d89789d-9f2c-4060-b927-b02b7c1b58fb,e9093da9-98f6-4cf4-a177-bf9ee0fa3888,pro,2026-05-06,,49
2ac3c9a2-13a0-436d-aaa2-db979696d62e,359c47bd-8447-49bd-b52f-447f9e9839d9,basic,2026-03-14,,19
89e74bfc-0a46-4c8e-a322-895785d9b32d,d654b340-5cd7-47e4-a5df-233b7fa5982c,pro,2025-10-01,,49
2c8e1eb5-9751-4382-bd83-a076555ce57b,8b5321c4-9034-40ef-a497-afd0508decbd,pro,2025-10-28,,49
a7fd0fa1-fbfc-470b-a0e0-87ea67247ae4,c84159aa-0a36-432c-b5bb-228e388b6c90,basic,2025-12-23,,19
b0d39b06-1a9a-4106-8509-850b967c6cb2,b70b4678-4c01-4b8c-a94d-c2d42ade0fd1,enterprise,2026-05-10,,199
cfe20a56-4101-4b33-a3e8-5b88c6594547,ed61542a-78d6-4ef3-97cf-886831657f36,pro,2025-06-18,,49
ce3338f3-f0ba-4b34-940c-c8bd7ac2af86,9bf60a02-5baf-43a0-8f98-f78ec0ee4606,pro,2026-05-22,,49
ddb2bb78-424a-494e-8aa0-55c8b5e6bf2f,4d0fbf60-d3d0-4c78-a830-454169231f86,basic,2025-08-30,,19
687e7482-71eb-43ee-9bb7-77e4fef25623,4eff7160-a02a-4111-b369-9153878cf1ea,basic,2025-11-20,,19
48938d55-1070-4f81-a39e-7b72e9982864,78e1582e-3d76-4b7d-906a-db5104ce76e9,enterprise,2026-01-10,2026-05-03,199
6456b7fc-8d06-4a11-88d3-1c33771c5536,68697000-b5ed-4bca-bb59-c0b5d332dffb,basic,2026-05-13,,19
1c559d03-c564-4ea7-99ae-178f81720f83,2fac4938-15f7-4266-adbc-d4b8d6037fe4,pro,2025-10-05,,49
04dcd279-c8da-4133-8602-922094c628eb,42b7e794-a34e-414c-a88f-13255ff0ef16,basic,2025-12-14,,19
a1047628-cba2-4408-a98c-2b780810b368,f5427f0f-a680-46eb-883b-62bee43a7f66,enterprise,2025-09-27,,199
70e0f5dd-7282-493d-9aa0-d8c5e8f21adb,00a5d24c-307f-4a93-abf8-5a501af1836e,basic,2026-04-28,,19
cc7c07e5-acef-474a-b4d3-249515f65862,4d893861-0e65-455a-a0fa-9f6295d2ce17,pro,2025-12-03,2026-03-14,49
16237021-dfc1-493a-a36c-1ae086ae3183,e277ed3e-c252-4b5c-9ac4-6fb47c1b271a,basic,2025-12-17,,19
9c330685-cb14-476b-bb0b-21d6b34b88c5,1e15de6b-c68e-434d-ad60-82efc7bd2699,basic,2025-12-10,,19
99a08f69-217e-4a62-b18d-d50a0cc02348,51ec2ca5-8720-41f1-ab54-c3dcc6d49789,basic,2025-08-17,,19
d3fda6b4-75f1-4d38-97f5-ac9a3e0934e9,7576acdd-e19d-4a78-94c4-c3234fbb8127,basic,2025-11-03,,19
5548ca5c-19fa-4021-aff7-ec50f069c796,c37db650-8083-4a80-bfb4-ea326c6bafac,basic,2026-05-31,,19
60addf51-9ce3-4a3d-ba69-2dc2aabecffc,6640a5d0-f40c-4a1b-9a7a-36808cf38f28,basic,2025-09-23,,19
d14d42c2-5121-4717-9e6b-bef77181bf31,7a8e8c27-477c-4a9d-bd6e-5bd78d9abce4,basic,2026-06-14,,19
7d24a4f9-0fe6-4766-8e1b-503e5711a15c,c4df76ae-7d33-4ddf-b87b-c69fc3cb494f,enterprise,2025-10-18,,199
4f700c5c-de2e-4288-a6ad-d1ef866d22ea,894f97bf-36fb-4e52-adf1-fd37889514e2,pro,2026-02-12,,49
1d558e3b-c8c4-46f9-8346-048b727ee1be,58bda454-645e-4f9d-9a51-3f80a370699b,basic,2026-05-04,,19
bebac1d2-e468-49c6-9b01-9e348fc82464,1b8a3518-633d-4403-85fc-02eb398a1b4a,basic,2025-12-07,,19
34239c11-2bbe-452a-8f98-b098ce45276d,4721c9d6-1166-4694-8af9-d9f3acd58491,basic,2026-04-27,,19
dd2e87ec-8b79-4b35-bcaf-71eb1ef63fa8,b7d71375-01d8-4cc0-ab38-b73627232c64,pro,2025-06-23,,49
a4ca5df4-15d1-4015-88c6-483b5349471f,68089d9c-b970-48c0-bf31-798a4e30e023,basic,2025-07-26,2025-11-09,19
53b01310-637b-4bac-b982-d92636ea0c07,904ae4c7-c367-4c1a-91d9-8a3df359d0f2,basic,2025-12-28,,19
1e9822d0-7154-4245-a76f-06199647f0cd,ec326582-84a7-4135-94c3-ed26845d9bea,basic,2025-11-20,2026-01-26,19
a3c7b2f7-fe28-43d2-8ee4-6eaafb16af1b,79a41734-319d-4a2b-b6a9-4ad924f69463,basic,2026-05-21,,19
fcf3cc67-f6fd-4083-9a57-c4bc8f0c86e8,0b46a0df-3206-45fa-b526-eff3612158b6,basic,2025-10-25,2026-01-19,19
ed66211a-b5e9-409f-bd78-5dba8b3e3c72,9bee0dc6-c22c-44da-9c9d-09776e69f673,pro,2025-08-10,,49
5e895c1d-27db-4e49-9d90-ac5e56801e7a,c8be6a4e-c933-4bfd-a97f-52757335057e,basic,2026-06-24,,19
05404dfe-230a-48a8-b100-c73161476895,95275464-828c-49b9-b507-b8973b0cfca4,pro,2025-10-19,,49
9ee29db9-c19c-42e6-8bd9-0e6ad55bd648,26c8c4a2-adcf-48d2-be94-35413ed33e2e,basic,2025-11-16,,19
d332f883-cc0f-43bf-a7db-128fc60b0938,58c56688-5260-449e-a54b-5307acc801ff,basic,2026-04-29,,19
8f09b54b-d0e1-46b0-b617-f32ac788695c,7880a13d-67a6-471a-b306-ded24d00de88,basic,2025-12-30,2026-06-07,19
e716aa52-27c6-42d5-b2d2-a4b54572c8ca,b6bf8779-357a-4634-9436-84276438e0f6,enterprise,2026-06-08,,199
da2dc8a8-616f-4d57-b1a7-9ac7d8e84e2f,47d22fae-a49f-4ba4-847d-611987ee05c0,basic,2025-07-05,2025-11-14,19
872babd8-decb-4068-85e8-5d355c92c550,0e4d9c4e-b5fa-49a4-9452-e7d6488fc295,basic,2026-03-03,,19
d8eacda6-684d-464b-982a-aae850e45d48,51f8f572-9865-4062-9b00-a94033512243,enterprise,2026-03-03,,199
a87f6b72-b4a5-473f-973d-6f48abeef61c,1192d240-13bc-48fc-b5f5-7e6e6d7a86da,basic,2026-02-06,,19
67eeb34e-001d-4086-8b19-cdcc71b0b61f,0ed3f95a-ff04-444b-96c2-3340a6417136,basic,2025-08-26,,19
2a5c9523-48ee-4fb1-9c24-cd0172cf1f37,9755dde0-c60a-4ad5-a479-53291eba0f81,basic,2025-07-27,,19
234f9dba-824a-4e1b-8ee1-b54a93346159,235b7f4c-8669-477e-b6a3-1f6326d5f1d5,enterprise,2025-09-21,,199
76a30c98-80db-4d4a-b7b6-f41fdc1d31e5,dd5972d0-af44-476c-8fca-f15bda810120,basic,2025-09-11,,19
54e8de4e-0cbf-400a-9aec-a851e87545bc,8ecdd826-899c-4c92-8c70-a9af307fb080,pro,2026-03-31,2026-08-31,49
d6335ace-6fda-42e6-9643-ec49a6c3ba8e,530747e0-75fe-426d-8a92-63bb0126b9dd,pro,2026-04-30,,49
683f5767-0d7b-4140-b590-317cd3d95417,6afb5a99-a234-45d6-be7b-1430048276fb,pro,2025-09-09,,49
e3dd9c1e-068c-4a85-87ab-146865fc14a8,d53dbca9-39fd-4b6e-b850-5276a763ac52,basic,2026-04-28,,19
9a7928e8-d8ba-4581-bc7a-321765b9ec84,abfb5fc7-6ae7-4b00-98e1-82e7385c9c99,basic,2026-04-30,,19
495fe10b-c6b6-48ee-82ec-c13a983cee76,611285cb-8449-402c-a287-2df571b3a6ee,basic,2026-03-18,,19
41bbb8e8-8c3b-4b21-8c55-32bb45365ae1,03c85b74-f89f-4f68-9edb-df33717e6b2f,pro,2025-11-24,,49
9adeda1a-e4c1-482f-9e00-98b01ead2140,2db0a574-c514-4d63-aff4-5ecc738daf02,basic,2026-01-11,2026-03-21,19
ccc53404-3b53-426f-8254-ba8121319017,0aa60a19-e7ab-4a72-ab39-ac3fad7703e6,pro,2026-03-15,2026-08-13,49
a3e32063-da53-4317-82d6-998a60e6abff,d426c02c-f478-4a52-80a1-1808756208b6,basic,2026-02-13,,19
609420e1-72b9-4936-b10e-67d9fb4aab28,e0458612-9947-4e3a-bb44-9dcfbe83bd60,pro,2026-01-30,,49
5f3eebca-5ee7-4400-8c7b-0a061c0d3d74,78b4ca22-5196-4af2-976c-1255f74f3716,enterprise,2026-06-14,,199
732da328-870f-4ffe-86a8-2218272de3a0,89b7e270-e9a8-46ac-abd1-04fb7aa90f8b,basic,2026-05-16,2026-09-01,19
2efc5aac-e707-4fab-bace-f147c014c3ea,39e944d0-3bd5-46a7-8893-79db9fd24373,basic,2026-03-23,,19
e8004943-cced-488f-8e91-64603dd57b33,07dea051-4553-4885-8aea-3082d0d64dac,basic,2025-09-21,,19
3a4addfa-d716-4f59-a2a7-6913f8c8d89d,cbdb0954-064b-4745-b80c-7e374678b424,pro,2025-12-07,,49
6bcb8abb-1437-42bb-a7e5-8c8f204e1650,76d0fb85-37c3-47ec-af90-45bb5e206a97,enterprise,2026-01-27,,199
45bab8f1-92ae-405f-86a7-3905c0d65124,b8632913-3f8d-46bc-8c13-0aab2ce6559c,basic,2025-11-13,,19
6c1c3999-3fed-4f36-90eb-5af364e9fec2,ca553306-58f7-4a9c-b0ab-d6ebfd7ab568,basic,2025-10-07,,19
c5eccdca-70f9-4ee9-a685-b7838f5ee2f1,d58dcb41-9807-4e64-986f-0f312cc9536f,basic,2026-01-21,2026-06-10,19
846dc275-3470-4fd7-aaf7-d58665d137fd,3493563b-0be1-43b6-9ee6-aa2c095fe7bf,basic,2025-06-30,2025-10-11,19
c5d2dc6f-9be9-4505-a414-17c75ab0369f,ed074b1e-2a6e-4f73-b506-a1205c9746e3,enterprise,2025-06-25,,199
b46c402a-603f-449c-859c-6b6d07a9aa07,64084ca7-47ab-4465-ae0f-5cf1f6270da9,pro,2025-08-19,,49
af991a4b-da80-4b2a-96fb-4fb91154d199,29d445f9-ce50-4546-b06b-39c1acca1558,basic,2025-12-29,,19
65e3812d-e089-4772-9c86-c4e4fba05cf8,448b5c9f-cdb7-4a4c-aa70-da4263c61cc4,basic,2026-02-23,,19
9245c541-c54e-4885-a092-a4a02abfa9e7,e453e70f-83e1-4654-b2de-88e3500b171f,basic,2026-05-03,,19
0e617dd9-b1ca-4075-80bb-e30367392ff8,edb41a66-7210-4b78-8a4b-119662e89a88,basic,2025-11-14,,19
47f68b0c-b721-4cc6-9227-572832526071,c2d88e8c-f2e0-4503-ad86-62b5e2b8a031,basic,2026-05-28,,19
1ef62950-83c4-4382-80a2-1d716f65cae8,e16b3c0a-a574-4605-b60c-e76acf27b60e,enterprise,2025-08-18,,199
85a62c45-5e92-42f6-b2d4-f0ed4e84b01f,671c286c-6511-4831-bcf0-5b4d422653aa,basic,2025-07-29,,19
11be1fff-41bc-4ef0-a5d4-b6b8034eaec6,af95bd7b-fba4-4fe2-a555-2c8d9e47dcd8,enterprise,2025-06-23,,199
c24b8a4d-8c55-455f-860f-0f051284830e,dae04a07-9653-44f6-bde9-f665d0aa3fd6,basic,2025-11-19,,19
be8648d0-10d6-4d30-a1e3-b14a64935c12,5a3e7072-0a89-4933-a7bc-58018aad7e94,basic,2026-05-14,,19
7d06c8e9-ab05-4778-a518-3f7da2066a20,2fdc609c-76d6-49fe-9014-33dc441ab7b0,basic,2026-03-20,,19
832980e0-358e-460d-bf5e-581692ee4e06,03bc87f0-5ff4-42bd-b0a8-54f92464a80c,basic,2025-10-13,2025-12-20,19
9161b961-9d1b-4e51-8614-8cca09fed216,4ca5431c-8cd9-4c20-9a73-c50de26432f8,basic,2025-12-20,,19
2e2a7c17-39d3-4039-afd2-26e3fa5a84c4,f9acef6a-d910-4b43-83db-dfec4b118a47,pro,2025-10-04,,49
1554d0f2-3597-49bf-b534-0f919242dc9e,977db9d9-0dc9-41e7-83d8-559d5224bdf3,enterprise,2025-11-01,2025-12-24,199
d73b387e-18b8-4341-a3c7-6907f7e94777,a78e4ac4-73b8-476f-9aa7-9a4a1c97cd3a,basic,2025-08-30,,19
12dcd5a2-bb71-4555-a586-da51ded68485,b868d3a0-c58e-4ce0-9ed7-2650b94e8405,basic,2025-09-14,,19
a086b29b-8f5e-4270-85d2-c683b1a29399,1a33b592-9fd0-4207-bb50-34c348e78d9d,enterprise,2025-10-18,,199
da4c7cee-1817-42d5-a62d-dd3ca468bf97,2620073b-fd3e-414a-92c7-c6158af7e510,pro,2026-04-10,2026-05-10,49
f9fe2607-1908-49a7-ae0a-b1e49ad5a827,3e2603e0-4701-4039-8056-1934e9fa2424,basic,2026-05-04,,19
09896e4b-02cc-422d-b43e-247d63dcf773,099ec589-85a9-43b7-bf1b-665bd97da956,basic,2026-03-21,,19
4424475c-a5a4-44fa-a1f5-a81fe5cd06af,679427a4-0a3b-4078-bf62-9e58c0215e9f,pro,2025-07-02,,49
f98028b7-9a01-415b-9215-f30078b364f3,12859694-8b86-4989-b6aa-eef353a348e6,basic,2026-03-03,,19
91b512e1-0dc0-4978-84d2-cfb4dea0016e,44f70674-c715-4a8e-b612-a125a3571569,basic,2025-06-30,,19
36942de4-e384-400d-9111-dbec253e8964,b081fe7e-9f39-490c-807f-0958c58d59e3,pro,2025-10-15,,49
05b6fe7c-27c8-4d7e-8461-b2955305c48b,23ee3b27-057a-4fc6-b822-3a071a1b23fa,basic,2026-05-05,,19
d846750b-2ee1-47f9-8732-1b61f7ae5266,90b68132-5e8d-43e9-aeb4-2f488e7ddbab,basic,2025-12-13,,19
18e181ed-3169-4f69-b9b4-8b2467d702b5,3c8f480d-6143-4b4b-a2e5-01abc8a43478,basic,2026-03-18,,19
d67247d9-f37f-479b-b2ef-981e57c8bcf0,d3995507-4896-4e61-8877-4c89ca54d6c2,basic,2026-05-01,,19
1d7d17d6-afb8-47fc-af76-806a60684194,29438204-2710-43f5-8fc6-09bd07442fd0,enterprise,2026-02-25,,199
7aadd046-beff-4336-bbd5-9040da32481f,58504372-ab97-41bf-8052-4a5af8cceee4,pro,2025-12-08,2026-01-29,49
4af977c6-168d-4524-ba77-5255c82ae0f0,2e21cfc5-05e1-4bc0-91a6-5d34ddde4c4e,basic,2025-08-15,,19
1a627f58-cda0-4118-8d82-ae68dcbcccd4,dcc6a141-fedf-49a2-b062-9551c91c1730,basic,2025-12-29,,19
5fd3389b-b20c-44a8-b9b8-7d381d99b572,a98c3e4f-5452-49a0-996d-7def7767e4b3,pro,2026-04-12,,49
849cd2e5-f780-434d-9114-4ca3276ffdd3,618ca7ad-8c2a-4542-b6eb-c630b7358973,pro,2025-07-09,2025-09-02,49
7cb1a4c3-6262-4e6a-bd09-c8f2182774c9,a3ba99bc-28af-4acb-8af2-83d21cb7619f,basic,2025-10-10,,19
3d1cad0e-c984-469d-95d8-e8bd632e3a54,8c1c594a-2c21-470c-8eb4-3d8a372557b1,basic,2025-09-07,,19
8f22b28a-99f4-4b39-994e-06e48f82737c,5a83fc31-da9b-4cdc-b112-522efeb51e98,basic,2025-07-18,,19
57ec3ab6-1e32-4a61-8643-730153a5953c,fb0d3de3-f491-4266-8628-e1f3412bc76e,basic,2025-06-28,,19
29a0ed19-e3af-42fc-8aff-da33b2ecde7e,ed528895-fcdd-4e41-8034-0531ce57f002,basic,2025-08-18,,19
84690fe7-9d23-4157-97de-4af97610d788,d225edb0-0adb-4cb3-9739-4fd65420e252,basic,2025-10-10,,19
1f132bce-7754-434a-be1b-63336b395944,4a2dc9f5-ce19-4a95-8d17-172b85379a35,enterprise,2026-01-28,,199
67bd6aa5-25fb-4a59-91d2-0e46a3da01e0,b6bedee6-23b9-4db8-b83f-e7cf88a9f576,basic,2025-09-21,,19
4e5c08fc-a7e4-464e-931a-ca60887767bf,bcdc20d1-dccb-46f0-a938-c2b978edb54f,enterprise,2026-06-15,,199
fe81f6dc-63df-4600-8cf5-2020673f4593,225a31c7-bdcd-4a7b-902c-e1d4514fd642,pro,2026-05-03,,49
323b6bef-da82-449b-9b2f-79b4fc776a1d,8ad8ee53-25cc-451d-8d3c-74f18cc48ebb,basic,2025-06-24,,19
a6e5fff4-6178-4259-906e-f077811a677a,fdc63e30-65f7-405f-9f6e-cc0406c04fd4,basic,2026-05-14,,19
0aa93fab-1c38-48c3-9c78-7520b4d31e54,4bc35ac8-0b2c-4ac0-a930-2577bca14c2c,basic,2026-05-15,,19
a4211680-5007-4ec9-b794-9e6acc414ec3,2fa9e14a-3d0d-4385-acf9-4508911f5557,basic,2025-09-08,,19
69d2a24e-7eac-4750-8fff-179318070922,e2f5edf1-ece2-4a25-8361-272d518a3669,pro,2026-01-24,2026-07-07,49
c0d4237a-50e8-4f67-8fe6-129476e10278,cc6e8832-8e24-43b3-bc90-402fec5d3009,basic,2025-06-30,,19
e3329432-f002-4442-9d25-794c12fd5f62,2ff84941-06b8-42f0-b621-f9bd2e1256b0,pro,2025-10-07,,49
6153e918-0b28-4b7b-9d36-c9b7c5ca5e02,e77cf3a3-7a8c-4a27-86fb-79184dfffd8a,pro,2026-03-14,,49
419311d1-3732-4396-a514-207070ce3461,ae98613c-f0b1-465c-853c-eebf8ed6d022,pro,2025-10-30,,49
df9f6797-1ff8-472d-bd56-f5654fa50229,b5b8c1b7-f6b3-4acc-9b93-d174a5f48a34,pro,2025-06-21,,49
027dbc28-b3cb-4c51-842e-7af8e13ebadd,a88d1471-d2f5-41e6-a278-0a750f68fdb0,basic,2026-04-08,,19
93cda1ce-857b-428e-aacd-2e0bb9d3b423,f594c42a-cc49-46ae-a28e-a4c35cd66f97,pro,2025-10-03,,49
9465cc5b-a376-4664-b570-76e9a7cf4f2b,bbc12a6b-4fc8-4d37-8342-02c3a263b5ff,basic,2026-02-22,,19
5d14c40b-198d-4345-ac2b-3d9abeb68abe,c71b53d8-91c7-4052-a5a7-b7ef4c085c01,basic,2026-03-08,,19
5c0c6b55-c479-4459-95f4-81e58edf5bc6,17fbb5ce-f1e6-4567-b2e1-5ca4346bb9fa,basic,2026-06-12,,19
b8b239d1-d7d8-4cf1-b662-4331008bab88,dc939ae6-bd6f-4008-b4ff-ae0875a7a4f3,enterprise,2025-11-29,,199
469228d8-874d-411a-ba01-cca8868427bf,7d290bc1-06c8-4b0a-8fef-defb152b04aa,pro,2025-12-26,,49
340e05e1-fea4-4170-8671-f16d66c9c456,6fd95efd-ee6b-4697-9030-fd155122b91c,pro,2026-05-01,,49
c9a67da8-5176-4788-9f31-fa80f4407e1b,15ae61ec-a667-4205-849d-d39de5a8da16,pro,2026-02-02,,49
b3e4c3fc-4578-40d7-960a-1995ad393cb8,b85f6fe8-210c-4d46-ab55-2af650f5dd73,basic,2026-01-13,,19
2901dd92-38b9-4373-a3e9-d7983452ae5e,8ee55be9-8f30-4ca5-9118-3ea55fce8e29,basic,2026-04-12,,19
80523beb-a971-4116-9225-f6d662ac329a,02f41153-00cb-431c-9bbe-dcc23bf419df,basic,2026-05-04,,19
4281c0a6-c718-4f78-8678-0a561da3bdf1,1bfbf928-5bb8-4fe1-9233-e42c61c0cbb8,basic,2026-06-18,2026-07-26,19
8eca9d59-a608-4ba0-871e-4e6d502bcf11,d1e9f038-f2b5-4558-92ad-9d49c77f4fc3,enterprise,2025-08-04,2025-11-28,199
d9afea88-acfe-4358-9c29-6b8d002e2eba,8e37c563-a8ac-496b-a376-8f93697be8c5,enterprise,2026-05-20,,199
8f35f1c0-8ba8-418a-b3dc-0eeb10d2b25b,a1424c37-24be-4730-a646-f34739c31d74,basic,2026-01-24,,19
30f599e6-5cd6-4c77-accd-2002d10b2331,cff340a1-ae18-48dc-ab3e-15678fb447ce,basic,2026-01-01,,19
f15bd584-ec73-4a7c-9107-928863f210a7,103f7c36-55fe-43da-b225-418405fcc85e,basic,2025-08-04,,19
3bf07529-7a1d-4aa1-9a37-19549d83cb6e,b716d554-1986-44ce-9053-03ee201c8f21,pro,2026-03-03,,49
e19c4d67-0bdc-47f1-a631-22edd0ea3784,68f76807-43e4-4a09-b988-9c540eb9403b,basic,2026-03-24,,19
0835cd76-d44d-419b-9a49-1882b203b45f,d14e619f-8ed7-4ea7-a609-a548b9641045,basic,2025-10-07,,19
b77f95f4-9a7f-4fb0-b402-c127659860f6,c70da038-5c92-433d-8ea0-6a6ae2da79f1,basic,2026-02-02,2026-05-18,19
a0c09472-b4f4-43a6-a446-e2bf48dc5916,bbf40d96-4434-4d2f-892a-d9215af5b2e2,enterprise,2026-05-10,,199
bc1671bf-4ab8-4450-a8c2-ee51d67207e6,7b3dcb9c-3e90-4b8d-b209-84a0c5f25914,enterprise,2025-07-25,,199
2a50c5ff-150d-4628-b6c7-6d67e75eff82,59e146e6-1c8b-4663-a2e9-006ef8af2ef0,enterprise,2025-12-29,,199
90fa067b-d00c-404d-a2db-cc82d3a52f89,432c7ee9-5b0d-4930-bd44-6f9c2ca4d81c,basic,2026-06-10,,19
362db425-56ac-439a-9213-109d8bf7bead,f7c5eb6a-3240-44a7-ac80-f8221ee652cd,enterprise,2025-08-24,,199
c656667a-5cec-42f3-bc05-9a8af165faa5,67cdf4b0-a5ef-4c1a-ac84-580d84786a89,basic,2026-01-06,,19
efb05bd2-acbc-4563-8f9d-690792c4bf67,72645040-3db5-4d2e-b828-8cf578a6ed1d,basic,2025-06-24,,19
7ba1bc6f-9155-4996-9dc8-7469dc2bccdd,dc5a4da3-3ead-42e7-83f3-23ea8ab0368e,enterprise,2025-11-14,,199
e0f2226f-5dde-41fe-bf40-e5353ee10660,36714a7c-e46a-423b-8007-9c1ef8074290,enterprise,2025-11-03,,199
c16523f6-f953-47ac-ba8c-19c45480ad36,f67a17de-f246-48bb-9d5f-b95977000135,basic,2025-08-30,,19
fa4717b2-6324-4b55-9ed4-7c10c3a69f4b,52657308-5640-4ed3-a253-e82328da7082,basic,2025-08-11,,19
10973c20-f33a-46fa-b107-4ba4e4c8733a,3e21907d-3e34-4271-adeb-85ad331b1a13,basic,2026-01-22,,19
f5ea2a28-2dbf-4a4d-851d-8af574a12080,ae9d4d36-f56a-4415-bf16-df5cbe465f45,basic,2025-11-03,,19
23232962-bcbb-4d3a-9bf9-3d69caa7c8fe,c333340b-1cb3-4c9d-b411-60d588ba2845,basic,2025-08-04,,19
0e5f5b71-59b1-405c-bbdf-34c061e90192,62d739c7-210e-47ee-a23f-82578e3479b9,basic,2025-08-15,,19
feb45b76-ca09-4c14-8089-e337253a6680,349ea267-216e-49c0-bcf1-7183645a66cb,basic,2025-12-03,,19
4b3a0626-b9db-44c8-8c98-816d83107b64,8a1688a1-5319-43e3-b127-9304f630487e,pro,2025-08-10,2025-10-16,49
32124faa-40c8-4c05-87db-ad54e7b771ac,34af1e09-65a7-43ae-8034-6895fb25061f,basic,2026-04-16,,19
e33b6c99-53a7-4fa3-af8b-9c5586dead04,2fea6b9f-a167-4c7b-b319-3dac5488899f,basic,2026-02-02,,19
16a6e1ba-6f30-4457-9437-8f729741c909,8b5f0ab7-55fb-4bad-90a0-78309e1bffe4,pro,2026-02-05,,49
2aac3ad7-6feb-4d20-80e8-e881a2621b2d,c4f0e61a-33be-4a7b-b4e3-87b563fcf617,basic,2026-02-27,,19
22d2340d-c80c-4257-8be0-1eda087f4bb9,6e7cbc50-dc96-4d43-ab3b-8b7096186b63,pro,2025-09-12,,49
9355f819-ce9e-41d3-b89b-cad9c7dd9151,1afe6279-95d3-478f-b719-0f5d434c48a2,enterprise,2026-02-15,,199
3143a41c-5b70-4828-a6f4-ae3f2f463971,5dcf0508-f9a7-4530-bf22-d5856683de16,basic,2025-08-22,2025-12-11,19
e1e2b80e-4d6c-4293-bf92-42a470d12b73,6418312b-f29a-46f3-970d-7d764506df27,basic,2026-06-11,,19
7db1a05a-64e9-4e43-81be-6a82411a686e,dea60ba9-f24c-4571-9513-8d4a91e4c813,basic,2025-11-08,,19
d953bcb5-9c2e-45dd-962c-312bf5bb4cf1,4d618476-7d3b-40c0-bc5f-aa421db0735d,enterprise,2025-07-04,,199
88a110ac-3fc5-4d8c-bfcb-059b9cd9e553,8f4d7761-b7e3-421f-be2e-fe01e21a9f5b,basic,2025-12-05,,19
bfa3d057-d667-4625-b68e-722444670df5,a949a1c5-771a-4bfb-8dd6-b3341c157e81,basic,2026-02-09,,19
6aa0bf44-5608-4cea-a218-3d9d258996fa,01b5b1c5-1e4b-419d-97b2-715b1daf8d84,basic,2026-03-04,,19
fb1ec536-4093-4ae2-80c2-b5eadedba090,1842e495-08f0-4b5d-9ee5-8025df90f644,pro,2025-10-18,,49
cd2ccc6c-05a8-4831-bfe3-a3bc59a3b57f,19456852-278d-422c-a320-bbcb11c3eea1,enterprise,2025-10-26,,199
aa984543-aa39-422f-8cdc-3f92ba498a26,a5ae40dc-10c7-4634-b9eb-ecbbb2fa6118,basic,2026-06-01,,19
b2750bc6-f250-4286-9b85-905d07cad471,697b79ca-3035-4f9b-8a60-2b52a1c09028,pro,2025-08-04,,49
b9971bc1-7391-4f61-9fe3-18a46906d66f,0b9183f8-fc6b-4a01-bd13-34c98c43754c,pro,2026-01-19,,49
6624d572-d0f0-4790-a94f-a92a4da35e3b,8202d960-9a15-4b92-8636-71aab2fe88fc,pro,2026-02-01,,49
721f236d-8711-4e63-9c18-c72900a4357d,5a07e28a-bede-4d0f-8888-d2e9d1454953,basic,2026-05-08,,19
b10d22ea-08c1-478a-a8f6-747952844002,16c3be88-db83-4d95-bbbe-4b4ac540293b,basic,2026-03-09,,19
39dccce7-5d2b-4433-81fc-66fc3f479f95,c599c224-f456-4344-a9bb-fae848a51c4d,enterprise,2026-01-04,,199
e4a21718-3758-4e46-adb7-f6b3d669f9ff,79ee3c33-e231-4eda-b423-cb8cdb46fae4,pro,2026-03-14,2026-07-15,49
4c5e2969-8d2a-465c-8d3a-fdd83edc867a,0dc52ed2-a4c1-4a6e-8ef5-ccb1f93fe016,enterprise,2025-10-03,,199
c15e19d8-0634-41b5-b265-0cbc587651e2,ccb30559-157e-43d7-82ce-fd0c2cce42eb,enterprise,2026-04-23,,199
2ddb9739-32bb-409c-9e46-de5fab6aa527,6c443718-e4da-4bf4-a6a2-175625d9bee2,pro,2026-04-27,2026-08-23,49
db5f501b-e74a-471b-bc23-d0ce6b288e06,e0e54303-08b2-474e-9c82-248e42b3903b,pro,2026-05-20,2026-07-01,49
32c854f5-aab7-4021-829d-22d00c8e4727,7f896daf-f723-4c97-8b8a-7fb507128ac1,enterprise,2025-09-26,,199
9036159a-48c7-4053-ab0f-22a5832e646e,86dea571-0248-440b-a953-6f06342abab1,basic,2025-08-12,,19
c88e212a-7ad1-410d-8f54-f6cde8c43de5,fb7f3706-8be7-4ad1-8c7d-5c1b0c7d20fb,pro,2025-09-25,,49
baa72b00-cd6e-4f89-9b51-6f8e65b0b541,a8cefae7-a08c-4823-8603-01cf9a4a203d,enterprise,2026-05-31,,199
b308e417-04a1-4a0d-869c-e292a218571e,a9d17223-df8e-4b8b-87aa-b2e406a2aac0,enterprise,2025-08-30,,199
f3db2b70-e5cf-4b63-86d6-8e4eaf529964,296e3c0e-b957-4f66-9924-3d52e3b36a95,pro,2025-08-28,,49
335d7c7f-7493-4529-8502-0b89fc4a0bd3,dd6ae6e7-cd34-488f-bb8e-d4df023b1e9a,basic,2025-12-29,,19
bba7f20c-08e3-483e-86e0-65174db7b1fa,4eb2258d-bff2-4231-a367-29af962a6d86,basic,2026-06-24,2026-10-14,19
be0c11c7-a8f1-45b2-84aa-cd9b4855f0eb,fefd4909-7d93-464a-997c-a7eb1f080cab,basic,2026-06-09,,19
8649a3fe-3f90-4339-b727-9c945f308b51,83d735a6-7c9e-4b90-9fec-5d4c8613e8fa,basic,2026-05-31,2026-09-21,19
d03a0340-627f-45fb-be6e-baaa48c9f4dc,e5b55579-6ff1-4c48-bb85-8713dd3f328a,pro,2026-02-18,,49
6bcc2a36-c408-4346-a66c-6aa57e53a8a7,623382ae-36ae-4eb6-9405-67b53d7cb25a,basic,2025-08-13,,19
33fd3815-1b99-4db1-906c-d687c5aa8442,0413f4a9-b33c-4b98-8102-fdf2546aad6a,basic,2025-07-14,,19
1312beaa-f691-4813-bd0f-e7d9ee87e851,8848cc11-cf31-4769-a359-9672bb6c87ee,basic,2025-12-14,,19
8bd2a42a-54f6-4c9c-9c1f-f88b10ba5f45,24d988ba-1a92-416c-97a8-e8e06a5ecf48,basic,2026-07-13,,19
cf9b701b-1543-40ec-8aad-e3f364182c6c,c196c962-2c9b-455a-bb2e-aca7e0a17ccf,pro,2025-11-17,,49
e6bfb936-cc4b-4771-ad75-9f943b664af6,96d2b5a2-ec95-4dbb-8316-e27564e3a9dd,pro,2025-07-10,,49
417e761a-4a89-42a9-8d51-611f772c1a29,46262f0b-f6b3-4347-b37d-88a8759526ef,basic,2025-09-01,,19
c6a27781-ba5f-4fb8-bf37-606df2f797dd,690359e5-5af5-44c0-8055-0a1fa6f87eb0,basic,2026-03-02,,19
31bd13fd-94bf-448e-a50e-d016ef42b242,1aa8ce11-21a8-4511-b792-b47eece2759f,basic,2025-09-12,2025-11-04,19
fc92738f-2bfe-493c-9188-bc2c72a16c05,500f03c5-d022-43d8-b446-694e4900b1cb,basic,2025-07-14,,19
3a423631-763a-4224-a100-1b31144f0000,db59177a-1d13-49bb-9412-0ab77ec50483,basic,2026-04-13,,19
83499d20-2cc3-41a2-b067-a08674f1c990,1f3f9501-ecdf-429a-827e-4b4ff7adfe6f,basic,2026-01-20,,19
190e405d-bb79-4ee5-8d60-cc3b5734843d,24700ab5-b9e0-4dcb-8537-2ca4b6cd2889,pro,2025-09-24,,49
4ebb1c2e-3a80-45e7-8abc-84d17b5db23f,ff7a9296-fe4a-444e-a9ce-3d8f8be76cbf,basic,2026-01-28,,19
e424a652-39c1-4971-affd-3ae7e183340a,6345f55a-374e-498a-aaa8-8c721801c524,basic,2025-07-03,,19
cce43ece-2e4c-43dc-a094-b5934081f071,55d3725f-a759-41e2-bd6a-f60499721265,basic,2026-06-28,,19
b8b488ba-475f-4676-807c-ac62765313ff,95018333-0bca-40d9-a0cf-25c2e529b7d1,basic,2026-02-17,,19
5cf01bb8-29f3-41af-8a2d-c8c418afd933,3bf10e1b-8481-4e65-b84e-0c24989065f1,pro,2026-06-21,,49
25487c5b-c420-46d8-9768-cf2e6cf7a276,60575d2f-5568-4492-81d4-aa603db77d92,basic,2025-12-23,,19
76a08df2-7d05-425a-a6d4-8f9fc5d044a0,1f513054-d4ad-42a1-94a5-1e605761f298,basic,2026-05-23,,19
f9c41e36-9b82-4780-8ce3-a888961290e9,6750eb05-38e5-43ac-bf79-33c8085a3065,basic,2025-11-22,,19
62680905-5a80-4142-ac39-f99dbc5f8c32,5e42b76d-69d8-4a0a-b43e-6b24c0d55fab,basic,2025-09-09,,19
a662ea69-c21e-419f-a370-90be70988816,e944e404-8178-41ad-9290-6a9b3dcceca0,basic,2026-04-18,,19
172a72b8-ca96-4de6-af8e-b88e252f580e,333f04e0-a591-4de4-8f94-4e1ae0d41478,enterprise,2026-05-02,,199
ef5f24e5-2ba9-46fd-adeb-dafe94ecfc39,c868fe17-da09-4bb5-b476-1a81ac18450a,basic,2025-07-28,,19
ac001fea-a680-4906-931d-1b3b9fe66674,0cfe2770-1a1e-4dfe-9771-bc7eafe5c6c5,basic,2026-01-03,,19
aaedb6fe-05e7-49b5-986b-b3a269eecc11,a17705a9-a6e8-420b-ab75-a7f7a3130e70,basic,2025-07-14,,19
ad800591-566c-4691-9003-5ab9cb8b3f8d,c52a472c-caf6-42fe-b300-b19cac748099,pro,2026-02-05,,49
500551bd-63f3-40f7-b6a5-d85be3ed4fea,ce82b0a7-5b08-41aa-87e9-e4b02021ff6e,basic,2026-04-26,,19
7ba556b3-8c3f-435c-8cd7-8b453e639be1,28b01fc3-2352-4519-8642-b8285c4eeb70,basic,2026-03-19,2026-04-18,19
389efac7-23b5-488e-9b29-2aa54c1821c1,c05499b4-fac6-4a6c-b337-78cae99e823e,basic,2025-11-29,,19
6dd0508a-e88f-470b-815c-04533ab5d9e1,1b08b973-26ec-4427-9387-e90804fb379a,basic,2026-04-12,2026-09-17,19
127fe4f3-0eb4-4311-9648-3050900f3f58,f17356bf-0c79-41bc-9eed-9ddc10d61277,basic,2026-01-26,,19
b8492e0c-afa0-492c-8f34-a14d8c31b2c2,7d5bf814-dfac-4f46-a6a1-03ad2133e679,basic,2025-07-13,,19
434b4057-1c0e-40b5-b5e4-368de13a8079,62f9b671-7b08-40d9-b09e-0576b178270f,basic,2025-10-22,2026-02-14,19
b35908cf-71d2-498c-bb51-3a84dd62ae4c,18606c4f-2d17-489d-8eee-ce66d1818736,pro,2025-08-22,,49
944c90e2-fd05-4ef1-baa8-9455d1463703,5c8fa387-da56-4e91-a74a-4c0e623f12b7,basic,2026-04-10,,19
c7699d69-a3db-4c95-a0d1-e30699e32c2a,06384798-7bf6-469f-a743-826b221e30fe,basic,2026-04-17,2026-07-26,19
babf7d53-7d89-4123-80d3-a42fa99d6098,9bc5439f-ee17-4909-b319-0f5e3cd3ba57,basic,2025-07-26,2025-12-03,19
d3bde7c9-c634-4aee-8b0f-437e9cd2ba54,98edcaf1-1f2c-40bd-8adc-b18bc2532c74,basic,2026-01-15,,19
3cf0745f-2e42-45a7-a965-96d6bfe7aa92,c8e91735-741d-42c7-80c9-c1dfba40784f,enterprise,2026-03-22,,199
f152148f-8c11-4868-b52c-d8c7cbf583be,32b26699-be6f-4be5-8559-9aa9fe931ddd,basic,2025-07-25,,19
0cfb0b2d-11ff-4621-abbb-541df595e438,7161ce53-0476-4758-b82a-7ed85918e243,basic,2026-04-10,,19
9bf43035-33ee-427f-b7d3-53048d23551d,d7d772ce-06ee-4429-bcfd-b5bd3de0216f,basic,2025-08-12,,19
f3975f27-7462-4460-b061-56abbd57a559,9bfbb105-3461-4f66-846a-5e49608f101b,basic,2025-09-15,2025-10-25,19
160e3e96-bb76-4fe7-ae96-af657ee13b4d,df210bcb-026e-4af2-931d-d3ecc7621ca8,basic,2025-07-27,,19
34833da3-43f4-4502-baaf-9b7314755e19,64ece146-07fe-420d-8e40-55de7f7fcd43,basic,2026-01-23,,19
be23fb51-3d99-438f-8fea-ffe61455a6dd,8dd061b6-5fc5-4c23-bf2d-55110628b1ae,basic,2025-07-30,,19
38a487c4-7756-45f5-b488-f961ddc0966a,ff8277e0-173f-43a7-a4c9-d93b12f46773,basic,2025-11-19,,19
284e8187-48e7-47b7-96bf-000c41bf54b1,0f1c87f5-238d-44e7-b9d6-b2eff2688b6c,enterprise,2026-01-27,,199
54f8f337-2556-4439-bb1e-2c5a8dd5a731,ba15cd5c-7db3-4010-8b2e-cfd24c04e670,basic,2026-03-30,,19
0c0315ae-333d-44ca-9970-2736735d2340,949121bf-ede1-45b2-8186-d31124b97a05,basic,2025-11-16,2026-02-26,19
9dc2e4d5-be9e-4678-a81a-b7bcc7978723,f13f997f-1728-4cbc-85bd-d2347838a02b,basic,2025-10-17,,19
9097fd03-f290-4e60-8ded-9eb3c26ad75f,825c31a6-8972-40c8-9231-5d88e788b5a4,basic,2025-08-13,,19
ff8cd0a4-c565-4853-a7f8-192df7592245,30d098dc-2e36-47fb-b168-14a8cff2ba48,basic,2025-08-30,,19
2adc3197-9935-4a3a-9319-80be64926d29,cc6e428e-78ae-49ee-b30f-c838de08386b,basic,2025-09-18,2025-11-03,19
0783a30e-9d57-4edc-b52d-d31746ab7453,19d6051b-bffb-47ec-9781-0ca2ac4223f0,basic,2026-04-04,,19
13bda951-55f5-401b-84c9-42cedc950397,a8520a57-e730-46ac-9c00-1debb7bec717,enterprise,2026-01-30,,199
fdd26c16-0352-417c-8e97-b8a1bac55771,6ba2dab1-36d3-4668-9824-3acc37c4f892,basic,2026-04-15,2026-10-08,19
8795cb16-fd47-44cd-982f-b0ab1ef55d67,3def7fd8-d089-4718-a77d-0682cb82c170,pro,2025-09-11,,49
dfa0f0e2-8514-4d98-9133-f636ac73860b,22dcdce0-5dfd-4cdf-b711-2194d164302a,enterprise,2025-09-05,2025-12-01,199
ed90d447-cc11-4a80-a6c2-1b39fe3e4ee1,b592c6db-d345-4245-bd54-d973f389fa39,basic,2025-12-06,,19
40e868f2-2135-4251-9c16-3079daa6d7e0,de26a3e6-320c-41dd-b06f-0098f315a56c,basic,2025-09-17,,19
982e7201-c26e-4f72-8bb6-d4bc3e5e69cb,3fb2f3cd-20d7-444b-8b2b-685df57c806d,basic,2025-11-15,,19
945ef32c-72e9-4e42-b82c-07716b29d507,f710ca0a-f93d-4c89-97cb-2a76ec704329,basic,2025-12-20,,19
da91897c-feaa-4274-9a94-96b691c4ceb8,47e2f369-61e7-4ea9-b94b-6192b335ef71,basic,2025-12-22,,19
6f33f0ce-339b-4177-8cde-8f8c35b6104b,58c7f4ea-5010-4d55-92ec-1f2e67e7be4d,basic,2026-02-12,,19
bfc6b6c8-7a0f-4e0e-90fd-e1fb43ec7f22,16c7ba17-7681-4c1a-a0d0-b6775bcaa031,basic,2026-02-23,,19
3b4985eb-8e7c-48f4-8bed-192c31daab43,4959be96-7d41-4f11-a2c4-d8310b3dcaba,basic,2026-04-23,,19
5b76324c-58b7-4523-8036-66628f5ce4f7,317dc254-7d2f-4df4-a1ab-4c9f6c5d34e6,basic,2026-02-05,,19
f807b0c9-7cab-420c-81bb-d26adc40658f,4494cb46-75ce-4576-9fcb-821a89da4c6e,pro,2025-11-27,,49
5cef9859-65e2-49e9-adf7-71d0234ef63c,1d284f86-c9f4-48da-8e8d-1207d3cb222d,basic,2025-11-30,,19
b2addf49-1cbd-45b6-b089-5b75d0e96f1d,2c0679e0-debf-479a-afe6-6ef690a42f05,pro,2026-05-26,,49
9d8f8c4a-3efc-4846-839b-3c2b1ca8e24c,5a396c65-226e-42b5-9c2b-181c60526df6,basic,2025-12-25,,19
c1384c5c-540d-46ba-837f-1f46b99ba1a9,20ca7f68-756f-4b0d-8719-e3277b28633f,pro,2025-10-15,,49
2a179a06-2f34-4225-8cda-b27ef61df201,a90f46ca-f894-4670-bc62-068344864ed5,pro,2025-10-24,,49
c6b8235c-8be3-4440-9734-ae63f73e4e45,7d41d4e0-3686-4223-b49d-615273f88940,pro,2025-09-29,,49
541c6707-8d5c-49f4-83ec-08a5fe3cefb6,5e2810c8-2d1f-4551-a84d-389347f99772,basic,2025-08-09,,19
6131079e-bcbe-4d76-a51d-b3e4464d2be2,b36ce3ea-795d-4154-8290-56eb6de3f7b7,pro,2026-05-30,,49
31332ada-0ccb-4e26-9628-3b9101d94ae8,767edab3-1f0c-4252-8b88-b270cc4046f9,pro,2026-01-20,,49
4a0f2cec-007e-4790-8fa8-77f8bca55589,8ec1eb01-fdf3-4e78-8fc2-1ceaa639ea1a,basic,2026-04-11,,19
b1b43e68-682c-413b-a1e4-239f6c8a2db0,5e4611dd-4fd0-4f58-a765-9d497c8a1c73,basic,2026-06-25,,19
ec9ca10a-02b9-41dd-ae01-1b3f3000bd84,33220149-4f08-4beb-a3ce-e4736907e3c2,basic,2025-06-16,,19
51588ccd-d157-4011-9239-a7498d81e33c,a3cfb820-0d94-4191-bfd6-12e0d504eb5c,enterprise,2025-06-17,2025-09-25,199
77188ce6-1b92-45ef-9be4-f4805f2330f1,b0a1c9c9-7f30-4374-be76-649653d933d3,basic,2025-07-30,,19
aed5c01d-78bd-4564-9429-7681702303f3,b8fdbf85-ee03-4e41-93b2-5d7a9dd6e91a,basic,2026-05-02,2026-09-15,19
269a3d3c-484b-4b73-9d6a-760454a4d4f3,fd628c86-fea2-4aad-b479-799e4f209699,pro,2025-10-02,,49
fa9f7c85-36ab-473a-985f-b12e511d8c4c,e0ec0ac8-f65a-4f0b-8726-36f0998bd91f,basic,2025-11-27,,19
cead7c9e-b59c-4313-890f-2bdd12a769d6,10a750d5-113a-4e27-9786-205e394e8119,basic,2025-09-04,,19
b35751a8-cb34-45c4-bb22-bbb6b55f031c,d93b7fef-444b-47c0-a719-9cac5b37b10c,basic,2026-06-11,,19
2c33ce8d-aff1-4f5d-bf1d-fcba833c1676,15b39770-7e63-4590-a236-a1abf7ddcdc4,basic,2025-11-05,,19
488a78de-5b27-41c5-9925-a6d86bd4e041,c2d0d100-d9df-4175-8705-a9de902cdcb4,basic,2026-05-16,,19
26563c9f-8682-49c5-9340-d259e978f9d4,7d948be4-eb22-42c3-a4a5-72ee001b4c2a,basic,2025-11-01,,19
88ea963f-3558-4b3f-8295-6de8697ce0d5,a0fe288f-ed0f-4019-8101-8de4e5a8ec6f,basic,2026-06-19,,19
e4ffa612-ac41-49bc-b516-e72be11fd941,3662b5d9-31e4-43eb-b95a-b10de616ae69,basic,2026-07-04,,19
d2c27bd6-d042-4207-b031-80ac10020f1b,32b8030a-fea4-4d28-af48-bac8bd0e9c6f,enterprise,2025-08-12,2026-01-25,199
39ba4c41-7089-4452-8724-51da88692759,92c7baf5-2dd1-42b5-8070-f366d731f3fd,basic,2026-03-13,,19
82e6a5de-6fdd-469c-b7fe-4e5083ecbb42,8779db95-7f16-468c-8e91-863ff14025d1,basic,2026-01-29,,19
d8d93f58-80e3-4375-a954-66a542773892,f340529b-18f7-4cc1-8866-abb6b9b7c60e,enterprise,2026-06-07,,199
a0df3dd3-6c04-49a6-8e4a-31fe97b80ca7,ac8121f6-cff3-41c3-b68b-a7fc455f9a7e,basic,2025-11-14,,19
e29d5e5f-8460-48fa-9b18-e1fce4c22e15,c62e6287-ee9a-42ac-a293-adc0b962612b,basic,2025-07-10,,19
f3ee3066-384e-4818-b72e-c56b6376f47f,1daea78f-1c63-46da-9b61-7ee9b6985ffc,pro,2026-04-14,,49
6d1a8361-1a44-46c5-8e08-0cfad042da2e,72b3144c-9973-459f-83be-06092496120d,basic,2025-12-05,,19
3e60b0d4-f93f-428b-bf32-b9e3c12e4e30,2e49eccd-077b-40bd-b012-0d4237a443b0,basic,2025-12-16,,19
ce612b83-6f9a-4cfc-9df2-fc3c83c79848,c07cfe28-69bd-4129-b115-5dc53c405c85,basic,2025-09-16,,19
42045012-b0de-49ac-8ff1-c220a3e77314,990ff1b6-06ff-429f-969e-8b2f52aca104,enterprise,2025-10-18,,199
8a86987b-7783-41b5-9e11-874506d36737,adc64ace-afc0-43db-811c-b2e10437afea,basic,2026-03-19,,19
13a135e1-5db6-47fb-8223-35669487cf22,6262ba6f-ffd2-4945-9636-eaee1ba6cb1f,basic,2025-10-08,,19
097ac38d-5cee-41af-bf5a-ce1df1158132,e3ba6dde-71f6-4020-93ae-0afd8087f030,basic,2026-02-18,,19
8d67aa0c-f796-4c31-b4be-33bc4d0ce0ad,9964794b-6434-4bdb-b845-d30a2a9b3725,basic,2026-05-05,2026-09-21,19
236fd902-ccb3-4af9-a5c5-1a8eedf0e3cc,55e33f27-3aa0-4737-999b-4cb2abfb2821,basic,2025-10-09,,19
0b93007e-73cb-4b60-b776-8cf951358047,f2bc2e7b-7c1b-4ad7-9867-875480b22f60,basic,2026-03-17,,19
d0228ca1-b001-4e12-b610-8c532f26f3a6,33a516ad-fa7b-4b8c-b66d-48e7712247d4,basic,2025-11-20,,19
30e6aad5-3cd7-4e8d-a216-5919fd624cb6,6b651e8a-7a5a-461a-9957-bfd6d4a889e9,basic,2025-07-26,,19
eaafa357-8c32-45f0-900f-560a5e65278f,4bc9fa4b-1683-43fa-9f4e-e53b00744b20,basic,2025-07-22,,19
bb0a8c5a-c49c-4d82-8bae-97689ca00a59,00caafe1-460c-46c7-b540-cdc43a218dfb,basic,2026-05-23,,19
487acca9-3045-4c71-b06f-bea9daa71dd6,497cdcd5-537a-4ee3-83af-7caaaaba3baf,basic,2025-06-15,,19
8bc4044d-3f8a-456a-be40-979425da8823,a77fb999-6a6d-447e-8d5c-2e682c38f7a2,basic,2025-09-17,,19
d746a27d-2322-446e-a478-578dab554c85,caaa9a87-6354-49b3-876b-9e6010ebdfae,basic,2026-02-12,,19
6313319f-c5de-4a61-93e8-d0c85691ceba,ee371347-c5b6-4abf-ae1f-8f275c696fcd,basic,2025-06-25,2025-10-07,19
3b090882-8e6f-42c1-a77e-b85c0755c9bc,85be6875-aec8-4e40-9342-089f6997340e,basic,2026-06-12,2026-09-15,19
63b2b4e2-c39f-473b-bf8c-9cdc6b636af8,a0008641-9bc8-4d4a-b0c1-5fb925e594e4,basic,2026-04-16,,19
763bca43-944d-4838-b781-c23a5a2785c2,1815e163-9158-41c5-a07a-35df254e76f5,enterprise,2025-07-22,,199
61652e7d-f642-4770-a814-f54b4662dee3,58382f9e-9601-4949-9aff-022053289e9e,basic,2026-05-12,,19
ace8d3ba-b11d-4a9c-b4e7-14b567776f3a,48d3d5bf-3210-495a-8b2a-f049febe9ef1,basic,2025-10-22,2026-01-01,19
dd64e6d6-ecf3-43f4-8e32-554ff4fd2b55,2fbed9ec-1d7c-4a2e-8593-cfd02e345fe8,pro,2026-02-10,,49
6fc68db1-56a6-451f-8d89-f92e36a0c687,47f2c69c-25fe-41c8-9f4c-b3ae86a57f41,basic,2025-11-17,,19
9d52a662-5da4-4b39-9d49-ed1c669abe04,54caf899-39de-4f9b-bba6-02d24e715380,pro,2026-02-03,,49
892a80e8-62b5-491d-a8f9-cf13b6340527,434bda79-9eb5-4618-a932-115cb7053d15,basic,2025-12-01,,19
2b7d20a1-ba96-4828-a967-cf5b91198272,1412f2a4-31ea-4176-ac91-7300811b9be7,pro,2026-05-02,,49
e0f9d762-dbbb-4784-aa77-c4ae16f23270,1c16e975-dafb-4641-920f-77bdb3820997,basic,2026-04-28,2026-10-15,19
d49e7872-ad7d-4ace-af0f-c40b31e74637,786a1fb4-2442-4230-9c16-c32c575a4ef7,basic,2025-07-21,,19
10e32e52-7e0c-4b1a-9d12-e350a6cc5388,088d8d4c-4dd6-4436-a880-facfa8ff74c3,basic,2026-03-02,,19
132c126c-0c78-4098-9ed8-905f8ededdfe,53c53b43-f693-4e9d-b57a-5a4fdb98d0fa,basic,2025-08-24,,19
5addd803-8d40-4056-b60e-26375a1100b7,a427eb2d-dc00-4007-9b9b-571b816e7069,pro,2026-05-26,,49
80bd5cfe-7852-4388-b49d-65b4cdf8d357,e1e47452-0758-4dea-b2b8-7fcd6e88102d,basic,2026-02-20,,19
d02fe920-aa89-40c1-805c-78c3ad6894d0,2be7b2ff-00bb-45a2-bc8b-3db0615fab92,basic,2025-11-23,,19
979ecd3f-e46c-4ebb-9420-c76c7da9d718,0bc22553-5ef3-4ae1-a80e-e649b48a1e5d,basic,2026-01-06,,19
d6d8a92f-6ac3-4882-b254-8a0a8c48fa78,c0bc22fe-2270-434b-af29-489511e460ff,enterprise,2025-11-17,,199
ca28a7a9-e85d-4ebb-96b4-1f3d9a00786c,be93937a-07bc-41cc-b41c-ed7bd6d7eba2,basic,2025-11-21,,19
1f462fff-649f-44ad-82a7-5e2b1a0b1574,d33b7aaa-ca74-4a6c-8175-a155b88a4392,enterprise,2026-05-12,,199
8c610a2d-73b6-4250-83f3-6056330f43b3,540ab9a6-8721-430b-a8b5-ea2bb1429fc0,pro,2025-10-16,2026-03-10,49
4d86b47c-48c5-4fda-b8e0-f3c1bc523f67,8c759999-b9c6-4f94-a8c4-c270f01a2705,basic,2026-03-31,,19
18bc1e6e-a61c-4a94-ad09-ef819a56df54,424ca5b5-48e0-4d6d-9555-7b311ac7a907,enterprise,2026-03-20,,199
d2a9d660-5654-49db-ad02-ab4ef9204ffa,f0e3eb6a-ec5c-4bc4-b768-b644e29093f5,pro,2025-08-07,,49
d4689067-283e-41da-9b62-9d57d29e2f37,795bc6e1-8f78-4afb-8e7e-c10bab2b4dcc,basic,2026-01-19,,19
ae762305-0822-4f1c-998e-51f8eb6c005e,3ca381a8-3592-4771-9979-a6c4bc9937f3,pro,2026-05-21,2026-10-28,49
dd9bd00c-d36c-47d9-a47a-45500aff8229,587144c4-b08f-4714-a6b8-9dc7505351d5,basic,2025-11-16,,19
bc952297-e6c6-461c-bde5-41aabb922576,ab5a05be-7acc-411f-9b8f-598b77851a62,basic,2025-12-27,,19
f88793d6-ec7c-4e86-b37f-ea611b543a6a,bb3d0bdf-4139-4da9-bf83-4d390f3451d3,basic,2026-02-04,2026-05-16,19
4e1ca16f-aec2-474b-a049-6b1e5b8bd3fb,527d3a7e-9f9b-49f7-a292-148216b9854c,basic,2026-03-09,,19
21e5c59b-250e-4acf-aeb2-9eecb66178ae,3314ac82-5e04-4e23-a396-0dd68fcc22b5,pro,2026-02-20,,49
f5619b81-e6df-4dbb-9ebe-577469af9a4a,98df1722-d227-4577-9ab2-9f043034ed4b,pro,2026-02-12,,49
0b6974ba-fd7c-41a1-b0cc-42199d42f59b,c9077283-3488-4f27-a58c-88626b591d85,basic,2026-04-25,,19
43620ced-aaa2-461c-b601-c3750faf2b5d,ae4a02fe-0203-4439-8eec-d12088d4720c,basic,2026-03-24,,19
6e08a0e6-3463-455a-b92a-fc0df4c9821a,caf21a7b-9cbd-4fa3-81c1-bd525f78bb08,basic,2025-12-27,,19
4d5d57e3-6283-4544-9706-123f676ed5bb,6ee33e7c-1950-4af8-b835-a0b9d5457519,pro,2025-12-14,,49
f6bb7b1e-4e96-4ee8-8eae-d000914c0780,ccb9cb75-5c52-4a58-a51a-612bb78889a2,basic,2025-12-30,,19
2d70918d-3393-46e7-b0d0-30b3e2084eef,0a69a29f-b3a0-42f8-b20a-f4cc67f3ca70,basic,2026-04-07,,19
b21eeece-b886-4eb0-983e-1fd54be761d5,74d91f08-aa9b-44c9-8865-8b780ed43c01,basic,2026-05-08,,19
b486fa07-b639-4d2d-a951-0f2ebefef1f1,95c0f4da-c5d0-4713-93ea-87527018ce00,basic,2025-12-08,,19
20db558a-5461-4bbe-a9ce-a1541ca215ac,9373d889-c742-49db-92eb-dd02fb257ae1,basic,2026-04-03,,19
150244a1-a295-4f3f-b863-a5986ddab688,a0b1c1bf-0232-486c-8436-1aef54bbc5e4,basic,2026-04-09,,19
fbf705a4-2d8c-4214-a51a-25906478fe9d,7fc3efe4-f7aa-4c07-bb13-0a02f63e9ac8,pro,2026-05-13,,49
97a40483-1402-4c7b-afdf-15887151aa9f,fecbd283-afef-4e2f-973a-98b6c371105c,basic,2026-01-30,,19
0299fa23-6756-498b-b8f9-dccb299f0eeb,3a30a093-708d-42ea-bba1-33a24608ad1d,basic,2025-11-26,,19
078b4f8e-ddc3-4333-9405-55acd2130a1d,5685ef27-e2f9-498c-acc8-d22b6280ce01,pro,2026-05-29,,49
d317bd9b-279c-42d4-8ea0-693af7a4c43f,504e1c28-5c19-43a1-a324-8b99fd4e6427,pro,2025-09-28,,49
2b2231a7-8ce0-495f-bf51-c1a85ca15922,ccd44d48-bc00-4916-ad77-261e9494dde2,basic,2026-01-06,,19
83c0d004-9db9-4920-906c-0fe4d5575492,c087f984-b1f0-4da9-8d63-b07527f690e8,basic,2026-01-14,,19
c4ec3920-c7d4-42d9-b215-1adc8e73f273,72d36eb2-e092-4cca-a144-6a5b4e1a041f,pro,2025-07-09,,49
2d68c9b9-d234-4084-a66e-7af0a2e55df7,24030aae-0b7d-452c-be1f-02b4d3f65b91,basic,2025-11-14,,19
3f326e6e-4c5d-4244-9c5e-59c818259d85,177ade29-f8b2-4e20-b134-b2b80a840a07,basic,2026-06-04,,19
8083615d-3457-448b-83fd-112abda4118d,31b3a7d1-562c-4975-b067-23a457cb78ea,basic,2026-06-03,,19
7d83739a-9cde-457f-8748-b763d54bf771,482f3d0f-89d5-47c1-8e8b-c4f7860e8910,basic,2025-06-03,,19
a1d7f217-c9e9-41ed-a395-c32925ad3e51,4c395d7d-6ca6-4f77-8a4f-4b6aac0e8bf9,basic,2025-11-11,,19
a4fb72a9-4275-4e1d-bee8-3ae766110fe9,45173300-624a-4373-b6f1-5bf21500e16a,pro,2025-09-23,,49
6d8ca00b-8642-4822-9c62-58ab58984900,120be893-22e8-46e8-a7b7-382b640e08d2,enterprise,2026-02-03,,199
cadf266c-a6f9-4042-b2d5-f7a17362b5f1,7a5c8503-1990-4432-b6eb-ddd8568aaeac,pro,2025-12-16,,49
360397c2-68ae-4e2b-9aeb-de570be5c0e0,dd123870-917e-4cfe-bb21-66b81da0e301,basic,2025-09-04,,19
b40d9047-cdf4-44d5-b8c8-34c946a8bab3,3e811737-7574-4fb8-bef5-111c6bd9e474,basic,2025-12-04,,19
75a293f4-60e3-4d14-8444-4acc07a655d2,33bc6151-16f8-4e75-9c56-1a7286c10798,pro,2025-11-30,,49
cdc74150-0855-4714-a2ff-0f88851edda1,2542da02-d76b-4900-a822-b4e60e80dfd9,basic,2026-03-07,,19
b4c79765-cdb3-4895-a45f-fbf2817a6a25,4684379c-d2d7-4638-bd90-e1f38a0ea09a,basic,2025-08-25,,19
44702871-6898-498e-95fd-917096848495,a1d63b7d-dfa5-4aab-8676-376abc65e0db,basic,2025-12-16,,19
0d88f76b-80c1-4ccc-8ba8-198b91470960,ba085467-45da-4d1e-8237-29779c423aff,basic,2025-10-17,,19
3901b269-c85f-45b2-b2e4-84b0b2ebd18b,151596d5-721e-4a7e-bce3-49791c216f3d,pro,2025-11-10,,49
fb5de7f4-5291-4d44-bf38-94ae084b0efc,c8a744d2-9170-4083-826b-8558f8624d85,basic,2026-06-12,,19
b8a7fc4c-0aee-4ec2-898a-fd021cf05745,7b687624-c91d-4d3d-a19c-bfaf6c35debc,basic,2026-05-21,,19
0759acd7-c6a4-4304-986a-d5782ea7c7e2,ca281de9-5325-4181-9147-21b398a102e0,basic,2025-09-02,,19
2d8a4d5a-c7fd-4c17-8fbb-e9a647a6d062,5d9a18c2-3313-464a-aa93-302c29101c25,basic,2025-11-05,,19
a3464a53-6164-40f5-8412-a80b7cf7b8dd,4dadee7c-ea7a-476f-9d8a-72cac957f963,basic,2025-09-16,,19
91149f7d-1669-4a08-a068-fe0eaa92edf6,031e62f2-8a95-4a01-af4b-8561945a147b,basic,2025-09-16,,19
f33c3165-6388-4527-a8fb-c38021c05140,a31f70b6-c280-4376-ab57-370077029d7c,basic,2025-11-26,,19
89997034-b284-47f1-bae6-db631f15acb5,fea4b483-6089-424c-b9b7-4c09fbe2df6e,pro,2025-10-10,,49
816204e3-16f0-457a-b495-59acd7a4a106,7af6bc51-93fc-4ac9-bff7-cc31cfe07a04,basic,2025-10-20,,19
f9999a9d-5b99-4683-96dc-e585a784ba93,c3a0f210-593d-454b-a13f-8a8c5143ecc5,basic,2026-01-28,,19
22f870e5-ac34-4489-9c42-2c50691f89d9,e2e31bfa-8748-475e-9dd3-794651cb73c4,basic,2025-12-13,,19
18cd866a-56ef-4ec0-a899-06e21cc0fb80,9d2a24e2-652b-4d88-99f9-bcfb6598bfc2,pro,2025-11-04,,49
80d2989a-2374-4f00-9531-46cfd60ea83c,c60d9cee-4b01-44aa-b566-f00972490577,basic,2025-07-26,,19
c389434c-03c3-40f9-bdbb-653bb66c48cf,53680389-abdf-4f5b-aca6-2b5f45ac2364,enterprise,2026-04-25,,199
f1be9539-f58a-413c-a530-ace1efa107ee,f2ed1c4c-5deb-40a6-a97e-772b797fed39,enterprise,2025-06-24,,199
81418bed-14bc-45f4-adad-75bcaf95dc6c,36074416-cdf3-41ac-af31-3e883f3874e4,basic,2025-10-14,,19
c59e6e65-5aa8-4fae-8ebd-ccffc057f76d,e4b41eb9-c12b-4e65-8125-cbff540e7237,basic,2025-10-08,,19
ca11ae03-837e-45ad-a8d0-fb7f1ef4187b,d118c921-82f9-4221-b02d-b3e895de653e,basic,2026-03-20,,19
0f466075-b652-4607-9376-8e3a59d9bbe3,63818459-09a1-4d92-835f-0db3a3e413a8,pro,2026-04-10,,49
6b43d661-9624-45b2-98fc-16fd3bbcf035,028d3364-ab93-4a87-a521-a1398df742d6,pro,2026-03-25,,49
89afe69c-4671-476e-9387-03ed2d50b533,473deb0c-5094-4566-b2f9-2e6813bb4cf5,basic,2025-06-29,,19
926b7a72-18a8-4404-83b1-e48f1ef28216,0cc7d141-0aa8-490a-93c0-81df714bff69,pro,2025-12-17,2026-04-21,49
63028a62-9414-49c5-b249-486ced71aafd,4b36c531-60a5-4cca-82ba-4306d60801b6,basic,2025-11-25,,19
c63f0f6f-e2c8-4415-ae23-3bcbfd0b2cd2,8e58b0b3-eed4-4a01-b643-e8fbeb42ae9e,basic,2025-10-06,,19
481eb7d6-41da-4a40-8f57-8f4f75ed55a1,4d410868-81e0-4689-8f65-1fb9a7e7cf28,basic,2025-11-06,,19
38244965-a56c-48b2-b0ec-b527d2cdc3bb,16b51b13-d8fb-461d-a902-c3fd73e0fca2,basic,2025-08-30,,19
f7543e4d-4fd4-4154-8890-a52b7bff791a,559b9878-48aa-4bfa-b4bb-568b891a405b,basic,2026-06-07,,19
4869e9ff-da2a-47f1-a018-f50330857708,df585e15-4854-4139-8070-8fa0b48958d6,basic,2026-04-24,,19
c28c68dd-9c19-41c6-8f22-a64c8cafdb1b,6a0cf81d-8a08-4e1d-b87c-819529666fc7,basic,2026-02-24,,19
39ba6f79-497b-4611-9b30-d4e277d41b6b,d80a293a-ce9e-41ff-bb4b-66a978ad8f41,basic,2025-11-28,,19
52ad0856-7430-4fca-9176-8af6355a5885,58a99c8b-5a75-4a15-ba4c-2e682cb3d02e,basic,2025-10-03,,19
e4cf8b4d-b514-4e22-89a1-de831d5d09c0,d3efe89a-5131-412f-8a1a-f409057cc0ec,basic,2025-11-07,,19
306f9cdc-9d12-461a-901c-143f08f9817d,29059350-9ffa-4fc2-8003-bf273f7ff978,basic,2025-12-21,,19
23aed43b-8a98-43b8-9d09-be9e7477df67,d1eb03e0-69b2-4d1f-9fed-89612c001e1d,pro,2025-09-16,,49
ac559239-cac6-4c17-a407-6d3726db7695,d0ef56b4-d5f3-4a79-9a66-ed25de09a11e,basic,2026-01-02,,19
1d23f569-d834-4919-b1b9-20fd50e7fad6,789f2cad-37aa-4d25-8153-25e54fd9227b,basic,2025-08-26,,19
bcd46a6f-13fb-4a22-9fba-ae1629d26e42,f09b75a4-d93c-4487-84c8-feaa65a616cb,enterprise,2026-05-22,2026-10-20,199
d2dc99c9-b913-4ad3-8f39-8f69eb97cf83,26471122-1f3b-489b-a7f5-8befa4603265,basic,2025-08-21,,19
56f71184-0095-40b9-83ec-0657fc676e02,f0e3de9a-a6a5-4def-9c77-e5c243109c47,basic,2025-09-04,2026-02-22,19
c001f2a7-e229-492c-9978-1115df4930ea,a062d160-da39-4f60-b42c-af2d69fc4b72,basic,2025-12-06,,19
1f14515a-004f-4f80-9614-29d8332b8629,dd4be6fb-75e5-44cb-a7ab-d38595583263,enterprise,2026-05-19,2026-06-26,199
55cfad5f-35f7-452c-9d9b-8e3e0c6ee738,fa6a2382-c354-45cd-92e3-b0f0c6c15903,basic,2026-03-10,,19
30a0d395-c7b9-459b-98a8-9e8de62390cf,0d2cc0f9-3341-45f6-9b70-eda209b1292f,basic,2025-08-29,,19
46d752c1-0748-40e5-b5c0-6259a4ec90f7,ed970149-e04f-4bd9-9bb6-6a6b93bdb73a,basic,2025-10-02,,19
2957c5d5-efd2-41fc-90c1-146848017a92,275fb877-ddb3-43f6-8aec-1956b156e1c8,enterprise,2026-02-01,,199
a465199b-82a4-4209-94c7-2cd4522c54fd,57701f95-fada-4217-986e-f38ce8fab2e3,basic,2025-12-13,,19
56ccb864-1c86-4af6-84be-c1c6ed5b761a,657e129c-74d6-4ffd-9545-14df0dada02b,enterprise,2025-11-24,,199
63b031b2-f05d-4133-8a26-37b4c97fa1f6,66fc0b70-893c-4598-a63f-3832c2aef258,pro,2025-11-16,,49
e911a3e9-ba2c-43e3-af69-2f98ca009b2f,5afdbb65-53ae-4381-a623-4c53e7bb829f,basic,2025-10-24,,19
e0995f0e-3e0e-444d-a163-8b4a87b24185,9bffe75c-d1a5-48b0-a3fa-e65482076359,basic,2025-11-14,,19
e3529ea4-8001-4fa7-9cba-276839af0451,5a65cb3a-f662-4bb8-ba3b-1f0b19b8fde6,pro,2025-06-15,,49
087e58a0-ebd9-4072-b926-5b8065d9cd8e,f3f6c350-cf67-4d93-a4c3-e1dedd4c5a3a,basic,2025-11-05,,19
aaa2b664-869e-4b46-b1d7-a2d4eb1a199e,1370a355-119e-4064-a96c-fc7c589fe873,basic,2025-09-29,,19
6091cd15-d93c-49a6-88e1-99a411676b2c,e9ae5a6a-4afe-495c-bab8-179918b8c323,basic,2025-08-25,,19
d619b7cd-ade1-406e-8349-385428cd28d9,1ff9b35c-987f-4a5e-8723-093b217c9964,basic,2026-03-30,,19
7b904671-311e-4521-84d8-d3c887b05a46,500472bc-6a3b-45d5-83f9-4a6068368084,basic,2026-05-03,,19
5a8cdbf0-9041-4d46-834f-7e88d50f8497,0b6f823b-769b-44d9-8384-0ab65ad22f4b,enterprise,2026-04-12,,199
6b6cd864-0643-4474-bb17-4b72d8d88678,d9fc8674-818e-4d95-bab0-6da4f779f611,basic,2026-04-29,,19
41c47b5d-7efa-445f-839e-d50c1de58d64,51497939-2773-4099-8f58-bbc94af0051c,basic,2025-07-30,2025-11-24,19
90d71018-f22d-4910-b551-1f3a386ea57c,ab2272d1-1326-4dda-a4d8-ccfac2c5db0b,basic,2026-01-01,,19
006ba941-4b53-4e93-83f5-b0d1ebca2e88,d20489c1-05c3-4104-b88e-56cb8d460c9e,basic,2025-09-15,,19
a518360c-a166-4baa-9222-35f43ee1d0fe,4d549608-1223-4d5b-bb72-d074d775db74,pro,2026-04-18,,49
7ad50111-cb8b-4d58-9f45-85b01ef7b2be,42d5ef93-c71b-422c-9b82-c7ac9732f7eb,basic,2026-02-11,,19
956fb005-b686-44ff-a019-2dfd97467236,a31966a7-629f-4a58-b75e-77802922d707,pro,2026-05-24,,49
a2430e20-53cd-4b1b-93bb-a04402f512c1,19ea1d18-e076-4a0f-9f6f-d488748f8aad,basic,2025-12-13,,19
3e305f0e-8555-4884-8d8d-24146e4d3001,cb181481-7fe7-4c07-af88-3ec65d19098e,basic,2025-11-03,,19
279994e4-faa5-4d08-bbaa-7edf4b19c32e,4d3e6255-ac22-4825-b350-c1dc876b9116,pro,2026-06-08,,49
3f62d1b2-6538-42a5-afdf-cb281576b32e,add1d172-cd7d-450f-87d2-676161046839,basic,2026-03-23,,19
70d9fab4-3cf1-451c-ba2c-a250275b932e,54befef4-ae60-438a-bb13-0d0752aa7f90,enterprise,2026-04-14,,199
250387a3-275c-4973-8956-8e0dc37074c0,63867941-6d67-4a8b-b53f-913095f7bf28,enterprise,2025-06-29,,199
6e0b655a-dbc1-4442-9d04-e6f8b638ad2b,61c3cd21-2dd8-44c6-b9ef-1e90c65a77f5,basic,2025-11-26,,19
5576c97b-3a75-4bb6-b1c1-902d53882257,953313de-8b61-449b-b620-dc0fd28ee004,pro,2026-03-12,,49
666642ea-cc5e-4259-ac35-dfd100bc76de,75f239a7-28a3-4e62-b48f-3efa5dc1aa90,pro,2025-08-01,,49
c69f4840-8e88-438e-9245-fda85ae85b5b,8f9e0369-ae97-4c89-ba15-6063c91e9a2d,basic,2026-02-20,,19
17375936-60c1-4587-9e61-5eabad3e49b0,4c997286-d2c5-433d-ac6b-243a9847b076,basic,2025-10-17,,19
127570cc-a6ef-4a83-9ec7-a1bfe76cc4f5,6f0f7d73-0836-4fb0-b76e-9768ea6852b0,basic,2025-12-23,2026-02-16,19
7431d3d5-2e02-460a-893c-5aeac370af35,981b5e45-0e8d-46c7-8ce6-6fd1e63d40d8,pro,2026-03-09,,49
b6cdc6dd-6101-4382-80ae-1970a4b9eab3,199464f2-ecf0-4c1a-a27b-24d52e522e3b,basic,2026-05-28,,19
c357f13b-1f2e-43a3-8378-ae2320afdb2f,2e644b18-683a-4e79-8e67-5ebdadbb3a9a,pro,2026-03-20,,49
e691dbee-bd64-43fa-bff5-b8d6bee12503,50a09fe2-4270-47f5-b2c8-4959d9dc07dc,basic,2026-05-16,,19
b67d33f4-b878-488f-9586-1f2721980d48,14f926ca-c4c4-44a9-a9c3-023d477f366b,basic,2026-04-21,,19
a5b471f6-13b2-441b-a6c1-a02a3f4b34e3,cebb001e-d906-47a0-bd29-3267f84b47ff,basic,2025-11-26,,19
e3890242-617b-4b4c-9f36-b2d99e325e84,756e2b37-811a-481a-9f5b-8f942b022c68,basic,2025-10-31,,19
7f140129-e4c8-49be-af42-69af170272f1,32115fe6-8a6a-4f63-86fc-3e819b8088d1,basic,2025-11-03,,19
fc1f049b-cb16-4651-bf4f-841710747c3b,4052959f-9df5-4fb2-88b9-10d251867a1c,basic,2025-08-06,2025-10-29,19
6c140aa7-adad-4260-9596-459ddfb20b09,b00dba4b-d59c-4264-87b9-38328bb173be,basic,2026-04-13,,19
da197724-9cca-4838-a71a-8a668f23917a,0111c32f-bf67-443e-8db5-e5b817759be9,basic,2025-09-29,,19
ec536584-b22e-47ae-952a-f3b77ebf324d,19613508-715b-475b-b7f3-1ad0e409c70d,pro,2025-09-27,,49
53b09d7a-bb45-46f5-86ff-de117bccd93b,ee6a3b52-2aca-4bb6-bbf9-5a6d818ff0ee,basic,2025-06-09,,19
f7d1ca40-fb4c-4e20-9326-bda8caf80dd5,8601d99d-174d-40e4-aa68-8c594375b2df,basic,2026-06-17,,19
6638c85f-6f41-49ac-8ef2-5f9b82230344,539c5bbe-972d-41d9-a633-326bc0da790b,pro,2026-05-07,,49
069ee29e-7a4e-4462-9f7b-bb086c0af14f,e01ca86b-4800-47f1-89df-7778c4d0e35c,enterprise,2025-09-28,,199
9fdec49c-437d-4374-8d1b-7839a27f0501,431a6e60-0815-4078-bdab-3293460c6da7,basic,2026-02-21,2026-04-12,19
282d4788-225e-46ea-b1d1-a0b9ec988a3b,47d0d063-12b8-4225-a7db-6881b3d23281,basic,2026-04-20,,19
656864c0-afb4-40b8-a83c-60853c8e827b,55c0a9f2-cf66-4986-987f-d387df3845c5,pro,2026-04-05,,49
574d0c40-309f-41d4-85da-a77c96598a05,59d05b82-4080-4f2b-845c-7eb2134de938,basic,2025-08-22,,19
bcbc8ea7-a754-4c03-9ff4-5533ccf5a956,4497a687-9593-4453-94ed-fb2fc33d854e,basic,2026-02-16,,19
b1a671c5-41dc-499e-a66f-1a6c7bb6c6f7,717be30d-fa5d-4031-95aa-809b5e072f3b,basic,2025-10-12,,19
3d590e52-b803-490a-9d14-06559d980f46,4938e11c-2db9-4ae2-ab53-54146dea1c04,basic,2025-09-10,,19
f94c66da-d7c4-4cfb-8579-b61fa06abd62,9f56ab3a-0ea0-4d98-ae2f-7735061e1fab,basic,2026-06-19,2026-10-03,19
ca2a6451-d358-4a5f-81aa-0b6a795eba4b,39fb953a-7c98-4a14-b018-f06d617f3995,basic,2025-12-14,,19
59a09560-4ace-4082-9858-f2de48b244df,713ff781-fdb6-4b31-b300-83bb3dac3f0c,basic,2026-02-25,,19
51d2bf11-c234-46d8-8abd-fcb7b23ab452,6811ff5c-c3d2-4bb2-9918-6cb47376b135,pro,2025-07-15,2025-11-01,49
1316fe82-2976-44cc-b576-1d7687c25887,12815c14-e2aa-4329-afc5-53d26d782056,basic,2025-12-10,,19
93a7a480-adb8-465f-9db9-ceba3a77abb7,18e9cb94-cf6e-4d3d-898e-1280bea5ec10,basic,2025-08-27,,19
c7d44234-29a2-40f2-b2aa-83f812e691b9,20e5b59d-a58f-493f-a49b-13d4433b940a,basic,2025-12-18,,19
f9557a99-94e9-45fc-8536-dc6f9f8c4fd3,5e1acdca-694f-4ff1-ad0c-67b00558a34a,basic,2025-11-03,,19
aace24e6-05fb-4ce0-ac39-69dff7bb80ce,25a33d78-fff4-4063-b5ce-190dabb4d1d5,enterprise,2026-05-20,,199
5696b22c-be67-4c1b-a90b-127983d7c56a,6e3467c5-622f-4b1b-a8e0-10fc51df7fb6,enterprise,2025-06-18,,199
b09d7a44-8efc-4f81-b176-fdfdf353c752,0aea371f-838d-4a3f-9696-afde62bcee7a,basic,2025-08-21,,19
5cfa383b-f300-40cc-843b-a2999f8b993d,a64002d2-f89e-4e24-99b3-3d6313e8bf28,pro,2025-10-13,,49
ac4b8d23-5e2d-416f-ab42-86be8b2623f3,a2babb1f-9078-4cd5-a79c-6c0753125598,basic,2026-03-10,,19
c8c95298-d484-4489-bc31-5345e488ee88,c846ae8b-6493-48d8-be8a-8e3a7e8d80c6,enterprise,2026-03-21,,199
3c38d4c4-0dc6-4c78-bdee-a0f54e35d6b2,8bbbfd8c-17a6-46d8-b029-fbdf14d96eea,basic,2026-03-09,,19
d7b5c880-4b54-4bf3-b7e7-00629b5c0594,43677328-945b-4155-b4bf-d099a59fc9b3,basic,2025-09-10,,19
09a4b496-9cf2-4a59-b33d-a89569490698,86c7bc8f-b58e-46ad-a7a3-b2fa02a2f6b3,enterprise,2026-05-18,,199
5e029755-60b6-4968-abaf-3d8dcaaf7a3b,22aaf364-150c-4bd3-b424-f9e7c4ea24bb,basic,2026-05-05,,19
d76da5cd-733c-40f4-a69e-07c9e6c1e628,af44a539-4a8b-468e-8224-cfdf60b0f69c,basic,2025-11-19,,19
8ad233a6-79f9-4123-8de8-eed51576cc65,e5d7666c-1a1c-4980-9f51-e8466c722815,pro,2025-10-19,,49
1e4ce319-dea3-4ebe-955e-ccaf5dfe6e9d,f3a4693b-3759-4815-acaf-5a55c9f01968,basic,2025-07-08,,19
043f6c70-ccff-4e2c-bb0f-6023d70d394d,792c668d-0081-4c15-b0a8-8202da8a3171,basic,2026-04-19,,19
8e05ab6c-60e8-4a66-9d51-de434a17c737,de6e5d51-75ed-4927-9ae5-9c4813b01370,enterprise,2025-09-11,2025-12-17,199
00a649f3-fe0f-431f-a9b2-01f84e0f9e29,36af1185-902e-422f-ac17-f4d92215e435,basic,2025-10-30,,19
86b7e41f-3104-44f3-8349-3141b155275c,b3a4c19e-b47b-47f4-a4fb-5cac929d1a97,basic,2026-05-20,,19
701a8ba1-39c0-4bce-87bd-15dad72769aa,4cf2d285-a59b-48d4-84e0-3caf08765996,basic,2025-12-13,,19
28c114db-23ff-4d76-851d-ba7001ff8eec,7f5fc612-6cc4-43a1-ae86-d271be2609dd,basic,2025-07-29,,19
65a1c784-1461-4fe0-ae17-e999fd2a9152,1169e3ca-4218-4c9a-9df9-cd8149214d6a,basic,2025-10-14,,19
a550ff49-8e3e-45da-a7c3-b36ef3a57931,bdc6f915-230d-44fa-9746-2efc17eee007,basic,2026-03-15,,19
e3fb2626-7631-488a-92e9-04930b34a3bb,adf6395b-d3e2-4055-9794-9a190b4834d2,basic,2025-12-06,,19
46bf2978-4cf1-42f9-bfaf-98cfc2fbc14d,e24903c2-9973-499e-bda1-e2d8d4b428ce,basic,2026-02-20,,19
d4618c6e-71f0-4a7e-8f5d-542c6bfdae57,dc615389-a93e-42b2-ac58-7fb1c2450765,basic,2025-10-19,,19
d52dcdd2-4f36-4c64-ae34-6931c5cb7b9b,8ac9907a-022e-4cb5-ace6-322a9092910e,basic,2025-09-25,,19
d53cae81-5803-4dfa-b813-e1d0319680c2,a62ff34a-fae9-408d-aaa9-92b985d055ea,basic,2025-10-20,,19
247914a7-2ebe-4120-893e-f0b61d35a92e,575bfa71-cdc1-41df-a0d6-9669b1b31245,basic,2026-02-22,,19
2f2b3dbf-f491-40df-8e7d-af1a56d179dc,f925c107-bce6-44bd-bda7-b02231ab2bc5,basic,2026-05-15,,19
3c525916-6a2b-4cbb-8109-1b4d76e60c5a,14b46ed5-5616-4783-b7d6-e542a88d23da,enterprise,2026-04-06,,199
3738f9a9-d2c6-4ff3-97d0-aa9d40c8a94c,17146f9d-f0a5-45b6-90e0-58e11224b281,enterprise,2025-11-02,,199
3c4d31e6-abb0-4cf9-a705-997e06870552,03dadb8d-6d25-4b29-ac67-43fe27f17748,enterprise,2025-12-09,,199
62c5b7ce-f580-47b8-b137-e1e767452b67,b260c61a-990f-4547-a486-2ec34e754e2c,enterprise,2025-06-16,,199
cd0a6e2b-5735-4724-8419-45918101afad,94456539-0a4d-4df7-ad84-612cff9fc09d,basic,2025-06-25,,19
0a29c570-605f-4783-98dd-936642f7a83f,856059c1-04be-4b16-8d08-99f60a1be763,basic,2025-11-24,,19
755e85dc-34d3-499a-8f5d-6ffb87108ddf,93542ffe-b63f-477e-8f11-8c11d06bbef5,enterprise,2026-02-18,,199
f4204177-8254-4509-b984-61edd34673d4,b3778ec1-1415-4c3d-984c-6900ebe1769d,basic,2025-09-03,,19
7741f08b-1beb-45fd-af29-d38bd6dddad2,dc83952b-4ed3-4c9b-91ae-1a27d3809aaf,enterprise,2025-08-31,,199
23e7799c-9f0e-4498-8df8-937413f87191,90ba844f-84ea-4bba-ae14-a01038f51dca,basic,2026-01-29,,19
2563f83d-b611-47fd-8a09-eeccfda8effc,50d10b16-1f21-4d57-b21c-a667b4dff4ea,enterprise,2026-02-12,2026-07-25,199
a4b8bc18-115b-4da1-80a0-43aaf741ac7c,67cf5819-b95d-4ef6-a7ca-bb185e039025,basic,2025-11-29,2026-05-25,19
b4d033f4-2cc6-4e9e-8eaa-e27f425feb9b,324b2616-ecb1-421f-887c-9e0d957f982c,basic,2025-12-18,2026-05-23,19
9cd9094a-89e0-4e77-ae3c-2d77c77e37fa,c032386d-ca24-4a61-89c4-47cc6b67163b,basic,2026-01-13,,19
55099bea-1d8f-4b3b-962c-b1c347fd1e74,bfafa2e1-5387-4800-bd06-503aa588ee47,basic,2026-03-25,2026-05-09,19
629aeb9e-1abc-4ac5-a18d-36e50202ffea,887aaed6-c6cc-494c-9c43-59fe64a9c43d,basic,2025-09-18,,19
a3e28a79-84b8-4baa-ba73-8852333dd991,72a8d1f7-39dd-47ab-8a03-ff547c9c5f72,basic,2026-01-27,,19
cf81b921-3376-4013-be39-6874085f33e2,08828fd8-5f15-4e25-b39d-56f3ee21416e,pro,2025-08-21,,49
01372080-edd4-4e91-b642-19c00a3e21b6,3b9eee9f-27b8-438c-aeb9-4c7275de8437,basic,2025-08-24,,19
adc8fe8a-1538-465d-b9f1-cbb0d6330682,93c0edcd-0fb7-47cb-952f-034ac0d17f29,basic,2026-01-03,,19
b7ca2803-c88c-47af-a6ee-0d66fa9700af,2204eca7-adbb-4ccd-8cfa-af9b2d643360,pro,2025-06-30,,49
0d9779e2-1e7f-46cb-9ff6-82263c16ad1e,92a0689c-c168-40d9-a6b7-1c9c01a07fd1,basic,2025-11-01,,19
ca551329-c073-4d8b-ba03-7992c18b1fd0,8a4daf37-7fdf-425a-9964-5533b14ad871,basic,2025-08-18,,19
c0071058-a994-4447-91c8-6f6af9285f92,4d1fc64c-a274-4a2f-b943-49b49a3180df,basic,2025-08-10,,19
8e5d3b8f-8dcc-4ec0-b6d1-417a7f849f68,dd87dc51-135f-411d-a55c-5340c9af4b60,basic,2025-06-19,,19
2b8ffe29-9dff-4b0f-95a2-aeb83731af18,302f5699-f7c7-4d4a-b1f6-0ff240f77e13,pro,2026-02-13,,49
d647787f-693b-4b91-9c2b-98be031a5897,b774898f-ba36-40a5-8e38-c0df5a2c5af4,basic,2026-01-27,,19
485cd205-5bf0-4434-b029-2545f1f87680,847c713a-8a54-4430-b06c-217635da7da7,basic,2026-04-13,,19
a4ce9a5e-46ec-4f91-9178-90618ddd0e94,440080f5-0f4c-4d9c-bdd9-c909fdc020d2,enterprise,2025-09-25,,199
4e44a148-975c-4905-97e9-4c8100f6723a,98654991-d1da-4f1c-b573-e73151f92aa2,basic,2026-01-05,,19
fb24cb84-e289-4e46-9e88-eae991dd80a4,72c103df-0398-4cea-a2b4-b00822e9c0ca,basic,2025-09-13,,19
20745e97-684c-4792-8b37-e88b64452dde,2889d6a3-e134-4d5c-bef6-7979fd4df5e1,basic,2025-11-15,,19
963b7aa1-5b69-4fa7-abfd-3d9f98a31a78,c010e47f-8907-4fd3-9a89-25f5a046b664,basic,2025-07-27,,19
d1906164-17d7-4b79-ab47-d8fda91e5817,16b9324d-3399-450c-ab60-737a36e24a8d,pro,2025-11-03,,49
6c9c7355-e233-4e0c-b99c-dc82bdc2c4df,6ae8460c-6549-4301-9538-a976986b4029,pro,2026-02-10,,49
c485abdc-7865-4171-a0e3-e730b09d2ca6,2fe55adb-812d-4729-a399-a0b75686c476,basic,2026-01-14,,19
2efe7dca-e378-4524-b4fe-7ef06d999575,617eb7d7-479a-447d-b40f-ac43e3e215fc,basic,2026-03-30,,19
30ba4205-7049-40e5-bcd8-490239ecfe30,5f2778de-e420-4be6-a488-88de3e807590,pro,2026-05-25,2026-10-29,49
59d7ac58-7286-425c-b6bb-8c7fe0cc0574,810a350f-9f73-41d6-8795-a8567f397d01,enterprise,2026-01-07,,199
2e9a20c6-d27b-41be-a9d2-0397584dc3bc,e8ade44f-c57b-4234-a3aa-f1ba46710e1e,pro,2026-05-11,,49
f6398c88-ab5f-4631-81db-05cf7e36852a,3aa43248-478c-466a-9dfb-59e3c78b9042,basic,2026-02-04,,19
ca0d5430-6f18-43ad-ab23-fee3355688c6,2fd927b2-af05-42de-9b0b-71675fb44e2c,pro,2026-07-03,,49
c65a7642-b4d1-465b-b2df-fca2eff9e725,bb7f0c22-e47f-4aac-86e6-3978b693002c,pro,2026-05-03,,49
6b0a6dd5-a0c3-4351-9724-9ecfdaa31ff4,5d8f12de-ec0a-41ae-9283-7d0315e81dd8,basic,2025-12-03,,19
b519ebc8-937a-4913-ac18-aeb2772724e8,9f807475-b68b-4707-af02-7a0e58f6881b,enterprise,2026-01-21,,199
5b68011c-5a8f-425c-b320-214a4380c451,4080db5a-2677-48b9-bb64-72cbfec941de,enterprise,2026-02-19,,199
6e524cd9-2e2b-46c8-afcd-90d33aa12230,7e344208-cf7e-4bb5-9181-e2a46a68e0e5,basic,2026-03-30,,19
a978c112-ef9c-4ebf-9bfe-742eea41a2a6,08190580-1aa2-444c-b85c-24de9a12b146,basic,2025-11-08,,19
890312e6-bc3e-463c-8516-66ab36ffc893,44dc2488-549b-4f60-9950-3975de27d520,pro,2025-11-29,,49
bee49cfa-36a5-4098-9cdf-d1487d5e8c73,990e59fe-0ef3-4169-b47b-71a2dde69ff3,basic,2026-03-23,,19
5939c7ec-d9fa-49ce-935e-b1b587bf8f5f,49b823f8-af25-411a-8b4a-42a71f9f9594,pro,2026-03-04,,49
db94d66c-ae39-4529-a9dc-9d5f2cc534da,950903fc-0efe-421e-932c-dce89f37261f,basic,2026-01-10,,19
0b02ee2f-342a-41c8-b6a5-b2f8c584b407,a7d5fe07-784c-4bae-bad2-676a162c236f,basic,2025-11-23,,19
9e450135-1b78-45d6-b27f-769b30971326,ed53a488-1d6b-461b-b18b-55a33670e032,basic,2026-05-26,,19
0a806fd8-c4b5-4165-9c0a-d2522c0e9941,ceb2c54e-0e8a-477f-8e3f-a0f22cb60a3f,basic,2026-03-18,2026-06-15,19
81a66c46-b998-4dde-9bee-1a5bb1d2becc,691fb025-9907-43b9-b313-429dfd0e916f,basic,2026-03-16,,19
c80169ed-1b9d-48ac-b81b-1ea624bc9144,a867d2c4-aec3-4b10-afe9-cfc860cafbc8,enterprise,2025-12-03,,199
340b5abe-f061-4e33-bd17-68a587ed8c9e,74b6a4a1-421a-4496-a164-e3c3524a7eae,enterprise,2025-10-07,,199
5d67ac2f-2fae-4a9b-a935-75e348b40610,ba9f8dec-3f8a-4fb3-9b61-813cdbcf1ca2,basic,2026-04-18,,19
e760151a-9ad5-4fc7-9642-e9397e6121c4,e7bd7ca9-a9eb-4fb8-a618-85c815278fca,pro,2026-01-25,,49
5d70f0e3-0608-468f-895b-71d3d4897616,8a55ba53-6a9b-49ec-9a6f-fb246946bb46,pro,2026-03-24,2026-06-17,49
c1190bc3-87d1-4b60-8e01-14e43ca17aeb,5ae8bb9c-4d2e-4cca-acef-c2b6593cbc1b,pro,2025-12-09,,49
37565975-8951-434f-b5ac-12ca4c3baf15,3b4e95d4-27c2-4e72-8b25-6f83df3715af,pro,2025-09-29,,49
21f025a8-c270-4687-844b-dbd73efe6e05,5d542f05-3c74-4d42-882b-65816f3d8f89,pro,2026-02-14,,49
a20524df-7f1c-4ed9-bddc-77a7058e898c,0542e548-30ae-4ad7-a9fd-dcd6d8b19505,basic,2025-07-10,,19
39960fe4-44b5-4d22-9a5e-919360dec254,1fe0d847-f016-4f40-8289-a557fc6ca558,basic,2026-07-07,,19
49406b86-8ebd-453e-944a-fae022ec5be5,744e8a21-9d22-421e-993e-6b2be3c200e7,basic,2026-02-07,,19
3a15b80f-a964-45b0-af22-2287e1060d5a,3e292ff1-bbbd-4d16-bd89-31e29c6c7f99,basic,2025-11-05,,19
ced7864d-25dd-4650-8831-bdbda2daee25,4a7965fc-3928-41a6-8503-c351a6f7baa4,pro,2026-06-25,,49
ac22d04a-5162-46a3-89f1-2c2040a8fe11,c18a8ae7-53d3-4bf6-b9c2-456ce1266a53,enterprise,2026-05-15,,199
839c4096-b6e1-4967-b47b-5e6cac88fd01,2ec18a88-c115-4993-8997-cc7742e2e8fa,basic,2025-08-16,,19
023c0ebf-dddf-422c-971d-00998eef5db4,214e3d01-bcbd-46aa-b614-b9818866b71b,basic,2025-09-03,,19
7b4b5ffe-b678-41b8-93f8-f10f865caf35,6ce21775-38bc-46ec-ba85-c2efe90be4c5,pro,2026-03-27,,49
24786678-a68f-4a57-bacc-925b3881c115,216b9cae-65ee-42ba-b9f7-eb4548eed8a1,basic,2025-10-10,,19
e17a80e1-fe16-4eb1-9f44-1388d42c952a,109cf3c6-0a3f-43ec-aac7-1e838cf1b4f6,pro,2025-07-18,,49
8ed79847-f477-4a82-b783-d138a6010b23,78b8cd04-ad81-4202-a96b-7148131d2657,enterprise,2025-07-10,,199
e5a4e7a9-af8b-40dd-999d-98a799c4c192,8f1a2d37-aca8-45ea-a7db-ea5dd59dd1bf,pro,2026-04-01,,49
08c6a13d-424c-49b2-ac20-61f472d1d057,ac3e2173-607e-4f31-95b0-19f3252ddd5f,pro,2025-10-28,,49
34d17840-6a10-4aa1-bd69-1b3cee05573d,b4f46df4-e5ba-4423-8e0b-119f0e92e16a,basic,2025-09-27,,19
ccb2d3aa-4451-48c4-af20-06b76272e382,7fd888f3-ef11-4c58-9f5c-720dcc730b13,basic,2025-09-04,,19
00e1e4bc-dbf1-4a6d-92ab-74b3cdccbc80,be1d38a1-82fc-4f65-a33b-498a6f0704a8,basic,2026-06-20,,19
c45abdc3-7d9c-4f91-ad8d-08adc1b6ea17,e5957b14-963f-438b-bf11-60506df7ab88,basic,2026-03-15,,19
91eb7498-f938-4f3d-be38-a39877db64fc,371c0ba6-e6a8-47d7-b436-04e9a44210ed,basic,2026-02-04,,19
0ffd4280-22a9-4826-b2d4-e0e39b63e5f1,b3d660d8-2103-43eb-b754-a6abbe4d6488,basic,2025-11-02,,19
9b013b41-d491-4165-95f9-d610e6eb6aeb,946cdff7-6719-4640-b9c2-b0cdc44f5bd2,basic,2025-09-28,,19
54c26112-e871-451a-8e7f-a5636154074c,c0df512c-2fcd-4798-b965-8310480b3d25,basic,2025-10-12,,19
e3e1db2e-b360-45b6-8ae5-1a0412643ad3,dd4dfbdd-ef32-44fc-8ca6-1cdbefc3afbf,basic,2025-08-11,,19
2adfa08e-c578-40c1-af21-3aa6a2e5789c,c0ac46e7-3d4d-4c58-a390-db83bdc0ab12,basic,2026-01-24,,19
23625e0d-2447-4448-b9b7-903898b901ea,82fee341-d259-42d0-b4d3-8d171cf92934,basic,2025-09-26,,19
536dc923-e75e-4c3d-894e-3735e3f82582,c4a7022a-9217-4e77-ae58-9d01d9e7bad9,basic,2026-02-11,2026-04-19,19
d0d1144f-1529-43a3-8fe2-8d6db23b7665,7139af15-80ae-4eae-a41c-1f47787609ea,basic,2025-08-23,2025-12-30,19
9d4637e6-f658-4359-972e-fcae7608afb5,ea534c14-0e93-4ab7-a19a-caeb3ef6f437,basic,2026-05-01,,19
76623811-a6e0-4906-a28f-196098baa90a,ef1da0a2-880e-47e3-990c-e4ba1ed233a0,pro,2026-01-10,2026-04-12,49
d58c120c-9001-41b5-89cd-8f0af31d579b,5da88846-fad3-4980-bb27-8fa78be87a0f,basic,2025-10-11,,19
ef095806-5652-4ebc-bfd3-e29c69570a47,a24b73b5-b82c-4718-84b9-4f630065273c,basic,2026-01-04,,19
25778205-e602-47c0-81ef-0b0cf037d301,08c8c7d7-2e7a-4274-bb06-9d99fb6953a3,basic,2025-10-07,2026-02-25,19
38d53635-3f95-48a2-97fa-4aa663decfb8,54bdf364-2b03-463d-bda8-64c346c0eda7,enterprise,2025-06-24,,199
1456bb0a-9538-42c5-9e40-a1f4b500cfc3,6facf291-7393-4b5a-a450-88caae50a7d6,basic,2026-04-06,,19
1dedefb1-5532-403c-844d-9128d2aa68b2,2edad9a2-92d2-4f2b-8a4f-7bd3da0d6d6c,pro,2026-01-17,,49
677d8c26-d1e6-4152-a49a-16569a10995c,0ab72285-d9af-46af-bfd5-ea4ce860137b,basic,2026-06-22,,19
7e3a32df-6301-466f-9e71-89cfe1b0f5d8,f765336e-8440-4dc5-beea-be7113f9c5ad,basic,2026-01-18,,19
faf5ad44-5c7c-46f2-9b4a-9b463a46d9c8,5aa04f2e-d199-4930-93e6-cba38f218bba,basic,2025-07-19,,19
b89375ab-dc76-4bfd-bc3c-5cca9c294b18,2156a56e-f8e1-4b2b-82fe-5e4f034fa69e,basic,2025-12-09,2026-01-23,19
17422673-b4a5-47e4-91ba-73ebf4985899,e3de5d35-1638-410b-ba03-f406a054efab,basic,2025-07-20,,19
99109179-7f20-4ca0-9e2a-e21ac42b75d1,8706d879-939c-4781-832c-11fda3e0fe12,basic,2025-09-13,,19
a56dafc2-724d-4391-bc57-ba6e9cbe2ef2,7f624999-7a85-4834-bb5f-b99c94142da6,basic,2025-07-03,,19
67c8543f-ed83-4538-b959-c20b3e8b4da8,547bb67e-57d0-4397-b93f-35605e4fe368,pro,2026-02-23,,49
ee22045b-504c-4ca5-bfef-c660a00a351c,8e2425b3-39ed-4410-8af1-2750ce5f42d6,basic,2025-12-03,,19
8a921108-69a5-43b4-a8c3-f2ccb9f10531,91183200-04cd-4c71-9a96-13b1c3d91c10,basic,2025-12-13,,19
d34c119b-46e5-462a-a674-764c8c5cdc55,445b04dc-71d4-4799-b7b5-6625f2b39e8f,basic,2026-01-16,,19
2c6636d7-dbdb-40a1-9019-956836f61fed,1cb955a4-c94c-4e8d-846f-73988f306ba8,basic,2025-07-10,,19
fa7a9135-3526-4096-9b5a-6d0f92179252,83404832-8df5-49e8-8f44-8dccec8a9e48,pro,2026-04-29,,49
c3cb3642-bc79-4b9f-ac1b-e760153527e8,099b962b-cbaf-4a26-8370-59e929ae913b,pro,2025-10-13,,49
cf916350-f80c-4c4f-b418-ab738361ef0c,a611e090-a0cc-4361-b861-ce4b52788901,basic,2025-12-02,2026-04-20,19
dacc420b-780c-4017-9cef-89ddf56a2d7b,398b5104-ffbc-4a75-8263-c4e508b02c13,enterprise,2026-01-15,,199
9b142857-c974-4030-a39b-1d097c7b1ee7,c771eee5-fa9b-46b5-b31e-62d68e3f2b6a,basic,2026-03-09,2026-08-21,19
1c334f36-6fe6-4768-a580-fa47271aaa9f,eb16d88b-b6cd-4ba0-be9f-0cf631748f42,pro,2025-10-01,,49
c2559abe-c3cb-4626-baf6-bcecec1f48da,53e00e44-0559-48b5-803a-289eb95dfcfe,basic,2026-05-05,,19
00e5322a-9176-4d6a-bcfa-600810b38087,d0e6f7f9-6a6e-4621-af14-920df1aa3794,basic,2025-11-25,,19
6c5dbeb3-442b-4ae1-ae0a-a83fc156ae1b,ef27f823-68be-4464-a4ed-784c5d569d84,basic,2026-02-18,2026-06-05,19
55bb48bc-b578-425b-b00a-a8c49321c4d7,a85f8f30-c6c8-4d8c-8399-bd88ac6632df,pro,2025-08-28,,49
d7de8b0b-4a6a-4453-ae66-a49eed0a4ffb,ab817efc-4e7b-405c-9bf0-f23cc45ab7ab,enterprise,2025-08-01,,199
95491524-c015-452c-b3ae-23e8b038172e,d6a1a165-d379-4b95-a2c3-e12bf3500ee3,enterprise,2025-09-15,,199
22c824bf-3d3e-4964-859e-181974d0a574,0277f0a6-7e58-40d3-a529-6c61aeb61833,pro,2025-10-15,,49
e6e805b8-b1a9-4f97-ad2e-fe74f0dbec94,5fa636d3-081e-4d2a-9449-a69631e38b15,basic,2025-09-14,,19
a77b5700-442b-4e26-bd6c-a35e3b863cd3,a9a6ebb9-2b0e-4cf7-ad54-fd9cf39ce88a,basic,2025-11-03,,19
aeac7b69-c332-42d4-bd70-9455bb4aa742,bdad28e9-fbb0-42da-94f6-7e8211448150,pro,2025-08-20,,49
ff1be45d-e378-49b8-8610-3a5cbb68c2b4,5621acd9-56a6-46b2-b11e-8a7e325cb780,basic,2025-10-16,,19
296651a0-ddb8-457b-bea7-3d4c7cfdfe58,f3a67def-6408-40b8-a065-9c80c7b61dec,enterprise,2025-10-14,,199
8b1a33ec-9691-4a50-ac1b-b7600db80437,8869e3db-8b54-4216-a8b4-d69091f5cb09,basic,2025-12-26,,19
56b5d7ba-2351-4761-990c-46598bb18c47,9d6a0a33-c51f-4e56-a107-a96ae0de80ad,basic,2025-08-21,,19
78a688de-8720-4aa8-a196-5e5d398c931f,cb18c7c8-ffbd-49ab-886e-38d87aed0b59,basic,2026-02-15,,19
5c04d706-3560-4574-b729-ad7c57b5a547,a5a5181c-a63b-4255-8bda-13e4fdfe94b7,basic,2025-08-03,,19
71320bf5-a8ec-4408-a4ad-9656a679a54c,3b2b32bd-46fe-4966-819f-fef72dc5d36a,basic,2026-04-07,,19
57279140-31f3-4f21-b5ff-3dfe8dfc9848,39e21edc-3fd9-4933-8854-b8a68ee04f90,basic,2026-05-17,,19
8c5f21aa-beb7-4e6b-b6fb-6178d1d84c8c,7f24bbd6-d6bb-481e-be59-24e028538403,pro,2025-08-29,,49
c4513ebe-8213-4d9a-8c3f-2047cbcd7031,ae340409-9f5d-40dc-aab9-9029e153ba08,basic,2026-03-30,2026-08-31,19
574bbcdb-1902-4a40-b002-bbad253e0f37,aacd2d1d-7061-4c7b-9158-69d1408d149e,basic,2026-06-16,,19
77108016-cde4-4305-84db-046d6d987193,5c8af337-06af-43ab-a5cf-2ea1ece2a4ea,pro,2025-08-24,,49
0c24569d-ce9c-4ce7-a2c9-49325c0e3d8e,de7b3b45-7232-40ea-8453-393164ef1e24,pro,2025-10-04,,49
4b55d981-6c50-4279-a5e4-8e206bfbd70c,5d793db1-41ae-4ad8-a4ca-0bd2337cdee1,basic,2026-05-12,,19
c48ec103-f9de-4790-a9e8-7f62e5bd7d20,282d6d28-8344-4280-8036-cc04dfeaa54f,enterprise,2025-10-20,,199
59264e9c-5c26-49c6-8206-802b3c212209,d235f49c-e2b1-43b9-982a-7e86c3f21690,basic,2026-05-02,,19
6a36756f-1174-4d70-bac9-b384b526cc2b,c1723bd2-093b-4bee-9412-ddf69f0d8ccf,basic,2026-04-01,,19
6d006e93-38b7-42e0-bb48-f9845b5182fb,9bc60cb2-cf35-413e-9a11-2c4716a6b8f5,basic,2026-06-17,,19
78f6fe9e-2d22-45fe-a84c-940fade6dd88,c987a4bc-4a4e-45b9-8cf1-a9204d4e45c8,basic,2025-08-20,,19
436d353b-1136-45e9-bbac-794c7d9e67b8,ad470713-07bc-4296-abae-f990417aec6c,basic,2026-07-03,,19
163f14a6-97b4-4c79-b327-6ffd3aa5fa21,d8fa775a-b8b1-44dc-924a-acf987c2a3bc,basic,2025-10-01,,19
ed09499c-5011-41e4-a32f-e5de1a2aad00,a26b8cf3-84b6-4095-8193-90185016a1ec,basic,2026-02-20,2026-04-16,19
5956284d-bf13-4ff4-8b71-217cb5d14ced,fc75e8a6-985f-46f6-9fcc-cfe2fb37e1f7,enterprise,2026-01-24,,199
9a8c26b8-5c74-44d9-845b-17c5f6440ec6,c546efb7-c081-4ee7-9fad-95958e5c4da7,basic,2025-11-10,,19
b2eec1bd-e256-4c27-901e-67db54f12bbc,53605c11-67c6-4f27-ac82-e1f2d0a34416,enterprise,2025-08-17,2025-12-04,199
7cc43289-2877-411d-8c98-d4f01ea2366b,26697aa4-1fd5-4ea2-933b-454181bf1d27,basic,2026-05-21,,19
879d5812-8209-4d65-afe5-00d22b10cedb,9536f14f-3428-4084-9993-fc1092fb2eb7,basic,2026-03-30,,19
def7a8ec-667f-42d1-8cfe-97700c995fc1,284e67ca-04dc-470c-ae72-5ef48727eacd,basic,2026-01-19,,19
6e6c6a99-213d-4505-b69c-ea3aca066845,7a32e357-9572-4a18-a372-18461107e933,enterprise,2026-01-07,,199
32b37a0c-c92f-4ea6-b54a-435e361d9b2f,c5e4b912-99c1-4c64-9806-b0f5d63ca0b2,pro,2026-05-11,,49
acd8c082-e62c-4424-a050-03f0bacc865b,98acaab2-544d-4d1c-8d90-62330fdc4291,basic,2026-02-21,,19
ad264f19-a441-41b9-b1cb-f82a871c9a9f,2397e6e5-9c59-43c6-9114-2df7efccc723,pro,2025-12-14,,49
6faf2eea-8db5-4e87-9ec1-e5bd26dabb39,b287e145-8cff-4d76-beb4-0f1fb4de2df2,enterprise,2025-08-26,,199
4e5d7635-6520-4ddf-bf09-6dd3ac971e60,e4e0c023-46c6-4f63-b275-69592883c47f,pro,2025-10-21,,49
eb3ae16a-8efb-4de8-a88e-6485a9c620da,9f8533ec-a80b-4f39-a245-416040806e76,basic,2025-12-20,,19
e34081aa-02a3-4c15-a6df-5aff538b097e,5751fd10-da8e-46c3-8b48-a0702ca22b39,basic,2026-01-21,,19
965f25b6-058f-4ed6-a066-28995cbaa0b4,874fcc20-8535-498c-b0ad-ceb606477359,pro,2025-12-22,,49
6c444723-19b2-401a-9716-5ef62232e47b,2f369c2f-f1ea-4e8b-9566-b312e38c4364,pro,2025-07-28,,49
76bee79a-000e-49eb-b6f7-8f4d832dc126,9cb19789-1c48-451d-85a0-5c190c4e2af8,basic,2026-02-07,,19
0422b130-2349-4650-a893-ba00756df3d5,4dc0802e-c2dc-4de7-a307-b2a38abe0331,basic,2026-05-19,,19
7cddee18-3ca4-45e4-bb54-4286ef88c64e,37521eb1-48d6-4207-9ecd-1eddc44823d3,basic,2025-12-19,,19
23a456a4-09bb-4d3b-b847-9dca9539ef6e,56689c19-7c05-48b4-b3e5-1f1f88366f1f,basic,2025-12-27,,19
e8b96468-c505-42e2-9149-f6f35c3f7a1c,d28d5f1b-dfea-4024-af81-6ea6c1cd4f51,enterprise,2026-05-27,,199
d1c6c7c0-d3ba-459b-b776-33802c2e715b,9503c152-c974-49af-9850-59a0cfe69009,pro,2025-08-26,2025-11-02,49
15575f69-d5b1-4484-8fbb-8237d63c2de0,a48448bc-eb19-4ace-8b88-a1e9e3e83904,enterprise,2026-03-18,,199
701857d3-2a96-4e52-9b93-bd26e021e761,4bbe5354-3651-4909-a113-014e381510c4,basic,2025-11-20,,19
43b24054-77c6-40cb-b412-68d776ba25ff,581c4f3d-97b0-4227-a053-44738377dcff,basic,2025-09-14,,19
5f041d26-a686-4f48-8036-84131867fe81,19cadc55-aca6-4447-a7db-0e13805f6f62,basic,2026-06-25,,19
0345b1c9-64a8-4d5c-b669-79511b77ef71,84bd2d3a-b3fb-41e7-b08b-7708cd33741a,basic,2025-07-25,,19
1cf81aba-1558-4fad-b459-3d4cdd67d696,98991b76-2731-458b-8989-b3d19db0352f,basic,2025-10-01,,19
a475530d-9b4f-4fce-8aef-ae45cc9942e4,674b3b8e-cb64-4731-98da-70e6c9b8b2a9,pro,2025-09-28,,49
7cadc6e1-3b90-47d3-aa65-94dae915254d,18e88810-1998-42bb-8136-48d150f4e632,pro,2026-05-08,,49
ea391f39-020b-4f45-9cec-46834ef69e4a,4789611a-c0b9-4740-aeee-ba4239c799ce,basic,2025-07-23,,19
29c68801-ba4f-4b6a-ba07-dd8248a72d12,17510331-af75-4c1a-8886-4a15f0611799,basic,2025-08-18,,19
5b676d62-578c-4272-9999-873533c3a6a2,e5fc5e62-88cb-40b3-a96f-1e39911c1dcc,basic,2026-05-08,,19
2b178878-eba2-4c34-bb56-7f31f80e0f82,4398c90a-f579-4d3d-88a3-072d46f1225f,basic,2025-09-13,,19
1384ea59-4c17-42ad-a277-2f7717b21e6b,6e0352f1-b3d7-425a-8263-4c19036d05e0,enterprise,2025-11-11,,199
f01130b1-9fd2-4a88-97e6-9789851856bf,ed1c85ea-d0fd-4579-a298-778eca40b86c,basic,2025-10-31,,19
679386b2-a61b-4986-b6d6-01bd38f37ea7,bbe3b30b-e941-4e91-981d-653f568309d6,basic,2025-12-01,2026-03-10,19
76cb1173-b571-458d-8c0b-6b86fb42f20b,796c2a66-2eb3-46b6-a800-9ddd22f9c77d,pro,2025-10-02,2025-12-22,49
5d25c191-ccc0-4b79-a043-5df71b0ed5dd,eebc4a8d-c49a-4f66-acd8-8ac283d6ef24,basic,2026-05-01,,19
a496e4d0-0ded-4824-977f-1dbcb7235a46,e2e8790a-6a0b-4f80-ada6-a42a2d5e9c68,basic,2026-05-11,,19
35808417-ef4b-455e-a3de-9a213a552e0a,8ea70537-0e3b-4763-86d7-3d82fac95c4c,pro,2025-08-31,,49
931c2f21-ea45-47cb-9323-ae69dad2140f,a0419123-ee5e-4ea3-8229-7bb2cf9e7327,basic,2025-08-10,,19
b42d8591-7733-4c41-8c80-76da18e66720,13daa2e8-3741-4fc2-9816-dd9e31fdcd09,basic,2026-04-10,,19
8010c499-80c6-4d62-b430-50b78f694e1b,cd69ef8b-5c7e-45e6-9b45-4302549a3e04,basic,2026-02-06,,19
8d11ddc4-7412-4d43-8416-94574ca5f8cc,2a717b74-031e-4d85-80ef-a2918db72788,basic,2026-01-22,,19
043d3f67-80c8-41a9-be8d-59cec01e70cc,9919d84c-1ebc-496d-82b8-3b0db556c7f0,enterprise,2026-01-07,,199
f9a0782e-9a78-4470-98fb-929eb3ae5d45,dd7643b1-ca73-4040-8648-b5a9d01cc87d,basic,2025-10-19,,19
37db4f98-f271-4194-9fa8-06a125634e3f,4f6c4784-2730-418d-bcef-cd5fd69bfa11,basic,2025-12-16,,19
7c304d47-bcdc-46d8-896a-e1db01292129,d0046d2e-3f1e-4dbe-9141-4eb4f83336dd,pro,2025-09-14,,49
5c1b8e1d-89dd-41fd-8432-f8cb35127661,aa250d31-9069-4769-a837-494f4a38133e,pro,2026-02-22,2026-05-25,49
f3ab6560-f043-4f93-a3f8-71d330a52a32,18516de3-4a83-4ba2-9039-d876dbefb72a,basic,2025-08-04,2025-09-14,19
1c95ce98-b285-4066-851f-5a0a83ce9328,4a799658-8c24-4372-9c1e-5e43b5876827,basic,2025-08-03,,19
82d78e67-19ea-48fe-8df9-dcc0417a8da7,761c14dd-7e41-4bcb-b674-9d5d52dafc9b,basic,2025-12-07,,19
ef5b315b-25ea-4cc1-afcb-963ae37b115e,7b54c391-b0ae-4f75-9ba2-1d7904df76a5,basic,2026-04-06,,19
38a801b8-2ae5-4205-b17d-40363f8d32eb,4d1ceb08-b95a-4939-a32c-a96b1d6b1c1a,pro,2025-12-11,,49
8efc4b82-a4bb-4dff-bd12-8c489171da1b,31e838d5-d7cb-4905-8bc8-bba1045945ed,basic,2026-01-18,2026-05-13,19
863dab3d-7819-4137-bf16-1288fcdd3dee,c707d2bc-e349-4b53-8d71-a677c6fb7b5b,pro,2026-05-05,,49
ddd0b8bc-b581-40be-afcc-6c8713cf57b3,85f59c64-6e74-4ee8-86f9-f34bdc3ff603,pro,2026-03-10,,49
a4fdcec2-b70f-43fd-859c-7762726e9673,a3384fc0-79b6-47cc-b0d4-66cbc08f1773,basic,2026-04-21,,19
5268b836-a8a0-464d-a897-6228a225aa7a,b583d795-b26c-40de-a214-11931b6d7238,basic,2025-12-17,,19
01d4ca94-a158-4fad-a836-ea775b093d5e,85576be8-0663-46ab-8f0f-38c39234ccd2,basic,2025-07-19,,19
904a25b4-f9b7-4a28-a2c7-db515722a7ca,3cc7cc9d-efc3-478f-9a17-7c3fa5db17ad,enterprise,2025-08-26,2025-10-14,199
d68f034e-a1ad-476d-9e3f-9f36daa94f06,54a62325-9859-4d6e-8809-292bc3bd4fef,basic,2026-04-19,,19
b6242b39-5187-40e3-a212-1d17f6cdaf6b,737b12c7-ec13-4406-96a4-10438bbf4289,basic,2026-04-01,,19
e9bab8c5-d53b-41a4-912a-778e91398af4,45a484c5-8d48-4b3e-96f9-9d47042e6a7f,pro,2026-02-27,,49
596236ab-c5b4-4b61-81e4-1363a11ac516,50b3dc35-ff6d-4ff7-9afc-eeb33cd44508,basic,2025-10-07,,19
3434f2f1-9232-4272-a02e-36f1bebd7764,9f3e6005-72ce-4b0d-978e-e8650057cde9,enterprise,2025-10-06,,199
3bcd499e-a308-4b83-becf-601fb6216b14,b3210070-fb89-479a-8ff0-2a61b0734583,basic,2025-11-26,,19
2d464d96-1654-4157-9a57-3fd5049de18d,80fdeb91-8263-486e-b314-641c82e4b823,pro,2025-09-29,,49
2afc3bf7-3b37-41fc-aa25-b9c324a315a4,8f343744-5217-45d3-a213-82b65a7443df,enterprise,2025-10-09,,199
3ab315a2-d2f6-49ab-83eb-f180abd411e8,d5604451-6df1-482e-84e0-5bc29223e369,basic,2026-03-29,,19
d70c06c9-e56d-4f74-9d65-8fb483d1f060,837354a0-500a-4f29-8f5d-87f41ead28b2,pro,2025-08-06,,49
4ac014a4-6027-445e-a2df-db83d0583a1c,a1807214-3598-4c09-be74-836a91a32c42,enterprise,2025-06-17,,199
6942cab2-5d21-4a46-a2cd-8c13c84d376a,2e9230cf-d894-4fc7-86ef-88f3ac3bc0ce,basic,2025-10-14,,19
94ae7ff3-ecd9-4313-aee3-e67d68b07d83,fe8af453-25a9-4d19-86f4-a1ed0fe7959b,basic,2026-04-09,,19
5bf179b2-a03b-4fa6-9a89-c53ca32164b7,62831dfe-a2cb-4658-b4ed-46f0348582d2,pro,2025-12-15,,49
c2e0e90d-4201-408a-aa47-63ecbc437c40,fd112b8d-ca4c-4960-bf28-44aa665791b3,pro,2026-03-16,,49
a77f5158-d6a1-4168-9344-d096a02adeaf,70565a46-138c-4fcd-b89b-4b2ca0d345aa,basic,2025-09-19,,19
736d3ec9-5df0-4e4d-9fc4-efeeefb0c793,6ea9f9ce-5f12-43f3-8206-b270e19cce17,basic,2026-05-06,,19
2bc9f940-699f-478e-aae9-556866a304ee,ca17b3d5-2e46-4efe-9464-272df01b26f6,pro,2025-07-09,,49
8a4b4570-e682-4b9e-9940-ebe6b9b8d6ae,68a8a2fd-637e-49ac-811e-4ad30b24bc6a,basic,2026-06-02,,19
be5d7e83-98a3-4768-a5d7-a6ff379f74d0,62a4dab0-3bf9-42d0-b5b1-d720ffaaa9c5,basic,2026-04-01,,19
f8641b41-dd5a-43a2-ac98-23b370196e07,6d2b5afa-d5de-4614-9bd3-6bdf975a9e6e,basic,2025-11-08,2025-12-17,19
b9c65dd3-d3f2-4d04-84ec-05de6e68b5b8,c7df55f4-8ab5-4a9f-a3ae-6c9079840b7c,pro,2025-12-23,,49
ab45ed26-517f-4a2d-a7a3-942d1fff6c76,480136b0-9833-4f95-8219-2e765c032b76,basic,2026-02-21,,19
71c240e3-ce99-4b56-afde-6cdc576744a4,ca9e2628-d3de-480f-a261-57d178a149d2,pro,2025-11-19,2026-04-02,49
fbdd39d1-aa51-4a85-abd1-caf862405660,be6102c6-9615-4e26-bfbb-dfc5f7ee6362,basic,2026-01-05,,19
bee054cf-31a2-4139-b02a-8191476e5c5b,0e8bb4fc-4167-4a8e-9fd5-e3913bedffb4,enterprise,2025-08-17,,199
de366269-4f9e-4094-9adb-cd046cfa8324,8ae9447b-75e6-4147-a652-e4161eb443b1,basic,2025-11-20,,19
55bb19ae-f9e4-4b2c-8cca-e8438e9a35c1,72de96a4-fb12-4c4d-96e1-50eb13d07f5a,pro,2026-04-11,,49
13280791-8b61-430d-85d1-5a07630ebaa0,9dde497a-8353-45ae-b297-a89dc7689f6e,basic,2026-02-02,,19
d4742145-7c04-4e45-8d4e-c67e9d0cf927,378cb58c-69b3-486d-a65f-779d57f6a9d1,basic,2025-12-21,,19
8179b85b-db31-478e-ae1a-243af5873ba3,d37b0c27-6089-4724-ba32-d3a811ff882b,basic,2025-07-10,2025-11-04,19
8950c801-e63f-4f2e-929a-f914cbab183c,a37137c8-013d-418d-81cb-65eed528aeb9,basic,2026-05-20,,19
8413d5f0-c1b6-423e-8da8-aa455eb13111,c67f44b8-683d-47ad-a6bd-4fbb0dc287c2,enterprise,2026-01-02,,199
c90e0d5f-2e23-4942-89cd-b15bf7c84b6b,4b2eb548-8e00-4f9d-98c7-a4d715da9e4d,enterprise,2025-11-05,2025-12-28,199
0e5a94a4-8b88-43c2-9817-00560e58195d,831d179d-2eb2-4a35-bdb5-5709676860ad,basic,2026-03-15,,19
d19b11bf-b771-441e-98bd-0c03659f6104,a2e97370-dec9-4302-aef6-4780b285d0aa,basic,2025-12-12,,19
5caeb53e-283b-4925-9887-89877a201b7c,ebebb240-e7cb-49c0-a474-e6d9083e1c3b,basic,2025-08-21,,19
760b96d6-7688-46d4-aa47-ce086d5a5fc3,5ce0729a-8b11-4659-902c-c477fb835a89,basic,2026-03-15,,19
09d8d288-5929-4cde-a9c3-99850a281021,a8c1eb77-9b39-449f-b2f5-078842385cd3,basic,2025-10-22,,19
1a30e979-3050-469f-bf4f-9f20b831ea56,a8e868da-99be-4496-a8e7-45146e1b1c54,basic,2025-12-11,2026-05-11,19
a2b75bca-f0ce-4a29-9501-f1f05985268d,70b0f64b-8a41-4a98-ad1a-f8afb375cb30,pro,2025-09-20,,49
a57b8414-de72-42b7-a504-6fa9a3628fdd,5951cf7a-c579-4175-b8cd-081466f46d85,enterprise,2025-06-22,,199
758cbe83-2980-47df-9bdd-12b62ac3b5c3,77badd49-3b8b-46c5-b61c-a43c77e989ac,enterprise,2026-04-25,,199
5cc85544-6345-40ce-8636-09197c71974a,0a2de21f-523a-4cf3-9d28-456ebe413451,basic,2025-11-01,,19
aa8d86a7-d0e2-49f5-888f-e3cb6f0d8e50,5249373e-2179-4c89-933f-034d24901011,basic,2026-01-20,,19
eac1f95e-6b31-42fb-9c74-e778b36ccaa8,f7e21e48-58b2-485b-b0a0-3a2d6d4af1da,pro,2026-02-27,,49
6893d861-a991-4c6b-9b98-595ee39706ab,78164386-6796-4d28-b23a-3b52b9d680c5,basic,2025-09-26,,19
f4879c40-bb37-4c07-bc26-126d516164a4,4a8f3c12-8815-445e-9b9a-ff66ded33d54,basic,2025-11-21,,19
0bcdc988-345c-458a-bf04-84062935fc2f,138544b7-513e-48a5-86dd-ca2c17ae2354,basic,2025-10-07,,19
71c4a7d7-f8f5-449b-bf17-6cc5bd6aa364,7b17d3b8-9277-4e56-bfc7-8a5dc7b5c391,basic,2026-02-07,,19
fb4f3d9b-bff8-4ae1-9459-87f67263d320,71d8d8b7-56ee-4b83-9245-7bc9d8e1d709,basic,2025-11-03,,19
93ac4916-5ed1-442a-9b2d-a26e8e7c59b4,e4f3b31d-2190-4516-8e7a-2d96ef38f375,pro,2026-05-27,,49
1f1c24f0-5142-4fa4-b8aa-0972d12d72aa,993ac24c-c863-4d80-af81-d24ef707a67c,pro,2025-07-22,,49
45f07fc5-77e6-455e-b563-fa71281b365a,b3a24482-f049-460d-8bea-24484be583c6,pro,2025-10-11,,49
1fd45bd6-8e16-4617-bcc0-1890d36ee979,3bc04b83-1b58-47eb-96df-d70514cb31e3,pro,2026-06-01,,49
18bb1d55-c73e-463a-a05d-0cd07103eb3b,b3c7632b-7727-41ee-82a6-375b4aba1a47,pro,2025-12-22,2026-06-17,49
60a8f540-7945-4edd-8fb1-7163523ddcb8,9e46c955-3cc9-4de5-b399-98595239f7d9,basic,2025-07-23,,19
726ecf4d-c34b-46f3-8b1f-618c632b9f97,d743f0a4-719e-46cc-940d-bf4cbb655d00,basic,2025-08-23,,19
af0b4bd5-ff4c-426d-a754-a231f77b6c69,97b007bf-d90c-4ba5-8cac-d4e4dc707a97,basic,2025-10-16,,19
8a6c9321-59f1-4bca-83dd-014d3a2a6855,9d05509f-5cc8-4494-bff6-dbddbc1dd49a,basic,2026-01-04,,19
24bb4e61-dd85-465f-b3c9-807c04da2ee5,8f3348f8-8839-4848-94fd-6731a3d2cdc7,pro,2025-08-25,,49
0be7b741-2b48-446e-9976-e4839563e292,7164dad9-0ca3-4548-9cf4-46d88055d65b,pro,2025-10-21,,49
71626380-7d29-4870-b622-dbd61e6e4805,74fc8827-2f99-4291-a4c0-77c07a18e47b,basic,2025-12-10,2026-05-31,19
0fc99f7d-31f4-4175-a476-0fa14bfb8e05,a30aa5c9-65ed-4a42-9989-f7cd7aa4841b,pro,2025-12-04,,49
7e2c4656-99b1-4827-b5b0-54cec1b242ab,bf5f676d-698a-40fe-80b9-76bf845d8cea,basic,2026-03-02,,19
7346df67-fd72-48e4-bb13-1bc99b0f1f3a,ee75b7e5-f467-4021-bd92-48edc3b6c95e,basic,2025-10-05,,19
f55dc12f-1a10-432c-9f63-b4b94c2e4e46,2331b233-3584-4372-9935-df5622e5417c,enterprise,2025-09-25,,199
5015504a-358c-4a18-a399-d8117d5d85ea,b840099b-2e18-4af2-b550-79a2c5d847fb,basic,2025-10-05,,19
3d831738-540a-42c7-8081-171eed93665b,1be48167-088f-403d-b8ba-9b869ade8016,basic,2025-11-11,,19
47e26fb4-444f-4173-9806-5aaeac22a0de,8ebdfedf-eb67-4bdd-b6bd-acfbe9de07d1,pro,2025-06-18,,49
51676090-9bae-4027-9b09-9a9fb2800aaa,9540fb81-8fc7-4a0e-85d7-8cd4c2ae8d88,enterprise,2025-12-18,,199
8d80cf44-1630-4afc-b3d9-c9cce4fa97e1,eb51bb13-75bc-4055-affe-f9dbcb7aaeb7,basic,2026-03-13,,19
5799049c-ebfa-4273-9c74-3078d3e24a71,98a9ca60-ae06-4817-b168-2cb2402531d9,basic,2025-07-18,,19
8445e7c0-2308-4973-ace4-0839cfdd5ba2,d04e7db4-f4b8-4f13-b3da-26e342b60a7b,basic,2026-03-06,,19
28c3784b-03de-4ef2-89b5-ec0b2f5ae3da,f63cd34f-d529-4796-ab48-0906d939659f,pro,2026-02-21,2026-05-21,49
77634568-5628-45ba-bf8f-98842d4a9533,dd822412-d545-47f8-9a24-b80b01489b92,basic,2025-10-30,,19
0a7b2b39-324d-45ac-936f-1f8622dd3e71,e580655f-b774-439b-9cd9-e9f6bbf436c3,pro,2026-05-03,,49
04afcd89-38f6-47ad-bd25-ade708c3f3c9,2d0182ae-9aee-46e5-b3b5-ce79d569bfa8,pro,2026-04-13,,49
b8d17090-49a8-4467-a1e9-0dc82adef90c,19357ff1-6fcb-459d-9f8e-9164cf59c0ee,enterprise,2026-03-17,,199
830a667a-5aef-4f97-ba65-fceb22894bac,1d3706a1-ed85-4532-9a3b-8498374cbb74,basic,2026-06-05,,19
dcca6ab8-732b-40e8-b07b-06f3792b4667,547be0f3-b739-44a7-823c-253cd660c0f2,basic,2026-04-29,,19
cad3729e-e308-4865-81a1-f541d757ddfb,1722d15a-a7bc-4af6-a22c-1127e5a48233,pro,2025-06-27,2025-11-21,49
5a554b4a-aff3-421c-b3ea-d70c406fe730,47ac207d-dffd-4b58-bcf6-4421fe01a771,pro,2026-04-01,,49
cedfe226-c545-43b6-a218-ead6d0b779fd,d24c36fa-60f1-457b-8ab5-f0a76b202a4d,basic,2026-06-21,,19
b0eb8a10-4bf8-4210-818d-4eceb5e41962,8a12f634-149f-4c07-aa97-9b17a74c8989,basic,2025-09-13,,19
d39a8a4a-73f3-4ee4-9e59-da3561b0e36d,834b3648-41b7-45d3-8967-d51c8abc2a9c,basic,2025-12-06,,19
afa75bb8-2df0-480c-8a52-5c245699370e,b727a92c-e590-468f-b01e-9e1a011b7ca0,basic,2025-08-05,,19
e8143a9d-78f1-4733-b38b-57ce68e9348e,08e3ccd7-d3e9-4931-9eba-fa717d66cb1e,enterprise,2025-09-10,,199
ba0fdb00-195c-4031-a767-f38d41dffeb4,858c1387-f786-491e-96fe-fec853ccee4c,basic,2026-04-10,,19
780dffcc-10bb-4ed6-8e33-2c2cf6ea0c93,ed40402b-8fff-4418-baa9-47515367b658,basic,2026-02-23,,19
0623b77c-7669-4157-852d-d84ddb479eae,71fde382-b62a-4212-a218-95ff312b7442,basic,2025-08-20,2025-12-21,19
df5019d0-4e8b-44ad-8216-ae6209d48ab6,15f32351-1c0d-4f48-b48b-d5263b4da7b0,pro,2026-06-18,,49
f37951b0-6d40-435e-ba60-cce9514f8a50,fb00a578-5045-4a32-8783-b719d0915a0b,pro,2025-11-29,,49
14fc15aa-dfc2-49e3-bbe7-9a56c2428723,0c5c6885-e689-4e5c-80fd-117ff7d9267c,basic,2026-06-26,,19
07ae9dab-b047-4958-9c5f-74e238bfbaf1,2d6541c4-805b-481b-8c2c-86b9d43210a6,pro,2026-06-24,,49
3570ebfc-ed19-4058-b72f-07d0fed23c17,357bc91c-ce5a-4182-9a72-5d3f0fcf5c50,basic,2026-02-22,,19
2b3be354-fd69-4275-bce9-7294ffa944be,f2e2f544-e564-4951-b0e7-2f72008d4ea1,pro,2025-10-10,,49
fa7868fc-827a-4af2-ad8a-15aaf1e17658,66cc2fd0-0dca-4089-bc3a-61ecaf16b93c,basic,2026-02-28,,19
14594dbc-49c6-4248-8921-185370ce61b8,26e0e2f8-79b7-4c19-8b71-3e86112c2554,pro,2026-02-28,,49
878fa5e8-ebcb-40b7-9709-1a74769ebfc6,2cad0700-6bd3-4f26-8951-96021efc6d0f,enterprise,2026-04-10,,199
1e6c4d73-3afe-468f-b4c6-0e03e46589f8,dcec71c0-36a0-459b-a749-19b28a33e07f,pro,2025-11-08,,49
e1e2f96a-26e6-49cb-aa34-94bc6ef988aa,31115b38-7555-45d1-b37c-2ce605545981,basic,2025-09-18,,19
c9f098a7-335d-4854-9bbb-f0b79872a2e5,bffec79d-dd8b-4f27-8d4f-89f28afae054,basic,2026-02-07,,19
0bf99a23-7737-462e-9ff2-ea8dfaea0ea7,50b3b9fe-2c47-4669-98e5-38f1aa0a9f0d,basic,2026-06-14,,19
82b9b80a-0f2a-4b30-90fe-de845c362f2e,051c6413-b61f-4d42-8e90-92b92c285758,basic,2025-10-23,,19
01c1511a-5fdc-4796-8d0e-a883767d6e7a,348d361c-de0f-461f-9bcb-8337c94d46b9,basic,2025-12-29,,19
cff15377-ad24-448e-92a3-c338c8c7b204,faa592a2-c407-4e48-b473-92ad63d923ef,basic,2025-10-31,,19
3ae3473a-7103-40c2-bb66-bdc691cc3819,c2b6c170-7e37-4a62-af6d-6b64d987f346,enterprise,2025-09-01,,199
27a266e4-099f-48ff-99e8-afba0390a851,c0c51819-a4dd-45d8-8d84-9540b7b4c29a,basic,2026-01-03,,19
aa9a590c-a7ce-47f3-adb6-074ae1ea2314,c3c74ef4-e91f-4731-803d-626a2b28df6c,basic,2025-10-21,,19
0f7fe33f-3175-4bb7-89c0-e71f3dcb174c,0d220177-3bdb-4ddd-b26a-8220571030cd,enterprise,2025-07-19,,199
aeb1df24-6ff4-4b4f-b588-cf3525553eb7,baa7e311-7633-4e83-9951-95f66e535edc,basic,2026-05-30,,19
f6b04fac-0383-4e99-86ba-06064e84be2f,102e02b4-7bab-4fa4-98b0-2d2b5e97a203,enterprise,2026-04-05,2026-05-23,199
bdbe5e99-8e14-4b9b-a2c4-99b23f774a91,1e5cf2a2-5a7a-4046-b204-4fa5523ef7d5,basic,2026-05-17,,19
83700b1d-d265-466e-8840-f27b5c2489c7,d6953ccc-5536-442c-96bf-ec79ab9e89ec,basic,2026-01-05,,19
62866b69-7e2b-4702-ac0e-9dfcb15217f3,3b6985f5-7c95-425d-822d-e486c03a6556,pro,2026-04-21,,49
4fa669d6-972a-4fe2-9dfa-85c900dc18c2,42e76970-5e4b-4627-bebf-1baae89b0026,basic,2026-05-04,,19
496a151a-6903-4d40-b9f6-44d40abaeef3,41767860-21fb-46d4-91a0-4d8b9a794fea,basic,2026-02-03,,19
a0caa061-0316-4799-b231-fd809458dc59,e96593d1-3175-4fd2-a974-f5ae032c8b0e,basic,2026-05-16,2026-07-27,19
52753e74-994b-4ebd-ba8e-4519886e2c2d,6e6d860c-09b0-47fe-b6a7-9fdcf6330695,basic,2025-07-29,,19
91d50584-3b3d-48ee-8c70-5ae71b581c8a,eb5134dd-a807-4bfd-ae42-cc56b6e543d3,basic,2026-05-07,,19
169e2e24-1729-4531-8f20-65a2a17b4cf7,c5e1c120-e2b4-403a-8d0f-a8a2f306d8ba,basic,2025-08-14,,19
0b8117df-e747-4d16-a8d1-3f1b627ab815,1a72bf58-630e-4629-9209-cb36fceeb3a0,pro,2025-12-08,,49
810aa185-d770-463c-b5e1-b9b0057a6dfd,ee6ad299-a762-4ee0-8d9c-ee746afbab51,pro,2025-08-19,,49
b3b29209-02bf-4c49-8aad-a999c51a03ac,f09f9cca-19b8-4823-89d3-48ffe576c463,basic,2025-10-24,,19
1141928a-9b22-4e72-99ce-3e5a70a63573,f28806dc-33ba-4eb5-ad6d-7b04f0b119e7,basic,2026-06-05,,19
b1d7151f-5935-495e-8079-d00fc7969cad,0c864758-a1f7-4159-8334-21b4250d50a6,basic,2026-03-17,,19
ef992e3a-22c1-4db7-b8ba-43dbf79357d1,009808f7-9b0e-49ee-bc0b-e31bbd3c3c67,enterprise,2026-02-24,,199
11e76c05-373d-41f2-949f-0b4194af129f,5451bd79-ece1-48a3-ab35-5389e4e5150b,basic,2025-09-09,,19
62457b1e-4b54-4e50-8a8a-092553579289,5cf86ef5-850e-4ac0-bc99-e3dc343705af,basic,2025-12-09,,19
778279c9-9038-49d4-ba99-987289ee81c1,04249559-1f4a-4aeb-b6d7-90e22e5f75c3,pro,2026-02-05,,49
058d2c4f-aff5-488e-8a45-e15475b00018,e1126946-45cb-4d1a-9407-9413a06377df,enterprise,2026-01-06,,199
511e23fe-02b5-4a17-8514-838e7fde0245,d65310fc-c295-420c-b30f-9351551fe79d,basic,2025-12-29,,19
37208010-bb94-4e55-ba36-0b969779963b,f5ead6ac-8a2f-4927-a8a4-1abb6e7942c8,basic,2025-11-07,,19
46469e85-8f21-49d3-988c-25d937d82470,3cc5f6f0-810e-4a58-a315-d66a5c5cc4c3,enterprise,2026-05-19,,199
00550652-8328-4b40-b7b5-cde7289e8d8d,4cfd00ff-0fdd-4da2-a179-2ab72436ee7c,basic,2025-11-02,,19
4de8310d-eeaf-43c3-95b5-f7d688f20c33,d40e3b53-f27c-4e03-bc7a-c11c58bbaaf0,enterprise,2025-09-02,2026-01-23,199
a98c1888-46bf-4949-ada8-953af49b8fea,c41ce351-60e4-4848-889b-e73b1c264e17,pro,2025-11-12,,49
e458e6d7-79f3-49de-a889-78cb90170287,203a62bb-802f-40ed-892d-b49ab0fe6d3a,basic,2025-11-11,,19
b27455b6-1c46-406b-8186-2bc46e928258,07618568-559d-4856-9717-33255fc5ec2b,basic,2026-03-29,,19
db599c0a-7d6b-44b6-be0b-8dc8f6068539,58e42de4-9f6b-4594-864f-1195683b6750,basic,2025-10-22,2026-01-14,19
58e90e56-d85a-4cff-8b01-125c13549555,3d861c9f-af53-4665-82ef-8f1ffa4a2d42,basic,2025-12-21,,19
bb88711d-0c1e-4d02-8893-b3b387fd7922,1bce08ea-9485-482d-ac00-5c75e92c7678,basic,2026-05-10,,19
61ec5808-5763-41c9-9ee1-6b3a1d6555e2,b08f1556-3c7c-4683-ac15-2723e72b2ac4,basic,2025-08-16,,19
f3e12a1e-b16e-4bb8-80d6-c157416bbdc4,4d7a1d86-baa8-446f-9dae-8ece0d2defcf,basic,2025-09-11,,19
a7c6a5a2-080d-4810-ad79-8631d1dfaecb,a234d798-f247-40e9-a4f0-fbc449b1bc0b,enterprise,2025-10-20,,199
04ac437f-ea59-4b80-8c37-75706fa7d79d,a5f96522-cb8f-4d1f-b28e-595735e4ee68,basic,2026-04-27,,19
11f8f148-606a-48ad-bb0a-60e394532ae5,cf66b964-8116-4476-a837-b770a03ac8b6,basic,2026-03-25,,19
26e0b0d6-96c9-4e61-8ccb-2f96cf6f3d52,d34f63a8-67ed-4acf-859f-553a23c5bbca,pro,2026-04-23,,49
b669e9aa-5386-4ef3-8acc-862eca299f8d,5a29fb37-4d38-4b73-93ed-c42030e16358,basic,2026-05-15,,19
11543098-731d-428d-b08e-dc6883dc0455,780af2a8-6e4b-473e-b67e-3c7828ca99cc,basic,2025-08-09,,19
f0b8b28e-2623-4064-9bba-3d6600c8ce81,86c68d00-c596-4460-9640-f05c6c148c96,basic,2026-04-25,,19
7920e08e-df28-46f2-b28f-b03c23aefda6,6dd2cc15-0f15-4fba-9d0f-81df60120bf6,pro,2025-09-24,,49
cfa54b60-8f73-48d0-9de6-4b3076513e4c,db27c191-b262-49ac-b0a8-2744873c5bc6,basic,2025-10-28,,19
57c13c6b-3454-41f3-a20f-a4f12e246d67,ac4c1904-4e94-4c65-8873-aca07bac39eb,basic,2025-07-15,,19
fbcb5e29-af80-482e-a87b-ecfd7d937e0f,be465ebb-7b09-4d07-aef7-a0376e128865,enterprise,2026-07-14,,199
038b4f9d-4ec7-4a4e-9331-133629d9d3d8,9457f456-adbc-4aa1-a05c-aabdd7de6c69,basic,2026-06-24,,19
5d6a7a6c-f593-45e6-8b0f-39f4adbb5d95,1e38891d-5896-4c8b-b706-0120db8fb8df,basic,2025-12-20,,19
abdec7a7-631d-4e5f-beec-138282043dfd,0c7b5ad9-bbe1-4f61-894f-b75e407fcc67,basic,2025-12-25,,19
f109e248-b7c9-46b0-ba28-d2c3c8216386,fc634509-bf8c-4064-b02a-0b477b8a39db,pro,2025-07-24,,49
2e540ce2-64d0-4585-b71e-be3c35f9ef5d,ac93d665-d431-4514-86aa-2b5847395c2c,enterprise,2025-09-09,,199
51420351-6759-442c-bba6-5b8b53aa2356,d844321c-0503-4c4d-974c-f662c698440a,basic,2026-04-28,,19
955584e4-1349-42e5-88b0-39480a573118,e03ed0a0-f16b-47ea-a96c-e6a7b167b7e2,basic,2025-09-02,,19
7ce6be25-1983-49f6-b184-c63ef372f289,e63c78fe-5988-4b16-821b-2170d72f6032,basic,2025-11-04,,19
b2f4c2b0-56ea-4dfd-b194-b77efd20c1b3,5ae4da78-a3ea-41db-b22c-09c9789965de,basic,2026-03-06,,19
843b7899-cfc1-4522-adf4-e37c428cb977,2d074324-99bf-4fd4-823f-fd161684859e,pro,2025-11-07,2026-01-22,49
9cb71c5c-4652-4d4b-8c16-e003ca56e3c8,45cf3a4a-78b9-4bf2-a40e-35fbc8637ff7,enterprise,2026-05-06,,199
30282b8e-56ae-4940-8fb2-dbef472c0940,a748345c-9e62-49b5-b174-0feba9f6bcb3,basic,2026-04-05,,19
b0e693fc-b660-41e3-b9f3-d419e34de78a,5d654fbf-2296-44ff-b47e-0505ae5f7f1f,enterprise,2025-08-12,,199
e4a6ceab-afcb-4e6c-bc21-07a813ba2895,03a37024-87ec-4505-a588-324f023243c5,basic,2026-05-07,,19
f45fe2e3-22fb-4b5e-a741-dc329a107423,c5fa9d38-f8b8-4ed5-9d15-17abe3603755,basic,2025-11-27,,19
046eaacc-e264-40c4-83ae-f6f456280d67,1d8ab9b7-2791-4342-a668-447f10396576,basic,2025-08-03,,19
4280b09c-3cda-4e9a-a041-39138cdb6399,aedb94f0-ca46-4011-9502-e8e968323a9e,pro,2025-10-30,,49
58fca6e2-52a7-4f10-a42a-7e4e67b149ff,2c263bca-2207-433a-bdba-863c9cc9390f,basic,2026-05-26,,19
8d011091-5476-4463-9610-72d1f10060b0,7755e7dd-4ecb-487a-be37-ffabe5a4bff6,basic,2026-02-20,,19
05930daa-c5e0-4bae-bfa9-5c139f89ce5a,d856ed1f-f422-4ec2-b1e7-e07d9e2f2680,pro,2025-11-17,,49
9786666b-ea85-4e9d-8a2f-862f6a75fced,7ad0025d-7816-4404-bfae-2f74f30a6005,basic,2026-02-24,,19
2e333ede-f8ca-4113-9c58-2aefed220f1c,a26bdf6b-0d09-4b94-88d5-424e467dc8d5,pro,2026-05-08,,49
00c7ea13-4ae2-49e6-8c32-07ff78eb999f,a44d0adf-1fb1-4e0c-a9b2-6b8c20f27170,basic,2025-07-11,,19
204b3d56-22a7-4b54-90a6-0c19233bced7,e6b2fa34-dbc3-4323-8c2f-a75986995a44,pro,2025-09-17,,49
e9f0d074-e381-41c8-bc9e-c2752170ea53,05940ee1-e97d-44bb-a8dc-d51c39fc2bf6,basic,2026-04-15,,19
1c7fd2cc-bab1-4c80-905f-7144be5bb841,f0d605f1-77ea-4a5b-bc93-f17fd7dfe65a,basic,2025-09-20,,19
2f0a5440-c77b-4e52-ac1c-9479903c7ff1,820fdd51-686b-4871-b883-1dfa682c537a,basic,2025-08-04,,19
559bed09-da3b-47f1-8abe-a24a849ee49a,71770b2c-a987-4c9e-a16c-b27088d23577,pro,2026-01-27,,49
87cd8eda-4f79-4dba-a90e-28a36f151558,e2205607-f88c-4aa6-92ea-22d2394efe5a,enterprise,2025-08-25,,199
163f41e9-72cb-4b91-90b1-d8444bd68689,de55b5b6-85a4-45c4-b9cc-cbea7eb40011,basic,2025-12-04,,19
b30d91a5-7d0a-4b74-af35-5bef213d5593,a6c44625-07d4-4f19-8fb6-91bfec1e5cd8,basic,2026-05-07,,19
5de076c2-10cf-42b1-91f1-532c4e0ca52e,ede8cfbb-149c-4070-a4e7-8a38f38b5ce9,basic,2026-05-18,,19
89fc0959-fd1c-47c8-9d1d-5e01e8181a24,8918eda8-28bd-4649-b9ce-6ef4b01aa259,basic,2026-06-01,2026-07-12,19
1175193b-e61c-4330-be54-448e2433013c,4efd874a-d4c5-45c9-b697-61bf0517d338,basic,2025-10-15,,19
7e51cdd5-39c7-4083-a184-5c1dcb209f62,b317f369-b2fb-45c4-bc34-2967ec3c9737,basic,2025-07-23,,19
d45353cf-6be5-49d4-b0d1-f882dcf63952,5b5f2ed3-94f4-4a57-b2f0-71c265adade0,basic,2026-04-10,2026-06-14,19
ad462654-502b-4415-8a77-6af68b1b8cfc,0e3902ad-65c7-419b-8411-4ada494805ff,basic,2025-11-01,,19
8bfdeb96-6db2-43ad-ab1f-a98ed1dd3ee2,a819ffb1-da36-420b-9258-ffcf274a01f8,basic,2025-10-15,,19
01a345a6-c612-4c96-bea9-798c02abaf68,d07b4840-f920-4942-9d55-7db083b82eb3,basic,2025-11-13,,19
f18819ca-1d66-4682-99c8-e3801b26ce2f,5a676da8-a69c-4d00-8c0f-a8bc9435a440,basic,2025-09-25,,19
d595bf23-e53b-42b4-bff7-702d9143ffad,686d4470-b204-4a30-b633-f32814906f75,basic,2026-03-13,2026-05-19,19
3e0825cf-7082-4ac8-9f96-fe6cffb9542c,5db8a67e-a42f-4a69-b9b3-a0750b436a68,basic,2026-06-13,,19
337534ff-37d9-46dc-92d0-01b851ba4c41,73c80097-71f2-4025-9727-5c735168a1a2,pro,2025-10-11,,49
38f7dfab-0e96-4061-9025-1d18ed8986fe,2de62153-55c9-45df-8494-cece0ce9a331,basic,2026-01-05,,19
5d61d774-7063-4e81-b9f7-803bf7dee02d,747641b0-b8ea-4de6-b4f4-3c41b6ab1844,basic,2026-03-05,,19
7199a442-e22f-42cd-82f8-fb15ba58a04a,30877a06-3155-4696-9b7c-9509983968f0,basic,2025-12-23,,19
5fa65949-b98d-4165-9693-e13d02fbd42e,d41e4905-16f3-4904-8237-2df96445b91b,basic,2026-06-11,,19
f46e73fa-4e83-4a45-98da-54b23f816496,68ff68b5-99ce-493e-b3d8-476d59caecae,pro,2025-10-29,,49
4c1cb2a7-8181-4206-a4b4-b0f0ca1e5d01,00b7509a-d1c7-421e-996e-c12407afdc9a,pro,2025-12-02,,49
f9f0436e-f486-45b6-9ea0-4c3e5a44dfd1,cedd5119-f6e2-4f45-9ec1-f4aafd452f3f,enterprise,2025-09-02,,199
6b799139-bacb-45cb-9f9c-c68f856277d3,05b96e8b-0487-41c0-aef4-023550fd956f,basic,2026-05-31,,19
fa082284-5873-4ece-9433-f65dd4ed488e,52325791-40bc-4815-b421-128b66426f13,pro,2026-04-07,,49
3708d605-2374-40bd-8bd5-beba3e96c10d,e02023d5-0c7d-4932-a5a8-9baf73e20c17,basic,2025-12-08,,19
0d617f40-7cd3-42c5-8125-c40988bb7f71,e0321978-8601-485e-b20b-8d660315db56,pro,2025-08-08,,49
2e5cefa6-1ec4-4cc6-9c24-0040c5d6fc46,48d0e029-b629-4001-9701-ec5a50f48319,pro,2025-10-29,,49
08f228a7-d1c8-4228-9465-64b09b1027cd,f40f9231-2a7d-4986-9557-f85df2fd7b39,basic,2025-12-04,2026-01-05,19
8cfbf782-b48e-4899-9a9d-f9a2c5150d49,c0248abf-4b53-4a9c-8bd8-9ee28d35b248,enterprise,2025-06-14,,199
b112db0e-082e-4acf-8892-384bd5efbde0,c9571a83-7945-4f4f-b200-59d1af30f018,basic,2025-07-30,,19
8438985c-0dcd-4474-8c98-a8f3baefe6c4,6afb9d4d-7164-4697-8bfd-52b185e8c065,basic,2025-12-09,,19
c183b737-d5e9-4169-a5bc-595b3bb25782,0c945a73-e395-42dd-a969-05acb9b6fe7d,basic,2026-04-06,,19
1230b04a-1b2c-4efe-9407-ffbaf8d00a85,e4877fe0-75b4-4a58-b131-56d63abc145e,basic,2026-05-20,2026-07-10,19
dbf82ea0-f8e6-4807-a216-4a93c915883d,fa76b69a-180c-4c96-aa6a-66fb26329331,basic,2026-01-23,,19
5dd55d3b-ac8f-4ffa-9db0-d3a48127d2c7,4d13068e-6195-4867-87f8-4ff719456514,basic,2026-02-15,,19
d2e0ec82-218f-4b2d-afe6-e7c0d71e205c,d635d82a-63a3-4e4a-bfd3-29d7ab5cfa7a,pro,2026-01-02,,49
3cf8bd7c-76bb-494b-8a0b-67c0dd561181,9c9a3a67-729f-46d2-9093-2967d884de7b,enterprise,2026-03-25,,199
2c07cf3e-d2c8-4370-9514-b34779920e10,7bd8f24b-5429-422b-bc3c-74303de031c1,basic,2025-08-08,,19
71cfd047-22be-4fda-83f9-373c34deaa59,e58edaf0-1496-4006-a2e9-592ddef58307,pro,2026-03-27,,49
8cf4b6fb-9839-40a3-b8a9-899e73be01fc,8489e877-487f-4823-b6c0-cb62db6ea21b,pro,2026-01-20,,49
e46e353e-c906-4365-b5d0-5cf1d5d4551b,e57da74f-bb23-4172-801b-7e6adf7bfcce,basic,2026-01-07,,19
c7e40d56-74b1-48eb-8285-d16aa2ea4a34,a87bc6e7-47b6-4019-b0f9-db4ad3e54e10,pro,2025-12-19,,49
f6e004c9-ce5c-4f51-a688-8a4eb0e8468c,3c4bc51f-711c-4171-9717-12b28cddf7b1,basic,2026-04-23,,19
d1b1e2b7-ea4a-4f34-8b80-150e82498529,cb1b9763-f0fb-4f57-ae61-4e62e99a8b4b,basic,2025-12-15,,19
49bedd3d-c42f-4fc2-9049-a422f2a2ac60,fff9a208-a00b-41fb-916b-f78e1aa048c8,pro,2026-04-17,,49
8d864ed4-caf3-4318-af38-1359c3a72716,4ef561d9-2b68-4a96-b5d7-f375788290c0,pro,2026-05-11,,49
bc710ec2-da79-4c96-9c23-01a444b3ae38,2fbdc82b-aa85-41d8-9e10-1216ec52efa2,enterprise,2025-07-13,,199
687526d9-370c-4b72-b765-38024a6d6b40,418487c1-c37a-46f1-8fa6-51d670b866a3,basic,2025-09-25,,19
03e0c1af-30d0-4bbf-ae65-65f47ae4ef21,e871bcfa-15cc-4314-8d07-994cf42d37a3,pro,2026-06-03,,49
680ef8fc-7e29-4a5b-a806-3b164bae50ea,556e9475-96b9-4646-803d-0b456cdbb69d,pro,2025-11-21,,49
a5f622d3-c916-420a-8318-fc6a136a7eac,e3853e6c-9b87-43d7-a556-72a7d87cb349,basic,2025-08-06,,19
30cadc8d-44b6-4e13-b1e8-1a87154cff15,8a2e985f-c00d-49cb-8a9d-bf6a251f4752,pro,2025-07-17,,49
73dd3d56-8e1e-49cc-8fcd-53b62bbecb6c,443046a8-2a26-4c32-bef7-3e0d2a950624,pro,2025-06-24,,49
8622c846-464c-4759-b78c-e8007e31f807,ec333626-4135-48ec-b3fc-0669d72930a2,basic,2025-10-26,,19
e0c447e4-88fc-45fc-b4cc-05eec4709737,f167dfdf-22f7-49a2-92a1-7e0bea56d134,basic,2026-01-05,2026-03-05,19
948a7c7a-9613-4fde-99b0-d8fb92f11df0,227c27ec-4fb2-4629-a03a-40fc1c010d4f,basic,2025-07-26,,19
5b66269b-38d6-438d-b56e-b5839c633403,bfa6ae33-57d4-432f-ac33-53bbadc91522,basic,2026-04-03,,19
1b6b05c4-a956-4ad2-856c-41b487c62991,c0af21b1-fa63-4315-a11f-8fceecd7bbbc,basic,2026-04-05,,19
fd06eb20-c903-49f5-8255-b47433fd4ff3,62ca053e-bf5f-4837-9f1f-6c14f7952873,pro,2026-03-06,,49
490e9caa-fd71-4bf5-a7c7-fc50bfcc9eea,172a3f99-5312-4823-ae8a-ecb41811e5de,basic,2026-06-10,,19
f0e075bb-c2b7-4879-8cf3-db20e656a318,d8a3f771-8f90-4b24-aa93-9417d7b5b85f,basic,2025-08-25,,19
ffa798ac-3687-4162-a66b-37639eefb080,ad5e448b-f366-4ee4-bcac-070bf72970de,basic,2025-07-21,2026-01-06,19
09738e11-4129-45a4-ad41-fbebb780c667,2b9c2883-c743-4b90-b621-cec55a780527,enterprise,2025-10-11,,199
e6b96772-eac9-4652-bb68-f56a140abcbc,06d55973-437b-410f-a11c-6d536df1856d,pro,2025-12-01,,49
b26f35a2-fe2a-4b14-9a35-019630e0a265,71491b3d-07c9-4bb3-880e-3accf48987f9,basic,2026-03-04,,19
ae7cf394-3177-4bf9-91bf-9d44a1c74b7c,d63b7e72-8f81-4b2f-9702-2fae5ceaa95c,basic,2026-05-25,,19
04f894b3-3acd-4af2-9f9f-1e4aed900764,27b88039-ab37-49b5-8bb1-a35dd06e63aa,basic,2025-07-18,,19
d20fb733-21f1-4a65-8923-c31621f937a3,68c3a24f-c243-45b9-a90b-af14fef59ae8,basic,2026-01-01,,19
44fcc5b3-8024-4029-b804-dcc20f44d072,20c9eaf2-c6ca-4c1c-96f2-4594a9a36654,basic,2025-10-08,,19
bba6e1d9-ae24-4b90-baf7-ad3b4babc82c,93caff62-57e8-4c81-9427-7deefc08689b,basic,2026-04-23,,19
f5443765-7b8f-44cd-8535-701d4d7fd299,748c22b9-660b-454b-9285-4f0478e188f6,basic,2025-11-01,,19
68b5291e-f30a-42fd-b0b0-daa0b153f309,df0d355c-a0cd-4105-b7d6-de79612cf307,basic,2025-07-28,,19
e49df8da-0ea3-45a9-b379-77f26b31b697,61faba64-0f5a-4ff4-856a-3134bb3be713,basic,2026-01-29,,19
301b5138-fd1b-47c5-9c2e-6bc4a015ba9b,402820fd-2cef-41c0-96aa-a800c882273b,basic,2026-03-08,,19
083c8ee1-9d91-4ed5-99e6-7b3cf0f00d3c,aaea9d85-6d04-43f6-99cc-20462a0fdae9,enterprise,2025-08-11,,199
9da108a4-2f24-4b55-96e3-8ef371501883,d1ef6199-c51c-468a-aaa1-12e1ded63e8d,pro,2025-08-03,,49
69df9dfe-50b6-4fd5-8962-627a21a9d875,e8f3dfa2-940e-467d-a2d2-a99ef942ce36,basic,2025-08-11,,19
8975fbf6-3b5a-488a-b196-87cafd2ecf57,4c4d3016-8ea5-4f2a-8c5e-f0d53ef6fc8b,enterprise,2025-06-13,,199
15743019-d78f-4255-84ad-e224f6e50f55,6d77e534-82c9-470d-a6c4-7a6d2f16a3a6,basic,2025-11-28,,19
2fd06d9f-c3fb-4ba2-8149-5a65ebde72ef,7f6ffad7-e7aa-4879-ac10-97b42dfe39d8,pro,2025-07-09,,49
69999d25-5b0b-4587-8e1d-53df1924a88d,461c72a8-7916-4ddb-b0d8-c9b444210b9f,basic,2026-06-01,,19
3810ac95-04cf-4bc1-b5bd-437ae9498a8f,3d927323-e7c6-43be-b29c-6892abdbb830,basic,2025-06-15,,19
cf2f5895-b29f-493a-a042-4655699d27d8,fbec73f2-087d-4676-afb1-ae7dda5b24d2,basic,2026-04-19,,19
284b0bcd-b75b-4e7d-a353-8c736962a228,9825010f-ceb6-49ea-b5f0-abd9286b2997,basic,2026-03-03,,19
cadf41d3-1b1a-433e-8933-56ecbf814854,6bc51dd4-3604-4e69-86f8-6379751df4f8,basic,2025-11-04,,19
0400e6ca-009f-4c6a-9d85-aabd6191fc6f,da7e7752-ee58-4454-a9e6-6c87d2dc6730,pro,2026-05-29,,49
911f1a5c-5c0a-455d-97b3-d830abaa7fd8,4521d6f1-9bda-4c6b-a040-dffb1ff19799,enterprise,2025-08-21,,199
3b710e0b-aae1-4d40-b923-a0da1ebf9c59,1bd22cf8-4643-4913-aa00-cf506f2e1646,pro,2025-12-10,,49
b142e955-590d-4a3e-9c55-d0bbb4676968,dcddc077-bf38-4773-b83d-828e10100a5c,enterprise,2026-01-04,,199
980ea35c-9c0c-434a-93ec-2bd4355116f4,51c9e9ab-0bab-4de6-ba68-95aaff893b68,pro,2025-12-27,,49
d3babdf0-7dc0-4560-bb44-268b04539a03,6afbcb7d-ac7e-4ecd-99e7-10527af10fdb,basic,2025-10-09,,19
7c860dae-ccb4-4b6a-890f-163aac6d2eb5,c482f1b5-655a-4098-bbba-a4d1132a8619,enterprise,2026-03-08,,199
0914d1b0-9e29-4e39-a8bd-40080876db3a,5ae8b558-ae0b-4b33-9ba0-2bf652e15e4d,basic,2025-11-20,,19
503d01d3-a061-42c1-b510-633a405e764e,d3bce51a-c443-4f60-9423-518e97ac2bb1,basic,2025-11-11,2026-03-09,19
84d1fc6a-3a99-4ab0-88c5-91224f682d9b,6a644748-cd24-4ee3-b122-0acc9387da1a,pro,2025-11-09,,49
986e362d-e7ca-486c-b9b5-4c0d5ed74055,b4758642-6a16-4843-901a-e0eb57937ee3,basic,2025-10-07,,19
3f15dd0f-5480-48c7-b1f4-9973ad51755f,0205b7c6-5622-4156-926e-d42f92f3c642,basic,2025-09-14,,19
df824134-ae08-4488-904c-f75a86d208d2,89627c21-a949-4f2c-956c-3a8b874f9522,basic,2026-04-27,,19
a20a4220-e7d5-4341-bea6-ed4986095ab5,3bbd5b7a-ae52-4d1f-b07d-00ffecf651ab,basic,2025-09-25,,19
0c561f94-e9a4-4b67-b44d-671135a5a018,c9c1e1d3-b8e9-43e9-bb68-2af312760f31,basic,2026-01-02,,19
b709e6d5-8969-4913-b879-4c7573a15c1f,1299171e-86f5-410f-aa28-0e17be82c193,basic,2026-01-06,2026-03-15,19
93246064-1fe2-46e1-8b8d-f7aacc805055,7c786f88-0d0c-4821-852a-2a97a0ca0e05,basic,2026-05-08,,19
28ba1367-3eab-4aa7-a055-3707fc685397,6d34c7f0-4636-4bcf-9e9e-9ae92cb0e22f,basic,2025-10-23,,19
c8601c53-f4ce-4597-994a-fa69443772d0,cadcf945-1c4d-4a70-a789-386a5e651ae2,pro,2025-10-16,,49
315b89c0-c52c-490f-9c89-5c0424283d6c,d6486ced-2821-448b-bd24-ce3b8fbf4ef4,enterprise,2025-07-02,,199
ca2bbea2-7a08-48a8-a59a-41ebaf8e0505,2f73265f-470f-4018-a0cc-99017e6ab56e,basic,2026-06-15,,19
71cb5a81-33b3-4b2e-9bb6-0a110e67025f,a36609bd-5b5a-4cd8-a3e9-86d2d73deb7c,basic,2026-04-04,,19
1b8dd34c-3e33-43cd-865c-e138afc1de8f,ec33acd4-5cf7-406b-a969-82f6a950fff7,pro,2025-12-28,,49
ce14894b-657e-4021-a4d6-5406d8863302,907343fa-1ad2-40d1-8d93-b5cf5c0d5295,enterprise,2026-05-24,,199
29bbef58-7366-489e-9c17-8dc55fe48d5a,f3f5144f-e9c6-46d4-966b-1cd0176dee0f,basic,2025-11-20,2026-02-16,19
f1168765-9414-43c1-a24d-84bfa832d00b,e5dc3678-0009-4836-b437-7d7cf4f77cf8,pro,2026-04-15,,49
6baa73f8-cec9-47b7-900d-cacd95fbcd26,409e744d-aa30-41b4-9a3a-c6a35ff1d31f,basic,2026-04-24,,19
4ee6c586-747d-4c71-ae23-9f60f80618f7,e4768bd3-25a2-42f7-a1f5-909a49735d1e,basic,2026-07-07,2026-08-18,19
19a66161-5c37-4c96-a234-5822c870aca1,6005a1d4-ca4a-4c73-b9b9-c2307141da53,basic,2026-02-15,,19
a81c88db-4402-4540-9423-3dc66150c74f,f2a708e5-a60e-409f-8e95-86dc6d4b2752,basic,2026-06-16,2026-08-28,19
08c69b26-e8c2-488c-a133-cb85d10cb128,fbe62fcb-583b-43e0-825d-0c904a11689c,pro,2026-02-02,,49
855b149c-d8ca-4b60-bab5-ba0d1a585558,274063fd-6da1-48e0-b704-5d64b25e6001,pro,2026-02-09,2026-03-21,49
71ea39bb-5f22-4bfc-b435-ad33fbe82eb7,f2b65b34-8a23-4d13-810e-7a346ff3cfc6,basic,2025-11-20,,19
1f8917c7-cd92-4ee8-8d18-a0b82b63419e,5008528e-9cbe-4187-9b46-f738cffaeae0,basic,2026-04-28,,19
205c0902-3bfc-4664-971b-c696746ada4a,946a00fc-2cf2-4d77-8f0f-16a2fd29d303,basic,2026-05-17,,19
7214fa54-a1fc-404e-b29e-0a563ef053c3,717de8fe-23fb-4f33-ad01-4604f502cb73,basic,2026-06-09,,19
f090a335-94df-421e-8f76-4afb9423bdcb,577b4264-e6d0-4e74-940a-4f900404533b,basic,2025-11-24,,19
665053fc-314b-4e45-a53b-ac994d49a82e,2c913cd4-e872-4646-8312-d1e08d7e8720,pro,2026-01-29,,49
177c401c-6d06-4cc5-a836-a810e61c50ca,bb61eeaf-bb0e-4f00-ab88-1c005ff428a7,basic,2026-03-04,,19
d6334345-5946-4caa-b736-04515c76f079,c8143d11-4965-4a27-accf-54dd569f2ec9,basic,2026-05-08,2026-09-20,19
c53328cf-abd8-444a-b748-9920af311dae,170cabb8-fc20-4562-93f6-f5fd1132afd4,pro,2026-06-30,,49
51389e57-399f-443f-879b-bf14121a7184,423a00de-f353-41e0-ba5b-88972b0d8350,basic,2025-07-31,,19
23848f22-eccb-4fdc-a131-2847da8deec1,7e254451-097d-4234-959c-cdb27d72f165,basic,2026-02-26,,19
f861529b-8f9a-4518-be6f-bd0e43eb9e9e,e93d8356-ae52-49d1-9f80-88f765daa5c2,basic,2026-02-12,,19
f5b3e17e-c804-4408-8ece-841d2c8eb94e,dca32e2f-7f4c-4b43-99b5-1e1b4adb6402,basic,2025-07-23,,19
d432fbf2-da01-4d81-9ee4-75792f3770d2,5b68b930-83e8-474b-837c-320eba304ede,basic,2025-08-16,,19
243b6468-f2ae-481c-9c99-b8781992beb9,18b34d1f-e0f6-4c7e-adb7-aadfd483e561,basic,2025-10-18,,19
e2056f7f-4895-417f-8695-84bd03e4af3c,3e2adbc0-9c07-4845-b704-b64a5eb7043f,enterprise,2025-09-22,2026-03-05,199
5ac4bff0-0816-4352-be67-58605eeb2ec8,e73f7297-970b-486c-ad9a-d44c21df83db,enterprise,2025-11-24,,199
8f0e5370-604c-408d-9e94-29d1270939f4,5a6902d2-50ee-458d-a54e-bd30beb0d6f3,basic,2026-03-16,,19
26fec5f0-26e4-4fe2-9c49-bd8196a14a38,4b3937f1-75b4-495e-8be6-e076c731ebdc,basic,2025-10-21,,19
818daaab-515d-4f73-8f25-754d60b9a9ee,7d1dee79-cdde-43a0-a39e-50a48e99bff5,basic,2025-09-14,,19
9231df62-e096-4d9d-874f-4099134973fd,3df7815d-d43c-4daa-9c87-c627efbe0f33,basic,2025-07-17,,19
94faf045-2820-4e0e-8a22-ae7232dd9bd1,3979c6e2-57d1-4e15-8ff7-333b063b47bb,basic,2025-11-22,,19
19439cac-2849-496b-a5ab-03a921a89b0d,504db6fb-64ee-499e-8ef5-eaa1f535b1e2,enterprise,2026-01-22,,199
1db75ce4-5b81-4fc0-a75f-9498ff75d43b,09d1a342-eecb-4ced-8756-b44514201b21,basic,2025-12-31,,19
610b5f31-43e2-413d-8798-0e37779969b2,97fd1cac-b0d7-406c-b7ab-21a76bdbf54c,pro,2026-02-02,,49
0773a3f4-0ac0-4904-8a00-995467210940,19285333-9293-4287-a380-7ddf843d7c16,basic,2026-04-02,,19
7c79d33e-fec1-4530-acf4-0697f36b4d7f,93595630-9906-4ff3-a8b6-2a6111bb7132,basic,2025-12-06,,19
b9d21ef3-cee3-4509-b3e2-108e4891295e,1c6a09c2-fa94-4fff-ba69-34dc47174819,basic,2026-01-09,2026-06-23,19
1a3d08b8-ecaa-40b6-95ab-72b55f70156f,66d87bc8-3b5f-4b71-a369-e4f3bd8b5055,basic,2026-01-20,,19
c0419e06-910e-42fe-94ae-ad3fcd6cbcd6,6e9a9045-6f6e-47fb-b9c9-03db120d972f,basic,2025-11-26,,19
1363add1-abf9-49ec-954f-55961450d113,e544d124-4b78-43a5-b353-aff7a03a0461,basic,2026-02-20,,19
c43a468e-6ce1-4990-8e87-01566e51dce4,70e4bba6-d7c4-4c4e-aca5-0fe8d4c01622,enterprise,2025-11-17,,199
13831951-31a3-4cef-b626-a90bcce2c428,edc9826f-b44c-48a0-8e11-70ee694ae76d,enterprise,2025-08-14,,199
f4752e2d-3210-4dde-b3a2-ed85aa976c6e,e9729860-b66f-4682-9e69-2ac1c8b9bdcb,basic,2025-08-06,,19
b57d5ea3-1686-4a46-bf84-ec14e3d1d89b,fdcd6942-cae0-42eb-b2cf-6a847205ac1d,basic,2025-07-13,,19
9f89ea58-9c38-4d10-86ab-8688196848fa,2d33041e-6f4e-4a29-bb6d-6b6598ee09d9,basic,2026-05-10,,19
2242f5fb-0b79-498a-b407-07f217e3187b,64d7f640-3ba3-4a70-a4f7-0a83a65fa4ab,enterprise,2025-07-14,,199
be17b200-55d2-4fa8-b780-9becf0a90e92,732e7ff7-92d5-4318-ba90-7e5a423a347c,basic,2026-04-19,,19
9444e480-ba69-4835-afad-b6bd97de7cef,d5b3b7c4-b30f-4deb-8df9-6dfee3a3e9eb,basic,2025-12-11,2026-02-28,19
d2c17fca-f8e0-4459-8b08-9c823d0f8621,4eebce49-1cfc-4f22-bab2-28d34d54042d,basic,2026-03-16,,19
ef3f0eeb-3119-4cc6-9090-74d2cff20ecf,b3d7a9fd-c4d0-4824-af9d-8b86cef6d3f6,basic,2025-07-28,2026-01-09,19
d3a234d0-a8aa-451e-8eb8-411b8cbd0216,fd066ef1-9d99-4799-8e3f-69ab195a47b2,basic,2026-02-11,,19
6048cd6f-5fb4-4ba6-866f-7ada38d344c6,7ed7b80f-5ec9-4f0b-ae30-c1eb599d78b5,enterprise,2025-09-11,,199
cd7536c3-9cd7-4c3d-b450-c354f1bbb766,256c5b8b-8246-46f5-a302-aeafdd3f42ee,basic,2026-02-07,,19
8da0df2a-0f52-4fa0-ba56-adebdb3f8767,5360d07b-003d-49a1-aac5-a35eeb9134a1,basic,2026-01-09,,19
754e91a3-17c7-468b-8a07-f3e5f8ef010c,3a7b761a-52cf-4610-b004-e2317f8cd381,basic,2025-10-18,,19
8837a3cb-ba42-44c8-b040-927368bdfc29,c790dc42-9738-4504-819f-8b5f5b3cad7d,basic,2025-09-22,,19
1a338a8e-ebd8-43f0-a647-bcb1b8124a3d,e4c08a16-70a3-4122-90cc-287677eafdf4,pro,2025-11-10,,49
b228d360-8636-4516-bd15-1778dc9d0c9b,c1d0b412-1102-45b5-8c3c-b2d29918f6bd,basic,2026-05-02,,19
c452536f-97f8-4c31-81a9-c17b9a4e62a1,444b6d42-afa3-435b-ab58-6267c6a3f0f7,basic,2025-07-08,,19
8d6d2d52-12de-480b-adf2-dcdf92d8c7c2,e1bc44c0-85bc-4003-98e9-00f9c533a2cc,basic,2025-09-12,,19
f371f4b0-9f6b-4ef1-a8d7-d09f2dfc9f8b,c3dc2df3-15e8-40b5-bb53-6eb74fc8ee79,enterprise,2026-01-11,2026-04-26,199
82f13133-2743-43ea-9566-b2d0ae0fb410,e0172e23-45b9-4567-922a-0f7ff62d27d6,basic,2026-06-08,,19
7bcd9ac7-3de9-4a1d-8871-92ad0b27e6f3,27bc580b-4c3d-4aa1-a166-f63006416453,pro,2026-03-28,,49
5af8bdac-e5bc-4b61-a3ae-f8b615969705,f646d471-8b0e-4255-990a-ec64f28fec9a,basic,2026-01-04,,19
f38bfa51-e6d4-4228-9af8-f0a09f4c43df,a4af0bf7-2448-416e-a749-396ae93e283f,enterprise,2025-09-02,,199
7d446772-69f7-44a9-b7b8-6c689aec7506,3055b90e-591b-4866-a780-0332517c63ab,pro,2026-01-17,2026-05-05,49
fcd4dc74-3ee9-46f5-b4be-7d4042960d17,7802ed4c-fb71-430d-8db6-2d9792b02f16,enterprise,2026-02-24,,199
1dd7cc40-d302-4c5c-8a8a-fa293a84d9f8,d686edc0-e43d-4a5b-ab61-2f6207b6ebad,pro,2026-03-29,,49
96ef091e-520e-4170-ad03-37bad547c9ec,ca641a84-26a2-4347-a982-0c498494dce4,pro,2026-02-07,,49
16f29b2b-7c53-4468-9388-c875f5d48a8d,b15ffef7-9d15-479c-97ba-dd31613ee995,basic,2025-06-07,,19
f705fb83-c238-4baf-b544-068d7b48af1b,937c2e31-e82b-48e7-9737-c9f533aa448e,pro,2026-04-20,,49
7578a237-daef-48b5-b5d5-4bf0e4198107,a4983ce9-65de-41b8-9a34-bdfbd622ad6f,enterprise,2026-06-23,,199
9c3c5f71-ba09-4b8b-ad91-52b99942bf52,fd80767f-9636-4ec9-8e29-f9a26d019ae5,pro,2026-01-19,,49
21ec8ac6-1bca-4214-86c5-89e5a0060ed2,46b4237b-e1bc-498b-960f-6aea1f655664,pro,2025-08-24,,49
bacd28d6-db01-4776-8d1d-43ab4f097290,281bb6d8-3b2d-4c1d-ac19-8321d38c204f,basic,2025-08-19,2026-01-06,19
9bc09e42-a07e-447e-930f-87c06a5a923d,459c193e-50c8-413d-a8f4-cb91820c13a0,basic,2026-04-04,,19
80be448b-847b-4ee0-a712-5fcc3dadd8ca,bd1cf8fc-9af3-46c5-9a69-a1b942240b1c,basic,2025-09-01,,19
847983a9-1445-450b-9e12-6fea09f5d171,c02dedca-2d71-456b-b07a-c82b43c1b4c5,pro,2026-01-16,,49
0456afd3-3d6f-4d67-b629-c95913a0f43d,7c8cb9c3-cb93-4eba-acd4-b40175d2f733,pro,2025-09-03,,49
f795c0fe-acf2-4e1f-8035-32d0ed88e4e1,b191606e-2bc8-4683-9e2d-04501aff6b46,pro,2026-01-15,,49
47d7bbe0-762d-454a-9848-d8b358d91773,5d060e27-eba6-46c7-8b04-219e4e283cbd,basic,2025-07-03,,19
67031c48-68fa-48e4-b1c7-be08c868ef0a,2cfed44a-5714-4cb9-813d-79b8008ce6cb,pro,2025-09-19,,49
fe80dd94-6bdb-4ab3-8455-d2ddfadf3c19,07a1a910-1412-4153-9092-2e829faa7b94,pro,2026-01-20,,49
89dc3340-261a-4908-922a-e91cbfcf3b4d,ce010237-dcd1-49ad-88a2-1992a1d416c7,pro,2026-02-14,,49
5010c743-f5db-4cc8-867f-f8ae1479e653,5cb7d916-8cf6-4d05-976e-a1acb6c83ebd,basic,2026-06-09,,19
c2830928-d0a3-4dc2-a5f6-9be6d37abe9c,ce6e9bfb-8c9a-417a-bcc6-ec83d2e5e968,basic,2025-07-06,2025-09-14,19
fdd1b0c6-ae7f-4535-a724-a72d80ea5495,08e63f80-4009-402b-a330-5196cb692443,basic,2025-12-09,2026-04-13,19
20ea0421-b971-4f1f-9794-0b93ad7a5e3e,e83c83a0-44b1-4676-b0e8-9313caff9695,pro,2026-03-18,,49
ef027675-1618-4b7b-b716-e53b48b781fc,e0baa406-582b-4cef-b9a2-0899782de848,basic,2025-07-21,,19
85045f10-6295-4232-9b47-8a7e002e6410,13f25c96-f1fb-48fc-8709-cddabaadaaee,basic,2026-04-28,,19
e67e5ffd-c957-4bac-bbc7-95700b41602f,d7b10ba9-ee25-4040-bc7c-a7bee1f806a2,basic,2026-05-24,,19
7dd3c93a-4087-4b8c-ba05-81a55ec61a9b,e20ddfe1-6adb-4765-90b9-0494768df1c0,basic,2025-11-01,,19
e556ba93-49f1-427e-9472-1a0ea1b26d76,220b0a41-908f-40aa-a099-e11cf9ffffa2,basic,2026-07-06,,19
ffd9a9bf-9327-46a0-baa4-a84904b161f2,f5857036-a660-443a-a621-742fb47dbd40,pro,2026-03-25,,49
84b3faca-2366-4e8f-b58a-2ea6f9f6a804,1ccf97d4-201c-4f00-ac77-dc52da62944c,pro,2026-04-29,,49
7f12e7fa-fdff-4041-a6b8-b7e4a8db9bd8,769cc725-6eb4-45dc-b78f-95f75275834c,pro,2025-09-02,,49
952af89b-0542-42f1-a4f8-82b44e16cc6a,b2ea9919-0555-4768-bb50-df19af0babbd,basic,2025-11-16,,19
fd4e9568-45b1-468b-8a25-afbe74015bae,acd3272d-b2a2-4966-b794-946804cb95c3,enterprise,2026-06-01,,199
21507a04-d3be-4eb5-959f-04ade6ae83df,25233a36-82b5-48a2-9343-ae84a3d499fd,pro,2026-04-14,,49
3a87d0e7-f340-4e5a-9cf3-3bab6b7d27a0,513eff82-10c9-459b-8e68-714e6b99e9ad,pro,2026-02-15,,49
f7a4c64c-b200-4eeb-8945-5e2d7811c03a,13c4d478-ff6b-438f-b6c6-398f875a4e4e,pro,2026-05-30,,49
9a5b4405-ed99-4ca6-8d87-884ada9bcb89,4a5deb5e-4ed8-4d85-beb0-774d092a957a,pro,2026-06-30,,49
655fbc00-64da-4ee9-9487-df54fa9c7a3f,8122c3b3-784b-4fe1-9810-00ccc9a2c65a,basic,2026-04-23,2026-09-20,19
f5feed7f-57d8-4aa4-8e1a-fc6b9ffc0dab,9600c95c-1df1-4c2d-b9ed-01beb818982b,basic,2025-09-14,,19
8b20e227-a210-4fc6-96d5-cdb7bdc0e31a,72f6ea85-9e9c-4cf1-90cf-1344fbe37953,basic,2025-09-12,2026-01-25,19
3ed08275-7d6d-4bb1-a023-e1bfdc94883e,2a4ea2a1-7093-45a1-bd19-929c5028403e,basic,2026-05-26,,19
cbef2f8a-93db-4b06-ac98-b33db8d17797,068ac7bc-7fa5-43fa-876e-2a31a918174c,basic,2025-11-22,2026-05-02,19
10d15d41-974b-4f97-9037-abafde485647,a6ab8241-b93e-400d-8fa9-53c6df3a3a19,enterprise,2026-02-08,,199
727ee22a-b1fe-4c3a-a53f-5b7e419bb1b4,219d5c3b-eaf2-42e0-a8ef-1c9ac85c471b,pro,2025-12-21,,49
64b170a2-0c86-4db0-8f8a-da633b0572b3,0cda3dff-4142-4de4-b8cb-af336c595680,pro,2026-05-21,,49
6b9fee6a-e60e-4e74-a557-2cc8e0c310f5,6599f5f4-a712-4188-947c-d5894c77a100,basic,2025-09-11,,19
d7fcec5b-03b8-466e-b321-bb9a88d49595,d7af8373-51a2-483b-9d0e-93f1df385f07,basic,2026-05-30,2026-07-26,19
8f2f349c-9ff6-45b6-b883-2c5eb2dc42c6,f9c48e74-e3b1-46a5-a310-4535ab7180ca,basic,2026-06-23,,19
5a1de016-d809-4b61-9704-6e1f18b51cb4,0577e822-5be8-4a99-83df-3f0f283a2a4d,pro,2025-12-06,,49
6e83c8c7-1ed5-4fd3-b09d-bc3aff3bebbd,ec889e27-541c-421f-96db-05025554b91f,basic,2025-10-03,,19
e04987fa-c7bb-4e77-bc31-5651da858f77,23818ac5-36d1-4450-8152-667b3d399102,basic,2026-06-07,,19
9d9e7d13-5a8a-4dbe-af7e-a8ddf18ea36d,7af70245-a587-4305-b18a-9bb56d1eac32,enterprise,2025-10-24,,199
cf1d2e54-706e-40b1-830f-dbf7f95bd024,93af2017-b8b5-4384-8f6b-9456ca3dee21,enterprise,2026-06-28,,199
3be99014-c245-4e55-90d9-10756b03ee7f,caae31fe-58d4-4926-82a1-02fc963cbe3f,basic,2026-05-24,,19
1b7bbd45-f7cf-4c45-bc74-13237fd60f7a,ea4c3666-afca-4572-bf99-6b8934bc2337,basic,2026-03-19,,19
20be4dee-efde-48ec-a7cd-1b0ac0672e78,e368761c-c848-4b23-a444-bcee3cb12021,basic,2026-03-06,2026-05-09,19
6fed3acf-aa7d-4d70-80b0-0175a0eece88,2a248e16-3bf9-4527-8daa-1c8d9aba0b78,basic,2025-12-01,,19
b555b08c-5069-40c0-94bf-bf5f38ec52df,34c606fb-3640-4d9f-8532-fa1b529cdcfb,basic,2025-11-03,2025-12-18,19
b31e0697-630c-4875-b77a-b04d4a9c0880,b0009619-6b49-4e91-919c-e35a132a8822,basic,2026-06-22,,19
55d1ea3e-6a75-4bec-88f6-5343eddaf13c,98d792b3-79fd-487c-afd8-3dceb3f89b55,basic,2026-04-07,,19
053af715-8985-4d65-92bc-0394b5610d57,4723c392-7c98-4c42-bbce-b129e4a34120,enterprise,2025-10-05,,199
bb0af0c7-7f55-4664-a406-d9ac4f306ef8,d4c4e667-e813-4f8b-969b-f1741710a4ba,enterprise,2026-01-26,,199
ac781cd8-91eb-4c43-b990-53baf600ad43,49a3a70e-e30c-463e-81d0-91ca037a825c,enterprise,2026-03-02,,199
e0a08b09-f4d8-4e22-bf8a-8b85e74eb4ee,a03ac236-5882-41b2-b9c0-6594cb9a33e3,basic,2025-12-10,,19
6f73066f-9139-4369-a7e8-df5cd4d6db6e,a14dc154-8b15-424a-80a1-5ec1d155c0fa,pro,2025-09-25,,49
baf5bc56-6459-47d1-ba19-f58d0065abef,7eb498ac-d36d-4eab-a731-0261b0b60d5d,pro,2025-12-09,,49
fe3297d3-ebcb-42c9-a611-29377e10be41,8961f61e-d6df-424a-b79f-a7fd97dd03df,enterprise,2026-01-04,2026-04-05,199
008498a8-04c0-402a-be73-0e9c2e1ba1fb,e6791aa1-d8f2-44d4-a466-bfbe086c73a9,basic,2025-11-15,,19
dcd91c6d-b9cd-4aff-9e10-209f221ef339,1ce5f66d-b1a3-495f-bb7c-bef074d007a2,pro,2025-10-25,,49
bf2af446-867e-40b3-a90b-1dc27c4a90a4,184829eb-e0cb-4b54-926e-f62a099f8f53,pro,2025-10-24,,49
fb4906c5-52af-4fd9-a5ae-ec36e44aacbd,c948f86c-ece5-43f6-89da-32b3dccb9b59,enterprise,2026-06-20,,199
43ede8e0-3845-425d-bf8e-afc082819f82,fed428cf-671c-4e65-b30c-5ca586b01c0b,basic,2026-02-10,,19
143fd9f4-4ec9-46c0-821b-83dccfc6b8b5,8bc47d7a-bbf0-4e93-8a1b-81e989304d58,pro,2025-10-21,,49
8d21f3e4-1d0b-49e2-aefb-78a80619ba38,19012c78-773e-4892-862f-a26557d3fb67,basic,2026-01-24,,19
5f2569af-a6e0-4308-b273-1d2caa707b6e,739f348b-1449-4a88-9649-f0cfc92cd3de,basic,2025-08-18,,19
87cea94d-542c-4887-93bc-243529766436,1d6edfdd-8351-474e-9178-a2cf16252baf,pro,2025-11-15,,49
d0e57ae4-84c9-4cb0-855f-d1f12e728601,1fa49d2c-1dac-4829-b0b8-abdcc0c260dc,pro,2025-07-24,,49
a058688d-ce39-4a4a-b194-fd1389d61d97,ae7ccb3f-53c6-4468-88f1-179546ea26ac,basic,2026-05-16,,19
91f9cdb1-f572-411e-8071-ec9fa3b23eaf,a41b63a9-bc56-4a5f-9c19-c360b97122c6,pro,2026-03-13,,49
2f2a49cd-fbd2-48eb-8c1d-c01674c9857f,572e4e09-399d-4e1a-8291-3775a6b84bc8,pro,2025-12-22,,49
cea1d785-8d0e-4123-8d19-932716ac05b6,a8e5660d-2122-41fd-99cd-2fbd84dabc34,basic,2025-12-13,,19
1694c094-367e-41c3-a2f8-a9f8b48e78a3,d7074744-c243-423d-8954-c320be41d3d6,basic,2025-06-30,,19
d9d4746a-1bed-4595-9f49-0639cd13dd21,bf5e1d9a-0f5f-4596-ae92-b6f119cd8a14,basic,2025-12-05,,19
2129f474-ddee-459a-8494-a5502312af4a,b70b00fb-a20d-4724-b9a1-5749a80a8fa1,basic,2025-09-16,,19
9245bf1f-5514-4984-804e-db0c8b19c68d,4fc28b90-5399-4b90-a630-69f3ab32296c,basic,2026-06-16,,19
0f7b569c-c395-4d05-9037-8a2807cd9a64,36f9c4d7-db1d-4739-ae6a-89129f6531fb,basic,2026-01-01,2026-05-30,19
3f77b4ca-3f7e-4e77-8c23-bfd2c4dfb46c,cad10821-0532-4122-9500-cffc1122afdc,basic,2026-04-17,,19
412f2656-7c17-4c60-a818-d2a99617799f,a68a9dc0-2cfd-457a-8233-8f1725941a8b,basic,2026-01-09,2026-02-20,19
9d7c543e-eda4-49a5-bc9a-b2c266960a1c,6af1d799-c331-43b2-8411-e3b92f92eeb8,enterprise,2026-05-31,,199
00c86142-0f1c-4752-ac1a-3778a7ed57b1,c577b2ff-cb01-4944-81ba-f1460f20afc6,pro,2025-10-29,,49
c8ae9892-cc33-469e-8628-74e2b60663d5,dee08e1b-caab-4155-aafc-761dfa27865c,basic,2025-12-12,,19
4f4b9c0a-b8c0-4629-b6e9-0e181e2a5dec,d40f8f56-0be0-458f-ac61-11081dd54575,basic,2026-05-07,,19
f53d5b13-415c-4408-91df-6cc5705b44d3,f1815105-d67d-4700-9f35-a1b21388c206,basic,2025-07-01,,19
22cb5250-cfc1-494b-9c3a-65f865a00ab9,611e0758-4330-4622-b863-167547abe9b7,pro,2025-08-19,,49
c5341845-472b-4a5e-9cce-c379cb5bcb78,2eda3867-9f99-49f7-968c-055de1207994,basic,2025-07-30,,19
39af3b94-ec5a-49ed-aec2-de83c377e250,6337a3c7-d4a4-4906-8dbd-4eb19950bfbb,basic,2025-07-05,,19
d730a987-3bcd-4a8c-bed7-0b479c6c145a,dbf1b01b-8f7a-4073-8b52-6b14c8fdd16c,basic,2026-01-31,,19
9f39507f-2e00-4f1e-b335-3831c3b27793,b329ff95-4282-43a0-9847-846134fdc038,basic,2026-02-10,,19
22d38c4d-1d1b-42f1-a772-3206c6c07ec2,d3862a55-e9ab-4d16-ab36-728ded64f8c1,basic,2026-03-23,,19
f991ade8-5692-4cea-8c4c-16e7fe201f9e,be6aef5c-e2c6-408e-a612-5a72b41fd23b,basic,2026-01-14,,19
96c505ba-34f8-4363-90ed-455f6c59e220,7fe96b48-3c49-4ddc-aaf0-3d48d6cd11b8,basic,2026-03-24,,19
66c3a775-aff6-4b18-8498-67fa6ee32e8a,488b5ccb-2194-4316-991e-c57be836e71a,basic,2026-03-02,2026-05-28,19
83a596d7-5f4d-4a90-b1a0-5d8128987b60,08a34429-1b10-48a1-9359-9735ce3f1df8,basic,2025-06-12,,19
ff61c384-d34a-4a6f-bae1-63fc7ad1ec36,889a6e1d-eed3-495e-9afa-1cc889ef8a4f,enterprise,2025-11-13,,199
47271049-def8-47f0-b392-85939e91f81a,3df035a9-f5c6-4788-a31c-773d0a6a486c,pro,2025-07-21,,49
4d62a7eb-1293-4f5b-8467-d5f43fcd3c07,4aa7e0c5-651a-49c3-8f3a-6d2313df6a81,enterprise,2025-09-24,2025-11-14,199
133be866-ef30-4742-9724-c37dd8dd1da8,f0de4c93-8a59-42ec-bafe-eec76f6ce2d0,basic,2025-10-20,,19
9d84795a-e53f-459c-bd32-84f478293ce9,d27f7574-44db-403c-8c91-78c9769562e9,pro,2025-08-23,,49
921f7a0a-6dc4-4ded-b54a-42e7e44c749d,85b1a3fd-f9a8-409d-8f68-94ed6517f963,basic,2025-10-14,2026-02-04,19
28b8007f-d92c-4286-8d6d-9b0d4bcd90c9,7ddea25a-83dd-47fa-b827-037e58b76514,basic,2026-01-09,,19
488faf92-7893-492f-8ce4-b37815818b0e,48c1bb4d-ffe6-4621-945a-afaaaf1dcee8,basic,2025-11-21,,19
789e06a9-9071-4652-be09-b2e35252e449,ff9a8957-35a2-490c-881c-b449ee33ea5e,basic,2025-09-19,2026-02-24,19
768dcfe1-a70e-4f06-a94b-23a7ce1f1e36,9316a02f-48c9-4c1b-86b0-84f78eddb7f6,basic,2026-03-05,,19
c8257f6d-5420-4135-8972-f26775259359,2a5273e7-328e-4e4e-b2ac-9d1ebc89e6fc,basic,2026-06-11,,19
86742a9b-a870-4ceb-bba2-7b1314ef7c06,ba3eefeb-0505-47fc-b10a-9c9b6b7e3d0b,basic,2025-09-05,,19
e666fb74-e78a-439d-8b07-7cc0202de8ed,76c2d217-0346-4b04-9c54-97c592ab6948,enterprise,2025-11-23,,199
a8c817cd-a1a2-423f-84fb-71981e7dd6b1,4ca3950a-cee5-4867-85c6-7379e7478d70,enterprise,2025-08-05,,199
5819d921-d78d-4807-ba2a-8c46284bfeea,5647b42a-3c29-48fa-9be3-a26cbfb9809e,enterprise,2026-05-15,,199
81d3bf4c-0597-4d34-8bc3-1b4a148300eb,ec098508-8a2e-490a-9e18-ed26c17208a5,pro,2025-07-16,,49
50f5807f-26c2-4bf4-b04d-8e99c346172d,2c6c04e3-c594-4f32-9d74-3875b532eab2,basic,2026-05-07,,19
b3f0ec84-006c-4a47-9fb9-95f41d56eda9,aee188e7-218a-47ff-9bb6-711cef2ea998,basic,2026-04-12,,19
96bf63c8-640e-402d-9e0f-37a5d73ae58a,e8e3c2b4-ab7c-429c-8c1f-688e32c59c5f,basic,2026-05-19,,19
8c5f313b-43ad-452f-bb16-0d51c4dfa502,9fe29ba2-12cd-46be-adfe-845c6b076b99,pro,2026-05-12,2026-09-04,49
2af2cc70-329c-499d-aec6-62a9321109f6,0a7e743a-5c0a-4205-a5b8-053a7b6a46ca,basic,2026-06-01,,19
7f36219f-784c-4f8f-8d0e-45ce01a48439,7b0ab95b-bb94-4cde-8378-ba8d318ba88a,basic,2025-12-18,,19
67810a5c-eabd-4808-a47f-fea362e799ec,01b4bd6a-0b79-44f2-8e95-917ebd211c73,basic,2026-04-15,2026-06-16,19
ee86db82-37c2-4e2b-aee4-84e9cd8b4275,bef2e586-bf93-4929-99a9-608a440489dd,pro,2025-07-22,2026-01-02,49
2b3d5bde-fc7c-4ab5-8d0f-9e0b21a266d2,c7a7d59c-a840-4b50-807d-50e0bb7683c4,basic,2025-12-22,,19
2791fc1c-29a8-43d2-9798-bc6b106736d2,a7b334a7-355f-4df3-a994-bb9d9e506ef6,basic,2025-09-13,2026-01-17,19
12838bb7-6ac7-4152-9c07-cf75deb0036f,e401e023-7871-42ed-9e26-ae2d032978ab,pro,2025-11-17,,49
0ce45986-f57b-4fee-9cad-2abddee6fece,71fe599a-0779-4755-a211-3022dee44d41,basic,2025-10-04,,19
3d8e1cb2-d9af-4412-8cd6-4bd79f12f17c,f4f87674-2af4-4235-9bf7-3fd9303a2c92,basic,2025-08-02,,19
621def70-f31d-406f-9c3c-6e20b4e379aa,d466fa7e-e8cb-427e-9cd2-f9808a299599,basic,2026-06-08,2026-11-12,19
e2c7286e-5b8b-4888-89cf-da0d43678a46,b551d922-aa87-4fe2-80f1-f1ea3eba7427,pro,2026-01-09,,49
806172e5-df81-463a-9f4a-bdc158736c81,a74acd6e-1101-4288-aa8e-0415c78c7497,pro,2025-09-10,,49
fd65e891-34c0-48b5-b4d9-f9958542a290,ec6ea120-be82-46f8-a249-4874c124caec,basic,2026-06-02,,19
3066ebe9-87ff-47a0-91bf-cf57c4f105ec,993282dd-2b9b-4556-abdb-7caca773be25,basic,2026-05-05,,19
8144c51b-ffad-4c08-a419-a783839f9604,9b4e35d4-ccb9-4a4f-b3be-3e962e5d49f6,basic,2026-04-06,2026-05-06,19
bf2e9539-7fb6-4563-83a1-96874e389e0b,f78ab87b-dd4b-4f99-9bfb-5bbe2e343b7e,pro,2025-07-15,,49
8d34e13f-fc5f-494c-9a3f-0056dfbaba11,3b5452b4-44cf-422a-804f-331630879327,enterprise,2025-09-09,2025-12-02,199
e4388605-fe71-4d63-90a5-99dbb60014c0,db0ef983-792b-4e65-b984-c7ea32926070,basic,2025-09-03,2026-01-05,19
bf42b358-d038-4899-8c63-ae5b1b09a8a9,f805e0f5-df45-4b3d-a5c6-a4eac156a129,basic,2025-11-05,,19
7732235b-75aa-4409-8f7d-7f703d431331,40d74f13-6405-46eb-802b-b9ffe005cf4e,basic,2025-08-12,,19
40e5e732-8c42-4109-8fca-e980ab0de8c8,dd38ce8e-7024-4491-a75b-11b30c915228,basic,2025-06-28,,19
fa98cc47-089b-422d-83b8-4f30c2c90f39,4b0a247f-c529-4e45-a675-386c2da8dc14,basic,2026-01-04,,19
831a1818-f9e6-4ebd-b4c1-bc9869673215,c7ae91a5-3d01-4f30-96ab-f0f735e691e1,basic,2025-07-22,,19
b1973c1b-7b72-4b64-a434-7c9929019e6c,fe9024c8-638b-4c05-9f1e-1b6e8b1ed2b3,basic,2025-12-04,,19
35ea14e1-1244-4baa-8b1d-a8b2336b555c,8b2a41f2-f9b7-44f0-a258-e759d9d85857,pro,2026-04-24,,49
4eca3357-429c-463f-92bb-efa3399c8913,0b94dd09-901a-4e9b-b923-00d2c362126b,basic,2025-08-28,,19
a29cc4e6-0e13-4149-98a2-b8a7fcc1434f,a69df098-607b-4fae-b9f8-f18b318f3498,basic,2025-08-26,,19
f234b7ab-e111-4b76-aed9-5fdf9f88cf35,a47a7a69-5647-4ff4-815b-36e6495edc01,basic,2026-02-04,,19
98d857f5-a9a6-453f-b87f-a5079f886878,7f2d514d-7a75-41db-9360-2187eb966afc,basic,2026-02-11,2026-08-07,19
baf16ddb-6e1b-4a1e-a741-7e88d5d2f5a6,afe8a2a9-8508-4320-b801-94b5e81182a3,basic,2026-04-25,,19
1f0c2075-75c3-4ddb-af97-b0acee0abde7,850a1a7d-e15e-49bd-8da1-2ed9cda3d45e,basic,2025-07-06,,19
70552c46-165f-464a-b156-5eca84d0f752,2a29b4dc-efd8-4f9a-9b93-b2a52e9fe46f,pro,2026-04-11,,49
94ef6398-aea1-4efb-8575-ee70290a81ff,0798493b-3db9-4769-91ac-d4fb6d26358d,basic,2026-01-23,,19
cbd8927e-23cd-4d4b-913b-c46588d1f03a,2622e796-208e-4dd4-8ad4-0eebcd8637fa,pro,2025-08-16,,49
762c8dc8-5303-4db3-84f2-e9314a7a7831,a3a3456f-ab82-4b16-a1e2-29b9f39a788c,pro,2025-11-19,,49
30f12bab-8254-4d17-9e05-a66e8fb1c228,bb9978d0-5e1a-4e28-9921-69e9709d0007,basic,2025-07-13,,19
1b405123-0239-4118-b8e6-0a958059c2e9,8abd3b19-1d6f-407d-9c49-609a56b763d1,basic,2026-05-22,,19
baf66145-7d9f-4f6e-8ef1-b2f49b9300e6,b665b45a-cb5b-4864-8a47-57acd274f5c2,basic,2026-05-15,2026-09-09,19
59691d7e-afb2-4ccd-abf9-51c41f307409,87d26ee3-fec0-45eb-82b8-8df28e2cd563,basic,2025-08-23,,19
f1e7183e-4f40-4d40-a989-f6dd13829d65,1ecb071f-32e4-4542-82fe-ddadbbdae49b,enterprise,2026-01-01,,199
8902fc1f-cd97-4fe1-b8cc-1de0664bd04f,42debfff-7c25-4fa8-917d-132a1ba995d5,basic,2025-08-19,,19
d5a48273-17c2-4730-af52-ac11d030a3d9,48276bb6-098a-4db2-b5f2-8a8ad8e2a14f,basic,2026-06-07,,19
887e275e-5656-471e-b809-5b0cd6b08cb6,e046f802-bed3-49da-ad72-2a00c22fdeec,enterprise,2026-03-31,,199
1788b7c5-1e34-4f3f-a841-59e3ab5bde89,94ff35be-a7c2-479e-8add-853546d67cf9,basic,2025-11-24,,19
d44a09fa-18c2-4c85-91f7-9b19240bb17a,fdf0cec4-e2ea-4410-90f3-252657d77a2b,pro,2025-07-03,,49
a32e35c1-d3e5-430b-b917-c44cf92a52d6,d5b63af2-06dc-4a77-9a0a-9fc0707c9e3a,pro,2026-04-19,,49
92507b4d-a06e-449c-9f7d-c8dc56f49db6,1fc40d69-60c8-41a6-a3f5-6a40c71a57b5,basic,2026-04-25,,19
f30ac437-9b55-423f-86a3-4f05ec12ba5d,38a15fc0-b1a2-4521-ba46-1d1c43597bae,pro,2026-05-28,,49
c8051365-0286-41c1-8e2f-8cc1c5bad470,9b862548-2f3a-4764-b358-73e5f0cea76e,basic,2025-09-14,,19
91493a3e-88e9-451b-8185-3a1a1ce86177,fee73f3a-0412-428a-8067-e1a7e25e8432,enterprise,2025-09-18,,199
cceba2de-18ba-4b0c-8785-7457780bf1d7,9614a06a-950d-4a90-9cf7-8ffcacbad101,basic,2026-02-18,,19
ca8aec7d-8517-4421-bf9a-3e11e3ea413a,07b21bae-80a3-4fea-84b2-a41c97f808f3,enterprise,2025-09-07,,199
0c6c4b41-0945-4a76-98e2-b103521097d1,e6852318-c26a-4151-8ec4-77d1d9c572ef,basic,2026-03-22,,19
a089cd6f-b169-4c04-881d-bb1e00868317,1a4dd7ac-c0e9-40f0-a0fb-b7c0f0dc2634,basic,2025-09-05,,19
f3514f97-1f04-426a-80c5-d4e5efbd3e7f,d34553da-5207-40bd-80c9-b512868dc154,pro,2025-08-09,,49
51f7bbee-5f9a-430f-9aeb-2ad15346a893,0d2d856a-4d0c-4756-b71c-61a11cf1bb7d,enterprise,2026-02-25,,199
bd570715-64b3-4559-a65d-47a4331a73af,dc538254-3d92-4ec1-a36e-1ed667425fba,basic,2026-06-18,,19
8062fdd7-5b37-448a-9a2d-e70a7857af40,8806d9f5-f9e6-4d51-a6fb-b9735a5321d9,basic,2025-06-30,,19
49e37802-0062-46e6-890c-9007ae4a9bf5,5db5fa1a-a56b-400c-b14e-46c382b06003,basic,2026-03-17,,19
05910881-0c0b-4358-8a51-dd22512a384c,9735feab-9bfb-4793-9bce-c2021b995d24,pro,2025-08-24,,49
9d474a47-aeb6-420a-a039-fbfc14954fc6,00a3585a-f154-411b-83a5-90196cfa3c74,basic,2025-06-10,,19
fadd2459-35c1-42fa-92e8-9c940535e1ab,533cbfa8-5f19-4468-ac34-f6b7fb2c3dd5,basic,2025-11-29,,19
2e3d3e33-abb2-4e7d-8eb4-8a2875cad1db,dab67774-c727-494e-b94f-7524b618b184,basic,2025-09-10,,19
d25710de-0dbb-4fa9-aa90-3b16449534c3,a0dcb03a-e890-4809-8225-c335b0697b60,basic,2025-10-25,,19
b28c9087-7b95-4143-916a-7d57bd8696c3,03a7865e-870e-4b9a-9327-b564f28ab719,basic,2026-02-26,,19
53dec6cf-822a-441c-ba8c-d3fa85908470,47e12808-6569-44a6-afcf-237b797800be,basic,2025-12-28,,19
2bfbdc61-a04f-47ef-892d-cd41887e5c00,ebdd7ebf-873f-4c4d-950d-3e82097b2d8b,basic,2026-05-23,,19
c502077c-397f-4de2-a1c9-94224ed74fb3,b1e86061-ea25-4769-b4a1-1847701fa35d,basic,2026-02-02,,19
afd75e71-e2d6-4937-bfc3-17df09d8ee50,ee86026a-93b2-4d66-a665-38847303eb16,basic,2025-11-03,,19
a05ef78f-f013-49d3-a29c-48d1b2c96a7e,8794049e-02f6-446e-a5f0-a714c1cbee6b,enterprise,2025-09-22,,199
9533d1a6-571b-46b6-bc67-2406f499f740,4fac3718-ba3b-47a2-bb44-0269457fd0a7,basic,2026-02-05,,19
67d9bfe8-8e09-47c6-9533-64f8e0cb960b,956306ce-7654-4075-b2cb-acef2a4d99e2,pro,2026-06-05,,49
c85e5edc-70f7-43c1-a709-43500ff94f85,eddb6536-5663-4436-a218-16e02d2a44c0,pro,2025-07-27,,49
e705d85c-fddd-43e0-9e78-5d46f4b1838c,01e68bdb-0426-45bc-933a-b3f30f4f9999,enterprise,2025-08-10,,199
7ca22598-84de-4c4e-a70d-160c63828304,159f1659-35cb-4476-a09a-578bad91a1fe,basic,2026-02-26,,19
c74cfbc0-8e83-4955-8f84-55a1c46f9152,4b9516cb-cfb4-4462-b84b-5f5a7e10f5c7,basic,2025-10-17,,19
e192166a-9606-4811-820e-00fae42bb16a,97068b5e-d83d-4fb1-8a7c-b0b9c4df1b46,basic,2025-08-30,,19
d08fe6cd-921c-4bfc-b297-0d6b681e9139,9ba05ea5-13ce-47f3-8b7c-3aefcd681aa8,basic,2025-08-11,,19
bb603347-a901-4a25-930a-50c057aca9bf,0171fcda-3882-4155-8dc1-65dca5cde941,basic,2025-09-03,,19
738c50be-bc38-4a4b-a43f-33255b351dd6,8a4ed33e-e23e-446a-905a-7c7271ac1bd6,pro,2026-06-18,,49
d3d2847d-cba3-4925-a6df-d4480db16fe3,3b01aa71-90ca-45f7-a810-ecb784ee89a9,basic,2025-07-15,,19
75a0fec4-867e-4e5d-be5b-48e7e5202f07,5141564d-b5d1-4358-aa39-cbbfdb085c26,basic,2026-03-10,,19
2bde7c92-fb9c-4365-9e7b-c57e3b771f0e,51d7daa3-3314-46b0-b283-e6c84ecdb8c8,basic,2025-11-20,,19
b9a25b59-8f36-4697-8fa7-b5bf8bc5c0af,b9bff7df-8cff-4a40-9e67-bd503ebd1539,basic,2025-09-13,,19
221c0889-04b0-4655-a6cd-ef49fbe8cecf,a1336903-1086-4d72-83a6-a2a6069100a0,basic,2026-05-26,,19
b32e0180-8137-4340-9a89-6e61e2a6daa8,6b040224-c3ba-4573-bb64-3b394477c2a1,enterprise,2026-02-22,,199
0ba5156e-6b6c-4ccf-bcff-5450710393ef,09b0e942-a03a-44a9-91c2-adf54c75a3d0,basic,2025-12-09,2026-01-22,19
9035f5da-0ef8-423e-8fdb-22d58011ff51,307dcb0f-85c4-4813-bc04-fd0c95e3ccb0,pro,2026-06-22,,49
cda46016-3b31-412a-b053-1264c015bd49,ccbff397-5670-43c6-98d7-508bdba92f0f,basic,2025-12-13,,19
7ce8b05a-df45-4923-958f-570224e4f34c,b7814f19-ce61-49c3-a045-96b8fcf090e9,pro,2026-05-28,,49
93ba9086-20df-4bdf-9a14-66ace9e35bf7,3ee68b09-d486-40e5-93e3-62c56a33c710,basic,2025-08-20,,19
50c2e669-7d9f-4ac5-9fbf-b85f6f1aab76,dfcb90b3-7be8-43db-aa5b-b301d9d4c150,basic,2025-12-30,,19
c7021f9a-a78d-46e8-96ec-30709be65e85,97f5cec3-c712-4348-8e85-fd8d26cfa2bb,enterprise,2026-06-15,,199
99a7b6ed-9c06-446b-b9cc-dfe9a59c15cf,fcc5f0d6-2ad4-4c5f-abd5-6cbd9ce11af3,basic,2026-02-19,,19
6993641f-73ef-4ad4-8d30-28fa1d1a6a8d,efbdeea3-394c-4a11-a57c-41efaa4c3ecb,enterprise,2025-10-03,,199
36dbd7d4-1c42-4aec-92b2-3f3d6cd581e8,89bf511f-e12e-4dd4-8055-c03348153696,basic,2025-10-17,,19
335a6ae1-868b-48fb-ae7f-53b5855bb485,4f7ca8e9-5c09-4657-b22a-4d997c271c76,enterprise,2026-02-17,,199
a6ec3c22-e476-43a1-bbff-f41262da0ee6,6cc85b40-0e19-4e44-820c-ef1051bcd770,pro,2026-06-14,2026-11-07,49
81457883-71bd-4a60-92ed-149bad8af953,49c840a8-d8ba-45b7-8957-ed9265850e63,pro,2026-05-25,,49
556860ca-84fb-4522-8cf3-4443843da48a,1b744ac6-0f74-4365-8f38-a44ff7d484e6,basic,2025-11-07,,19
e35c791d-f549-4c23-8b1f-e26af1760a6f,18c7b854-8f0d-43d2-9b70-85d9b443ce35,pro,2025-12-16,,49
0965a3bc-3122-4e41-b058-48fe071a460c,657b5ba0-0ccc-448e-90fa-fe9637c6ab2a,basic,2025-10-20,2026-01-02,19
cbca5af4-53f8-4459-8c10-f2aa7ea2b11d,1d66ee3d-f48f-4968-b699-775657c99752,basic,2025-08-14,,19
9b8e09c5-6abc-4f7b-98ce-1623784d9f40,b132d8ac-4e01-4b45-a24c-27779ebad3e7,pro,2026-06-15,,49
76c8a7d5-6943-4022-ad65-cce80e652173,c0c915a6-5406-43f2-bbf0-7591ca6876a1,basic,2025-09-18,,19
76508c64-9f19-4980-a30f-8e32fcde1c4c,de6bbdbe-93a4-47bd-98b8-ce744be5ac5b,basic,2026-01-16,,19
ef6505b7-a3a3-465a-ad03-011bb273c101,9a653c4c-0930-48b1-ad84-da841e59abda,basic,2025-10-11,2026-02-28,19
05239118-81ce-4bf5-adcf-5c9112b73607,bd400063-b1f1-4ebb-ab96-ba75be35732a,enterprise,2025-10-13,,199
48613c7f-a387-420f-b816-a89ead11728d,d020b90c-7a87-4082-bba5-fe724778588f,basic,2026-01-24,,19
98531deb-724a-4824-834b-0f4a232602c2,b7277e44-9d65-4159-83cf-c59eab1ba675,basic,2025-09-29,,19
af348633-8841-44fc-8316-a02859dae0a1,1a3854ed-166a-4a2e-9ed7-4a8e612c88d1,basic,2025-09-20,,19
4773c6fe-7d12-46eb-803f-1a922d1a0a12,fb9e24fd-f88a-4b36-b54c-c596156d7619,basic,2026-04-16,,19
184fa50a-ddfb-4c00-9c91-1dc7ac9f7292,52ece68b-6483-4cb7-83a1-f93af604c6a2,pro,2025-06-30,,49
f0ec74b6-aef8-4bef-a1e8-8710127efe8a,59d2e0ba-22e8-4474-b3e2-c91bc15adc75,basic,2026-04-05,,19
198427db-7ce6-45ec-8b3a-e7e2f3b9c424,00a86b4a-f522-45f8-b646-6110d3564731,basic,2025-09-10,,19
b3894fa1-f0fc-4580-8aa7-9bd76efa95cc,666ff270-5127-4bf8-9b5f-0c6c38ff84b5,basic,2025-08-23,,19
2599d9ae-566d-434f-beda-7e4bba9e5b0d,1c3212e5-b366-4ad3-9b9b-f51c77a9f35c,pro,2026-05-30,,49
db2a500c-6473-4d7b-bfe9-3eaf6102e5ee,0408097a-06d6-4472-bec0-994dc1718519,basic,2025-10-11,,19
d7998015-6684-48fb-a4e5-c0c2906a5d6d,c129ee7d-c1f1-41e8-8307-fa64ef214b81,basic,2026-05-25,2026-07-30,19
d3b6740b-f772-46ed-bfa9-be10a151aca8,3b19b151-90ef-496b-8580-8422e7704766,pro,2025-10-27,,49
ebc4d8c7-9ae9-4ab9-9290-74bc2794399a,1b7757f1-ef6c-4bb2-bb2f-022629018ee3,pro,2025-07-23,,49
d1a9c151-8328-424d-9772-5f920758c44c,46ff1217-6a85-4b98-bfac-0d20cd6006b5,basic,2026-02-03,,19
0700f6da-138b-4637-9aa0-a689ce50743d,a9072044-cd2e-4785-8d5b-8ffcba18deb1,pro,2025-09-12,,49
2d9c09e0-1475-4fb1-b3d5-626265ec3bc0,9deda545-ea6f-4c38-bd39-dc8bdd7e8ea7,enterprise,2025-08-04,,199
12acbfa7-dee1-416c-8fcf-d1539329f3ac,9d17a2b5-d062-4a18-8008-5f08aad4e021,basic,2026-02-05,,19
2ddd7b62-6a8d-4d81-8466-00fa0a74e7f3,233bc321-732b-4a63-884b-d570fc4719a7,basic,2025-09-20,,19
bfab9f16-4af9-4e88-9e20-b82a465d6063,2eed98ae-c970-4917-a0cb-e68a8fd5d94c,basic,2025-10-02,,19
0ef30a09-49ae-4d3f-9bec-134caad5a7ba,98146a3e-774a-4723-88eb-b4fb47693f2e,pro,2025-09-22,,49
32c9c1ee-3b13-471a-b306-9fc9787bac23,eb065d9b-6199-4d0d-916f-7becf7ceb5ab,basic,2026-01-31,,19
6944460a-e82d-4a9c-b7ee-ffd240c36841,7e71fbcf-2f9b-479c-a666-1337435b44d1,pro,2025-10-05,,49
18c0656e-1153-4564-b2f2-d349687b2ac3,65103a89-6717-42e7-89d9-583e57ad463b,basic,2026-02-24,,19
78b87d88-00a7-4384-a13a-e641402c3638,c1a1cf92-eecb-49d9-a940-820fc0f14a5c,pro,2025-10-29,,49
ddecb759-4d38-4753-b824-172dc1258538,7c24ad65-0b17-4fce-908b-e3953099df70,basic,2025-11-22,,19
131bad8a-1dce-46a8-bbea-eb64921d032c,5a1c11bf-d687-4e19-a15e-1cec59927a84,pro,2026-01-09,,49
946eb740-29d9-42b9-951c-a10d03f7d402,d46ae54e-3fa0-42c1-b28e-d5298560a86c,basic,2026-02-09,2026-05-10,19
120f30a1-8792-462d-a4c8-057fcde20978,e3824461-ce46-4561-ba4d-8f155d3776ab,basic,2025-07-29,,19
34416d19-8798-4a17-9321-16ff2bfdab69,1b5286e5-a2e9-4cc3-9123-909d4dd58be6,pro,2025-12-27,2026-06-15,49
5176647d-33c9-44ef-9cd0-3e9816d9ae33,8ce0bba6-b164-48ae-aa8a-55c9bfe432da,basic,2026-03-07,2026-05-10,19
9a3c5108-d0be-4075-b7f2-df9604255d14,3a8cb122-b06e-4928-a0a4-ff1490aea0bb,basic,2025-11-21,,19
ed402d7a-7ac9-4d54-a6ff-69e5a6af1006,ec37fc35-5fc0-4611-9a09-5ba4854fbbf8,basic,2025-11-02,,19
7dc38c74-6a8a-42e4-9fab-bf322ddf2eda,255bdcb4-39ca-4642-9e4b-4b597fc6427a,basic,2025-08-25,,19
12aec522-119e-44ba-a29d-45217ced77c9,b55ad42d-cb0d-4afe-b8da-b880b6fe50cd,basic,2025-11-03,,19
de8ba24d-0367-41cb-8c99-dd07e1ca7de7,e101701d-bd66-476b-8711-6fb827c88ff6,pro,2025-10-13,,49
3a4672c6-1e88-4f5e-9800-ea05a16e6067,cd6a6826-8446-44ee-8d7d-cef403e94db8,basic,2026-02-18,,19
e7cc4827-d341-4e8e-8579-d989ee05e3c5,98093395-202d-44cf-ab34-3bad13b78ec8,basic,2026-01-31,,19
98076b7f-3355-4611-8f69-1acdcdd2b452,87605864-3669-4a25-bb89-67d173005403,basic,2025-07-26,,19
064ba857-a389-4930-aab6-f1477cd362c2,4b5071de-dbe7-4847-aba3-eb4de8c80ec3,basic,2026-04-20,,19
40e9cb78-42fe-4070-8f31-11a3515e6a3a,67bbfb2a-a8db-42f9-b124-69b5279dcb62,pro,2026-03-29,,49
84e98c3c-6ff8-47f1-a8d7-aed6965056cd,5087814f-0c81-4ee0-a3c0-bfa9e34fae3f,pro,2025-11-18,,49
aa7eb0bf-2535-4c5e-9869-8e3a2a068927,ce180ebc-2b77-4b66-a04f-b9280305066e,basic,2025-09-03,,19
80ccd467-2f39-4ef4-bef4-82ae4bf8c028,60123fac-2928-435d-8e00-7ada562dff22,enterprise,2025-07-06,,199
aebc2985-e3b3-4e62-9032-10986a887004,f9941f4d-550d-4109-b9bf-9de02ffd3982,basic,2026-05-25,,19
292fc881-b97c-4ab1-85d0-2e5c32fcc10a,ec61b352-2991-4ed4-ac4a-9cd479d3455d,basic,2026-03-13,,19
3fd29d4f-7cbd-4892-89e0-cd89d7952765,3a570386-a852-4fb0-ba24-a20107fa5484,pro,2025-11-20,,49
cc2bb012-1335-431c-8159-1e32d038e39b,abf0a244-02af-4777-af23-37f7f1105c25,pro,2025-08-03,,49
b5c3b18a-065d-467e-a4bd-f487a48fd679,80b4d1fb-f9c5-4708-9f94-d8d9fa377747,basic,2025-07-03,,19
62192dab-1d8c-4128-a4ac-89ff64e62e28,ecd288da-31f0-44b9-b671-28a24ae7b7b4,enterprise,2025-10-28,,199
c893a21b-8852-4cc7-a7af-a44f36518c1a,650b9ced-6bd2-4b84-a0ff-c514d0f3b926,pro,2025-07-19,,49
36e1d056-190f-4d70-bee5-ec4782248403,b1082639-8aee-42bd-a996-f5b31511f24b,basic,2026-05-13,,19
05038110-34f7-4e68-8a57-af8a7250d5ef,9b8e9780-cf31-4ed8-8b8b-0696177d9cc8,enterprise,2025-12-11,,199
e7174b4a-7e43-4f23-ac04-4dc756ec9052,3397006d-b12c-45b0-8832-4a648fde1a11,pro,2026-06-04,,49
8b78bcf1-ccf7-49d8-baf6-069b5cc0e8ff,85d15997-8ac7-4886-9f3d-2e5fcd907c6f,basic,2026-02-07,,19
401473f0-fa35-46da-bf96-7196ab53f8fe,c89ce7e8-7a08-4fd0-8ab9-7e454c48d8f1,basic,2026-01-11,,19
7f80ad53-73fd-4747-a0eb-949948c56a21,43244df4-06f5-440f-b8fe-7e1b5be16a59,basic,2025-12-01,,19
7a0d9437-a682-4d04-b2cb-a69dfa2e1664,310924fd-8d15-409b-9a1e-834731073b4f,basic,2025-12-10,,19
98e6442e-1e17-4e06-86b5-f4399975de0c,e9489671-7f9f-4d9a-93b3-e6c8652a1bd2,pro,2026-01-20,,49
a740c28f-754d-4e5f-a4de-f0f7a3451a59,1e7d58f3-cc27-4670-a34c-ba07f5566494,pro,2025-11-22,,49
2e0c5f93-ae39-4083-86e9-df20bc0eb22f,0c0ae8a1-3c71-4b05-be74-7f622f825a46,enterprise,2025-07-09,2026-01-04,199
f7a2785f-aa21-4a1e-8962-70e1e1423e8b,55e753ac-fec8-41c8-bc76-eb8e1e6e26a0,enterprise,2026-02-05,2026-06-18,199
fd6cefe4-af62-49ae-adcd-a5aef58e56af,8f4ef476-3a30-4b1f-8b59-90107e2969c4,basic,2026-07-04,2026-12-27,19
279c1307-8821-45ee-a301-d642e0fff374,eedf648f-6046-4c3b-8c9a-0d05ceaf631c,basic,2026-06-10,,19
c73653e8-0429-49ee-95a5-9fdb6c366f28,232dbc9e-8188-430f-8077-cac007b0fd60,basic,2025-11-11,,19
c8030eb7-c320-4a47-ab3c-b19ed07ee7ee,b8702597-4bbf-4384-956d-d3c2ffebdc8f,basic,2026-02-03,,19
966e9fd6-220c-4d44-bf7e-c28e2759574d,c4323587-9184-4417-bdaa-b8b74892b897,basic,2026-05-29,,19
1ba29ee0-917d-4903-bfb9-d18fe8722a00,61bfea8d-57fc-4422-b44a-8ffa1bc11a68,enterprise,2026-01-05,,199
9bb531e9-11ce-4c24-9491-d57851ac0dc6,8917d503-595e-4f93-ac15-4bef6bdab0ed,basic,2026-05-11,,19
74b53e69-a8e2-494e-8290-b2f285c3cacf,de22bc60-540a-45e0-b1e1-a5f8f614f775,basic,2026-06-09,,19
77f3dcb5-b319-468a-a1f1-9946dd63b53e,f8d8a63f-2cbe-44a9-986b-6368d17ff86a,pro,2025-10-19,2026-04-08,49
24644a5c-1a1c-4595-876b-5c4cef2ed541,27572569-309c-4599-bd11-c22132276456,basic,2025-10-27,,19
7c605727-49af-48bc-9bf4-e3f1154a95be,6b89e5d7-fe8f-4b34-b624-a243d1143be2,pro,2026-06-21,,49
de40597a-7d90-4e26-a4f9-d79e5c3054b0,095695a7-520d-4766-9ddc-1b87d2d9b7d1,basic,2026-03-01,,19
67560f33-75d4-4e8c-a8cb-e6c83ec22dfe,47ad6f4b-44a1-4751-9d2c-c5d1f91b71a6,pro,2025-09-14,,49
729854b4-28b6-4c45-a51f-798b0e79a534,a723fd96-ba5f-430f-b9bf-a38465757677,basic,2025-09-01,2026-01-25,19
c1f157e0-f126-4291-9d06-2a10ed281b15,c4e5a77a-01da-40bd-bac4-6359edbe564b,enterprise,2025-10-08,,199
37b85311-4481-4702-aa22-2bd7381c46ab,505037a1-8fcc-4dad-a7eb-248ef450c1be,pro,2025-08-21,,49
a0a75b2b-9c59-4220-858f-05684ece29da,d983e907-57c6-454f-bb64-d9b8b13820e0,pro,2026-01-06,,49
1fb28bef-8e6a-4ab0-b89d-bf918220143d,a64dd3dd-de5f-406b-9f8d-2c597c6ff485,basic,2026-02-15,,19
bce67c24-7f6d-40c9-8866-6aa1c8c3cb59,572d3208-2840-4df8-b2b0-f9b625869660,basic,2026-05-19,,19
21ead20e-8284-4667-a141-1d6a0aa32bdf,9637faf3-03b4-48f9-b154-dfccef85d770,pro,2026-05-04,,49
bba65cf0-039c-4e6b-831c-6505b5253f39,25017f4d-f9a0-476a-9959-34c9554a33e1,pro,2026-02-02,,49
44919640-8bcd-4dd1-90b2-62d639da7537,a1c101f3-6060-43fb-aaea-bed36418940b,pro,2026-01-03,,49
d3fc0c2b-170f-4c39-b9f5-b0d8eae50978,78100c82-fd80-4eb1-8690-8050e048e1a3,basic,2025-09-08,,19
48e28c41-45d8-4522-8959-6271da4cd20a,f6a2d0c8-5b2d-4aa2-aa17-17fe711ee0f9,pro,2025-09-16,2025-12-18,49
54e7efff-cbfe-4382-ba54-0796ab4d2da0,402184b2-6751-4b42-be2a-6059f3b3d679,basic,2025-09-10,,19
1af7643f-21ed-4fd2-a1ec-60a501c5a038,63902590-ab0c-4bdd-84c5-f33bb69b8433,basic,2026-01-28,,19
e7ed3d45-b7af-41e3-88ef-9fc69d95a840,161261c9-aafa-4f27-ab8d-328a955a0bb7,basic,2026-02-07,,19
ecf0c301-ca69-4ecc-86ae-c8ccf7f4ccaf,6ddea654-6ee7-4692-9518-00ca9e0d7237,pro,2026-03-11,,49
5bf8a500-5df2-4c6c-b461-66e6798df6ca,94f722b8-941a-4182-bddb-b13294e07966,enterprise,2025-08-22,,199
b2453089-7a5b-4d7f-abc4-e1531b4ccd03,0527d38b-4849-4889-8f25-5f0cb0faf335,basic,2026-03-21,,19
39a5972d-8b51-41cf-a267-c0ddac423035,210e7133-50ac-43ac-8331-296d39c4c8b6,enterprise,2026-03-05,,199
84076b93-2a76-4c16-82b1-7307c79e316e,0e6ed341-af8b-4daa-93be-c4ac2094f430,pro,2025-12-07,2026-05-31,49
897d6de5-3205-434a-883a-44cd1f08af42,318a9a48-8aa6-4977-9a35-fd105e9f8633,enterprise,2025-09-07,,199
2512e964-58bc-400c-bc81-c488aea73859,73e136e2-d41c-456a-a43d-b99822ef5b18,basic,2026-04-22,,19
5af6d890-ba30-44d6-839c-4768bde29c3c,ceb4b663-43b2-4f09-9179-7f6f7c3c4107,basic,2025-07-22,,19
78eeb5e4-8fe9-4677-a3b0-498e35974e23,516847c3-99a7-4e7f-bc76-1cd92a4112f6,basic,2025-09-15,,19
ac036992-969b-4a05-bfb3-3a566b27bd4a,f19615f0-088b-44ea-bb73-33f889017ba3,basic,2026-01-15,,19
c4180841-c037-4f36-bdcf-3f5582f2b00d,efd4e335-fefd-4c19-903c-eba23737607c,basic,2026-01-02,,19
30882152-52b1-41c3-a671-644eb716682b,62dae965-8ed0-4a42-a649-789c9ed0f547,basic,2026-01-08,2026-04-23,19
a08f8eb8-1a44-40ff-81da-622975790aa4,ea5740d9-70eb-47ad-bba7-e3e018342925,basic,2026-05-12,,19
50a7179a-a9d7-4c85-a687-5535f941ce9d,4b04fff9-f9cb-4c76-ba51-2dd2fe5c6025,basic,2025-09-17,,19
8e4f388b-c510-40ef-8e60-cd5427f45971,6e118c53-082a-4f7e-bd90-ac2333f8be2f,basic,2025-12-21,2026-06-13,19
6b31a8be-2717-4ec5-b043-bef1cefdce84,4bbc90df-8724-4484-83e6-09b0aed82359,basic,2026-04-11,,19
f9fe955b-0764-4504-9f97-d5c86e0f71cb,879217a0-d5cc-4211-8d15-5057d8ecae12,enterprise,2025-10-28,,199
f019a541-a494-4a7a-a98c-dd7f644ddcdf,c47065ef-1450-47c2-b5e8-998f9dcc74b4,basic,2026-05-11,,19
9681f794-d644-4b21-add3-d5745affbd21,9d8c2001-b2ff-4aff-be58-f1e135894075,basic,2026-04-30,,19
c7dfa8b5-2e01-4a37-8cbf-b132b69a3192,5f62e873-6e8c-44b4-b651-72e2fb7586d5,pro,2026-03-11,,49
e1988f5c-0120-422d-8199-88dd7301b4aa,02cec222-6563-454c-8c17-4f97b0bf21a3,basic,2025-08-02,2026-01-21,19
5b56b784-7eb7-40e8-b14a-35ad401c0232,eab0fa71-5fbd-4da4-9818-383a9e10e2b3,basic,2025-11-07,,19
e8c613f3-d01a-47a8-8440-34c76b9d5659,8755451e-e39f-41aa-a407-a2128816ad90,enterprise,2025-11-30,,199
5f1808aa-7a66-4b80-8a62-0b420b2f0570,856fdbd9-75de-46f8-b263-296d53d60004,basic,2025-10-14,,19
cb6bd9e3-369d-4533-a11f-3c0e9715ae5e,5311d746-3568-4df8-991a-f66cfa1e6b35,basic,2026-04-15,,19
e6355e03-b411-4b9f-a6d9-12a6f1018826,82104010-8b5c-4c35-8fee-c76269af3319,basic,2026-03-14,,19
d4075e72-1f35-4f09-88e9-e1c2fcea1f38,987ef887-ebe2-4c59-9fb6-ce678c43a84c,pro,2026-01-20,,49
2dc2a414-945b-4196-a202-a438765089fc,f269f6f3-3bd4-43cb-9508-b0468ba61c3d,basic,2025-07-25,,19
718dd029-5299-4afa-b676-e00d26414ef6,dec1a8fe-4802-4828-9a2d-0ced0430da61,pro,2025-06-24,,49
aef40aa1-2984-42db-9b99-301cd4d15362,d35cfa22-f3ad-4f9e-9091-4ca69d5c9142,basic,2025-10-16,,19
0bf54a1a-722f-4759-9656-ea3affda45ac,144e8977-84a3-4e26-b474-42996a0a784a,enterprise,2025-09-16,,199
f7404e3b-e95a-42a9-a19f-87befe21d2c7,0446e17b-b181-4f70-baa4-cccfd6e1c2bb,basic,2025-06-17,,19
9b9f8978-7efe-4793-a42f-46d0303d9933,d0d39880-8edc-422f-8739-548f81c9c82b,basic,2026-04-26,,19
d45b9f1c-a7ad-4589-8ea8-9ea47da18bab,9f6d4a75-b31d-44ac-bea7-f14def0d1415,pro,2025-10-18,2026-04-09,49
8d81e778-2aa0-430e-96a0-b7c21e609244,5075c39a-eb75-4362-b484-c2cf259e1ced,basic,2026-04-13,,19
3619d110-295e-4cbf-8630-8faa71377dea,6a55a5af-6713-47b3-b6f7-6a87bf414091,basic,2025-12-29,,19
be38baca-3903-499c-8990-7f658629cba2,0d84b8fe-503b-49c5-a53e-17258fce20e2,basic,2025-09-03,,19
3f675cff-7b8a-4949-807c-aa4acc8d472d,aa6fc9cd-d04d-43ae-9ce1-b1f88d4f0713,basic,2025-08-31,2025-12-22,19
7cd1ae34-2dac-4ebb-a1c7-355bee306bce,a76d004c-ceeb-42c2-b926-26c2a1a9f058,enterprise,2026-03-28,,199
d4db9196-d84b-4ca6-b7fa-7a94490909a3,dcb7518d-9b52-45ee-9909-978e506c0258,pro,2026-04-03,,49
ea7b8bce-fc94-4de6-b299-074fd32d14e8,6f2b0cb0-4ee7-44a7-853c-b36230aa92c3,pro,2026-06-05,,49
2fa24b69-aacd-4326-aac0-12e36b037855,dfa9add4-e582-435e-a092-186c0f536322,enterprise,2025-08-01,,199
c98e16ce-9d7f-4849-8aff-446fb8c97482,1fa344e3-ecb6-47ff-9a4d-33427121ad67,pro,2026-01-04,,49
7773f4df-740e-4a1a-b138-f2d8d2f012ca,8cfb5cda-ad86-45bb-8c3d-3a675fd93b36,basic,2025-07-13,,19
d4628512-25a8-4e5b-950e-db70f68bc8bc,991ed0aa-eceb-4aef-8b64-1deb9c512c93,basic,2026-04-29,,19
1bb30fa3-1b9f-45f0-bd95-b86825c5eeaf,2eed2571-caa7-4abb-8167-4da7b100232c,basic,2025-09-08,2026-02-28,19
d5b85742-fb72-4edc-adbf-83a4596dccc0,4fa23d05-6704-4ee0-a08d-c6388f085e97,basic,2025-08-02,,19
3bf88077-758d-4ffe-aa2a-5a4ebbd9402e,2e2e6db8-0e04-40a6-8573-c32aef3cfbcb,basic,2026-06-01,,19
d7939146-08ba-45b0-9cba-8291d2ba216b,13890240-1d7a-400d-a360-54d2cb3b2b42,enterprise,2025-10-22,,199
b3898dad-54e5-403a-97f1-cde274e1090b,dc9d177d-6b4c-49dd-bc74-f4ea27292f78,basic,2026-03-03,,19
65fce3f2-b19a-4da3-8cad-effe07b8cc73,aeea2856-a5c2-4481-a827-4a12f800465c,basic,2026-03-23,,19
a3d12305-e7bc-491b-ae24-45abc436a30f,b53b460e-b6d7-4a33-ab9b-74f86ddb5482,basic,2026-04-30,,19
7aab88a8-f83f-4856-bd8a-99be9164cfcf,5101eb94-a96e-49a7-b5f5-1607e7e35a80,basic,2025-12-12,,19
3d7cc4b8-59be-462a-a754-a4297b0d5948,d39998dd-45d4-41fc-9269-5337af8676a4,basic,2026-04-10,,19
59873d55-909c-41c4-b3c0-a6a20e52685d,0f26cedc-0336-4d85-b050-38535a1ed40f,pro,2026-02-07,,49
36205892-1d42-49d5-b0a5-ad2c804b2c27,2549a9d9-40c0-41a3-ba62-ff9418d9d562,basic,2025-07-10,,19
0e21a93a-b2b2-4685-8ecd-f5f02034b8bb,fc855cba-78d1-4991-bcf5-bd9cbd1647d9,basic,2025-11-12,2026-04-02,19
2acf4704-c753-47bf-a3e6-68cf9a112d0b,10d63348-0732-4515-87fa-5b8884fae7df,enterprise,2025-11-07,,199
6f3b8f5e-593e-4e66-9902-e8d9add6635a,8de90f6c-b82e-4153-a4cc-d21faf788aff,enterprise,2026-05-07,,199
9be520ab-98a2-4456-9fb9-71fa25bc79f7,6e8d3281-4294-43dd-86fc-332a251396e0,basic,2025-09-12,,19
65dd778f-6d91-4111-b83f-094e82d314c1,4edafc37-cc43-4482-9998-1454d2b39917,basic,2025-08-23,,19
c9e3afb9-9b48-498e-a974-2c8229ee7c19,d40fc35d-9608-4aa1-86b0-29752845df49,basic,2026-01-23,2026-05-24,19
c12d14ac-5ea6-4b23-97c2-9d9f9017174f,d32a9a00-ad23-4e5e-8b6f-8fc381015283,basic,2026-06-13,,19
2caa0c14-678d-472d-ae1f-80cd3847262c,03919194-87ed-48be-bf73-9bf54f645925,basic,2025-11-30,,19
f295bc8f-86fa-476d-b18d-16acc2025226,0a5cbd70-8550-414f-8c87-eb24d8ae0ee7,enterprise,2025-12-24,,199
a67e3979-616a-44ab-99a3-1f478ef0e42e,ba1d26c8-2c9c-4ddb-9623-6e30719a7216,enterprise,2026-01-05,,199
3c323959-2c73-4be6-a105-c5362a1e2ab6,5b7c4031-6e66-4142-88e0-759a2f1883e5,basic,2026-05-24,,19
4f8638bd-3aa3-4786-bdf5-33fa55bdf90a,c9857882-4023-47d2-90b9-f9ba5cf5cfdb,pro,2025-08-07,,49
dbe7c6cc-eefb-45f9-ace2-8bc8649180bb,0e605986-998c-4569-a407-5edd5d65f409,basic,2026-02-07,,19
c330bfd9-053f-489c-b421-8dae99ebc1ef,7bb7341c-fdc0-46db-a5b2-dbb9fa0b55d8,pro,2025-10-27,,49
b84ceff8-1a18-4233-86a5-3ac612c971e2,a4564517-9018-41be-87e3-88d22554dfbe,basic,2025-12-12,,19
eeca3c23-6c4e-4fd1-8f57-b688cc0ebaeb,d465d4ef-7468-4908-bc03-32c57c1467dd,basic,2025-12-09,,19
a09c046e-d536-4201-8c1b-ad652c56ea72,7e27c7ee-63bb-4206-885d-a56bd89d2c3d,basic,2025-08-19,,19
0ac84a00-0084-439c-a3f4-087a3ce6bec7,31a41179-023d-41bb-b9cd-9185ad27a9f3,basic,2026-03-27,,19
50a70163-a500-4615-be11-9a2be8ed52d3,94a71dcf-f12a-4f19-88fa-a5eae659704d,pro,2025-08-25,,49
123c5b62-f983-43fb-a109-216d3fd6e92e,c4f1e408-51e7-4dd5-94a2-f03c3b6614d7,basic,2026-06-15,,19
3f311f28-b416-4b35-86f9-5dde42c7973c,80b5c60e-1557-45e4-a5ae-c3abc1635016,basic,2026-04-22,,19
c548cd07-0ac6-483c-9b72-7782c04a237a,71aed5b0-1499-44ad-80f0-80ea6fd8accc,basic,2025-08-17,,19
480d2eb2-33bf-4e31-ae14-93c25863dede,ac33a02c-de53-4cd9-8441-dbf0bf40f578,basic,2025-12-11,,19
c0950cb8-9a10-4d5f-9d1b-9e7df55ea8d0,3ef47f84-440c-4a13-ada4-26d4e31664a7,basic,2025-10-18,,19
4a43bea8-8cde-48c3-a6c2-7fc2ad52ab27,8682d6e6-3468-4661-9652-a3ad54b1b99a,pro,2026-01-31,,49
3165acb1-8da0-4c74-b889-2fbfae77889a,d8eb2c03-fd87-4a07-a39e-83fb0dc7fb1f,pro,2026-02-25,,49
9e009001-55fb-4f7f-9c1a-0eb68bb38334,d336c9a7-f8d6-4164-a84d-521208a33b23,basic,2025-09-27,,19
638b7f1b-775d-4289-9447-fab3f56656db,0661ede5-b7a7-4d60-90e0-efed64b643eb,basic,2025-08-03,2025-10-09,19
1be09194-8abb-4f22-9f76-116b4d3ab84c,91999c92-12fa-4032-a569-1189a11eee03,basic,2025-10-22,,19
40e353e4-c92c-432e-a65d-05651fa79b80,aede1fb3-c38b-404f-a80d-72cde1109c11,basic,2025-12-07,,19
624932bb-603c-4111-a0b5-bd49e8663239,fead9b96-33ca-46bf-a036-2ee719bc6f91,basic,2025-09-23,,19
333749f7-5878-4fe4-935e-40b49a7eb13d,b2e924d8-2a5e-476a-81fa-be940b5cd26e,pro,2026-04-25,,49
200d5293-dcbf-4ad2-8cb6-f5f787cad3dd,37b9beff-7989-4ff2-88d3-9bcc1e309934,basic,2025-07-18,2025-09-16,19
1e0d0cd6-697c-4c69-9f84-bc74a31ae222,2ee4a7f5-3091-4177-8ce0-8245367d27e4,basic,2026-04-12,,19
f12f187e-3f45-4675-91d6-7046bd8da270,1a98e0ff-0445-4491-aee4-3db67085f59e,basic,2025-06-21,,19
d452d508-f5ca-404f-8082-97947d47cd13,e93e2276-ccb0-466f-b9e6-bd4691b84a58,pro,2025-07-17,2025-11-26,49
292b0711-b42e-44fd-acc2-c0e09cd29e68,1aa4505f-6a89-460e-9519-c782233e1e00,basic,2026-01-30,,19
07c24b9d-04cd-4fea-b2d3-656085e4d277,dc0216a1-a597-4c56-80db-47efd8970057,basic,2025-11-01,,19
bb9d3bee-e437-4372-ad15-c4a7b4c17d43,1c4fc625-bfe6-46f0-bb71-67bd8616bfe5,basic,2026-04-30,,19
5790ecfa-a39c-4134-8e56-7e00f6b13333,95b718de-7ac2-4da3-bd3d-2d97af16a0ee,basic,2026-02-28,,19
f003e2c8-621c-402a-8f8f-d1d6ff0afb35,a7614ae7-7f08-4c7d-b360-bea7ff40a02a,enterprise,2026-01-21,,199
226e725f-e172-4bda-a939-4e048ca756ae,05103957-5372-441c-b88b-7564a64939eb,basic,2025-09-29,,19
32ddaada-e038-4343-b083-96ff11ef0118,791978c9-6a9f-4edc-b887-12a1cdda9556,basic,2026-01-16,,19
fd8fe6a7-9a78-4c7c-b830-dbb2d9eb657a,d4c544c3-3683-4bd7-994a-c3269afcbb91,basic,2026-04-30,,19
d5919c09-582d-4664-9a78-4f62ef573f2a,073c03f3-da05-4eb2-9953-88746b248a6e,basic,2026-01-23,,19
2c54921a-ce2f-4bf6-b1fa-344b20436055,cad778f5-b736-487b-bf3e-1e9a94e83a67,enterprise,2025-09-29,,199
b0eea15e-9a8b-411b-ab35-94941f4cdb9f,6b8ee52d-3e64-41b2-ad31-820d250341a0,enterprise,2026-04-20,,199
c566f865-9516-4914-9854-23e74b3837f4,1f5724d7-3432-4beb-bd32-6ed0ad4fb2eb,pro,2026-02-08,,49
fb2f8260-9cc8-4fca-a08c-1a0891df4a68,56e705c8-1a12-4664-9c85-57b9808dcccf,basic,2026-03-18,2026-04-17,19
0b156a11-ab3f-4d87-a0e1-a384292e5d1d,664c53a6-5bef-4c10-a158-b0af0dfe7758,basic,2026-01-18,,19
3714f660-4626-4987-8a12-26c66c667782,0d41e2a6-d7b3-46ac-ad24-ba4e66360fa5,pro,2026-04-12,,49
5ec5fb12-9497-4bc3-b710-2da161d22532,ea32accb-fbad-4c4b-a2a0-dc42adba8b62,basic,2026-04-27,,19
b8cc14c7-6f1a-4ede-a46d-9e46e67d0a1f,41af5551-9ca5-4838-af49-e2dff8f4b337,pro,2025-07-09,,49
aacb388a-85df-4009-80d8-bf19572e9ed1,b65aadc5-8eed-43ca-8e29-0c0ade24b696,basic,2025-10-15,2026-02-22,19
f3f4e999-9a29-4dab-bc2b-8422d5ca71db,9a60c01a-783e-48df-a313-d5ce7811be11,pro,2026-06-24,,49
dd073ba6-ecb0-44c6-9e02-afe8898cfa27,47425ced-16ef-41fb-b55d-477b7a3765bf,pro,2026-03-08,,49
a2a6cf1f-d0d5-4106-adbd-c3a00ad3363d,a1d20639-3075-414f-87c4-0c858e1f5f4d,pro,2025-07-24,,49
bf535eff-d231-46f7-ba6c-42157ee353fa,1523780a-e118-435d-bc73-a85cbb6e3230,basic,2026-01-10,,19
d7484b90-4bd6-4be7-ba8c-866dc66d17b2,d0b4b9bf-b0e9-4256-bf3f-6636fb2e5fe3,basic,2025-08-16,,19
32345ef7-0117-4c65-a831-10e202af5782,82c332ed-545d-40eb-baed-002f675e6ecf,basic,2026-03-31,,19
fb47a04f-bfc7-4764-8770-ed16885d3319,9bd7847b-9deb-4b2b-927e-6b287a9b1e44,basic,2025-10-17,,19
238b3991-7c72-4dcd-86f2-5c5b8f978f1d,cd8ddfdc-3a86-4303-930b-6d446259b52e,basic,2026-03-28,,19
4809d061-936b-4032-b59d-4a452e063527,f7bcec96-2ead-4544-8038-2ff3edafb3b6,enterprise,2025-08-01,,199
b7e578e9-49e2-41e8-aeec-a6dcc2024eba,fc10aec6-876e-4270-96eb-3b9c11cfd4cf,enterprise,2025-10-31,,199
378ec9ef-8f99-49c6-ad90-187a130dae73,9728baae-0dcd-4e95-a3b1-6689d2cbdf0e,basic,2025-08-08,,19
8f5c9bc0-5d1a-443d-9ad7-2df3446e33e4,64501ddd-0504-4b13-9692-ceec92afcd8e,basic,2025-09-08,,19
122ba658-43a4-4c4f-8d41-cd6a78cf1539,7f4c4d48-3af5-4711-95ef-6a4623bbc1f1,basic,2025-07-20,,19
8972c43a-1b1f-48f9-afa4-2698223472f1,e07f32d7-cea2-4069-88ab-db81dcc815b1,basic,2025-10-05,,19
3badf019-e3f0-4317-9485-17d96e04f4f1,267f1083-5440-4e47-b808-ebf8e309d716,basic,2025-07-10,,19
ca452571-86ed-4617-9bfe-3e5e0fdd5d88,8b2388a4-2199-461d-88c1-08792704d3f6,basic,2025-09-14,,19
e3a71ffd-c246-4f9d-a2cc-34bf484f853a,71ad3bd0-23f9-4447-a244-efb9eb6da540,enterprise,2026-04-03,,199
cf0ec218-9ee4-4a8c-92ab-2fe0ac391abc,9b082613-daef-49b5-ba2f-1ce6417ff918,basic,2025-09-28,,19
aa9b706f-470a-4125-8790-eb9bbbdf2df1,ef0fb32e-1282-4993-992e-d04a1db40a2f,basic,2026-05-08,,19
1a1a9350-8775-4751-8995-ee1402378e32,ef7b84a3-b156-4c0d-8c71-2d8de870d1a1,pro,2026-06-19,,49
d54b0626-61dc-456f-80b6-d92fa946d6b3,83c68aae-bdd5-45d7-bf8b-7f783cebc62a,basic,2026-04-16,,19
2b583854-6fdb-4cb2-8fdf-a6daf986d925,05420191-0783-4641-93f3-c339cbdef2c6,basic,2025-10-08,,19
e1fd1834-8367-4d8e-b061-57fc06d45e90,44ebd5ed-4b83-41dc-a053-3b08398fa5cd,basic,2025-10-29,,19
39d2caaf-9fc5-4a7d-952c-09e95dfadab9,99c7687a-be46-4a92-88bd-7f032f752538,enterprise,2025-08-23,,199
a3ead2e1-badd-4fcd-9bf5-254a0bb197f2,27cd382c-a70e-403d-8e08-d2adef7025cb,pro,2026-01-08,2026-02-25,49
a300e03e-eb7a-4783-be88-8d52f4bf811f,81e5280b-cc8f-4366-9e99-f035990a96c5,basic,2025-12-22,,19
8006121f-c2be-4c3f-88e4-660ae0c6644a,1ff26688-cf7a-4f76-8e77-11b0ac4d8c1d,basic,2026-01-16,2026-06-11,19
efbfc69e-8c86-43bc-a2f0-b92f9ab12350,6f7d19a4-8e07-4c9d-9432-192c95bfdd94,basic,2026-04-01,,19
95e8c1c4-5345-4333-97fb-4c2bd118933b,2ec1948a-18d4-4793-8631-f3faf5596760,basic,2026-04-27,,19
e9f6040d-14c7-410e-a611-1d809a73eb59,c0454967-6e9f-41c7-ac90-7dcd55497771,basic,2025-08-20,,19
d1fec059-ca5e-42cb-bb1b-068f03acd431,227893c2-e538-4efb-a632-d32bad0fe586,basic,2025-11-29,,19
0ac49c18-77f4-48a2-aabd-25d1d057b926,180935d7-ecb7-40b1-9796-f084def72b42,basic,2026-01-17,,19
81bb3ac9-68a6-434e-8289-6fc36346a903,26ae37d0-795f-4588-a00c-cff7c1b3b3a3,basic,2025-09-28,,19
79088b5e-f3c0-43fa-9a97-b4f027ca477a,a5bdf981-bd1b-4b8e-8ed5-c4b1471f6bb1,pro,2026-05-28,,49
71c83917-2ec5-4af8-ae01-6ef755efc516,7d28a1a8-49e9-4d22-bddc-66d8bffa0e66,pro,2026-06-09,,49
1ccde122-f157-4d48-8679-4f7866be201e,252641f2-885e-42bc-a2f0-237960d8b334,basic,2025-07-15,,19
98c94b9a-089f-4955-90d5-c5b09b0e4950,9f1e5704-0bf8-4dec-9e8e-7a6af6384e35,basic,2026-01-23,,19
a6138405-6f8e-4c4c-a4a9-9a11ed552b68,2b20a3d4-fd57-4506-8dac-fb1656239e81,enterprise,2026-05-21,,199
353b75e3-035b-41ed-a781-6768f0df161e,e0dd967e-4c4e-4743-b367-188a3cef86c7,enterprise,2026-01-14,,199
aefe1818-dc59-49b9-b219-89c2203ffdd1,5c3e3229-7793-40e7-a92f-e7e911f0dd17,basic,2026-05-08,,19
61cf5b7f-c89b-4b18-9b9a-14d51efe293e,2c46c2a5-b7aa-43ae-b5c8-e95bf6ef240a,pro,2026-05-18,,49
6122517a-1d6f-48eb-81f3-6d05459216be,58a61c11-4b2d-4a6c-9a4a-0c40474d793d,basic,2026-02-25,,19
5ca2fefc-e575-4da4-b401-abfa307f6039,76385e60-234c-4d87-a6eb-be93a844797f,pro,2025-09-03,,49
bf28cb9f-f0cc-4e35-b89c-25a87fcd4b7e,46a2ab35-176a-4822-9115-74eb791dfcd1,basic,2026-03-15,,19
2be5ee24-6371-4d4d-84af-b7eb64cf559a,314c00e4-db38-4c91-9b27-3508697ec76a,basic,2026-04-08,,19
faff41e2-7dde-432a-a2dc-fc3516e4ef0f,8bd594b4-b752-4c70-b7dd-f376aa2e3f35,pro,2025-11-11,,49
e5fb2fbd-2358-4c12-a66f-9d89ddacdf41,fd05025b-7d47-491c-9295-d3ff31dd2a62,basic,2025-09-09,,19
b647edc9-a9f1-4599-be8c-34275eab0620,8ded088f-444f-4673-844b-cd3b94e5bbac,basic,2025-08-21,,19
785327b1-6008-4836-a23c-59c0ad117478,4581782b-41bb-4420-afc8-a6c7bae74350,basic,2026-02-16,,19
d5e6164b-cfb8-4dad-96ce-3cb1675cf209,0fe561a2-f96c-4371-aa6f-d8026c8925f7,pro,2026-02-20,,49
13a3a703-cbf3-4328-a8d0-2af42dbe5faf,d6cbbc23-aaf8-47ff-bbac-ac93537e2576,basic,2026-02-07,,19
a33c1e05-90b9-4e4d-817c-a7285a5e1eb8,ad3a121e-9677-4759-b251-30b99373cafd,basic,2025-12-28,,19
bd3cbba7-3b11-4905-aff4-76d17deab1d8,a340c802-530b-4453-8e7f-0be7fb97858e,basic,2026-02-06,2026-06-30,19
c030ed4b-ac8a-4cce-85be-21857262eb4a,a4aecb79-d4ed-47fd-a8b1-aa68782b8bfc,basic,2025-06-15,,19
4b79198d-e184-4b33-a1e8-97f8d57b955d,64bdc9c9-ba28-40b5-a060-b9f640ccc346,enterprise,2026-03-09,2026-07-22,199
abcbce6b-7124-4b4c-856d-4be3dbfbac0a,2781a31d-dbba-4b62-953a-331463e3a59c,basic,2026-01-16,,19
4bc94a8c-3fe1-4fc2-82f3-db26f5eca82e,e90b11ab-fb77-4db5-866c-11f21431065c,basic,2025-08-24,,19
8641a244-0b29-4c15-90a0-d5e805486710,751a1be2-00e0-474c-81bf-233c9b0bde51,basic,2026-01-02,,19
3d3f3708-a90f-4fe5-a289-76b79677846c,2eace254-5fb7-403f-831a-7cc7f489c93d,pro,2026-03-23,,49
ed1aa189-1e4d-4e95-8fbc-6c255e789b9f,465180ac-0e91-4c1b-a3ed-435453c6e3d4,basic,2026-03-05,,19
5d356a01-fd43-4b43-99bc-20b94fa2427e,367b6f85-1bce-46cf-aa7b-03667106bfba,basic,2026-05-13,,19
97efc8ef-1066-43c1-8c5a-b14ca4da98e0,1bd94e2f-63f7-487c-87f3-27355f17df5b,basic,2025-11-10,2026-01-02,19
94ca1bad-b333-4968-8b16-5115eb336a4d,b2bf7229-695a-469b-8caf-66a6fd6a9d5b,pro,2026-01-31,,49
2ac9a7f2-57dc-4c4a-aea2-2951dfac120d,a53ac91a-0ee0-4cd7-b02c-98e2be206f8d,basic,2025-10-03,,19
fc1ee436-2e42-4e74-86fc-774a4968e37d,745b86e4-1cbb-427c-8d31-095352ea9277,basic,2025-07-14,,19
328718eb-ffc2-4a37-8650-0a0895e8d82d,6015597c-e9d1-4454-a7cb-3dc0b4f25e1d,basic,2025-08-22,,19
0c66a4ba-f9fe-4e75-aea1-a60429ffbcb4,afee21d4-1abe-40a4-b138-57baff5874f4,basic,2026-04-28,,19
be6e7367-a2ee-4624-86df-32f4a1e516de,4480bb13-ea9a-497e-83ad-2cf981e4d325,basic,2026-05-05,,19
d2127228-8970-4b61-a0b8-ea502d509446,1d978ca3-90b2-47fb-a6a2-90ab3dfeaf14,basic,2026-05-18,,19
e67372dd-818f-4ab2-ab33-f917e027a70d,c3e0ff0e-f881-423c-8eed-4b4a3a10a8e0,basic,2026-01-18,,19
6aa5a6d9-5977-4200-b82e-ad4ec4faeb5c,c9497d50-1cfa-411f-914f-35778a73ecde,basic,2026-02-23,,19
c44e276e-b68a-4bf5-950c-c8e67f2eeb2f,782c6d3e-b6a9-463e-ab7b-2407c28d044f,pro,2025-11-08,,49
8d7e4164-4d2d-4f86-9d85-840e8c5e027b,3a28697f-5a04-4e59-a188-60a1f64bf71c,basic,2025-12-23,,19
54ab25b0-0a90-492a-98bc-2b10ac0642fa,d35f58b4-6d60-40d9-9222-c1248692ceaa,basic,2026-03-01,2026-07-10,19
6ff2b153-1f15-4b7a-8b79-aa13b98e568c,aa040094-2d86-4411-a8a8-0f15515d68d7,pro,2026-03-07,,49
6e0c7b93-962e-4999-a070-1f8579f877f8,88297728-e77f-45ec-be8c-8567e43c7f7d,enterprise,2025-07-27,,199
76039309-d5a9-4be1-9911-c3e5f0c77b62,c4418b62-988f-48d5-b14f-fa9e26be98fa,pro,2025-10-09,,49
ce683783-b599-4045-b2ac-a64db44cc2fb,faffa36a-652b-4b10-a35f-81e89dbe6572,pro,2026-01-24,,49
0737c45a-2b83-4402-bef6-a7198551bcce,301fdc19-7641-4810-80ee-f259cae56810,basic,2026-01-29,,19
0cfbddb2-2ef0-4095-90c2-93acf2fa7277,4c81f1c8-f145-4f70-bc64-20f425506896,pro,2026-05-17,,49
f05615fb-3070-467c-8e8a-3446743be286,206e0eca-1a24-4091-b369-898af02f243f,enterprise,2026-03-09,,199
8fff8086-bd1a-4ab4-8e1b-59531aec5c0c,1e5ee59e-2e5e-4746-ac50-4ff5a4cbcc90,basic,2025-11-09,,19
31d476a1-6a1b-4adb-b690-d0c51b41ed10,47bb96aa-1068-485a-afff-b65217a00ff5,enterprise,2025-10-20,,199
793e52cf-4b2d-48c3-870c-c77c9674016e,1d590ee0-cc28-416c-968c-829e92f7c641,pro,2025-08-09,2025-09-30,49
46ccd15e-a598-4291-8d25-6a98c86ec0eb,0c2dafb7-a233-4c07-a679-0e68b9bcd833,pro,2026-05-12,,49
675cc6d1-183f-4d83-ad81-9f0b32926a41,a59aefd2-792a-4e25-85cf-c255fc1d8dfc,pro,2025-10-15,,49
1a702de9-0b63-4bc7-b222-843111c81c46,2e9d80e1-2b38-497a-ad28-2b258fd0f2eb,pro,2025-11-13,,49
438e7043-d3e7-4f3f-a537-09304640bfe2,288889b4-6601-4029-8cd1-515e561e2e9f,basic,2025-12-29,,19
05996f99-5d00-4737-ba08-df5883deae80,da174d59-47dc-4883-96b8-a938815b8bca,basic,2025-12-10,,19
b98cbe6e-45ba-4426-bcb4-16b2be96cfc0,53b1f275-e9dd-4733-a528-d50ff1b9694b,basic,2026-06-22,,19
86bda4a6-75c0-47d3-8e9d-bab22e1bb1f2,882f56ef-5767-41fd-826e-c5426091e046,pro,2025-12-23,,49
2802f836-0973-4dab-a779-db63434851f7,9c19ec1e-a499-4aee-834d-d515c9e3b646,basic,2025-12-06,,19
3de8755e-7596-4e81-aa46-8e2c15cb03e8,ddcb5efe-608b-401b-8776-9278f7a72a8a,pro,2026-02-22,,49
71933561-9c68-4f7a-b836-975333901402,99a52a97-2ceb-44f9-906d-7e7b9d8260f7,basic,2026-02-22,,19
3d01c26f-a662-4cc1-98b5-627a5d474f00,d79f62b8-0646-4b7d-97db-9ccbee55d8bc,basic,2025-07-18,,19
4a34ce58-1702-4bd2-815a-dff87c0f7cb9,11c4f078-bdbd-46a8-a7fd-93efc8f02c49,basic,2025-11-16,,19
f35a3152-0704-4a82-a5d1-52ae851d1887,26250d85-a030-4171-8033-fc838ed0a344,pro,2025-11-19,,49
9ff82269-3d0e-4275-85a8-fa805e0dceb6,edc6ae2e-e4d5-4087-ad08-140febe82c97,basic,2026-03-14,,19
1bf82b14-dc1c-498f-9436-5e9c853cdf6b,ef91ebe7-2dc0-4f98-89ca-4e0c6b7d67e2,pro,2026-01-10,,49
49ae86ed-69de-4bcf-be68-7ef3ff45340c,74a754de-9bd7-42ba-9e3f-7c8d682ffb5f,basic,2026-06-21,,19
3a70b77e-215c-477a-9659-ef6678c0442a,b07032a7-2512-472d-a2f7-4f908588ed81,basic,2025-12-16,,19
bc2621f3-1bec-4475-a51a-b70a92f1b81f,d21b94df-8dea-4b2e-80bc-783ee5993bd7,basic,2026-04-12,,19
fe3537ad-0100-4335-a841-b433188cd42b,efa69269-a253-4dd3-9840-7e8297c1bf8a,basic,2025-11-25,2026-02-04,19
9209e1cb-a674-4c58-af88-c1e6a21f870f,4642d03b-4afb-43d8-baed-f84c8c64daf2,enterprise,2025-10-28,,199
d1ad9dc6-8540-41e0-922f-1dc49c5f5750,aad60b2f-4236-4865-9f41-c1af42d9fe1e,enterprise,2025-08-27,,199
d5701e47-af3f-44f3-b53e-76efe7f694d1,d45f4bb4-0daf-495c-9d14-42536b2e17f5,basic,2025-09-20,,19
b3687e56-bd87-4e44-bdc5-18349a4a67cf,263b0370-3aef-4ea7-88ae-03d420d976cb,basic,2025-11-18,,19
3a5fb3f6-f0ca-48c5-893c-f6a6e55a5e64,1a6d5425-3b9b-4007-930b-db99400d3862,basic,2025-12-29,,19
008f8a8e-0323-4cc3-8500-ef070ff78313,464d4316-6431-41d9-a8aa-801d659bd855,basic,2025-07-14,,19
fca137d8-9fe8-4ab3-ab1d-c49ae56f8b32,ffa4a415-3c7f-4d58-ac77-3aa2be1bfb71,basic,2026-04-22,,19
0c58fccb-5778-4ef9-a12b-ca5ed005dfa7,477ea328-90a5-40de-a3f2-6397799f53f5,enterprise,2026-03-14,,199
92642d81-82db-4648-adec-1e3b9713e0e6,9692f67d-b602-40e2-9c98-a954752219df,pro,2026-01-25,,49
d0fa3829-0b38-4c3a-9ddd-ed5ac6676bf0,3d7a2154-6df0-4c22-834e-8a21b94293cd,basic,2025-12-03,,19
6823a2e6-907b-43c7-8664-812b5cd74b95,b420efdc-7393-45f5-ad91-8c51d29b3ede,basic,2026-04-25,,19
27fd8234-7daf-4111-bc17-7af3dc62585a,804142af-b988-4d32-8708-18db26ac7819,pro,2025-12-13,,49
905496b9-0c05-4a37-b64c-d87481de6377,af21117c-8b5f-4ce0-ab66-fe8c59eb7a15,basic,2025-09-01,,19
543c24f9-74f6-4b51-be1f-3b724bbdd2f3,372775e0-4c20-40b0-b95c-2b464d70d6d0,basic,2026-05-11,,19
2473771e-e4f4-49d7-ad0d-fd573d9e6302,82427ed7-4d61-4018-9ecd-48aaa38fbb33,basic,2025-08-20,,19
dff84e78-3810-4ecb-9ae9-bc73324d0661,cef09301-4cbd-4b40-9f64-c22e6a10b529,enterprise,2026-04-09,,199
249adb8e-0a1f-4b50-9fd7-0824b827c4b9,739323a9-75b6-49c1-b444-379acc9c15d7,basic,2026-02-10,,19
3a83b86f-5e6c-4f18-98ab-12bd9f97f850,721dea15-30a7-46e4-ba85-48bb1b82d162,pro,2025-12-16,,49
a0b0fe3d-7e78-432b-b30d-8b64973c6487,aaac26ae-37e7-4723-97cf-cf85baef84d0,basic,2026-06-04,,19
af26eda7-ad77-44c6-a7f1-232b0c078702,47c5cde4-bf69-4210-a274-8fdb77eb83bc,pro,2026-02-22,,49
e6ec8a33-b1cd-4c62-8eb2-69b10ffef77a,5e16752a-83cb-46c8-b412-3c04cf27e89a,enterprise,2025-12-06,,199
a69abaaa-ba2d-4153-9af0-4643e6cb49b3,ab3b81b3-8ca1-4551-a5f8-fb46bedf0729,basic,2026-04-23,,19
65f80f8e-f0ee-4aa2-9cab-29e528ba7b10,abfb738c-a961-4779-80e7-9e13e9bebc9d,enterprise,2026-04-27,,199
5e74990c-c261-4feb-a1fa-a04e1676d160,bca619d9-3a10-46d2-9d9d-db9cfb45609d,enterprise,2026-04-02,,199
6efecc38-7df2-446c-b023-673729e166b9,e3f4b9dc-81f8-49f8-8742-aa9cbcf61be1,pro,2025-11-09,,49
7b9b4506-80a9-4870-8a46-2ab65eadbabf,22d34034-a5bd-42f3-a32f-3ab030dedd3c,basic,2026-04-03,,19
9e257845-b769-4d52-87ff-0b5b72b11ab0,dbe80b0b-44a5-46cc-b4b9-3bd267d75b23,basic,2026-03-15,,19
ceca8e77-315b-47cf-a841-8d69a639f684,b94edfc2-ab42-40d3-9776-9d585769b373,pro,2025-09-30,,49
6b135bf2-a294-4237-9299-c327e6404d47,eba719f2-9747-44d8-ac13-1768b91f9e06,pro,2025-08-23,,49
0cb6477a-6769-4f41-981b-bf4d0d1a2f3c,71a0af72-c904-4143-a1bf-a6ebcaf0f03c,pro,2025-12-07,,49
5ec48c9d-0ea3-471f-a397-5d7f2b262c05,208ac93e-7504-4f65-b91b-c42a5c444911,pro,2025-06-26,,49
a91d545f-c0b1-42e8-8746-fbc8ccecacdb,31c5eed2-068e-4165-b6cd-f5a49d5767e6,enterprise,2025-12-16,2026-02-20,199
cc203710-528c-4dcb-b180-7faeca2d11c4,d09e1a6a-16ea-4bf1-8acf-1b4babcf9504,pro,2026-04-05,,49
37adcf7c-1219-466c-83c0-89e330d86b92,699d910f-5435-4329-9a4d-345313ab787c,basic,2026-03-17,,19
a7cec708-2f43-4788-b6a9-2f72013e7023,9b8986e6-fce9-4286-b70e-bd67f15b2d2b,basic,2025-08-16,,19
f1d9a2ef-ad6d-4899-8679-116ad87d11c7,6cef705c-4ebc-4f24-9fdc-c61b75eb56e5,basic,2026-03-12,,19
c10c9202-a725-4fe7-9c26-5adecec4f476,95e5cd08-6a40-4b7b-81aa-57e42c279279,basic,2025-10-17,,19
f2243e67-72ab-4eef-b7d8-adcfdefc50b5,13b50504-4fb6-4b38-a0c9-91c8469caee8,basic,2025-09-23,,19
237450b5-9463-46ac-a3e1-025153a9ca2e,8441b6a5-3fb9-4506-be57-11a952a1c860,basic,2025-12-18,,19
6f66e014-0a03-47f0-96ea-14206bc5271a,3f220c4b-100a-49c3-88e9-2cb4009d3a5a,enterprise,2026-02-20,,199
43072a35-3a6c-4baf-90fc-a5dfaf112495,85684ab2-afa5-44ed-aadd-2c8e1180eca5,basic,2025-08-09,,19
f5b53668-7132-44b0-a864-7a6928d4737f,3856b4b6-877f-42a1-8fa5-907c261159d1,pro,2025-11-21,,49
c5336390-356c-4008-827a-b9b6fccbeb85,1d906107-b2c0-4182-915b-b7149020baf8,pro,2025-11-25,,49
17e897ab-b1a6-4b71-8c8d-329f0fbf47c9,e7e24f5e-a8b8-4e55-9ee4-5adae52d2e5e,basic,2025-10-08,2026-01-10,19
1b156110-a462-4e9f-be87-300325d051a6,fa446cb8-dc20-4e8d-8021-0262b217ba26,pro,2025-10-28,,49
1a1af074-85b1-45ec-af33-269209a60c73,9b9d4186-1a10-4e02-a08f-4e0704b93337,pro,2026-03-03,,49
a9a62087-2e78-44be-b9e1-602ed7ee7337,309e92da-11b2-401f-a027-36e5775b3fb9,enterprise,2026-04-04,,199
f5ebe36b-1320-4891-a516-ca03d05a8354,8ab67bc4-febc-4d6e-adab-4f71e69a2f93,basic,2025-10-25,,19
84013dbe-5b5a-46a2-8fda-1d7979409fe1,26f21046-c327-4f90-8cf5-096da39cf6c5,basic,2026-04-06,,19
d8751b25-1f2d-44e9-89d0-38db7d9a8918,0a26402f-e68c-4b47-bfa6-fec6ae125881,basic,2025-11-08,,19
681e47ed-bff4-44d9-a3ca-23a5701e1091,b085c3df-75e4-4b81-8527-fb8da17965e8,basic,2025-08-09,,19
472c0c66-5aaa-42c7-8ae6-253f212628e6,0a106460-2167-450f-b4b4-621efd2ecc3d,enterprise,2026-03-01,,199
3a4c591a-deb8-46bc-af35-2a691bc502cb,5f19d28f-b5d5-462d-8ac6-cd65e15c6e8e,basic,2025-11-28,,19
f4d8211c-ac55-4fe3-92c2-d2d3045f9a8f,11787362-1f7f-482c-a981-c6ada078b9ee,enterprise,2026-06-13,,199
75b44915-43e2-4d8a-bb67-ce3b51153c69,2156565e-cac8-49e0-a8ac-abcfae0b3783,pro,2025-12-31,,49
76312619-df75-4b0a-8b27-23f08e350ee8,d488f783-4ea6-471a-aeec-27e74689686f,pro,2025-08-12,,49
8504d1d7-5dab-4945-878c-727004250a75,764f98f7-f11c-4e6b-8bba-386371753419,pro,2025-12-14,,49
5cfa753d-848a-4918-ac09-4ba4da0a1692,8ecd5abb-6f39-4bd5-a758-e8c5ea26b3e9,basic,2025-06-06,,19
e3144ec2-ec4b-4729-bab4-d7e48c6ceb50,4de2634c-836b-44a5-ad89-749b775bccd2,basic,2026-02-03,,19
7e469415-af62-4f6b-8c1d-b4204dbc15ea,c8aa789b-9c25-43f8-9809-3bd88f654982,basic,2026-05-18,,19
d7f7cba7-13a9-40e5-aa61-bb4782247add,ccd4030f-c598-4acf-97b7-0e6120e39cde,basic,2025-12-20,,19
b1ff29f9-a44e-4975-b9dc-b9364834946f,819e4196-b2db-4f10-9eba-88a389b3838d,pro,2025-09-13,,49
99480490-b1c0-4bad-8400-2198d94d223d,e8d26047-34fa-4c99-ae9b-aec1098cfcb9,basic,2025-09-05,,19
eb2eb74c-5af9-43a5-b40b-839ec2ffdad0,f79c3a35-e09d-435c-a0ad-f9542ab22268,enterprise,2025-07-07,,199
4ce4b9de-f74b-4e80-9bd9-7845c132c2b8,40d4f33a-3dc0-46d8-83e5-9bbe65f0ca9a,basic,2025-12-17,,19
c706c03d-34ee-4b8c-86a6-11554b074f35,afbe966b-cf8f-4741-bff3-3e5a81634b6c,basic,2025-09-23,2025-12-11,19
9a20ea14-177e-48dd-aa39-d1b396743e58,cd163d2d-4ee8-4f5d-9db2-bd86c05efe55,basic,2025-09-19,,19
d84199cc-3987-447a-a14a-ff063d995552,81b3b4df-06a6-4e73-8436-cb3b1e1011ab,basic,2026-03-08,,19
1a84e54d-be76-48cf-824e-c6caad61b0cb,dbd57c14-d7fd-4cd3-864b-f87a6fbab406,pro,2026-05-14,,49
d03f201b-ae15-46a4-97ba-f09a0a4a8e82,17a7597d-4ea5-46ee-b9ea-56e300fd70be,basic,2026-02-15,,19
5aed7125-5c1c-467c-801e-80485ddf8098,ece1093f-c514-4d99-a15a-3a947553b554,basic,2026-01-14,2026-07-02,19
1ee54a1e-2265-4857-83af-461c5816367b,a6503ce0-a7df-4cc1-9a77-9298ddebdfdd,basic,2026-05-23,,19
700818ac-b72d-4d9a-8613-471882bd065e,65e303fc-c820-4549-986d-165a5b56c985,pro,2026-01-27,,49
a047db82-ab48-46ce-9114-18f0c59eb8c3,0941c2f4-de77-4aad-968a-a8c77ac0f226,basic,2025-08-05,,19
152aa320-710f-4a4c-8059-1ec3c9f73d1b,215ae52e-e86f-4707-ac02-256b91f3ac50,pro,2025-12-31,,49
5aa402fd-6564-47fb-8a55-239f6653ca52,7a54727a-9340-4b66-865b-bc099b403cd6,basic,2026-03-29,,19
883a6a67-f810-4c09-980d-051a1d63b25e,47854ff3-2eb9-40db-96fa-cbc3f00be2b0,enterprise,2026-03-04,,199
b83faca5-12ee-4a12-9836-92457c414089,88c3abf7-9491-4f6e-8e49-2273627a05eb,basic,2026-05-04,,19
2f98bc75-3e4f-4339-85bd-874a0cbd2095,aae9c068-9f1e-47d8-92cf-a9f55d6e86de,basic,2026-02-11,,19
cf1def51-dede-4c37-8a6f-65fd424f167a,00dc2515-7edc-487f-9d86-5344320873fd,basic,2025-07-11,,19
f2c0c9f7-d0f7-4c2b-babb-11b29f64910d,10fb1baf-2c33-4484-961a-bdba429367fd,basic,2026-04-17,,19
6be42e89-6dbf-4133-b86a-c564b33e6399,085fa9c4-552a-48c7-b3da-d1b843b40436,basic,2025-06-13,2025-11-21,19
71b22b11-40cc-41d0-bfa9-06874ce813ad,f406ce82-0a91-4a33-887e-c0bf4e578790,pro,2025-07-02,,49
16d3ed87-3433-4343-b743-0de5f4349f5d,c3b419ba-31e8-48ee-89c4-e16dba453e2e,enterprise,2026-01-19,,199
3d254193-d090-4655-9a3a-a0a65f1b8261,00ba805f-2138-4d2f-a6a3-70a95597e2ef,pro,2025-09-11,,49
dfe060d9-2eea-423d-a22d-a65408f7882b,4e3cddbe-87b1-441d-a70a-99c696b144c7,basic,2026-02-18,,19
7cabcd7f-a82d-4ae8-a094-fcd5ffb63fff,20ce27a9-ac2b-40b3-8f32-b29c5f58fa6a,basic,2025-11-20,,19
ae9af0e7-7656-4171-acc5-053f477de62b,6587803b-2b67-44b3-a0fb-28eae711ad5c,basic,2026-03-02,2026-06-26,19
48f87ba5-69f6-470b-9b6d-f23e9ee54230,d8adae3a-e60e-4bcd-a122-a5abf8dce8ad,basic,2025-07-04,2025-12-27,19
5c72ba13-5efd-45f7-9898-c4912ae65a62,8d7f0dd5-e3e8-4685-85af-82423b182a9c,pro,2025-10-07,,49
c6a3c702-eb80-468c-8b4f-3c3c9726535d,343e61b0-246d-4552-83e6-ea191b79e783,basic,2025-11-12,,19
ad42933f-a09e-422b-bfa7-cd0585e950b8,b7077ae5-2451-4b1a-b0e7-00d266782777,basic,2026-05-25,2026-11-21,19
8496d97a-19d3-4383-931c-2a39f613cd38,a0f16b7d-034e-43a7-b4be-47261fbd0222,basic,2026-05-15,,19
2ed14478-9e5c-45d8-bebc-461291e3d05e,3315848d-1e98-4b24-b80c-c4a27bae3554,basic,2026-05-03,,19
8c2e1125-a28f-4574-8696-f01d6ad8214b,e6a9a19f-7fb2-4d9a-80cb-0502542a07e5,basic,2026-01-22,,19
839ef0c5-a7d6-4722-9c9e-fb4bd6da8cdd,ecff8e21-cc4a-41b7-bc7b-110c9c7e96a4,pro,2026-02-01,,49
1edfb077-1572-482d-80a1-6ae5b9a23607,07a3f43d-ee03-490b-809d-9c31895f3265,basic,2026-06-25,,19
a87b4933-d322-4bae-8f85-fca4cb4fb19b,ffe8e4eb-d2b5-4e92-b8de-02d891d9269d,basic,2026-03-19,,19
a57810b3-324e-4fbe-807b-bd31dc59e224,c4c6898a-e32f-44af-ac18-e82e9cb133f8,basic,2026-02-22,,19
03c8fed6-69c2-4998-a0cd-90de17d3f363,76652912-6ac5-4876-bdf0-97e8905b0b72,basic,2026-03-17,,19
d4a13798-1112-4bf1-9070-d71fdfabea2a,8f03a807-6f29-4686-9a89-6e83d1d8ca63,basic,2026-03-18,,19
1ce4547c-2160-4d13-8409-3abf252213d5,d6e12476-437d-4e1c-91e0-b3ed0a7f2e59,pro,2025-10-18,,49
2a35c243-72c5-426e-a539-f02c19b0d7ef,750981d3-f7d3-43cb-af74-af2ba16b84db,enterprise,2025-10-07,,199
386f2bdf-2f97-45de-ac44-3c3eb7ffa90f,6c7ed3ef-8758-436f-b44b-896f84f8e41c,basic,2025-11-04,,19
ddbd97d0-961a-41c3-b874-107933deea73,1b0ab4b7-8b8a-406e-b4eb-e2be53c2e8a5,pro,2026-03-29,,49
daa36318-bd4c-45f8-bedb-2f699be39a8b,d2251a83-fe97-455e-95f5-1e2f8857e483,basic,2026-02-11,,19
c4e8229c-45ea-4d6a-ae1d-cd8ea7733847,dda65d68-f12f-40a2-9e05-00167b2a879f,pro,2025-11-27,,49
5d706449-1493-4f0a-be8a-d655b8d75df0,36dff481-f3ae-4a80-9412-9adfee364138,pro,2025-08-09,,49
c8074ea3-9116-4743-b44b-92994f7794ba,adbd2cfb-1d0f-4b12-9438-0f90578c215a,pro,2025-11-19,,49
1ae2b483-cb83-47b7-a1c4-5b34471fab48,b4947f07-0e86-4e87-ac3e-656d5c37f739,basic,2025-12-14,,19
f3430470-ed03-4b14-86f6-67e38e69a225,e659f7da-9161-4a7f-a2e9-9360f0b05d7f,enterprise,2025-10-30,,199
7ec6249e-d61d-4a08-82ed-649c0c2721d3,2c39d970-f51d-4067-b9f7-2b82a5689759,enterprise,2025-06-29,,199
e8c881c8-72d0-4a9b-81e4-7fce7c135d39,e21844c9-fd9d-4a0c-9d5c-86d9e8eefc00,basic,2025-10-09,,19
0115edb8-19ca-4609-af5a-6e2685c5fc40,998f62af-14ed-4840-b600-b1c5bf00757a,pro,2025-12-29,,49
b4585669-b94d-4d8e-8338-a6944b26a8b3,958cc6d6-5b63-4bc3-97a8-229821e05193,basic,2026-01-04,,19
ed873b12-21a0-434f-8625-8c8a7e1f0f4a,5ff99a20-5040-41ea-a7d4-c19808d8e592,basic,2025-07-19,,19
67f2d38b-76d0-4632-9f51-64e8c4a76b64,f65b7e7f-d8be-45aa-89e1-5007b5c8346e,basic,2025-10-01,,19
6f654273-39fa-4169-9f35-15f4ab9f93d2,bebf5e9d-b541-4c75-a215-f0255332d981,basic,2025-10-29,,19
3cc60576-9dc8-4431-8c23-7ca3bc451832,e921f29d-5382-4154-bfce-00e9ed838a3e,basic,2026-04-08,,19
d6e8f8c7-d547-4650-8679-31903425c88f,70fcd02e-ef0d-4c21-b0cc-e4618f9125f6,enterprise,2026-01-20,,199
4563384d-0f97-4e77-ba62-4f780c745a14,54b9bf29-8f6f-42b2-84ba-b64d74cd8764,basic,2026-02-25,,19
c52131c2-5381-49ad-85c3-8c4fcfb30ca1,e33fcda8-25f9-4044-aeab-14c15dffcec7,basic,2026-02-27,,19
294a0883-0d32-4b13-8b1b-8e1797af28f2,d3024185-2f3b-43cc-94be-cb6fc9d2ba47,basic,2026-05-26,,19
1c24ad6a-0a08-47b1-b062-72f3e05192c1,a5f16b3b-0706-440e-b5ff-c9060129c1d3,basic,2026-03-08,2026-04-29,19
1e3fad3b-fec2-4836-9941-4f5299e7e58b,1a704ad5-db44-4732-8c7e-fc4bb98717c4,basic,2026-02-06,2026-06-09,19
56b40c16-1b03-4231-b489-620e8a7bcf86,947475ce-b0d9-4df1-b83b-0ddd27f057e2,basic,2025-06-19,,19
7b9714a1-4c4f-4217-8165-47d12268ba66,98642ae6-aacc-4d20-90f5-e01bfdf0a191,pro,2025-10-13,,49
5dbd8b44-8e61-4e47-a1e0-7f02e991ffe8,d4e360ed-24b1-4d7d-8480-0660b5a421ed,pro,2026-02-23,,49
70d287fe-0fbf-4e2c-b301-f75386ac66b1,d8dcc4b9-dc40-469a-a2d9-3e805bdbd387,basic,2026-04-04,,19
91291a9f-9a28-48a2-bce8-208ae87d8373,610d3eba-e9b5-42bd-bab7-15899ae0ed85,basic,2025-07-02,,19
897f46ef-705c-43d1-aa6b-f50e6fc6bdec,b7b4ff86-c88b-49df-a34a-e1e7d02139e5,pro,2025-09-26,,49
077e5064-748e-40eb-af61-a417b9cb7e94,411ff842-bd3a-4bed-b36c-e39af519576b,basic,2026-04-27,,19
7892e4fb-f1be-4839-82af-9e0f5522670c,43495061-0ecc-4d46-bb87-7f826d4ebb87,basic,2025-09-28,,19
a2d6f353-a211-4dc0-bb77-53621079f000,e9922410-900f-4e8f-9b5c-99e5c772a4a1,basic,2025-08-01,2025-10-08,19
0aca1949-2839-445c-abd6-4b9825c17de7,c69aa6e3-3bb5-4424-850b-57cd0acd96ce,basic,2026-01-17,,19
d24e2fbf-646a-476e-952d-6f0b01d517ee,f587957d-eac6-4a76-8034-817639a63da6,basic,2025-09-27,,19
aa592e54-b8a6-4ba7-84df-0c7127382746,7d8d747f-13a8-4f54-a59f-9126f9d399c4,basic,2026-02-11,,19
95edd80a-df1a-4e94-93b1-82e94e7e1f4f,2c83ba27-c08a-4901-aa7b-716530e87189,basic,2025-12-02,,19
86a9bdb2-2743-408f-b64f-4e9a5a8d6f57,76cf024b-22f2-420d-945c-147a787bdea3,pro,2026-05-02,2026-10-25,49
39c49b15-80ad-413c-b995-51b6c404ed3a,7e0e124c-484a-4cc6-80cc-2bf71d24b748,basic,2026-03-08,2026-06-29,19
aff4a7e1-da4c-4ed7-bf73-155a8f08a20c,d01ffba5-893c-4821-9058-6e2e1edcfba6,basic,2026-01-10,,19
6fdeaa0c-809c-40d8-8e1e-2030b1428482,9aaa1174-3bb0-4555-9b72-c3b9bf67a63b,basic,2026-06-07,,19
cdfd59e3-d303-4f6d-bf28-a7faa9529607,f8b05e9a-9e44-4625-874b-cb67ba481ad6,enterprise,2025-11-21,,199
d037d07e-e242-4aa3-ab6d-f0cea473054c,08cb0501-265f-4f79-915c-29e3dc5306e3,basic,2026-07-08,,19
2da985aa-516a-44bc-8c61-69aa511b99e9,0b5d0703-56cb-4271-b1e8-e4f513a832d8,pro,2026-04-03,,49
ea35032b-45d6-40f7-b327-c795627f004d,09933e2b-6add-476d-a6bc-92950d20a84b,basic,2026-04-30,,19
5ff62573-ad10-49ba-832f-935edc4844c8,2fe9a67b-4a29-438e-86d5-cad276aa819e,basic,2025-09-22,,19
e921eb77-4691-4646-a19d-480c024f0dfd,d6dada98-0668-4387-979e-6a51e7f25838,basic,2026-06-03,2026-09-09,19
12f70ac3-8e7d-4783-bec4-dafdde74e61d,f58f5df0-8a67-4a5a-8cb6-f9bc4602b266,basic,2025-07-03,,19
e64a130e-7aac-4c73-ab0e-f47644431840,1606d49c-44a7-49c3-a833-3c6a860276b2,basic,2026-03-08,,19
160a9626-f3ef-468c-b053-ed0b9d8fbec1,1552b090-ac64-4d83-bc30-66d1cd4dd7d6,enterprise,2025-07-18,,199
5f0ccfc4-f409-42cc-96f7-93a263856e9c,47cd5774-a9ac-4a97-93e6-1855faa8219c,basic,2026-04-19,,19
a821389c-6aec-4bfc-9d17-c8bd6c3577f6,0782ae0d-eee6-401d-b9c3-c8c114533d20,pro,2025-12-27,,49
db7e2293-3955-4314-b1b7-6b5b1d291aa2,becd1849-2899-47f2-8b59-04089f13026e,pro,2025-08-29,,49
305342b5-134a-4b4a-b9ee-ea692ffd029f,2e2dba7b-a36b-4734-90f3-f86c8224f0a6,basic,2026-01-01,,19
47204522-c7c6-43aa-8059-8ae0aff8c683,7ca7b7be-5c31-489e-8f11-82e50516a4f2,basic,2025-10-04,,19
71919543-f45a-4b0f-8611-b0e58bd8cfb8,ebbe933c-b696-4ce9-ac73-0040c78e54ce,pro,2026-03-31,,49
48127ede-037a-4c8f-834d-45f6bebb090d,783ae4b6-0b74-446d-97e2-1103e9446a04,basic,2026-03-11,,19
e72f7c4a-465c-46f9-a75e-0987b6a5d76b,56d4c09f-2dc8-4a2e-995e-1ed87ad658d6,pro,2025-09-17,,49
b1408be8-636c-46f0-b18f-1ca609f9233f,dbe11f6d-f6e4-4705-99ab-1fa8516c197f,pro,2025-12-04,,49
57aeb050-dbe7-4386-8dca-5ee2df966706,4da81144-eba4-49eb-b96c-3ff0c01988f6,pro,2026-04-10,,49
0eaf50d0-4ede-42e1-93ae-9fc28caa0344,cc23f349-4b51-41d7-b8c2-be9682632cbd,basic,2026-05-31,,19
59ed2ea8-20b5-4a85-83da-159126c39357,9fcaadbf-5666-4130-951a-771757306273,pro,2026-02-24,2026-05-23,49
aeaa38ae-599c-4fd3-91b4-d07b2ef6b67e,e3f9a8d6-7e93-4cd4-88f7-6604a29e0dc5,basic,2026-04-11,,19
79dfda96-de71-4b6f-8739-33c16cf1a7eb,3ca05b49-367e-4e6c-a57c-9abcb1715efb,basic,2025-11-28,,19
607e9d79-6f6f-4bf2-b04d-b38a19dbf4f7,90481c0b-014a-4007-9077-beabbbbc9eee,pro,2025-07-28,,49
c3f3cddf-939d-4b37-b7e6-7bb37b51a4ea,20faed25-fcf5-4c83-a468-b16245159847,pro,2026-05-23,,49
609ead7e-f552-45c6-bc43-40f1434efc71,86edc9a7-995f-4f47-b139-f5f431592f68,basic,2025-08-06,,19
7ff38106-0248-4a49-963d-27d77223f638,3f8f877e-ec3b-49cd-b0e9-f679d1c6374c,basic,2025-12-14,,19
89bf19aa-c85c-4425-b687-5dae2eef3ebd,3cfcf173-5f3d-4a31-86a0-b8a9c46c5bb5,basic,2026-05-28,,19
c2d3454a-fabc-4baa-8513-af64eb390a55,2f1e16a0-177b-4e41-aacb-73010ffa258a,basic,2025-07-27,,19
64d69fe0-9b23-481d-8408-79bf942b17da,018ce6a6-926c-4ead-9f96-8bd2847a95d2,enterprise,2025-11-05,,199
4828a5d3-3327-437b-9811-e09b77ef11c8,08fba3df-59a6-472f-b955-c93b4231e443,basic,2026-05-10,,19
da56a8dd-e686-400b-b7fc-21691dcb0603,5213f069-3b55-4c3c-ac01-c8044da1d78c,basic,2025-06-25,,19
327f4f8d-3581-4aa4-addd-519f8a5024a8,a51cb021-8b7c-40b5-aba6-54368ecd0d4b,basic,2025-11-12,,19
d8489013-ccc0-4f23-99ef-bf1765f1f230,93a52b6d-93e8-436d-908e-4830d8c45e1e,basic,2026-03-27,,19
25f66f0e-3471-4a16-b06c-fb111d51d9e5,c5c33e5c-50a8-4124-abb1-ed950436dafa,basic,2026-05-30,,19
4c99f7ac-fc4d-4312-85cf-a59d6712395f,432581e8-ff0d-41dd-9ab0-3590322f0001,basic,2025-09-18,,19
a6566727-71ce-4afe-a3ec-eceea0b746ec,ad43eb9a-1735-4ad3-b808-eb3c29024b97,basic,2025-10-20,,19
a78bc706-32f8-4e13-87c2-13f9c937cb79,66017b85-675a-46ea-9d44-596cff83426d,pro,2025-09-17,,49
1448ca2a-aa2b-449e-8b86-b3264cc05c13,cc91be0b-e3fc-4d47-b5b5-e59a78f42d0a,basic,2025-10-30,2025-12-20,19
2ca44fb0-9ed8-4d3a-b6b2-7919a9047669,aa244fb1-04ef-4a9a-97d4-9189b925f275,basic,2025-12-25,2026-04-22,19
e4b38da5-9cfb-43d2-afde-8c4a87324357,5d9d7779-8512-4e31-8fcc-515104dcc023,basic,2026-06-03,,19
544ad8ed-462f-43e8-a9af-5ed82486e700,6633cfea-b66d-4122-af97-8c9ffa93fd95,basic,2026-01-14,,19
0bc9be4c-1cb9-43b8-9c40-4c9c89bd10cd,0057a7e8-b895-45b5-93a3-57376e257e13,basic,2025-11-26,,19
47b42ea1-451d-49d7-8c45-59e33b67af2e,264b12a6-5518-470d-8e9b-19c24d80c33a,enterprise,2025-07-19,2025-12-13,199
85a42121-7ca9-4b1c-85c3-f32c31abd1ea,7bf986fd-b445-47b7-bf62-dbd3a1a6e34a,pro,2026-04-01,,49
27bacba1-8826-4681-a8dc-c171a74b05f8,0d3414ef-0d42-452f-9c85-3483f52fb385,basic,2025-10-30,,19
de311e6a-2fde-4050-8182-22d649b477f1,a2b9d143-767a-4c77-b86a-ef8732f34bb2,enterprise,2025-10-08,,199
6e341be9-3e4e-4614-9a25-8955626ef506,586c874c-618c-4d29-9cac-7c95f10cbe0f,basic,2026-05-01,,19
45d56dbb-dcfd-4c23-b495-37aa3b93290a,d1d9acab-3c13-424b-a849-3c8d72cbe341,basic,2025-09-20,,19
26f8074c-0740-4325-be91-cb3e61bbbc56,bcf242e9-4221-40ba-b0d6-e8d55d57391c,basic,2026-01-08,,19
a60866f9-037a-45ca-9213-e07370cec32b,7d1efc67-1300-47b9-a3e9-b0a1d5e5095b,basic,2025-09-26,,19
23ad788b-a635-4ddf-8b4a-8b76ca4f081f,27445ee2-c3d3-4731-9b90-e2043d165c9c,basic,2026-03-23,,19
afe79e75-3fac-4390-9220-bf0cec72dbb0,4dc1f7f2-1373-490e-9fab-db3c44f4e818,basic,2026-03-22,,19
91f6fcfc-d098-4c60-8271-d6c5d8cbe73d,307ead7d-720c-46f8-b88a-397621a3a6f2,basic,2025-10-12,,19
5ef937ed-cd26-4500-8405-f59fb26b1a51,6fb8c1f3-1b02-4ef4-8c49-957c92cc6c0e,basic,2025-07-18,,19
1f9f83ee-718e-4bec-800c-c2f6038c0cc6,419df49d-fab1-4009-98ec-31fde00725e8,basic,2026-04-17,,19
78872b1b-07a7-4a1f-913a-eab49c68b9d8,6eff9cea-1112-4dfc-9e34-263f3f58eddb,basic,2026-05-28,2026-08-16,19
2a8e6968-ea8e-461b-8f5f-ab790cb39b41,a11412af-afce-4c2b-8f48-b085fb272c49,enterprise,2026-01-03,,199
caacdce8-0c2e-4112-96e8-82683dfc42b4,65c68a9a-0cec-4160-937f-c97bae899c5f,basic,2026-01-11,,19
6c71f282-1d22-460a-b87e-eddd8520f40b,f96956a2-1329-4f17-9ff5-35cf57a56477,basic,2025-09-04,2025-10-10,19
ca4433b9-0b56-4228-8cfb-4437f566bd2b,bacc285c-ec90-4e04-b7bb-086180771bc8,basic,2025-12-23,2026-05-17,19
6186c410-20b1-4267-9a2f-b42761fe414c,1edb1c83-ea95-4e87-b7ea-e01a2378298a,basic,2026-03-11,,19
7b238e26-8bba-4eff-9b5c-948cf4fe326f,5efde2a4-c530-46a8-b792-948af85e39c6,basic,2026-04-19,,19
d6c6290f-6b5c-4a22-9c01-201890965216,020105cd-6e6a-4ade-bcf6-e7506d78bdc6,basic,2026-06-01,,19
3b984300-2e70-43cf-afde-cd6656626704,b8cc3246-74b6-4418-a93d-1b53deb35514,basic,2026-02-03,,19
875e0741-f79c-47d7-a73d-d64313ee1f5f,8b7b81d9-8a0d-4b12-b78f-b174e4ecdedf,basic,2026-01-28,,19
37433333-8baf-4560-b9b4-205781dfbd68,36372d7a-d5ff-4b6b-93ee-0d03de41d084,basic,2026-01-12,,19
6db07f0d-bb2c-49c1-8092-91d2bb5272cf,a1002459-2bbe-4af0-a4bf-9b8c23b8eb6e,enterprise,2026-07-11,,199
7120f8c9-6fa3-4d7d-9e1d-50064b21fc8e,2bdcb125-df6d-4b0c-82fd-18714e9be5af,basic,2025-08-10,,19
dbe115fb-c262-4618-b7d9-0c10915b1b72,5f645f85-9a23-41f0-9025-96ed6628288f,basic,2025-12-09,,19
00524f2f-2a48-4890-825f-1caa289d9f88,ef82fcbf-4dc2-4c84-9f7e-7f3cf2e6564b,basic,2026-01-27,,19
c937606e-4292-4c83-b095-787fc7b3244d,e514a8bb-6600-4736-9c87-d6af05678a3a,basic,2025-07-15,,19
3b54617e-3c6c-4f14-b2fa-3b18006eef3b,e12ea4ac-2112-4d1b-9d98-2c04533df8e0,pro,2025-12-25,,49
949fd91a-593a-4193-9d42-7fc795db93cd,66488708-fa00-40df-b6a2-ade1052e4203,basic,2025-08-24,,19
037e395a-f83b-498d-857d-b14eaf8d5aae,9be63dc8-80fd-4ee3-af13-bcbfcb2b5139,basic,2025-09-09,,19
9153d8c8-4b21-42cf-92da-e7dc580c7233,3ed2d71e-8fb5-4275-8ca2-3fffeac64e12,enterprise,2025-11-16,,199
b8f22aa6-d1eb-44ed-9d4d-fd1cd4786bd3,2013f67a-e961-41da-b9db-7603798ffacb,enterprise,2025-09-26,,199
d60857bf-ac5f-4079-94ad-dde601bd30dd,aa503d51-1e81-4c3f-8109-41348880866a,basic,2025-07-19,2025-12-07,19
042671cf-2af2-4615-b867-bb4171769a57,1c13366a-481b-451b-96a6-27a37b4dd514,pro,2026-06-08,,49
7ab09fd0-8f07-4324-9229-76b2e637a4ea,efd3ee1a-222f-4877-a13c-6f0b5105c1b3,enterprise,2025-11-04,,199
56256f3b-7a93-4cdb-87ee-a51759184a33,6912b32e-40c5-42d9-8eb2-fd24c94e40fa,basic,2025-09-28,,19
3fc84286-9347-46ff-ac86-5fdc5fa28ef8,effc4104-dbf2-42d3-b7cc-9ef73a0ad852,basic,2026-05-09,,19
bb1c738e-e5e5-415a-8f47-0b64e288d949,daf75b54-5885-400d-858a-fb7b575dc5d4,pro,2025-11-14,,49
d595295d-ad2b-4de9-bc9c-c55a76d7317d,435af9bf-82a4-495f-8c3f-7593fe242ff4,basic,2025-12-13,2026-06-08,19
228455ac-dd08-49d3-849b-5952a8c298a3,eb6d7437-83c6-4704-a52d-1efe73735952,basic,2025-11-10,,19
f292e4ff-18c8-4b54-ab0e-665f585a8e4f,4582771c-5f55-4d76-bc70-a1fcb2779dd8,enterprise,2025-08-07,,199
30fe4cf1-f477-4a38-8dc4-74e2fa3522c5,aa8ff67d-2981-4cf1-b54f-70f0f064231b,pro,2025-10-08,,49
57131774-7312-4761-aa56-811cc9dba620,f91d8df7-43ce-46ce-8314-86af1d95969e,enterprise,2026-06-13,2026-11-26,199
cc6337f7-894b-416e-8328-14f422b270ee,507ff0a7-d9f3-44ae-bf3a-e4f67ec8c75e,basic,2026-06-12,,19
22c70d52-6e32-4310-9c8a-bf0eaadf2888,d4621b49-6ee5-41ea-87a5-75a1b4df4d47,enterprise,2025-10-18,,199
27851be1-37fc-459b-a532-3fcb0cb6f228,92878b78-f5e1-4e37-8cee-dff0b4b2d98b,basic,2026-01-15,2026-02-14,19
e3f2ec67-3066-47dd-8abb-36949c9be3af,ff3967f7-44d7-41f1-a08f-c1162fb84a9b,basic,2025-11-24,,19
633dae00-d9fa-4758-92f6-ab37c11aa84b,54e7f812-6ea8-49b6-89b6-96c4bb0588cc,basic,2026-02-03,2026-04-21,19
5d3569cd-d412-4c6c-86c3-69667c4582db,a784000c-2ac7-49ee-9ee7-2e2237f4d1de,pro,2026-01-28,,49
dddadef7-166a-4751-8dfd-3403eab988b1,e36c5407-30a5-4cbe-a31a-fcf17c9b56c5,pro,2026-06-13,,49
de84f967-0e0e-4dcd-b873-bbd83448a705,a47ef6a9-4d27-48ef-b7ac-034f5381702f,enterprise,2025-09-11,,199
47022248-6663-4e2e-9177-d49f31c5b110,73b2f6b6-a10b-4f38-bde5-26defac4593d,basic,2025-11-13,,19
00808417-5735-43cb-bbe5-b5a60f20118f,08e41607-94b3-4df7-9449-6a5550b2a0a1,pro,2025-12-20,,49
e18fba0c-4b34-400c-96f6-ff22f516b6b4,7a9b0c5f-70cd-4cc1-8d0c-7d59fb3fd448,basic,2026-04-29,,19
ed6e2080-5acc-4ae0-bed5-3582887e05ea,59d447d4-75bc-48e2-8020-1262e23567db,basic,2025-08-01,,19
a0b063ff-737f-415d-a9c2-4ec683fae745,a03c1805-5b92-4b19-8e16-e89e30df4d51,enterprise,2026-02-18,,199
e42c5396-eaf4-42c5-a953-8476452042c6,fa4ad6a0-a949-49f9-a75e-4099260e82b5,pro,2026-06-21,2026-10-21,49
7b876476-7128-499b-ba93-6eb0f71bda34,f14cb437-a1b1-4255-87e2-d31afffa2257,basic,2025-10-07,,19
ecd89a56-3cdd-43dd-9578-55404fe82c86,e4ccfd64-47a3-49fa-b753-eb0171311dd5,pro,2025-08-07,,49
4b9c0c93-934e-48c5-b118-2b2aa05c9ae9,3b04255d-f88f-40ca-aa04-84d19f8b4787,basic,2026-06-28,,19
daaca365-a5d5-4604-a605-24d07fd617d5,df450ee9-47c2-45f7-a8c5-238fe0e92533,enterprise,2026-02-22,,199
44159e88-241a-43d2-9f04-e389fbe98453,36fe7720-6ff7-4ef6-a4d1-0742874fe4e0,basic,2025-10-05,,19
d2ccd8f6-3d3d-414d-b133-30ec5ed8a709,41b122f3-83ab-42ab-b196-2a3e414d980a,basic,2026-01-28,,19
3aaa49f8-5d2a-4585-af1a-8d4593016876,019d5f02-cb15-48ff-8b4c-2f8bce3bdc82,pro,2026-04-18,2026-05-27,49
16eaa229-e603-4f33-91ac-9f3aa7385a07,4c79fba4-4cfc-4887-aac9-356f57fcd311,pro,2026-01-07,,49
6b5daa4b-f46b-402e-a2f5-c119a2a3acd5,aad5f296-2114-4f78-85c5-130e9b1be9ee,pro,2025-09-24,,49
ba65488b-c387-445e-90fe-569cd5817f22,b401ec78-0ef6-474e-908b-9db15a4d9ac0,pro,2025-10-15,,49
34835e67-0b7e-4310-aa6e-97cded0c6037,41eb85d2-16d8-4fc1-9437-6a27700b5684,basic,2026-01-09,,19
df766b65-5a4c-4f87-b3e2-1e2cea23f7bf,5fb5a4fe-f044-49d1-b22a-b1d2696c11b5,basic,2025-09-22,,19
3df26104-45e0-4120-845d-d2f93c3c8bd2,c217f36b-63d2-4ba5-98cd-0d87a3c7b372,basic,2026-02-08,,19
8a3092fe-cd72-4c58-b967-464bd252104a,4e5d5ca4-1533-471a-b023-475d4637ee98,basic,2025-09-19,,19
9f36c7fa-6c42-45dc-bd03-7fdca747ad2c,6e6c78d0-4c17-490f-9198-0660c23030f0,pro,2026-01-01,,49
fde5c165-458e-429e-b7a8-0ad4a4ca421e,9f3372be-7372-4cbe-821f-0daed0600723,basic,2025-08-21,,19
d29604e7-9f77-4013-80f9-4349989747fd,13169a26-7e73-4dff-ab7b-e0edb7b747b8,basic,2025-10-07,,19
310e5fde-ee5a-4755-be1b-7cbfeee23bec,7bf2b59d-bbb5-4651-ad27-ff0a181e0156,basic,2025-10-24,,19
864181b8-3817-400f-8894-d07d85994627,6a82b22c-aa50-42ba-8f8e-47ee4b3fb781,pro,2026-05-15,2026-10-26,49
416ba9dc-d850-4da7-8416-06b6ea0bce4e,030a36f4-983f-4a9c-a191-96c2f8601b7e,basic,2026-06-01,,19
7f2ea2d0-41f2-4f4e-9f2e-9e340efbf110,39541322-f32b-4692-8516-07cd77f69100,pro,2025-11-08,,49
c7ea7a1c-e71c-4bba-a324-d99088a17a1d,a12ba45a-0a6f-4f33-bf95-c4420c38ccca,basic,2026-01-12,,19
28b6d7f1-72e4-490c-a3a2-22db6cd32395,b2a91a37-dfa7-4868-8c2c-c2c148a21603,basic,2026-01-24,,19
5d53ea82-2af1-4a5d-b4ea-9a357051a710,aa184450-30d5-4897-b18f-e3968e4154fe,pro,2025-08-25,,49
89e93f3d-03fe-4a44-bd77-0efa9be2ac3c,0ad69cd0-2a66-4a97-8355-6f10e261fa0f,basic,2025-11-23,,19
ae2098e1-04c8-496b-82c6-3ceab3d9742d,63bd6c09-ab27-4fd5-a663-e48cdf97639c,basic,2026-03-10,,19
326d445e-7cdc-4099-9023-d1e9ca177221,e42eff20-6590-404e-aaea-82f1a47c6de5,basic,2026-03-10,,19
c9dc28f3-2058-4556-923c-94c6258aabc7,5200b149-3a60-4c99-8ee7-b0ea2ef3a634,basic,2025-12-09,,19
57c5c1a6-afd9-4aab-ba5f-f7434d6deb08,ab444113-d5d3-4e95-a575-93318822f56f,basic,2025-11-30,,19
8c6d99ae-f1ad-4b58-8218-34b206046c10,679894ae-0eca-4f50-ace0-66db0bf2f976,basic,2025-10-05,,19
32c52b79-c671-4a79-8d9c-786afb6f9598,fe1dea14-88aa-42d6-9e38-92912a7853a5,basic,2026-04-10,,19
28e313b6-de7a-4461-81a2-d67505baf86b,3a59c198-a86a-48e0-b7fd-bb3a7e78e520,enterprise,2025-08-06,,199
405d9745-37ff-4600-bcb4-57fd13caaef8,5c7d5761-1847-41df-8119-2c5d3df85661,basic,2025-10-24,,19
a9f384ad-dca9-40ad-b035-31b3f945a355,2660f717-36a4-4359-95d1-b8d26f5d9f1f,enterprise,2025-08-22,,199
dba2066b-f9e7-42ab-9c40-0c95e4032fcf,dbf53577-2166-438f-8e71-aa09f8376943,pro,2026-03-30,,49
a90c24f4-5de1-47c9-b00b-f40a40d6ed34,3bb6f8ad-ef34-4e40-90d5-532d2a4440a3,pro,2026-01-30,,49
21b5df1d-e73c-43ca-8945-c8941f40536c,886416be-63d6-446b-83e9-f3698a6b16ae,pro,2025-11-19,,49
a7931e50-9d65-484d-aaa8-e1ddca4a1d11,ff10cfe6-970e-4732-b320-260c17fb27ff,basic,2025-07-07,,19
436afb4a-8de3-4bef-b0db-f061895c0f30,de5690e2-5561-42e7-857b-ca0ee9678331,basic,2026-04-05,,19
2f96d899-c039-4a69-8b8c-88caa99ea2ce,4a31fbc1-7220-432a-acea-7e7dacf91ee8,basic,2026-03-15,,19
b764e8b5-31e4-4329-8d1e-4a9568875c3c,72e2f058-be01-47a5-8c79-d56a11b4cb48,pro,2025-09-08,,49
bf470f44-5fec-4651-95b5-946edfd71a99,33a6cdad-fe4b-4c53-b312-8438b507245a,pro,2025-08-28,,49
798d7ac7-6b7d-48d2-a496-6cb73b45e263,d7b42e14-e29f-45fc-810d-281bec72d19c,pro,2026-06-01,,49
030c08a1-9f1a-475c-bea1-1de19a433292,643db5ed-de3e-44bf-b8ae-9f6d0deca9b8,basic,2025-11-23,,19
8a157468-e776-4d08-bb55-1baa25709bf0,f57ac8c7-3f84-4b45-9779-b18f492bbe0f,basic,2025-11-13,2026-01-24,19
f4b81a1d-1d4b-4402-96d3-6c04a7828482,9496487a-e08d-4809-9273-6be9b0855c94,pro,2025-10-12,,49
6891cbea-c85d-4d45-85e2-c9eab3c01d96,9279afb9-f7d0-4b8f-b726-8f9a64472f28,pro,2025-07-22,,49
2b81fb6c-fd1d-4071-8368-61bf26c27d71,d5a4373c-31dd-402e-8b72-60155083ac9f,enterprise,2026-02-07,,199
134795be-5d9f-4ddd-9e1f-be514512a888,53e4280b-d35b-4cb7-949a-387095b910e5,basic,2025-11-09,,19
b8dd4d6b-3f80-48df-b5b3-298c0fd87c4b,b5287eff-b6f0-4c60-9613-d21bac5ddb55,basic,2025-08-14,,19
1a3623a1-cb9a-4108-9c42-9451ae3b384e,b9f70f7c-0db9-489f-a3e2-8a5e05c2023b,basic,2025-10-06,,19
f99795d9-f5ad-40c9-a251-3b77c0730557,a5d26051-dd84-43d2-a026-8f1c361abe24,pro,2025-09-18,,49
bbc24eeb-054a-4b98-8a85-af6805915949,26561e2e-1f6b-4bc8-8ffd-549a14c0dbaf,basic,2026-04-23,,19
48ceefae-36c8-4d79-8e73-622ef0de5e96,72f11fb1-ea08-46f8-8730-6431bd76ce3f,basic,2025-07-08,,19
e90ebdc9-1ed5-4f88-9ab8-c8bda599a799,a5a7c1db-7e2b-4ab8-ad09-f0880611ed13,enterprise,2025-10-12,,199
38531c0c-1e4c-4918-9f50-a225174ee09e,16889ed5-a206-4694-bb0e-6d2e8d26809a,basic,2025-07-03,,19
33c5c53d-b923-4762-ac87-126e6fb5de0c,223094f8-f928-450f-8f3c-0b5ef3233149,basic,2026-01-26,,19
a16ea22a-c175-4693-897c-464d23ccebd5,c4faf95b-4473-4c62-b98a-deec441f1c3c,basic,2026-04-20,,19
df08fed4-2a9a-4a6a-afa4-642d88d701be,187a4f49-c318-4df7-89a4-d5accc1fb268,enterprise,2025-08-02,,199
bceee438-9ccc-4a5e-ad6b-23f87ecfe68b,9dc28de1-2f45-4a05-a697-773e43bbfe19,basic,2025-11-22,,19
951a0363-6492-427a-b1ee-88e9637fe99a,cfd75f96-a866-4361-8940-8ae0e5902d69,basic,2026-03-23,,19
a80bc751-09e5-41cb-addd-8ed40b14543c,480e60f3-95d1-481a-8194-2b5bd7ac95cc,basic,2025-08-12,,19
4e977a1f-85d9-4086-9976-731db64e664c,ae99d4ef-fc12-4a4f-8735-a6c14ae6e2da,pro,2026-01-09,,49
7206e754-15f6-4e1e-ad8f-9020970f8625,f6e05a55-77cb-46c3-ba3b-ab9172359431,basic,2025-10-16,,19
e860da97-3dc3-4a53-ba09-f7eebe429f6a,de2cc52b-e652-48da-a367-b20cddfc3eff,basic,2025-09-29,,19
b34659e8-1bcd-4d4a-99c7-e18f1c47eed1,497896d5-84a8-437b-9add-ec35851d548c,basic,2025-12-20,,19
2cec8871-491f-4b5f-8e18-e26a5cba555c,7abdaf0e-0bf8-4e4c-80d5-525c6a7edbb0,enterprise,2026-05-20,,199
c859570a-57f4-4018-bcc3-c33610c0fd53,6677f81c-6142-4071-b2ad-2d36e16dd8c8,pro,2025-07-16,2025-11-17,49
a31d6f57-25b6-47c3-845a-26c189caadc3,69580d53-f810-48a9-936c-bab0f569899b,basic,2026-05-10,,19
a6e28dee-85c6-47f7-a0bf-f920acc41463,7259cb5f-a756-4b0e-a47f-68f855e8a588,basic,2025-12-01,,19
1823d2ea-3ccc-4569-bad4-e8c0357a9f4d,583621f1-c001-40ff-ae5d-f9cf556cc5a5,pro,2025-11-18,2026-01-14,49
86f26a27-6841-45d0-a000-44cbe8ed4253,6a09846f-9e04-4674-8ad8-c59af576d1f8,basic,2025-07-07,,19
9edae1d4-1131-462c-b3cd-d3e797902856,4a4d9e5a-d871-4264-9527-3ee2ce08a874,basic,2025-06-27,,19
9e22b6d8-31ac-4f1a-9b96-b98773762769,d230172f-b450-42cc-a518-6d254efe425a,enterprise,2025-09-03,2026-01-04,199
b24baa8b-8420-4863-96e4-01c768633592,e35ad6ad-92e2-4782-afd2-845aceddf0a8,basic,2025-12-08,,19
4a0ce6da-2e0f-43af-80b4-d50756aacb73,eecc0e6f-a99a-49dd-ac3e-9e4192a741b2,pro,2025-11-12,,49
0918413a-d062-4572-9375-5f6880ea64fa,4fc8f333-5d5a-464a-87cf-66e0b569e73b,pro,2026-04-27,,49
bd3bd4ac-a209-4305-8ed8-2f1d702f4f61,1b901882-922c-465d-930e-710f068541ec,enterprise,2026-06-03,,199
bacdd01b-fa58-48cf-b547-4264318cebc5,25a06e77-0fe8-423e-8aa1-3a342f35a29a,basic,2025-11-20,,19
e0eb9847-424b-43d7-868d-65c2b7a58de0,edbbc6e8-ee85-497f-8db2-c89b753bacab,pro,2026-03-03,,49
f8107ffa-67e7-41bf-b9b9-63b4239ca1fd,775a0631-0661-4820-9718-5a20e06c190d,pro,2026-01-09,2026-05-02,49
01d0891e-1310-4dbe-8598-247403df433f,6fe110b0-dcdd-4afa-997f-6ae938100c22,basic,2026-02-17,,19
bd2d13e8-5fe0-4d17-bfa5-3ce72fdc58c8,18250ade-0bc8-4a87-8d54-e69c05d46874,basic,2026-05-10,,19
ae21b786-3ddd-4347-90c8-b5c854d8a53b,d2c90eef-19ab-4c82-ab50-a63aa2ad34f8,enterprise,2025-11-26,2026-04-29,199
7b477f18-6f53-4d10-8f17-17b4d6585494,b09739a4-286f-43c9-aaf3-ca23ea14cc45,pro,2026-04-18,,49
b19971eb-5a37-48b3-bcac-c0048976b799,670a2813-9c22-4303-bcd5-ba74fbbb43a0,basic,2026-01-08,,19
65f46dfe-1ea3-478b-8700-17f808b378e6,5bd49a75-1ba5-4597-9a38-f442e3162431,basic,2025-10-03,2025-12-29,19
3ead7f49-8862-4c07-b71d-04a99a104ca1,3cb9f626-dcfb-40c9-8577-ed84f30a2bf2,enterprise,2026-01-09,,199
7fdc4d70-6070-49e1-91dc-bcee6caf9c45,c68b2cfe-e985-4f40-a223-7c4b46279468,basic,2025-12-11,,19
18c9a123-1866-4593-89a7-a536987be921,293d4944-063c-47ad-9fe6-f4c38ac00922,basic,2026-03-02,,19
da21f0c1-082e-4690-9042-c2779d92b01e,35d6e494-af03-4f1c-9b1b-8885a15c7af4,basic,2026-06-22,,19
b7a38f11-3afc-4da2-b1d8-8c28b8c95267,cf7fa35c-0ff9-4e66-bdec-0886cb636406,basic,2025-10-08,2025-12-07,19
d64e9b9d-1d5b-4f0f-ae76-ee72831c666b,b921230b-422c-4e02-8b59-84e4951a6728,pro,2026-03-08,,49
04793c68-66d2-413f-88ad-82826c6822ad,53a90fd0-9342-4875-b41a-b29f7432ba27,basic,2025-07-22,,19
ecd77481-29c7-4b71-90d5-3061eae0e678,3f242d78-7109-405c-a45f-465b52fdbaa9,basic,2026-03-18,,19
b41aa834-d381-4db0-9953-f59c8ebb3f64,1fd11dff-9a4b-47e1-9e4f-1dd42c7f3839,basic,2026-05-28,,19
27525f06-c58a-4b98-9aae-7071c4280fa4,bb69af0e-2aa4-486b-a738-5293d45cd290,pro,2025-07-08,,49
dc0feacd-d13e-4c1d-a2a7-eb7026477281,bf42d2fc-f214-4c55-be68-791ab03f85c5,basic,2025-08-03,,19
78311978-0fd8-4ad5-af9d-f299032c5a15,d51196b1-9621-4f56-8762-ea4370161faf,pro,2026-02-23,2026-07-26,49
6536cd3c-1f70-4c9e-a73e-1a3fdfdccfbe,24ae1e2a-4f75-465b-ae8f-9fbe8c5e0f09,pro,2025-11-13,2025-12-25,49
c421b5fc-8161-42b9-ab63-b3dc2ee0ede7,addd392e-6dc9-48c7-8076-779417c0610e,pro,2026-05-11,,49
9020b41b-efcb-431f-b963-9452e2c6de80,c80aedb8-bdc8-4504-9132-1046265b526a,basic,2026-03-08,,19
0adc0ccb-9415-4166-9da3-0657009d2219,6410aec3-7aa6-4902-a11c-1edaf347d798,basic,2025-10-17,,19
2f6efefa-56e5-41ea-a357-62217732c4e7,27f7a627-e325-477e-b7f0-5440120a2622,basic,2026-04-05,,19
0d2f5bc6-a719-4dab-a2d5-959b451e840e,5507f1e2-07d5-41dd-b8eb-0c869a46701c,basic,2025-12-13,,19
792bbb9b-e89a-4dcf-9f15-7aa1d39d1c79,f2faad8a-c3da-4591-833b-a952cb6027b8,enterprise,2025-12-06,,199
5bbcd419-d1e2-43c0-9cba-732f020e417d,3e5faf7b-3693-419f-a632-03a5190c8c89,basic,2025-12-30,2026-02-20,19
261aa2e9-0bb2-45f6-a241-135f94d3f2d3,da6c9c7e-e355-4f3e-bb88-eec5e5e4696e,basic,2025-07-05,,19
ff2ab5c3-7b87-4a76-984c-97c52bbd8afb,6191dcbd-92fb-4443-a697-330c4dd929e9,pro,2025-08-21,,49
b8aa9cf4-01ed-41bb-9756-b4b2897413d6,4a836935-4e4f-4761-8471-431c22902936,basic,2026-01-22,2026-05-10,19
418b3595-671d-4f97-a9a0-7308f4f6a466,3aa093a7-5295-4aa8-aa3f-2b3db44a038c,basic,2025-12-08,,19
51fd32c8-b17d-4302-9800-8927a6b68efc,96620bfe-f867-40d4-8925-efe7a11a844c,basic,2025-09-14,,19
3d9278ed-5df8-4cad-8af4-b35cf1a48f62,70f2b9cc-c6bb-4402-80c0-b29f987f9d42,basic,2026-02-25,,19
a049755c-ca29-467d-b2c5-6721301cb447,fb7e9ab1-ccc7-4d4a-baa9-0546682a7614,basic,2025-12-14,,19
50e9ab73-0297-424f-a4e6-a32a8b673f09,16186065-4705-41d3-bb65-0ece0109fffb,pro,2026-01-13,,49
9a0765ab-8acb-4c0c-b066-d16f32d29fea,6b5c3a32-cf2f-49de-8a9d-16bcc1cd1dd2,basic,2025-11-18,,19
920e4a9f-f063-4b26-b997-95e616febedd,850316c4-0456-4ef4-92e6-526dacffe5dd,basic,2026-01-22,,19
3e0fff99-ba5c-479d-921f-58e403a4289a,f681bc5e-513b-4aac-92ec-dffb2a884606,basic,2025-12-27,,19
5e4cfef9-5ffa-4bcb-80d4-b9e26d0c7ec7,51a2c3c5-e635-48a0-a11e-b57915fe51f7,basic,2025-07-19,,19
83730013-e031-4312-b7f2-ac8a07c5c1f8,9c203a47-962a-4965-99e1-49ab137df7aa,basic,2026-02-20,,19
8d571aa6-eb6e-4fac-978f-d8ec38d20c87,bd52c526-c7c8-49cb-8e9d-ac6dfdd155d8,enterprise,2026-03-10,,199
bfb485a2-d460-48b7-a84c-c605bd80b911,032ac5a6-7ed9-419e-ba3f-e00bec6ac9bf,pro,2026-06-07,,49
bd4772c6-4408-4e26-a365-a1ac912fb3e3,beeaa1e5-07e4-47a4-8128-31c017b55601,pro,2025-08-08,,49
ced85265-fe14-4556-8756-3c54ef36171a,eb170f04-2914-4f77-9985-ef24f4d79329,enterprise,2025-08-30,,199
bac80d24-380b-4345-bb01-3f7642c4f025,174f1aed-019b-4f53-8011-7e42d5c79872,basic,2025-10-27,,19
8d072fb4-953b-4090-9dd8-cebc4badda0b,44357ec6-37e7-4e62-b706-feb5cc1033c7,enterprise,2025-12-27,,199
7f240c0b-ddcb-4133-98e9-f8572a5d85cf,f9247d7d-11d1-487b-8416-35a237c5ee44,basic,2025-08-18,2025-10-11,19
b9fa77c5-8908-4f79-92f2-fa443fb6e4b7,a027b510-d98b-4f46-bf9f-160c38d07e5e,basic,2026-05-15,,19
d7375e19-82d7-4ec5-90c2-66c10c163793,e904537a-feeb-4190-b736-c3e1511cc96b,pro,2026-05-21,,49
bd0b50ae-12d0-4265-9082-5835ffcbd810,5a432145-32e5-4ded-a7b2-3ed440d992cf,basic,2025-10-09,2026-01-28,19
79e94941-6337-4f72-811d-ceb5d23bf073,c2f5c815-558f-44b2-a8b6-0c03341ae4eb,basic,2026-01-15,,19
a87fd0e7-16ce-45f4-80ce-f68ba3ec4be9,1c5a0d16-eb39-4e92-89ff-097a45205ba6,pro,2025-12-27,,49
edbb2ef8-c303-4d39-879f-fceff8247b3c,bdf2643d-ec7e-4bce-b274-884cba9555e3,basic,2025-10-28,,19
c1919236-3b25-447d-becf-0c546586b5a0,3c6012df-f1a8-4acd-9e0c-daa5aed97c38,basic,2026-01-04,,19
658fc08b-c335-4449-a6d3-56b0d19b33fb,3cb02822-16e0-4f28-9667-76616f2e1026,pro,2026-05-21,,49
453994b0-0f26-48a8-b347-c4355b012f41,7730ecee-1452-4b47-a694-852ff820ad3a,pro,2025-08-09,,49
ef75325d-a5e5-4f51-ab65-1ea27f56f2bd,845766bf-69e9-44e9-bcd7-cec26ec2d015,basic,2025-07-30,,19
61cc3d91-7447-4bd0-904b-c0a3f5d52a61,ab513727-1a6c-4524-9eb3-ff85d9167363,basic,2025-10-26,,19
739ffa57-5629-4024-a861-95dd1658cfa2,93339e8b-9b01-483d-8f08-a07befa324b8,basic,2026-03-30,,19
e5ca1e19-1e91-4f29-b55e-f2e47a1eb1de,cd488230-edce-4be7-b391-2333688a2247,basic,2026-04-21,,19
e44257fc-15ab-44db-bb38-53e8b95ac50b,6b70a3e2-ffbe-4c26-922a-66ff07582110,pro,2025-09-03,2026-01-01,49
169cd154-5e3b-45c8-be18-ab3a4f7b263b,f0672168-e587-4bc5-bb45-f697693d35d5,basic,2026-01-30,,19
9fc40817-2bb9-4f18-b775-a166ddbe666d,6d41904b-5745-4524-9bd9-70c8d5da88d6,enterprise,2026-05-19,,199
5b446f72-31ee-4d6f-976c-01fc1069a544,49448b5e-93eb-4125-bb48-875d2f5c8731,pro,2026-04-01,,49
b8ae58de-3852-4e8b-8db2-5586bca5f6c0,6d7bf893-8b19-4444-8911-0890811499e7,pro,2025-10-12,,49
1e9a406f-94d9-4ea7-92ee-52805a0168e9,760f09a7-c6e6-4ba0-b104-afc5fc00dd84,basic,2026-03-30,,19
41e8f171-123d-4bba-8c73-f81ac6e6d70f,421d39fa-6516-4019-8480-5cc556a87930,pro,2025-07-03,,49
f8cfc917-3630-4a7a-bf69-d4043bece123,89ce286b-e428-4fbc-802e-124bc9280ed0,basic,2026-05-30,,19
f2b287b1-db26-400d-8c53-301345c89fc7,c41fa648-7118-4612-9af6-93a6dcad7bdf,enterprise,2025-10-27,,199
7b71b61b-b66e-43a4-b92e-792a645feef8,9ce81361-2d52-4d5d-833c-3107abc0db3a,basic,2026-01-23,,19
2efadb6e-98af-435b-8d13-e998fa766a55,e93adb70-4f28-4c73-8d35-dd0b4bd40a1d,enterprise,2025-11-25,,199
f742948b-51af-436a-82dc-a9b754997de3,2c702045-674e-4ee6-9b4b-3e16eeed12b5,pro,2025-08-01,,49
d20ed93f-102c-48cd-a011-f3cb15581048,52c5f765-c287-4a7d-8819-a7eef504937c,pro,2026-01-28,,49
4faef375-afd4-410e-babd-84401e8f8292,13cf6c1a-e09a-4fff-8b31-7c81cd6d15e2,basic,2025-07-23,,19
6d6ca8cd-f025-453a-83b8-70f297ba35de,ea6a88c5-ce61-4d6e-9991-4f3f298425e7,pro,2026-01-11,,49
571e967c-4c8a-49bd-97d0-181cd52065c6,c167902d-3d70-4358-9aeb-4860dedc37a4,basic,2025-11-29,,19
693a2de1-e235-44eb-ab8a-3f1b2c5e2fc2,85fafe2a-b368-4738-88ec-f09c6ff9d7f9,basic,2026-03-03,,19
2419a881-0bb2-4ecc-a4a9-a1a40603ea05,86866e44-5847-4a2f-8cd5-31fd4fc5fc62,basic,2026-05-22,,19
97c64373-894d-4052-9578-c091bc5192f2,7de3025f-3aad-4a7f-a849-7a88f7fb71b0,basic,2026-06-07,,19
556c1f52-da50-4e6e-9b23-88e30ae944ae,6f146327-1cda-4ab8-8d47-87b000f8bbef,pro,2026-03-25,2026-06-23,49
08aef9ae-27a1-4880-a2c7-468e6d7ad67e,c02dcd0d-488c-472d-b291-173383ed2df2,basic,2025-07-31,,19
18a4447a-b271-4c6f-96be-c75796dfcd0e,c131ea91-96c6-4272-baba-ce3f6fd58fb4,basic,2025-12-31,2026-06-21,19
ce3c3c10-d1f6-476e-bf0c-49c085bb26fd,e451580c-8f06-4aa4-be43-d61887f02761,basic,2025-10-27,,19
3bc6c160-158b-4889-8fb8-97c06788ccd3,19fcb4f9-16b9-49cc-8a72-dd27c9dd7631,pro,2025-12-20,,49
d1a7e7ff-6d3f-4879-8009-ce6f5c94b9ac,15803964-eb07-4236-8c70-cc058f78dd82,basic,2025-09-18,,19
b4d7af6f-3065-4889-8b8d-fade50f9e114,b472ee0f-d3da-4b6b-a44b-38c607fd5d53,basic,2025-11-24,,19
a98c2845-6d54-46c9-a9c1-6f8204799f5c,87d3309f-897d-4f37-8995-4f68555fc7c8,basic,2025-09-10,,19
773163f7-95c5-4472-8ed6-a526bfad505e,42f4e90e-0f94-4010-a8e1-9f09e0e4dace,pro,2026-04-26,,49
c3bbea84-fbb8-4748-ba50-10b2fa1a3af4,bff166d9-309d-4ad9-82d6-6b6dac3189ad,basic,2026-06-06,,19
d6cadbc1-a60a-46d9-ac24-a7d00108ae75,7f2990e5-6a2d-48ee-89ee-7582c071e12c,basic,2025-12-17,,19
8a992d3b-6a84-4f65-8697-4b855b013324,85e0261a-8e34-4a55-8a07-186c7225c36c,basic,2025-07-20,,19
a5f78ee5-02fe-4313-ad50-7b38fe0ecf1a,02e1729b-f31d-4175-85ad-b4ce2db69a18,basic,2025-09-14,2026-03-12,19
7d2eac6f-eb2c-48ec-ba20-b595a1d70d38,bfdb0531-5ec8-4411-b92f-09ea7a41292b,basic,2025-09-06,,19
59413bdd-7116-467f-9c50-61f94835c214,20e35199-dbac-4d22-aa5c-9ce4537e8456,basic,2025-11-25,,19
26f61adc-efe9-486b-aaa8-5e394bd2baf6,85eddf2d-a663-45cd-9ba7-893bc7271a74,pro,2025-10-22,,49
c4ff0b84-502b-45ee-bd75-9652ff7c0647,1645d12b-2480-45e8-b826-cf604345c331,basic,2025-12-10,,19
9636bbbe-32a8-4214-b1ff-c060ea12637f,550abfa5-6e00-4f6f-92c4-91f9d24cc38d,basic,2025-09-14,2025-12-24,19
268c1f97-414b-4ded-bb04-314499f11463,6d6ce983-94c3-4a11-a61d-508b66389668,basic,2026-05-29,,19
10b47478-d5ad-4214-a663-ba78b3355e11,ad9ac409-83a9-448a-a5cc-f3ebe8039d3c,basic,2026-01-22,,19
65d83ac4-48d3-4e4d-96e4-8739528873de,52ae8df2-32fc-4a73-9950-4b9f02fca520,pro,2026-05-22,,49
a158deb2-9b1b-48e8-a5ae-56154ee38c1f,768bb1b5-e43e-42e7-9dda-faf43e084da8,pro,2026-04-29,,49
98c0e5b6-ffff-4744-973d-b73eaf0a4917,7b318df5-4c2a-4f64-ae7e-65c5763388c9,basic,2025-09-18,2026-02-25,19
4dd2c611-3230-4897-8ab6-0b887efcc718,4cdf32cc-52af-40cb-8ea4-6fdb21609994,pro,2026-04-21,,49
0ff32aaf-6a47-4981-bcec-0a7d0a7e8c05,377bf8cb-3e78-468f-8cc0-8253e4c58df4,basic,2026-06-18,,19
46e473a0-605f-4a11-8e59-9350d17bb898,2440cadc-ef9e-4b19-8cc9-ff404dc3c305,enterprise,2026-05-31,,199
53ddda84-e2ea-4cde-a6ab-0f44cd3dfa35,6dc67ac2-ad70-4f54-a8c8-791e66b834fc,basic,2025-11-16,,19
9b3bf5f9-5a48-430f-b373-6da9da22909d,26d04969-1abc-4e7c-9edb-5dc206e553b2,basic,2026-05-20,,19
c82ff513-e655-4709-8a06-1968c5a1a81b,0f272f41-4037-4c43-916f-eea214fafc35,pro,2025-07-13,,49
01658c28-850e-4fef-b3a6-de7b8f69db9e,f6bd18b7-eab7-4f73-8ad8-f7b95a21dfb9,pro,2025-10-06,,49
155faf43-e1e8-4dc3-9de5-cc3e21c27984,95289dd7-c7bf-42d8-a85e-0eb06fe76f9b,basic,2026-04-25,,19
32bb1751-5486-427a-861f-6988204db5aa,f3d7fc98-cecd-49c1-852f-67a3fd53cd66,basic,2025-12-18,,19
ab0e8b5e-5fac-4a94-9395-154140979188,a1478fc4-0a82-4bec-ba20-05ef7992d53e,pro,2025-10-16,,49
6c6b5c82-3bbc-45b3-baf5-efaea9fd808f,ed4296a5-9dc6-43ea-a17c-fae22a7e2b41,pro,2025-08-07,,49
09b57c03-de99-4478-8e92-4db7a2f7a613,bbb05832-d12f-43ce-be4f-43fd412cd54a,basic,2025-07-14,,19
2cda91f9-4f9b-49dc-9aca-fd2f8f3c2420,d3d34cf2-7799-4810-aea8-e4ed3778edc5,basic,2025-08-09,,19
7241884a-36b2-4e42-a36e-bce8a9b88108,d25870b7-397a-4741-9cab-688e1a68cd60,basic,2025-11-14,,19
5902e607-6ae0-44f0-a2b2-a1017c99b398,a9eec65c-1a9a-436c-88b2-12f170a02ab5,basic,2025-07-17,,19
11e38668-1b4b-445e-ada3-c99428e42875,e0669367-9087-4932-8772-f204070a216a,pro,2025-11-09,,49
81f6dfae-b941-4f4a-a48c-90b0deedd56d,c1d7794c-e4b4-43a3-8ed7-42df3a733f0f,basic,2025-12-25,,19
a36bb655-eace-46df-a145-17e54c3bf524,cdc2cff7-c1f8-49b7-80b1-e9db8d7b6bc1,basic,2026-05-29,2026-07-19,19
1a2cad93-5d87-45f5-833c-a4ef3bfbf4c2,820e710d-86da-4396-b603-1b4ec9940039,pro,2026-02-25,,49
67c66904-425b-4e00-9eac-a944907a2903,cbb633fc-7790-4a68-9c2f-a80663cbb173,basic,2025-11-21,,19
e3c4e008-67ba-446f-8d7b-d914ab6a0f4d,72bd9db6-7542-47c8-85e3-ececd701d2bb,pro,2025-07-27,,49
717589d0-ffc4-4801-8855-f1b95a6602c8,905cba49-b9a8-41ad-8a13-4dc4d934c3e5,pro,2025-12-09,,49
5474e69b-9c2c-43f2-b60a-347b08a55206,75676141-0540-41db-bb35-a9b257aff160,basic,2025-06-10,,19
fa6ebf2c-5377-4b8d-9ad9-c1fe280ce86d,c6fe4599-b060-4786-9010-62c382f5bae6,basic,2025-11-01,,19
7a5b8c50-ae3a-4dbf-a2f9-1c7fecd0ba27,f075b15c-9760-483b-958d-8bc16ea24e02,basic,2025-10-07,,19
46a11eec-fe78-43e0-a194-7a4d2b25a4d4,c6211487-e3e1-4561-a2fb-cc70944b3f7a,pro,2025-12-31,,49
cabaed8b-612a-492f-9c8f-9fddaf2827a9,65ade7d3-1608-4349-8275-ce725e96f6c8,basic,2025-07-05,,19
2af6cd1f-a487-4132-8b39-33e197e89c57,b1ccedc6-e80d-47f3-b0b9-1ca485b34004,basic,2025-12-19,,19
b25b0a35-67b9-4e61-9a14-6b5a012f4deb,04ca8691-e5ca-4a36-b67d-8d8995b11c53,basic,2025-10-31,,19
fefd6fc3-010a-4969-80fb-3580c8fa70b9,dc4b7d41-ba1c-43e6-bfdd-699b62ff315a,basic,2026-03-04,,19
93570a8a-23d4-4a5f-b8c2-d509e547d9b9,483ccb97-fb61-47f0-b202-b45afd95b58c,basic,2026-06-10,,19
1900414c-7494-42b5-9d60-99ceae20c032,a1d65cf5-41f8-44fc-9151-23668d70e26b,basic,2025-08-22,,19
ec49b0ec-280e-49ff-989c-5470bc10d13c,940dabec-bed5-4374-ad8e-42490e1bfc8b,basic,2025-11-23,,19
3e556c4e-c147-404f-9a1b-943746afdb07,e7539265-369b-4599-b123-f7f3e7953db7,pro,2025-07-06,,49
d488d1c0-6ff6-420b-90d5-f9dc517a5f84,6223e3bf-d4fb-4750-8881-8fde45b22dc7,enterprise,2025-08-14,,199
3ab7e779-3b15-4fa8-8456-b23652c63e28,84101acb-6a8e-4b77-9401-5f5ee6863f17,basic,2026-06-03,,19
5e6654f8-390c-4445-bc4e-38f17f036dd7,365db993-a8b8-4ee4-8ff5-3fdcccaff07d,basic,2026-06-05,,19
8d345591-943e-41a3-9a55-7ec611ac5a95,026c3112-6db0-4bf9-9119-c619decf6c4d,basic,2025-08-29,2025-10-27,19
5eb747c2-5ecd-4e3d-bd44-d0e24437f5c6,99006a6c-7ce5-455d-8db7-22ffbcc0932b,basic,2025-07-01,,19
c4d454c1-bb1e-4fb1-b193-d74d597a7d3f,45b0a3c7-6c5e-4be7-a7cc-08c58e2277db,basic,2026-02-20,,19
a01bb430-978f-4a78-8ca8-5d4eef16826a,aa7a5316-8daa-4a1f-b44b-9cd83a156cfa,basic,2026-04-30,2026-07-22,19
d9e8f992-ac84-401e-85a8-4bae6bd97712,22451ec5-9521-46ee-955d-c8ef2eed8680,basic,2025-06-05,,19
587182b3-bf6b-4492-b065-518d8592588e,6012b5c5-949a-4a5b-83be-ec6cefb6f5b1,basic,2025-12-06,,19
21c5c7f3-290d-4582-abcb-292e34468776,ed6181f4-3707-41de-b105-2bd69b80db48,basic,2025-11-06,,19
df226bb6-d0d1-4825-9a17-25abbb2e819e,ec6d4dc5-7690-40a5-b168-5ffdaac7d56c,pro,2026-03-30,,49
dd2a3d3b-55e6-4bda-81f7-60bbc5956616,1cd3889a-b5a2-4b7e-b8da-4a9fedb61fc7,basic,2026-03-06,,19
afa53772-5240-4564-a576-c8c173b09dcf,8976de56-d6bd-41a4-a4c6-92ce2e454386,basic,2025-11-27,,19
647cf7f7-3c89-4f6d-95f0-e45ee2430bad,72f0a2c9-2df8-477b-b82d-4ea4a04bf559,basic,2025-06-27,2025-11-12,19
f4c644b7-1589-4dd7-a506-a3d09d54c01e,6590876b-40c1-4919-969d-21d142a2ea68,basic,2026-03-23,,19
a36bb419-d55a-4a86-89b8-4ca8c0cacf8b,0d47bef5-4775-45ab-bcb9-7831c9a14bf3,basic,2025-09-29,,19
fd2dbb99-4f4a-4fa3-8255-f2703ecfe5fa,7a1410b5-955d-4c15-8370-dadb329ce323,basic,2026-01-19,2026-03-15,19
354a94c6-8033-4509-b51c-09bf7ae3d508,34f8e5ff-9af6-4d4a-aa32-084beb36b80f,basic,2025-09-22,,19
94a9d790-a817-45dd-8c57-63bc03e83649,3d2d90ec-b980-4df9-93e8-2126fdbd2d2b,basic,2025-12-28,,19
017a8797-865a-48f0-a5d1-b60d6cca2616,16e1a7ff-ca84-4e82-9148-b603a6917ba5,basic,2025-06-28,,19
3f392578-51c2-45dd-ac80-7c6a0ca45c6a,513d6ba8-6ca0-42a1-a712-eec80eac05f2,basic,2026-03-29,2026-09-09,19
9137ebbb-e7dc-459f-8e98-c4e64a71d695,d2211c67-3e93-4f17-8109-c0bc00fc3c98,enterprise,2025-09-08,,199
fe9e3958-933c-42e1-b06b-6e6a6bdfcdff,2a6e32cc-a9c3-46db-a0e3-9a8cf101d95a,pro,2026-06-01,,49
3eb64284-86f9-4437-88b2-734f57a76559,1fdb8d4f-e97b-4683-b676-de24396177b9,basic,2026-01-17,,19
18dc54d3-76d8-44bf-b59e-b62bf40a6c8f,5e5b7303-c513-4ffd-a36b-78ec3856181b,enterprise,2026-01-21,,199
8114b32a-b73a-4dd7-9ea4-8a591984c9da,0e1fccb9-c16b-4839-a854-34b3057e53ee,pro,2026-02-18,,49
b8a43980-4ca8-4b06-82a7-852c90f3736a,ff0f845f-dfb9-468c-8fd7-3e1caa66e5ca,pro,2025-11-09,,49
c9cff7bf-16b8-4f1d-a1f1-34a3804cd9d3,3f444724-d722-4b3a-ba61-f5652c930195,basic,2025-06-23,2025-11-27,19
01e2ae1b-37b9-4258-a51b-fc58e23ccd2a,4bf55fa9-dc04-429b-80c9-f10c441d2d71,basic,2025-11-14,,19
65dea901-17e0-4798-9d34-905d8cc35098,f7c908ff-dace-4912-811f-a26fc1867371,pro,2026-06-09,2026-10-25,49
c82ffee3-1910-4943-aba5-d4f118385489,355156c5-7357-4ae0-b619-8ccde7d03807,basic,2025-09-07,,19
ba1433d4-cec6-4df1-890e-761168fd1030,db1552ac-506e-47fc-bb16-6165249ec472,basic,2026-01-22,,19
a3a758a0-550a-4760-9a86-11876fec6034,7ea727dd-e73a-468e-a869-3f86243054ec,pro,2026-01-01,,49
b7e49055-b4b4-448e-ad93-b9ec4341c6fa,cdf052c4-23ea-4202-89cc-8aff7021e979,basic,2025-09-26,2026-02-08,19
41bb9aa6-a3cb-4dce-87b1-31370ecb7ee2,da488195-78e5-41ca-b0f4-14de026dd014,basic,2025-12-19,,19
2987bb59-e990-4a62-8eee-327bf5d36e95,0bca18c6-d46c-4267-bf67-7b6918f9f2df,basic,2026-01-01,,19
9b101cce-1afc-439a-b49d-44a619719598,4059e28b-c384-4010-9b86-f6fbc0f83744,pro,2026-04-20,,49
79d9cd7f-b2c0-48ac-b64e-59f3e53d014d,e17e7e89-0163-4aa1-9e0c-8a346f83007b,basic,2026-05-08,,19
7f8a71fd-dfb6-42bd-b5f4-72862b520599,044233c8-bf98-488b-97ea-1f5ae56cbf52,pro,2026-06-29,,49
cc0f6d83-51c5-42b3-8d74-dbc84cf567d8,5730b120-bcf7-439a-99be-76a73ce98d14,pro,2026-03-08,,49
05cc2acd-0cd4-4aad-8df2-2685ff8aadd8,2d6f9e62-16ef-4589-b470-d86e4eb56ca3,enterprise,2026-06-17,,199
8e001fb5-0774-43f0-869a-38c10af6c22e,f0ee5a7a-8105-40c7-8a06-7a9a836ad2cc,enterprise,2025-09-27,,199
f552fc5a-30c4-4b30-931f-0ca3929e9c23,145b404d-a67f-4995-acc4-a9f907ca38f9,pro,2025-07-14,,49
094a75b2-fdad-46b5-83fd-5fa116551f65,eeb58dcb-418a-4284-8fd3-565cf936ca46,enterprise,2026-04-06,,199
df2846d9-9940-4d57-8d2c-086fb0f3a8f1,7d5b4a0e-871a-41a4-806f-863c88e9de9b,pro,2025-11-25,,49
e989e790-6d83-4af0-a735-47a522da7a9a,5bfde39b-b436-4c6d-915e-43f7ba1193fa,basic,2025-10-03,,19
1ce9bc14-2e57-4a00-9aa5-8e7d5c5858dc,9fab417c-6ece-4246-9093-4f0c7ab1ba2b,basic,2026-01-30,,19
79533306-0354-4c22-b403-aed5a1cb3af2,600a6b30-1326-454b-9bfe-b9b9b224864e,pro,2025-09-15,,49
45b16da5-3a7b-4e0c-a222-ed90e32ba002,82e21474-69fb-4b7e-9a95-6bf69b0ee8ae,enterprise,2025-08-26,,199
5805514f-7a59-4cee-9c19-7e5594ba09aa,13947f5a-052a-4c25-a60e-c405b5e8ee03,enterprise,2026-03-09,,199
4b327196-9b2c-4088-99ee-d5352904ee76,fb7a2f7d-ca77-40cb-8fcc-bbfa7341942d,enterprise,2025-12-21,2026-02-05,199
0aedf479-fa54-469f-8ac4-585cbd729733,f9275802-045f-49d4-b44d-776e51f9c71b,pro,2025-06-16,,49
9273be27-7163-470b-b115-15d33ae78f03,67b50b8b-5d46-468f-aedc-7a470ac0da0b,pro,2025-10-25,,49
414b49d7-673d-43ce-a866-e693fb7db8ba,f8699117-f6e8-4316-b8a6-e6a6b0f697a1,basic,2026-04-20,,19
a77e7958-4c53-4ab4-aa59-3604edf919c2,68ff2aa2-9a2d-4041-baa5-0e9d88988758,pro,2025-10-14,,49
deb6b0b5-93c2-4a6f-819f-10368e73e973,041bb0ff-51a6-467a-b504-514234edb27c,basic,2026-06-14,,19
c40921ad-ca5e-48eb-9963-ef0496c06590,c19d38ab-d4b4-4d1a-a417-eb9ba730f897,pro,2025-10-31,,49
d276f5d6-65be-4dba-a969-0b652a85aae2,f652dc7f-91d1-4a84-96dd-4638a174f9a3,pro,2026-06-07,,49
142502e0-2967-4ac5-a766-1b1fe8368fae,4963f5fb-a462-4d2d-a244-18a4cb893fd3,basic,2026-03-31,,19
0684eea9-69fc-4ffb-b5bb-b8c16e123eda,3eaa8df5-07b2-470b-bce4-085b1b194f9d,basic,2025-09-23,2025-11-15,19
5e300fd5-9248-4a2f-8d8e-38b299045fb6,7adc7e21-66fd-452b-951c-d82725d4048f,pro,2025-11-17,,49
051e43c0-edac-416b-bbbe-169319f709c8,3bdac9aa-8ebf-4d14-888d-e28be537b039,basic,2025-12-18,,19
868248ea-ff60-4cf9-9fd0-b65aed1d7c23,33a39ed0-3c3d-4ed8-a3ef-263718b1d103,basic,2026-05-26,,19
9e5136a4-c339-42f9-a981-314e9830b547,7ad8b155-4c87-472e-93c9-4fcf1c1274bb,basic,2026-04-30,,19
3659df89-743b-4b7d-97a9-cc7ed6dcebc0,a43932a6-8785-490e-b3eb-ac2814f4362e,enterprise,2025-12-30,,199
9706027a-f806-46ec-83f1-4017cdbc3ee8,48cc46b3-f8fe-41d9-b4e1-b2380daa66e3,pro,2026-01-26,,49
16b38bbe-140f-45fb-b5e1-4c8a9bbdf33e,465e8f39-edb4-474b-b3f7-9b60797cc298,basic,2025-08-25,,19
57c50ff9-1528-40ff-ae38-6a48323525a5,d6577303-43ec-42a7-bbe2-600f02710e16,basic,2026-05-10,,19
bd012543-dc79-4c34-8888-e6a48cb5ea15,323625cf-6192-4a33-a42c-9452c6ef5ada,basic,2025-12-06,,19
b8f990b9-1f80-47f9-91f9-83978f6bd5c1,9c116482-f096-4239-831c-918105b995fa,basic,2025-12-19,,19
090cd3c6-8bcc-4b25-b2de-ffbe97557355,41416f22-2892-4a74-8132-4ae7c73e43c2,enterprise,2025-12-27,,199
59c2ecf3-c7a1-40d0-858f-19ef4a4e8eac,3f7314d1-acb2-40bd-a1ca-4c5b0475edb1,basic,2026-03-09,,19
de2547c4-5838-41e9-9b92-95b64ab32d8e,827163b8-7993-45b6-8d21-0204b73d5040,pro,2026-02-22,,49
9b989282-f67d-412c-8d0d-ad4ba60727b6,5ac4b138-e987-45ea-882f-c85077f3e5e5,basic,2025-06-30,2025-08-05,19
9fe73837-3ca1-428e-87b9-b3a7a3a2e604,baf1f37b-dbc2-483e-9d53-b7fcdeee0f69,enterprise,2026-04-14,,199
90049824-21b7-4604-84c9-5e93a28074ff,35d7f485-6297-495d-9c3d-c9b60e1946d0,pro,2026-01-27,,49
7d4e542c-0d60-4830-9a32-5cdfc430b1ed,4c398e36-c112-4be1-9b8f-ee915378cf0f,pro,2025-08-11,,49
3c55450d-7405-496b-bcb0-56d8774dfaa5,6f295502-0a2c-49a2-8e90-bff9c35a2851,basic,2025-10-27,,19
1dff6d9e-b1dd-45ee-9d03-a434fa99a5e3,9fa9ade3-9520-457f-8801-8d3cd915068e,enterprise,2026-05-31,,199
684ba4f0-3592-49b2-932d-6f52705c9ec7,7bec4ec1-e6f6-4ce9-889e-fadee6f839f1,basic,2025-11-18,,19
79344187-319a-433e-8c4c-abdd097b574c,f69d7d9c-f71f-455e-9917-5e9831ce52aa,basic,2026-01-16,,19
e3830cdc-a6c0-4c10-84ee-dc95d694d486,2b5cde74-1dea-46f4-97f4-1806647ec473,basic,2025-08-17,,19
6b1d3d2c-4564-4614-b279-7a9023faca6b,58f5586e-957e-4100-ae55-853c5d6f13f2,pro,2025-12-04,2026-02-18,49
29f435ca-ae0a-4658-91d8-a6e05312d216,91e90f36-4dc7-483d-a487-02c19fdeaa1d,basic,2025-10-17,,19
757df175-d7fc-469a-b626-d9cea3c4920c,cca07ef8-d454-4f78-a41e-4853eebd5ce7,pro,2026-03-28,,49
43e84662-8ebb-4ccd-a3e6-0b6eef93108a,85e959ce-64df-40a0-baf7-76e7babeea8d,pro,2026-03-30,,49
5f6b8859-1ced-4240-9946-983bbda9f62e,b1b88c3f-202c-4e91-97e7-395d11adff0a,basic,2025-10-15,2026-01-19,19
dae5816e-6c28-4452-bdf8-2a5029e45236,abf3b532-5971-40dc-9355-0af726f0d83c,enterprise,2025-11-22,,199
faa45469-9d3a-4db6-923b-84e9ff72d7ab,ad93a17a-94e4-4ffb-bdcf-c790597f8129,enterprise,2026-06-09,,199
a6e7632c-8c9c-4bf7-b466-be567798c62c,1d7b6e31-43e3-4d19-8109-6459b6a1ef75,basic,2026-02-02,,19
ed3c9852-fd9e-40f7-89c1-cd9f2bd860f4,93a5d266-39a5-4cba-a14a-6cec10a1ea33,enterprise,2026-05-19,,199
9d5f77e1-aef3-4682-aec5-9612d4ce835c,6339ab8f-8d54-4840-97d8-1c221c118117,pro,2025-08-20,,49
bd62a549-9e46-4971-8553-e28f43de4afa,5d85b4e5-3baf-4343-b426-1ddeaf972ab1,pro,2026-02-11,,49
da645bfe-af81-4d5b-bfc6-6bd0589c6cc4,28d3b294-2710-48c1-89f2-07733c85b7dd,basic,2026-03-16,,19
98ea3e7a-521d-4d43-9d8b-d42bf897fb56,2246b6df-dc25-45e8-8f25-b498d83a0bfa,basic,2025-08-28,,19
8377e0f7-35ef-48fc-a49f-4ad73033e13b,2ab379c8-7d58-4d4f-92d2-9dbce94069e2,basic,2026-01-13,,19
4b7d3ea4-e949-42fa-a24a-a54cfbfa7d25,6abcb1cf-550e-470a-a7ec-091f9d5b2ed8,pro,2026-05-30,,49
f005fa1d-2e5a-40c6-b74e-ed147955b5bd,2d991400-751b-4e1a-8729-9d5863709840,pro,2026-03-04,,49
5b38730c-33c9-4cda-81be-0bb1ee8a1389,2bb679df-7a69-4205-b6df-66f5c43a4886,pro,2026-01-18,,49
8fd6cca4-9427-4ba5-bd9e-4a86590c9bae,bc76832e-dfe3-4954-93fe-85595a65604b,basic,2025-07-11,,19
43b3e44f-a18e-427d-8f17-fbc1658954b0,a02b6cac-4a11-4591-93e4-c5c845a3cbf8,basic,2026-01-28,,19
4bbfab95-73fc-4df3-a30b-a68c1e293153,4192ed4c-a69b-48eb-9647-2f9fd20a063d,basic,2026-06-15,,19
7ef0cd59-d114-45b8-bad9-09c8d289f37d,9fb242c4-5911-4bda-a59c-17271757f075,enterprise,2026-05-19,,199
c611e36f-fcdd-4ef8-94c8-bc2902521be3,22ee3d29-3974-46ae-b71b-53f51612460d,pro,2026-06-22,,49
e98dc1d7-fa7a-4eed-8243-179fd7829c19,6f0b200e-44b7-483a-8682-5fc090cd4264,basic,2026-05-31,,19
958dfb41-a662-45e0-a874-baf8f5937fba,87e17479-c2b3-448f-a88b-fb0fcbaca77e,pro,2025-08-04,2026-01-22,49
1a5f3603-f849-43e4-8089-13f430b42084,3f32b0c1-e66c-43a9-b3ba-ae7321197439,basic,2025-10-24,,19
42dc3bf4-1fce-40bf-aa57-78b7e9e19a4b,ec59b367-42c1-4e51-bd0a-8d7e79500953,basic,2025-10-17,,19
6e845a32-c4f8-413c-b950-d326ff1feae9,fd795a6d-cf97-46a3-82e6-36e0905cf70b,enterprise,2025-09-19,,199
89e146ae-6642-4952-bdde-871737015b52,15f40ab0-b092-499d-a4d3-0e1fb60325fc,pro,2026-05-20,,49
3007a615-76f8-4012-8911-95e8f7130516,6f7592d9-846d-4500-8723-d1a3960a2a56,pro,2025-09-25,,49
1ab8ff59-f1c4-4122-97bf-b88d6d8065b3,bfd5c50d-4c43-4d51-82be-5440ddfdb7ac,basic,2026-05-03,,19
1523cd5f-2b27-4fe0-a26e-04c2c9464579,795b8e41-b1ea-4bc8-974e-5ae6e9903174,basic,2025-09-06,,19
7b0645ef-1d8c-4511-8099-3d9dc0afe1e4,f98bd905-f0e6-4768-988c-84589eae7b01,basic,2025-06-24,,19
9e374342-14a5-45ff-b117-629bcbebb2e8,261238db-81db-457d-a269-0c6d82575c5e,pro,2025-10-25,,49
97b27bb6-c458-43f7-9583-a7fe29667a81,9ca1f5ee-98a9-4b89-9866-8bbd54b628ad,basic,2026-01-18,,19
7c1f864a-36af-4cfe-8811-c7b8f3e740e4,9e34764f-a779-4be6-8e58-1df4bb9c6bd5,pro,2026-01-12,,49
b55a0871-11dc-46da-99de-88efb6bc86a3,74dc6a7b-e2ba-4020-b2a2-54e2763663da,enterprise,2025-11-09,,199
a876fd5e-cb4f-4f14-9a0c-887782bf8f64,ec6d3b9e-3e8a-44e2-ab14-348f66007058,basic,2026-05-23,2026-08-16,19
d580d578-e07e-4910-8453-336c52038e15,84048e19-a264-4210-8d82-b467c15a24f6,basic,2026-01-15,,19
3a5b4993-2f99-4ab3-90fe-831cd94d1d73,480b8baf-1fa1-4567-9609-6a79af8fc7e0,pro,2026-03-16,,49
1ab17f1f-c1ec-4ce2-8986-b065b71bc674,8ccb401f-e4ed-47fe-b106-7cec17cd2c8f,basic,2026-03-24,,19
4fb5b160-7aee-436a-9b72-7e8a2831a1a7,994012b1-febd-415a-b7bf-3a61cdcaf4da,pro,2025-09-04,,49
597b195b-c4f1-4895-b657-5f2bbcf870be,5f9ac722-0386-4280-98b2-837fb57a4482,enterprise,2025-08-13,,199
9423b7fa-bb45-42bb-9974-8ddfbd066ee8,889a46b7-016c-4fa5-8bc9-4256fa6e3332,pro,2026-04-18,,49
49b9aa47-4974-4da4-9d6f-a842a02ccaa9,b0da8ea8-86d0-4457-9fc8-dc9c799a2fb3,pro,2025-09-25,,49
53e4320b-84e5-4d17-9ec9-a8610377ab64,bf112224-0faa-42f8-acc8-83f4035b33f1,pro,2025-08-28,,49
c1ceb6ea-b57c-411c-9a49-a71699a2bf4d,3c887c7f-fa4d-408e-8dab-98ecd32ff394,pro,2026-06-18,,49
196e1293-ddeb-4ad6-8072-c30293ebef8a,bd027e62-b305-4c44-9b76-c2a223bbeffd,pro,2025-06-25,,49
7a06c8f0-5d8e-4680-bdb9-6e54d7b3401b,96c01e98-617a-4b9d-8bed-06347885dfb8,basic,2026-04-03,,19
07ae5524-b972-4c83-82bf-ce8c8b607c52,a578731c-2390-48c2-a515-f3b4cc75df71,basic,2025-12-16,,19
b9ed6ca8-5436-478b-b929-f846c98b997d,f3d5211d-48fb-44e4-a10f-6e273e111e59,pro,2025-11-30,,49
65aa437b-f631-4d8d-a46b-971e0f38bcb6,5db28926-2345-43ab-b44a-c40d0f4a928f,basic,2026-03-12,,19
252cba08-9e4d-43fa-8cfc-dd791ada238a,de029f4c-bc2c-4d6a-8cef-56101f29537e,basic,2025-12-03,,19
9b9f461c-9538-4189-ae1f-6c900a1894d3,281b28ea-5fde-447a-9fce-0036906c30c3,basic,2026-03-04,,19
c4bddd57-cc3d-4fb1-8a6e-70d4376f57ec,771c6856-eed7-439f-be17-4f4b06db7752,pro,2026-04-19,,49
2456a495-39cc-45f4-bed7-bc8d4be47dae,ee561078-df4a-4910-a49c-e178f74f988d,basic,2025-08-20,,19
b31cb007-5ba9-4f2c-9660-2a78638f5877,c7f75b23-88de-44ab-aad5-0a0c13d74da5,pro,2026-04-08,,49
3c5528c9-142c-4125-b959-458276435b1f,1a63aeba-574c-4efe-ae0f-3d816c0b1ffa,basic,2026-05-28,,19
fdf446d9-0c61-4815-911a-bb55d895ad34,3edb5cd3-510e-4533-b830-267da53bbb17,basic,2025-06-30,,19
a0f34b61-f4a1-4a70-84cd-e285c7addb19,cefbe91a-0ca9-4f09-b14a-7386399a0836,enterprise,2026-05-07,,199
3403b20c-43f3-4c24-8b71-91f99d788166,0e44fafd-34d7-4bc0-8178-c6705fb52b81,basic,2025-11-13,,19
61be562b-d5c5-4d14-8e1e-7a32bad7d934,af19a447-9dbf-42cf-95ce-adb50b13a813,basic,2025-06-25,,19
637fed7b-adae-4186-8c5e-071ead9077e8,f73e682c-2c81-49a1-bcbb-027f4be1c6aa,pro,2026-06-04,2026-09-19,49
0c91a9aa-f45b-4f41-bc18-cab1796b3d7d,109447cd-a060-4f5f-84ad-43e48e1c525f,pro,2025-07-10,,49
8acf7ed7-1fb8-4a94-987f-38303034d621,45ecc5de-8d47-411e-9cdb-64d9b1afd856,basic,2026-01-07,,19
1c17f8d0-66a9-4ec0-b9c5-1785179d35b7,d8dd1d61-9d15-4fe9-b70b-b8115a07df58,pro,2025-09-06,2025-11-11,49
f57b6695-bd37-40a2-86ec-183ed9a42e7c,53730df8-45df-4551-934d-43d5069aa9b4,basic,2025-09-22,,19
957041cb-0a75-4a4b-bae2-c46dc2ff6389,19dfaba6-1901-41a4-81ff-0fe3d63f4b4e,pro,2025-11-16,,49
3e4b8e41-62c7-4988-8a6f-4a0a35fe5690,03f98c71-3585-4288-b9d9-ee4ba696ce90,basic,2026-03-21,,19
47ad581a-c0eb-4edd-8eca-72979111fe5b,7ee9b32b-2c42-421c-83de-be3c5c08fde1,basic,2026-02-04,,19
059ed1b8-4248-4d5a-9433-47caa5b502be,9619e62c-27ec-4101-b17d-9b544f2c419f,basic,2025-10-12,,19
bf96c01a-cba7-4d3e-9776-5156a66f2e93,97bc7bd6-4458-44d7-8ca5-7f8abfe6c75c,pro,2026-04-19,,49
0dad7838-54c8-4f19-a3fe-bde9d3639209,e74150f7-e721-4f31-a865-e0b7987672dc,basic,2025-08-11,,19
5fe7845d-b9ce-4e42-9558-0b4960826875,b2990596-36ae-4c61-ad31-d6f446f475b5,basic,2026-04-24,,19
422512c4-8185-4635-8e27-e134133f9a2e,b647ee72-8a2b-416c-b18d-0d973d1d7842,pro,2025-10-27,,49
e2e6c324-aeac-44d6-a16e-fc42a0cb8075,5b949239-c5ed-4f26-b743-98e6b5ae404b,enterprise,2026-04-18,,199
8e098809-ff08-4547-acda-838b3b1ec3ee,e8b341b9-cef5-457b-9731-f4f25b9bda7c,basic,2026-01-05,,19
eead834d-0f7e-4bea-9c83-f3fcb210362a,07ad1b25-32a8-4aa2-a1f8-a90363b91bd6,basic,2026-02-10,,19
56eda286-31ca-4290-8d51-ef7755f0ca06,ce0c4c46-3c5e-43aa-853f-4ec961013474,enterprise,2026-03-24,,199
119dfcf0-21c2-44ea-8175-9c08095761c2,c5ec092c-dabb-404b-8caf-ccc5594e7d36,pro,2025-08-18,,49
5280e5b8-222a-4380-9e6e-dde4081659d2,d5f9b1e4-8fd7-4b4f-82f4-eeaa74580c5a,pro,2025-08-31,,49
fc67a6bb-ed33-4eb1-b33a-df692f18537b,e0015348-ff25-4add-bec5-1773b517eb61,pro,2026-03-08,,49
01bb2d3b-d7f2-4257-a0c2-91d8132223dc,2a7cc4c7-fa0b-492a-b2f4-2f97da3ff067,basic,2025-12-30,,19
4225a276-75ce-4853-8159-99a1991e4514,3e60fc3e-fcc1-4b16-af71-31477af5041a,basic,2025-10-28,,19
21c99961-4005-40df-b25f-778ab8d3568e,df98f8eb-8fbe-40e4-a371-912d5b278cb2,enterprise,2026-04-28,2026-10-01,199
509943b1-ecce-43f8-8a25-69e248f3d5c0,e305fd26-1c95-4099-b72a-e01501fd22a9,basic,2026-01-07,,19
60af56af-aed8-4a78-aa4c-d5b7cd3453f0,8cb27e37-28f4-44ff-807f-dc1fe9bf3dcc,basic,2025-06-27,,19
a4f290c6-deeb-4f8e-b056-e6b5482ba330,4cb82a9a-3cc3-4045-9e5d-b6272e6950ae,pro,2026-05-19,,49
f845fd9c-4b2c-4c6b-a1b9-8bfed1ae465d,af46d611-d6ba-45db-9f0d-699fee8a1e17,pro,2025-09-08,,49
7395ba58-2926-4632-85cf-bca304db44a1,f885fc21-2f2d-40dd-b401-71ef81865310,basic,2026-05-08,,19
92987e4c-fd53-4996-8d58-0c825bc3f412,feaa6716-a53e-452d-b847-8bf574139d9e,basic,2026-05-29,,19
2f29a2f5-64c1-4ef3-9c2e-7e742695cccd,acf0c3b9-9ec6-44e2-9daf-c005b8b0897b,basic,2025-09-03,,19
cf5c67c1-fa87-4954-9143-f44a768a8377,14ddf6fb-c120-4924-a687-d7ca38649b0e,enterprise,2025-08-06,,199
efd60170-c3b0-4419-aae1-1bbd5c07c2ea,d8f9760f-508a-4e2d-b50b-7cf81f14758b,enterprise,2025-09-22,,199
8f2645bb-dc58-4e5d-ae7f-21bce638d202,994ed0c5-1c50-4fcc-a927-0cf3b23b6fdc,basic,2026-05-18,,19
d75df6e5-4f5f-44be-a2a9-cf75b21ddd0c,fb095223-b775-4d92-ab9f-9428b6176054,basic,2025-08-20,,19
f5636492-cbc2-40df-8e49-05cc05ab6b80,d8e17f03-4a76-4b03-bd09-e2a6fe16d018,basic,2025-10-07,,19
e168c060-f027-4e3e-aadf-29d5bde714fa,a4a158ab-b034-4e8e-bd37-d7ab44a732bb,pro,2025-08-15,,49
5a7a2f03-75dc-4a83-80e6-0b363d01f5e6,5c9dd69d-4b1d-40f0-830f-738efd45870b,basic,2025-09-25,2025-12-10,19
806f8418-af84-451f-99cc-514b0f701d1d,5417b525-8c18-4010-969c-06a085f4f34f,basic,2026-02-03,,19
c9314a2c-1eef-4c8f-b533-84937d89dabb,79b3ec73-a587-499c-89bc-cf464674e992,basic,2025-10-14,,19
7ff163f4-c920-48ee-8e2a-27138d553e89,1669c561-839b-48f4-9b85-e12442a1e195,basic,2026-06-09,,19
c3b4c66a-e935-4fb6-a132-41ac38b9ebd4,a604ec55-e221-4632-a42f-4972fb4c8f04,pro,2025-09-24,,49
4234bcda-8e16-4e9f-80ee-62c2068908e2,c1b6392d-b368-4585-8386-fa62ad331abd,basic,2026-03-22,,19
756ec300-b104-4891-92ff-8daa402428a2,06c83c96-d338-40e1-a3eb-9d6831e08519,pro,2025-07-17,,49
30f723de-87aa-4e05-aa15-1051136fee6f,42021b60-53e4-4b82-9ee3-354f920bbfae,basic,2025-10-12,,19
eed9e151-5263-433a-819d-1be5808b210d,31b1183a-1cc6-4a67-a8ac-0988c3a6becb,pro,2025-08-22,,49
45c77109-a1ef-44c3-83a1-e6d8f6e105e3,4cfe2e2e-83b4-4369-b07a-8932754e5b6c,basic,2025-08-11,2025-09-27,19
621df377-714b-417d-9973-62bddbf9fa8d,aea56ae7-759d-41d7-b3dc-0fe03d3d31ca,basic,2025-09-24,,19
7ddc9322-10f3-4c3f-af51-8255425ae407,194034f1-ca9d-46e3-a5e3-cc8e8a448fb5,basic,2025-06-05,,19
6c282c83-3131-462c-9186-feac644bd34d,b63162e3-3d91-4d3b-b245-9f1b18c85863,basic,2025-07-02,,19
fb8ca408-1cb5-437d-a81a-bd82625c7416,fbe9d7e8-eabb-4175-95ab-9a6220984f88,basic,2025-08-26,,19
6e3a17d1-62b3-4941-b0aa-ae0cbc91839c,04540c7e-c3ae-4cc4-bf32-7bac80068875,pro,2025-10-11,,49
ff1dedeb-ebdb-4759-8229-e6d876ace56a,ac7f8338-f05c-4145-88eb-905ddcccaaab,basic,2026-02-20,,19
0c83298b-8a11-4dee-9921-2d7e0dd8d9cf,da58df4d-880a-46e5-9138-146b5313a7f2,basic,2026-01-07,,19
b71638c2-55ae-4001-b88c-c02f1e4ee0ff,edce48da-f8c6-401b-8106-97cc67902342,basic,2025-12-21,,19
fa4d49d0-634b-47b2-9f2b-f6cb31019b4d,9eb77a84-c005-447f-ac42-3a40235fae6c,basic,2026-01-26,,19
ddbb531b-244b-46cf-b6fa-cbeaaceccd51,9429b90a-751c-4caa-9eaa-2d3561083155,basic,2025-07-10,2025-10-02,19
e700175a-8602-4ccc-b018-41572ab0d193,15a66100-c688-4dff-89d6-7e27f889fe2e,basic,2026-05-18,2026-09-08,19
3e9b1665-409c-4d74-95f2-b132aedd2858,546cb3ce-a3cf-40d4-a405-e853d0f9da94,pro,2025-10-14,,49
fbe24758-02f1-4aa8-a76b-d7029b297f1e,c3baa24c-33f4-4cb6-98f9-86a3f1c06fca,basic,2025-07-21,,19
3d5d7eea-cbae-4358-8c97-4d54395e9953,65ad3d9f-b009-4680-91b0-f786d4fca0b8,basic,2026-04-03,,19
e06069db-3980-4ed4-b337-1582465c2880,632bfa7d-5dbe-441f-bbed-d8f2258aa243,enterprise,2026-02-04,,199
288af888-4afd-4e5b-8dd1-17270a14b757,89c735c4-b95d-4bd4-b0eb-667713cbf722,basic,2026-03-21,,19
5e6f2f35-df32-48cd-b8f2-4ff3e39fa2ad,d9fc7668-cff0-43d5-9385-d24e79e07f86,basic,2025-08-22,,19
df0a475c-f827-42f9-9d2d-8d57e62e519e,a624680b-cbbb-443e-b168-fc3308d5a8f3,basic,2025-09-19,2025-10-26,19
9b75cbb4-5cdc-4845-ba27-440242ed7251,96d93ed0-7ee5-45e5-aa33-79033824a65b,basic,2025-11-08,,19
ca9503df-a2d0-4ea3-bdf8-b504f38f0015,8e3a7a35-ea0a-48fe-8a57-0e02b7f0868c,pro,2025-07-18,,49
c268caad-247d-4721-a33d-154ca419d156,02cc1809-e624-4c5a-a508-73e615aa3c97,basic,2025-10-07,,19
8c14f8ea-71ca-4a1c-a7ba-15e8665a5399,90b1ebfd-80cc-4d37-b6bf-e3eb2cad577e,pro,2025-11-16,,49
25e0c2ed-8d99-4844-bd12-9fa4aa433ca6,10154716-b364-4fe5-848f-f3022805b0b9,basic,2026-01-28,2026-03-12,19
95a4e611-a612-48ce-aaf7-8e167c31fd90,751ae2b7-88f4-43c1-871f-b0f39bbd2d45,pro,2026-05-15,2026-08-01,49
cbe69992-c763-4cee-a9e5-235e61eb4ec7,fa07f5a9-a451-47aa-821e-5c18540c848c,basic,2026-05-30,,19
a95a2a69-9369-4733-ad8e-da549ab83e16,0fbcbc63-9664-446f-8bba-7db5c4624498,basic,2026-04-17,,19
5097e033-3a81-4ceb-84df-26b1a9677075,925e7fb9-422d-4be9-919a-5e9f5f3fc3e4,enterprise,2026-04-23,,199
8cb18715-a9d2-4cd0-8376-2acb048da803,eb94b9ad-e055-4ad8-9292-b2b085235fd3,pro,2025-10-12,,49
dcb62595-cde7-4d5e-b705-5f6c7da8b3d3,81adf4fe-44b2-492a-82b4-2412127fa90d,basic,2026-05-08,,19
f4bdd2f7-5469-4275-995c-6820cbffd99d,1f443359-bc67-49a8-8fe1-82858a5100dc,basic,2026-01-21,,19
c1c190ad-d948-4e26-acca-d03f98bf3531,4c78aa11-367f-4c72-a0e1-adb61c59437f,pro,2025-12-05,,49
f0120443-e5d8-41b8-b0e7-3e13fee9df29,ddfa03eb-be7f-47c7-a6c2-3a868da6a1c4,basic,2026-01-13,,19
56fd53ce-55d1-476e-b3ce-182805d4e4fc,a35151d9-b5b9-480e-8437-5b58f8e78fd7,basic,2026-01-28,,19
f9266838-798e-4986-bf73-137da1f5f31c,c5d8c59a-d7e8-4d87-a2bb-a3ebc46409e1,enterprise,2025-10-13,,199
1767b0bf-3e63-40bf-8945-045e9c633611,b34e9cdf-3aac-4a27-bc08-96a99fd5134e,basic,2025-09-14,,19
f0050f8f-6d04-4958-a03d-234c1d49251e,4e4af22f-5a7d-4012-9ea1-7be054986e80,basic,2025-07-17,,19
c1cf2b25-25e8-4f96-a756-73c79c39c90e,af718c37-f267-4bc3-9555-7c88e8cb8f9b,basic,2025-12-11,,19
d20482c8-d17c-4053-84d6-81aec306a1fd,5253f859-58ab-469f-82b9-6261bca47239,pro,2025-11-08,,49
07734ea1-008c-4397-8596-08a2914e3556,0cbe0b7d-3897-42f3-a5fd-6c1530896b10,basic,2025-08-09,,19
c93d7e56-c329-4f0e-8cf5-f569c479b5b1,696545c5-4e6b-4cda-9ba1-343638552d2c,basic,2025-10-29,,19
53e80b89-69ab-4a22-b488-08fc683ce0a8,1c76081f-18b2-4cf6-9fb3-2ec6253c0b51,basic,2025-09-30,,19
438769b2-64b7-4f78-ad16-465d942a19ef,02beb5e0-b130-4fc8-8314-f3f268c9b611,basic,2026-02-05,,19
b316308a-fe37-475a-9d7f-3bc49343cc78,c79ff9ac-6784-41df-ae14-0f9b312d9f01,basic,2025-11-26,,19
a81b4b44-1601-4a8b-a42b-1e6a7a7d21d2,2e73fb8c-5ed1-4e6b-aae1-bb7eb45745ef,basic,2026-06-24,,19
b601ad8e-a03e-4850-b610-5fa4021394ee,d9509267-54d6-4958-b22a-bda6444c091b,basic,2026-02-05,,19
21dc609d-c9d7-4a86-9c0b-d19db4a02425,9ce816d3-ac38-4b48-80fd-42495534bb3b,basic,2025-11-24,2026-02-09,19
74bb66e1-9612-4596-a677-f74cbb233b2f,76577a84-61d7-4f4a-b194-51548c7155ae,basic,2025-11-17,,19
2afe3c47-23ca-4c18-94e3-1d044abf8bf8,b39830cb-5462-43fa-9d07-6585d5277315,basic,2025-10-11,,19
2bf8231c-c552-4e3d-8d0f-dc7b7a871d3e,42a03e67-dd3e-495a-a09e-30be0d1382ed,pro,2025-11-13,,49
556c29a9-1446-4209-ac1c-9ccff8d1037b,99806b2a-fad8-42d3-bd0c-4a0bef2eb339,enterprise,2026-04-30,,199
86303826-13b0-40e7-b71a-6823ed70f4fc,6d7c52b5-ff1a-4526-9e53-de525add71ae,basic,2026-05-26,,19
93e3bd1a-4467-426a-9f72-906ae5017005,8d6260b5-830a-4a77-886c-20955bbb640c,basic,2025-09-29,,19
91115202-c026-4e3b-82a2-11cecd35c30b,31c113ca-0d53-4636-b011-c1341142ba69,enterprise,2026-03-03,,199
6633d63e-34d1-420c-a399-2da910838310,451e83a6-1ff0-401b-a289-a8f5da15400c,pro,2025-07-18,,49
d6195e4b-ea8e-40ea-82a6-3d748a3aea33,8553fddf-df0d-4936-9428-3e7fa32f47a3,basic,2026-04-16,,19
93697f15-7e1b-489f-b99f-d51b50260ccf,2a9f9367-0d11-46b2-bee4-19285a5259ba,basic,2026-06-11,2026-09-09,19
77cc037b-8571-452f-8b4f-f327cb8ad11c,92ea4845-4bc6-4cdf-9471-3707e63fabf7,enterprise,2025-08-13,2025-10-02,199
28dffffa-4e39-4a9f-bf6d-2462294adf35,f662a32e-7024-41ca-a894-b6f1e02d1128,basic,2026-03-30,,19
bd6b1ce6-8ad4-4740-807a-e9bce9213db5,234504c2-bed6-4b11-b48f-08d35eed832c,basic,2025-09-16,,19
a6ba7f4d-95ea-4b26-b747-ac77099896ce,c8e8a689-dcad-4fe6-8b23-0d8fb3c4a96e,pro,2025-11-29,,49
a21f48ab-60fc-4a22-be4c-15104acd24ee,39926928-31ee-4c55-a670-a09549255970,basic,2025-08-15,,19
0f66b14b-821f-42cf-9fdb-336d63edd301,712f728b-c40e-4bcf-8db9-5d6f143c2f10,basic,2026-03-10,,19
1d8d5d81-ee53-46af-ad41-8712a2d4c571,e827e368-58a8-4102-9096-f62acd21d66d,pro,2025-09-21,,49
f09fd6a8-dd50-4362-b9b8-95fd01de6dfb,9644087d-9727-4dc5-b835-f1a99f4a88d4,basic,2025-08-11,,19
060479b3-04af-40a6-a618-7b74aaed77ce,4390af33-34fb-4b1a-8da7-53681e1f3c87,basic,2025-10-29,,19
33b6292c-f9c3-40d9-b1f1-05b27053e1b6,1f35b734-bef4-42dc-898f-840f7018a023,basic,2026-01-18,,19
eaf9833d-f08a-46b0-8a6f-870b4efb1599,084eef58-c649-4b39-8930-872b6b16f338,basic,2025-12-03,,19
6fbc9822-9e77-4c1c-b197-f796103a40a7,3e569162-82df-4a85-9bf7-8180332da49c,basic,2025-08-11,,19
30cec266-e3cb-465c-9205-c7789f933541,84646d63-caf5-43c4-a8c3-982138458459,pro,2025-08-28,,49
68ba8186-8b99-48af-90d0-92900e190371,bfec2659-7992-47bb-ba20-88d2ac282a6e,pro,2026-03-16,,49
2fe26cda-5fc5-4d8f-8185-85e876f3d485,0f6e2a44-4f11-4018-bae0-ad70b46986f1,pro,2026-01-15,,49
41396609-a5d4-42d2-ba36-431eb03cf8ed,b1d921ea-c7c5-4f0b-ae8e-648db0784aa1,basic,2025-08-22,,19
645b1c77-83c4-4e85-9536-f171d19208ad,35d389df-3b18-4e26-a7e1-bff141dd6ed9,basic,2026-03-06,,19
d3a031ae-210a-4675-8e1f-b1915ad7f84c,b4862536-ace2-4947-a604-40f72ec9eaa4,basic,2025-09-24,,19
c1a948e8-cd86-42bd-8b5c-869fd0b7b099,35b1d1d3-05f9-4e9e-bcf6-bef3adae4794,basic,2026-05-28,,19
5bfc3284-958a-47d6-90d1-5ab1ed02fd5f,02960730-79a3-4305-8f40-3eb2b5fab94f,enterprise,2025-08-26,,199
0b2b499a-1143-4baf-b23a-0ac39423c6a9,1b50b7cf-7ca0-4982-9e70-8e3208dac9ea,basic,2026-01-26,,19
55ee4f39-69f2-491e-94d3-b06cc645a5f7,b4e6d92d-56e1-4f1c-ad64-635c7c280a6a,basic,2025-12-15,2026-04-01,19
39209ee3-a5bb-4dcb-85a2-7698297f591b,5146593f-9086-4a1c-a2f3-fe17803ef6e7,basic,2025-12-10,,19
eb2cea2b-1c22-4ea2-9d0a-aefb452a3c85,310349a6-ef53-427b-a4d0-aeb601e83a99,basic,2025-08-18,,19
7f809e0b-be44-4ed1-a2b5-52774068d94a,2732c2b7-cf73-46a1-a4e1-7f42f9bf17b6,enterprise,2025-07-07,,199
5ebacf2c-e962-455f-9d12-9793b625c1e4,f3004989-911a-41cd-8eaa-98352be59f99,basic,2025-09-03,,19
143f0cd2-8373-4c1e-8b0b-b57eed8eee24,9ec5dc20-6f9d-4326-b8e6-82a2d84d6176,basic,2026-05-03,,19
911cc832-95c8-4489-89b2-57777a1cba94,568fc5cc-52c6-4135-8ec3-d7f623ad8d64,basic,2025-06-24,,19
4af33c14-86eb-4b82-a004-2bdc21b0b68a,10b1208b-fb38-4e13-b642-32187b0d022a,pro,2026-03-24,,49
01ce31d5-0d9f-4ad7-8ff5-4a8ee0008942,e1941856-36ca-47da-ba39-f0e16eefa1a4,basic,2026-04-07,,19
44a20cdd-7333-4b29-9317-ef11c787c51a,1d655d52-e719-4a68-bb51-4963d87a8f77,enterprise,2025-07-18,,199
451ccef4-5179-4f8d-9208-01eda90ad442,571abb06-66d6-461b-87de-c7034fea72a9,basic,2025-10-19,,19
3f9f28bc-64c0-4f85-a004-2d7c0994320a,d11655fe-561f-473a-858e-7b2550ba3f47,basic,2026-03-02,,19
a63fc2b2-ab76-4712-b75e-c38374936110,aab88a09-0c13-4591-b0b9-7f56c98fd838,pro,2026-02-05,2026-07-05,49
7a3b3e83-df25-46fa-a74b-5e23f1b2eb09,fcb67050-9195-47ca-9d20-5569258f3ac3,basic,2026-02-18,,19
ac527e4e-5f9d-4715-b090-00fe543935dd,cc2faf46-ae70-454c-8b20-f985a73e7518,enterprise,2026-01-14,,199
457a45f1-d397-4b03-8969-18a8e337a10f,2ae04f94-fe86-4fbb-9f4f-465cfb66b73f,pro,2025-11-23,,49
0b74b68f-a498-4f89-917d-3b5bf777470f,c4bf6506-adfa-42bd-b841-5a7e6e6b0bd1,basic,2025-11-15,,19
7338160f-65c2-4f86-8418-20b852172d62,fb8c4291-e4c1-4718-aa6f-0be6a09b97cb,basic,2025-09-21,,19
b9131db0-793f-4bfb-a5d8-2906424b54ea,77088122-fc88-4d3d-895f-8bec36935535,basic,2026-05-02,,19
d90b0364-9807-46e2-999a-c81cee95e55c,8bb782a7-3262-4d7b-8cfb-c670280bcc83,basic,2026-06-28,,19
ae1c8cec-3b1b-4da4-94d5-10537fc32ab0,745b2e55-1c64-4e12-9158-2c98df8e30ec,basic,2026-02-25,,19
dbd1f8ef-adc8-4002-a5ef-ef0d4f23963b,173600be-3966-432d-b365-c887bba59173,basic,2025-10-13,,19
04efdba7-c1ec-4e65-83b9-f7f8f6b58737,db6bc989-2838-415f-844f-4b0906fdb97f,basic,2026-04-29,,19
3485d9e4-0927-4f2a-a574-cd0da600067d,9e77a7f6-7fea-4267-b518-da5b4f6c2f2b,basic,2025-10-22,,19
aa570207-ab5f-43cf-97f9-4b7c642093d4,e2468d2e-6604-409f-b270-48a380dca181,pro,2026-06-05,,49
8f2a0e5b-918a-479d-9c15-63228014cc7f,53f1760f-d3f4-4bbe-9e8d-753513d221d8,pro,2025-06-18,2025-08-25,49
a2b35830-f558-4984-8b38-471c560017e6,ff452e2d-b3fb-4006-aa2e-40b8f1b94e3f,basic,2026-01-22,,19
edf3c981-330e-46a3-87e0-4369f4ba0be3,d72a6171-21ed-4514-819c-02138472f445,pro,2025-06-24,,49
476af6a7-a58b-47c9-8a5e-606642c3dd9b,f7702922-5fdf-40da-a5c9-0064d3cafa12,basic,2026-01-09,,19
84ecde41-be32-446e-b7f8-9db66ae4e2c3,68fd3a7a-d0aa-4746-8e80-4914e83d1656,enterprise,2025-09-28,,199
2bf0815f-8f11-4663-9fd6-732792bb9214,ceffe221-78e7-4829-8fed-fc09492c3168,basic,2026-03-24,,19
a70419d2-64cb-4c52-8b9a-25442e9012b5,1a6de075-b89f-446c-a43c-2279d89eca4d,enterprise,2026-03-12,,199
b02260ac-d5dc-481a-941d-c144f1ff66c0,d8ac6490-5cfa-45c1-b969-1f9375165426,basic,2026-02-27,,19
d16b7bb1-62f9-4712-a99d-c199c136b2b2,056ddf4e-2cde-4ed6-8280-577ae58712ef,enterprise,2026-06-04,,199
f74c5209-4de9-4890-9609-d3771d022a9c,52550a08-13ef-489d-8432-8e17dd23977f,basic,2026-05-02,2026-07-06,19
72954e37-c3d2-4177-804d-c322479c6f9b,67b1f441-1331-4cf0-97ce-991a95a9487f,basic,2025-11-18,,19
0fa4b490-c3cc-4ae2-8d46-14a5d4f69c6b,85d6b6c9-86bc-453b-a80c-e6f32f1315cd,pro,2026-01-10,2026-03-03,49
d05c79c3-b008-40ec-b28a-4fc0dc3d5bd3,fe97cefa-86f5-49ee-8934-cd136303b0da,pro,2026-05-17,,49
0801fea0-0624-40f2-b7ad-769a894d0d00,c4dd08a7-253b-4c17-adc7-9bbb97aee62a,basic,2025-12-14,,19
a1c1fc21-766a-484d-97a3-e1d91aa6654d,ff6712d4-4ea5-48b9-807d-8b3ebd3d9bfd,basic,2025-09-19,,19
7c0a1c72-b75d-4b1b-9573-6796f897ab10,8b6c741b-96f3-4866-b2e5-c96c167e4296,basic,2025-08-09,,19
13e6adbf-22e3-4671-b994-03cf819ed3ba,de9855f6-cc7c-4a01-a876-a86d9b0b61f3,enterprise,2025-07-28,,199
227f1d8e-1956-4b46-a84b-a35d6b6b6cf7,ca0688a0-f021-4cf1-89d2-c80a827ac28a,basic,2026-05-16,,19
f0bcab9c-fd29-45dd-88c8-c825f55d9a0b,1924d449-e739-4573-9530-511fc4ae5152,enterprise,2025-07-21,,199
d8560d4b-11eb-452a-93b3-390b7cf03057,4a90fa4b-bcbb-43b9-8c92-b775340bbe4f,pro,2025-06-21,,49
dfad9db9-dda3-407c-bf89-93ffdf0d779a,ad4d297f-aaeb-4b98-9a9c-5ce31b3a9719,pro,2026-01-14,2026-02-21,49
f1cfe83a-4893-48c8-a411-219b1bb464f8,cd2f3e97-b37f-4f28-827c-857c1caa28d9,basic,2026-04-29,,19
8fbef7da-eff2-417f-b3b0-7dc0cd8e77d0,7886cb57-8e91-4d8c-bcfe-3c6bab61d6d9,pro,2026-04-03,,49
ed32f66a-bf40-48fe-aa1f-5f44d004b99c,e9ad2582-8c6f-4b80-971b-210a9fc35a9c,basic,2025-10-10,,19
da6666d2-e844-442f-ab29-e7c11ddf95d6,b3c6491f-3326-44f7-bb0e-ce201a3c5d1e,enterprise,2026-01-09,,199
18da9bd7-fde2-40cb-831a-64ccfc3361a1,3bdc1477-17c9-4ba3-8311-416c36c34f4d,basic,2025-08-05,,19
9734d53a-8494-4a24-a9d3-608ec6bcc11c,02b5ac4d-54c3-4190-bdfb-a649f8465b37,pro,2026-02-18,,49
3d9a6511-fcf0-47bc-8102-fb81b796f5cc,9fd9a3ff-1dc7-4c65-b5e6-2530aad82b8c,basic,2025-07-11,,19
e72b45c3-acd3-4858-8cf3-22445b4d66fd,c84e595a-cca8-46b8-a853-85a7a7cc8248,basic,2026-05-10,,19
c031ba02-d4a0-47e9-a940-9a769463f7bc,36ded901-2c9c-4f18-a8bc-8c7b5e54bcea,basic,2026-04-15,,19
16b6db47-bd03-4021-9be4-bcb55f1b580e,161f6005-7385-4847-87fa-44440f061096,basic,2026-03-28,,19
5001dece-e21e-4b64-8e7a-2da2a0e5dc77,c55c9f1a-b143-4957-8050-ccde58bf8a16,basic,2026-03-19,,19
32898a9d-b852-4aee-b4b6-f3e5ee728fcd,9e1b7894-a153-4acb-8cb9-e92a8b7c4371,pro,2026-01-18,2026-07-13,49
44ead70a-fea6-46c7-8cad-3b86b43ffcc1,cb643a3d-c944-449a-8328-054c512e355f,pro,2025-12-05,,49
e3ade85e-5117-4f96-9780-15ef444fdbfa,a591e1fd-d819-4023-ac51-b27adf655cbb,pro,2026-02-12,,49
51287994-30aa-4e29-ab21-4a38fb9e8d28,ed429b04-139d-4bdc-a98d-69d7409f36ef,basic,2026-02-26,,19
1e68867c-6a12-4b2b-9ad7-b9ec7f818c16,0b509301-9aef-4754-8794-ed3f80134373,pro,2025-09-02,,49
abdf846a-9964-4d2c-8394-6d3cf2dbacb7,2783610d-3974-4d2f-8a59-4217a0d4d265,enterprise,2026-04-19,,199
b117d7b9-da8a-48d7-a22d-ece69c0b98cb,46dc1d38-77ea-4f88-8d1f-ec84056a6bab,basic,2025-11-21,,19
bb103759-c95b-4aea-b3ab-6b31e00c29f8,073d3f18-22c0-40b0-874d-774543cdebfa,basic,2025-12-04,,19
22bbae87-de7b-4ff6-8f97-059badb80235,230034cc-5c5e-492b-86fc-1982559fd99c,pro,2025-12-21,,49
b2d8037a-82dc-403a-9a12-0b5cef3bac03,543e97b8-fb9b-49c8-af82-bc851ed06bd4,basic,2026-04-04,,19
b45540e0-01b0-46ad-8188-4f63d04838c8,71018d7b-c282-45fd-9d86-65d5decb7a25,basic,2025-08-11,,19
642a5843-07c4-4665-bc18-6dd732795a79,eb6f9638-6381-415f-8605-23ed3440cfb2,basic,2026-04-17,,19
334b06e2-a702-4ef1-a3ed-ed4f6aed2380,a1df1906-b026-41fc-95d5-caf9c550e872,basic,2026-03-21,2026-07-06,19
3a5b23da-dbc0-43d0-a794-10cd8f4cd18c,e30a6142-fd57-4b9f-851b-ed2279cbdb43,basic,2026-05-10,,19
7916b54e-3760-49cd-857f-bb8d09c4fda9,3b58920c-414e-4252-bcc4-db5f33609f57,basic,2026-01-01,,19
a6bd28b3-9e17-41c3-b882-54cabda05b5a,40c98b6f-3fa2-4978-8135-ca8b96474b20,basic,2026-03-17,,19
ab07c687-04d5-48c0-9c61-8d307008864c,65de03c4-0e9b-44dd-8964-bbf949666329,pro,2025-07-07,2025-09-20,49
6774458f-a698-4963-b4c7-7a1f017ae87e,49026c31-f83f-4f12-8af4-70e05a539533,basic,2025-12-06,,19
dd8078a9-9f45-4deb-8c44-94194c7800c4,a2ed0c64-a48b-48cd-905f-fba6a0f34056,enterprise,2026-03-18,,199
d16ca8e2-32ba-47f7-ae27-95ce0da1400c,55b3bc22-9324-4444-afe4-50cba4f17f2f,basic,2026-03-05,,19
2a79bbcd-44ff-4a09-ac84-8a1fe63169d5,168e2885-43c4-4ea2-b58f-ed4cb53780f1,basic,2025-08-31,,19
9a9d468d-0a66-46db-9a0e-2d8d6603204c,0ab2c3aa-5988-4ad8-be72-82d5ca666914,basic,2025-09-26,,19
c22a3d8a-37d7-462e-9f0a-5a3c0dd589de,00e6e6d7-45db-4adf-93d3-b49738d53307,basic,2025-09-29,,19
0cb324fd-5081-488d-89e9-6d3f9e4e4596,b1ae8eb2-4e79-4b11-9860-daba0160ab7d,pro,2025-11-24,,49
e2344432-6f9f-4334-885c-5bf1ae23c4c1,42a7df29-4f09-497f-8f55-4f1293ed10fd,basic,2026-03-22,,19
9865f8db-c2ee-41b3-a4ee-4b61601052da,4806d6c1-46be-44ae-9c82-2f40f92bc6ba,basic,2026-01-08,,19
40002221-dfca-4644-bf90-f27c8c7850c9,f02513cb-a8ab-4333-a629-0168b43f8028,pro,2026-05-04,,49
722bc464-98b8-40e2-819a-16db81aab08b,6c142ffd-191d-4bc5-81a0-62cddc1a9277,basic,2025-07-24,,19
debad81e-944c-485b-b2ef-95ff92c73fcc,48f4245c-2a67-4401-b648-9b9a223fe1c0,basic,2026-02-27,,19
4adc0678-d4d2-46ed-92e7-bfd1ccb36aae,00015135-ea18-42cd-9207-f6873edcd298,basic,2026-05-11,,19
930fbf33-c0e9-4b68-a92a-235d422c5bdd,ee77893c-d6f0-4049-b0c2-506dee9ec6f4,basic,2025-12-29,,19
6be7a9f9-768d-4dfd-83c5-76b3ac94891f,2bcf144f-8e2f-41c9-8525-e25bd4d5e0a9,pro,2025-12-19,,49
f1e07ff5-1e45-44f2-85a7-f2dae71d170e,e4c4532f-3e8e-466d-b71d-a333d2505ee0,basic,2025-12-04,,19
a3660ff3-d1d5-44b9-87df-4b8183cde525,7d196a72-67d9-45b2-9576-579cf3ff63a5,basic,2026-02-13,,19
9a0c8ebb-a56c-4322-b8a4-50e6a2b37050,c8d24817-f5d8-41af-89b5-3bae74008f69,enterprise,2025-11-13,,199
7b7356c0-510a-44cc-ba9a-931c7bd7d709,3a14d524-99fb-4059-b3c4-92ec42182476,basic,2025-07-29,2025-12-02,19
078671d9-9aad-49f7-a97c-755ca5e73bd7,b5bf80f4-d2fd-46a1-a8d6-e01e0686fb13,pro,2026-05-30,2026-07-03,49
9b68c32a-cbf7-47ed-8523-14ba23d34787,08fd7349-1a38-4436-8b9f-7ab4fe277784,basic,2025-11-28,,19
f736b9ba-9ec4-470a-9fb6-05b0459cdd97,09a426ab-86e2-4537-b1fc-d049f61a5ee6,basic,2025-12-28,,19
f9cac739-01bc-4ef5-a031-0668d4a4f87c,45337bea-93c6-4e57-bf67-30be035e4d7b,basic,2025-09-18,,19
431c68a1-8ffa-4805-9beb-c6c27531bfa1,dbb2c523-55f2-414e-baff-0f71f60962d2,pro,2025-10-10,,49
fb582a66-748f-464c-9884-aa635c5e5902,e2849f4e-e673-4c8e-8c20-a4abf6481069,basic,2025-07-19,,19
9ade0ec2-6c9b-48dd-81ed-79bc6ac852be,50448e22-b421-462d-b5f7-419cdd9a1905,basic,2025-11-23,2026-01-08,19
be7cd7f9-9124-4b6d-a06c-7f039ed6cb58,0752fa6b-df18-4265-8657-eb92e303455b,pro,2026-03-06,2026-04-05,49
bfaba509-e70d-408e-b391-cae3001176bd,c5fd7c35-39a3-4efc-bc37-17bdab202d93,enterprise,2025-11-12,2026-05-06,199
6da59e8d-2259-4a87-ab7b-92f665257f69,7eee89e3-6979-4416-9275-7d7968dccc82,basic,2025-11-09,2026-03-07,19
a2ae030c-d20f-4ce5-89c0-157b655c87db,5a3b9b7d-ca3e-4428-92b7-6ed4b3cbd00c,basic,2025-10-31,,19
80037b9f-2e9c-4f6a-bd5b-714a3b8be3f0,39395433-1ca2-4845-908f-24caa42f6d75,basic,2026-01-20,2026-07-18,19
009cbcac-d72a-4e43-9cd2-c938ff391bab,66ce06fe-7338-4554-af26-15e6abdba837,basic,2025-09-08,,19
711c5b75-cc8b-4566-95f7-1aac9ee8e52c,37e2d3a1-03f1-4a45-b273-2c2d2e55681e,basic,2026-05-04,,19
8d2279f9-72d5-4ef9-95ae-d96dc0479af9,bd55bb71-ae1c-40b3-8335-5ba2db2e58aa,basic,2025-11-13,,19
c7e7042f-794d-4f64-b025-98d596faaca8,56ea646e-5ae1-4de0-962e-6e86a662e54e,basic,2026-04-20,,19
0c2faa63-b75a-458a-875b-3d98dc152b80,cd47a138-2e0d-420d-8e33-fb42378061a7,basic,2026-06-27,,19
3dde2b67-4f08-4364-a5d4-7ca5abe6eed9,6594e701-56a9-4ee5-b2e6-142284616538,basic,2026-05-31,,19
9f62ee15-aafc-4eb3-b080-951f4dc103e4,d035839d-8319-4ef9-a797-d2ccfe3aea62,basic,2026-05-01,,19
e2e39a28-9028-45bf-9da1-f3d887940994,c70635fb-4936-49b2-ac5f-f5900584aa1e,basic,2026-02-17,,19
9d88893c-8512-48ef-bc0a-9739e9b01593,60d7462b-203c-45b9-abeb-b94ccddee527,pro,2026-03-24,,49
61586844-30b6-4c7c-9a1f-8c1775f95aa7,69d62ccc-6e2f-4126-8e45-40b4cc4af29d,basic,2026-01-11,,19
be70a34c-ec9f-41a2-ac88-f568ff67e0ca,d30ebb58-1fcf-4940-a3e5-2c7a719e8f3e,basic,2026-02-04,,19
406cc9e3-a089-4465-a716-5770a7e1a18e,8a47679c-2eb4-4b4c-bc4f-0581ca3e9c16,enterprise,2025-10-17,,199
6d7284cb-6a6d-4f7e-af17-0118fed4bc1f,7ddf7486-cd78-4067-9d29-baf63bc270bb,pro,2025-10-05,,49
933bf46a-0fd1-4a53-9866-d4cba972d5e7,7229e52c-fe45-47d2-a0b2-ec4bd2d144e2,basic,2025-09-18,,19
df1458c1-b23f-4ab0-831c-b2365b36d246,28ea051e-8b33-43b7-9536-ca81455ebf8f,basic,2025-12-22,,19
162ac0f4-3d9c-44ae-bbb6-f698d2cd8f11,fa76ccda-55ec-4430-bd7c-a86cd592c008,basic,2025-10-08,,19
a4b3d8a0-cf04-4077-bf97-ef76061e05d4,e41359fd-f17d-43e4-a1d0-78265742c2e3,pro,2025-09-02,,49
a46759c6-d586-44b3-b1d0-9c04f60a9f8f,76565ba3-3ee0-45ad-9aa6-e76c4177af44,pro,2025-11-27,,49
b854ff53-2817-4b2b-a557-746d77dfad40,2ce01af4-1a76-4a32-9bc3-05abef87d05a,basic,2025-11-27,,19
37906766-7e82-4e6b-a5bf-1518ff041fa5,e9ca6eaa-d799-4a29-9c29-2b9eddce053d,basic,2026-02-18,2026-05-25,19
6e78cf16-385e-4466-aebf-abc472b555e0,6a4570c0-fbd2-4cc6-b667-056a820aa3d9,basic,2026-01-12,,19
5099b4fb-c0f6-4585-935a-277d7b4c4af5,2dcc5a13-1d66-463b-9d62-544f7447307d,basic,2026-04-13,2026-05-19,19
bcbba31d-21b8-4463-8bc3-fdf83a3389e6,28f55210-9041-4d75-9feb-3e5032893d70,basic,2026-05-27,,19
bca0837a-a52b-4d20-9326-571f705343f1,ac98e052-4593-4600-b5e4-9a75babfdcd4,enterprise,2026-06-02,,199
05bbde54-5160-45b5-ab90-c0f903f3d20d,8003686a-d52b-4681-8650-e06a449878a0,basic,2026-03-12,,19
6828a0cb-c64d-488f-ab80-e61338471d15,2ef9b2db-76a6-4945-b116-c07c6706a95b,pro,2025-10-04,,49
fe10dcd3-c20c-422e-b8c0-b6662cd043e9,3e5c0689-cde5-4aa2-bbde-7ff51868bdbc,basic,2025-10-07,,19
64134169-0d9f-4d7e-ae80-e642f0316cf5,4795b52a-8097-4a4a-9c67-f111bef53183,basic,2025-10-07,,19
8065463b-ada9-435d-97ed-0d9b4b293dea,09c0e2bc-c0bf-4878-b0f4-015cf3197d6a,basic,2026-06-24,,19
fa5deb12-cbba-456c-adec-bbd6c2a41415,98ece7e1-8ce9-4b9f-ab31-55e99535d3a0,basic,2026-05-13,2026-10-12,19
f11f6a90-5bf4-464a-8fa8-a093e07398f3,0df2b495-e221-4983-995e-ea2a8f897543,basic,2025-08-30,2026-02-18,19
bdcf474f-1598-403a-b01e-3ff485682f14,6d7bd4aa-9774-4c8d-83d3-9ebd9d69ec0c,basic,2025-07-03,,19
7bef494d-a304-4857-9330-699e7f92ed10,9fa65746-35e8-4c07-8574-b17943b97bb8,basic,2026-02-19,,19
801088ed-ea7e-49bf-b6d0-90cf0c93a958,058be61e-536b-4836-82e4-3d337366de49,basic,2025-08-02,,19
074363e7-7a9c-4ac1-9a72-11360ddf362d,721bb3d6-3903-4578-b010-6c2dada8e4cd,pro,2026-05-01,,49
fa7b7eb7-1da7-4d82-9af7-bce8b8f9621f,df5ec727-2ca0-4f84-92ea-25bdb7bae0ca,basic,2026-02-09,,19
88651e1b-1850-43bf-9a3f-020004e5a597,fae70c78-adef-4ecd-8cd9-a11bcf088774,enterprise,2026-03-14,,199
295fb3f6-c7b3-4320-b2ff-0579930b34e3,85edeff8-e871-4442-a37f-52fb13010d5b,basic,2026-01-29,,19
bf31b07c-1562-4dcd-b6b3-b5251821d3a7,db04ea33-6f11-4bb7-a188-2fb752ec1456,enterprise,2025-12-14,,199
2f917a29-cfb7-4561-8d86-980390ea2d84,cdc6c30a-7a38-457d-ab75-daccd7bf60a0,basic,2025-09-12,,19
bd11a005-1013-4ef1-9679-a97792be3117,6440a33f-df0b-4b1f-b2e7-26d7873e3069,pro,2025-12-22,,49
28e46866-dfb9-47b7-b5de-5007d9e992e5,fc05cb20-0ba6-45ce-96e0-66c1b87aa2b1,basic,2025-07-25,,19
a678356b-2bef-4eac-9acb-71b2422906d2,c523d17e-3b87-4c39-9fe6-8ffee82a7f5c,basic,2026-01-19,,19
badb2503-1118-438a-a7bb-7835b2f6eb7e,a6ed5588-8a3a-4fe1-a5f2-41c7f6a9b592,enterprise,2026-05-10,2026-09-22,199
05a35ae7-bb7c-4598-890d-f5a9cdebc3fd,aa27eaa3-bfb4-4fb6-9c8a-d40dd58ccd42,pro,2025-10-17,,49
9c7282b3-316d-48d2-9310-4bdb4544bf2c,58e5e361-730c-47ac-a554-677157ceda4b,enterprise,2026-04-10,,199
1cbff48b-6b6f-4a96-b94f-25206cab094c,89a7be3a-ce59-46e6-ab3b-a9910527a393,basic,2025-08-24,,19
c53801e5-32d1-4e6d-b2ea-f675359f378a,04610636-dd51-48a9-b8cd-ccb1a0efd6f9,pro,2026-04-26,,49
eefef504-69ae-4b92-b39b-efae51b28fb1,4e1b9e09-81fe-44e1-bd46-15c29f21b03e,basic,2026-05-12,,19
d77f174b-8a77-4b6f-ac72-02553ee547a8,3654b884-dbb9-4dbf-8feb-3d9a0920969e,pro,2026-01-24,,49
819cea50-dcbc-4ac0-bad1-89e580c4ac8b,bd4d6181-863b-4764-8a1c-5d7d40ac3460,basic,2025-07-21,,19
3eab7932-0369-45e3-bc2f-64720422c2e4,8e712595-c609-461b-92da-0893ee081b44,basic,2025-12-25,,19
861248c0-2bf8-4504-bfbc-27173c0ccffa,80c5fcb1-ca67-4b40-9cf6-3692b92bac70,basic,2026-01-14,,19
9c80b830-6c25-4bb1-924f-ca496f692fc1,04b2ef72-b1b9-4ea9-bbdb-ef4aa1767aec,basic,2025-11-20,2026-01-29,19
b56ef552-f9bb-4df0-8167-dc977ce28139,0cee2792-6a2f-4abc-97f4-c4a8bbe33422,pro,2025-12-06,,49
1b74ee12-443e-4100-90af-088810a8eff4,50d9c927-bd6b-4929-96ff-8478cb6c80d3,basic,2026-02-02,,19
2008d87b-d5f6-47af-a20f-88e8d0bc004d,d23b0541-3b1a-4aa5-9b6b-3233eb60295d,enterprise,2025-09-12,2025-10-13,199
3cf42c67-7559-4253-91c2-e65ac6857b09,cf15f6a2-2e6b-411c-8a56-b1cd185ba0d3,pro,2026-06-06,,49
3c885aeb-bd83-4433-98cb-258557bb1901,de5eab34-5ae1-478f-a549-6202b8a03808,basic,2026-05-19,,19
d6715689-758e-4323-874a-72a8acc1a634,416c98e9-3b46-4000-8466-5c6e15fcb0e8,basic,2025-07-23,,19
899a5527-b564-4c21-abbf-7aa948cc96b6,21f1cbe4-bd97-44de-8801-d34bfbd9c297,basic,2026-04-24,,19
b2d8154b-3193-4bf1-8f49-4308db6c7ad6,bd025d84-3049-4b7f-91e2-bdbb47234ec7,pro,2025-08-10,,49
debc0fa1-840d-4f79-a7ec-caafc0995615,6e703ab9-0620-47ec-939d-499ab9c35805,basic,2026-02-25,,19
27f56286-fd65-4826-acf4-b1eb2064b9be,8fa747f0-eaa0-4bbe-ad84-f2e1ff0a254a,basic,2025-07-20,2025-08-23,19
ed45781e-06cb-432d-8596-8c4306c3cfe4,cdadbe8c-8d4e-4904-8adc-56be53e9b6fe,basic,2026-05-03,,19
47b8aa02-5703-4cef-915d-7452b8594842,b61c0094-6749-4c13-b0b3-2535c2d58669,basic,2025-12-20,,19
7dbdb309-b73e-41dd-ac71-ad2648de8407,c5ec218f-354c-45cd-9c45-b7f023ab71ad,pro,2026-01-05,,49
9e4de193-ab48-4128-a7f2-48c720c574c0,de4cc334-9c53-4fbc-a70f-7c9d97f62de6,enterprise,2025-10-02,,199
6f25837f-351f-4ec7-9816-e812df2521bb,4b07f8ac-651d-4676-a6e8-ebf0de47733e,enterprise,2025-09-23,,199
fc9c6045-b54e-46e0-ab74-6fd837c509fa,50b1a045-1e15-4796-936a-5cadf16407b4,basic,2025-08-10,,19
96e96ff4-392a-4090-aca7-9dd9181e464c,8adb60f2-68e1-4c19-ae2e-f0a5403a3a40,pro,2025-11-21,,49
dfd319fd-2ff3-45e8-b132-0f54c312aee9,89e61ed5-28c6-432a-85c1-4027dff00c2e,pro,2025-12-26,,49
96f420a9-44d5-42b0-9d68-84db38b0c83d,4c8b7830-bc21-4c9e-aefa-a92688dd0981,pro,2025-08-29,,49
1d18e06d-3269-458a-b35d-9a36552b9350,ea0f3452-78ac-4a2a-b1c3-0d03a7293886,basic,2026-04-12,2026-05-28,19
b3692cef-2829-48dd-9e72-57c86359fe19,fb77268d-2527-4a14-aaad-7a277ecef7c6,basic,2026-05-24,,19
31a60927-551a-493f-af8f-ba4124408e6e,13f5dc09-6b4f-4e53-a596-162fc2badf65,basic,2025-10-04,,19
f4195fb8-8a38-430f-8fdc-8f290964393b,4ff45f22-dbbb-43bc-9df4-8a2d78c09e8e,basic,2026-04-26,,19
a8bd72d3-1ad2-45b7-a57c-0e63bc61efb7,a0b4597a-2cc0-45c9-bec2-07ba9d1bd253,basic,2025-10-30,,19
c2e53b9f-089b-4a89-8d3a-0cda89d9dbd2,2cd93a13-dde5-4554-961b-34262c69f6f8,basic,2026-03-16,,19
19c8e65e-4f5e-4a8d-83b0-e46f8ac96219,e04c5915-9b62-4f0d-904f-2f77a37a6f90,basic,2026-05-03,,19
0ca8457c-c8e3-473a-832b-5751bd37339a,b6350bce-d7fa-4728-8e51-11092bbd43ef,pro,2026-01-24,,49
6bf590e1-a973-49b5-81d4-06656f4b1bfa,b6cd5f21-0070-404f-9396-98c07c0582b8,basic,2025-07-19,,19
61de5592-87f8-40a9-87a5-66cf115a612c,d7cecdc5-12b8-474c-909e-0598a1d8d0b1,basic,2025-08-31,,19
7c689381-fe31-4209-94fb-4ce18c7c94a9,9e24c0b5-83f9-496d-95e7-a34faaf306dd,basic,2025-12-15,,19
a280b881-6b5f-43bc-902d-dec05009ef68,3daee50d-97b1-4a9c-82a6-70c2dc377512,basic,2025-07-12,,19
2dd2bf73-7cfa-493f-8fab-48e5d8075558,817b3c33-a450-4e68-9d00-b65b370f5e3e,pro,2025-10-29,,49
20718a64-1373-48a6-bf2a-81497efd9040,839d69e7-a358-4978-92e7-cf0d9c829b00,enterprise,2026-03-11,,199
5cae6252-e86b-4f87-a542-e5e68d371ea2,47c7ab92-f857-4b97-a62e-77b3abe4e2f4,basic,2025-06-27,,19
41fb851c-cdbe-4ba5-baa5-ef101431eb64,9dea74bf-02af-4028-b45b-9ebad7018000,enterprise,2026-01-01,,199
00acfde2-8d77-4201-bdd1-f831bb7c139c,bb479fdb-d73d-4143-b790-945d20ea6288,basic,2026-04-03,,19
68bc7c3a-53d2-41e3-842b-d0797892ff50,cce41e65-02c4-4197-bd2e-f15e56ba2107,basic,2026-02-10,,19
85e70fe3-1869-4b88-b84b-70b099aadf05,082e7c25-0e49-45dc-9c80-c4693893d6cd,basic,2026-01-20,,19
b4e505e3-f121-466d-b081-341b2ff7641c,4185d2a2-7ff7-479e-88c3-e37a9c067680,basic,2025-10-13,,19
61ac2d35-1c2b-4cee-b512-38bd57f7ffd7,e55187d0-ad13-472f-80b3-709609f70742,basic,2025-09-20,,19
f69711e0-8513-42a4-a45f-3083cbed6fb0,a1999a7a-17d3-4e33-8c99-07702bb18572,pro,2026-06-25,,49
6a07d89e-3f8a-4767-bd8a-1eabb44387af,b385e754-951e-4a7d-a949-59f53946667a,basic,2025-12-05,,19
c02378e2-73d0-4878-be10-3b5795aeed2e,25f14fc6-8c16-463e-8137-4141a0452682,basic,2025-07-20,,19
ecf2905a-438b-40b6-b256-b2a837a362c8,93083d56-6888-428b-8580-35d6e1f205af,enterprise,2025-08-14,,199
a8654a4b-5dc6-4013-ad55-12755479067a,867fa0ef-eb21-4f9c-b8fc-e2219c326843,pro,2026-04-19,,49
229ea73e-356b-42d2-b478-e06996f0c981,bb9eaff8-3d69-4543-807e-ed735386a618,pro,2025-06-20,,49
65cf531e-70ef-4278-acdf-6335bbe93159,a68beca9-8627-423f-aed0-634893738ee3,basic,2026-02-27,,19
534b76c6-756b-4ad5-827b-8ecb613e05a7,29d6595c-dd49-4554-87f6-2ea89c9ce8cd,pro,2025-08-03,,49
daaef8b6-0268-4a15-862f-1158f2ff1771,e1b6c720-3249-4120-a45b-5b08a00be961,pro,2025-10-05,,49
41110e97-8a1b-4bbc-a04f-66adc9273e28,72389e56-6a83-40a0-b614-513c01ce4388,basic,2025-07-25,,19
cf94c978-eb50-4825-978d-0289c6d32a49,7cc30c45-cefd-45ea-ae98-ef08de208fa8,basic,2025-07-02,,19
95de518d-2db2-4969-8338-3239cc22b3ac,4606adf8-de91-472c-b452-66c2d7754e9d,pro,2025-12-21,,49
c80b5710-80a7-4cc7-94d5-57b4e08334c6,f705702f-ac27-41ab-b070-ba56d48b62a3,enterprise,2026-01-11,2026-05-23,199
d4bbedff-65b0-4889-b90b-820026f4ca8f,aa5c67d3-9939-49cb-8d48-e61e064b4b02,basic,2025-11-11,,19
c2e31e39-d51e-4782-96c8-89f4efe20306,1144e938-9a89-4fca-b34a-ce7755ed3c2d,enterprise,2026-01-02,,199
3241630c-7aa8-4440-adff-279f3ea8cf89,e07341f9-d00d-4432-b3ca-9d06d801f567,pro,2026-04-14,,49
78b8d85a-2dea-4b75-8462-5870aaa706c8,9ccd553d-9cda-4e3e-99b3-b773b4f09a31,basic,2025-09-18,,19
ffaa4b52-8789-4102-8c10-bb256c397f4b,48ca2a3e-619e-4269-b631-2b5558bf8b96,basic,2026-04-12,,19
95d24e04-2aa8-4f47-96a3-75f20a36c27e,3bfe8b82-8c9a-41e4-9d50-ea38c1b2607f,basic,2026-03-26,,19
4fa5359a-2dd9-4f12-91d8-090c9e98277e,9a8727d7-c583-4b50-81f8-ab2ea593380d,basic,2026-01-03,,19
64c6c3d0-95b8-4957-b9f4-a90a0885b88b,12391b9d-c837-4a52-a51d-756ab23bad21,pro,2026-05-22,,49
a1be5f00-8d0b-43ce-ad5b-edbe18a82353,32c1ca88-2543-4a11-9a93-70779ef8dbba,basic,2025-10-08,,19
9ea095f4-268b-4aaa-b457-beccf68d4aa1,c7d400ff-32b6-4b67-98b7-dba1c1b74484,pro,2025-10-08,,49
4b22d8a2-d70c-4d88-a63d-3f64112653e7,d8ce0eec-6bd2-49ef-9506-16c8a08212ff,enterprise,2025-09-18,,199
6b18176c-fb6b-4d27-b323-5dca198a22da,53d08694-ea33-4bb3-9218-830b214bde89,basic,2026-06-20,,19
56d456fc-3d83-4367-93f1-1f16391d1e47,c99895d2-2d04-4040-adc3-4b184131b033,basic,2025-07-21,,19
67a0cd86-c9dc-47e7-ab24-005b9d5c9f1a,f8afaa3e-79d6-44b2-8ac0-bbb2429643f8,enterprise,2025-12-13,,199
92093e52-d144-40ef-8d58-aeab79891c64,0dd2448c-58d5-4bbc-8a8b-aebcbf8f20a4,pro,2026-04-13,,49
a9f4c75e-c702-4b86-adea-39b4a2eb6b51,d59d6357-33f9-4d21-bb14-ccec18bd351c,basic,2026-02-19,,19
569fe76d-bf35-4bfd-9fea-8a368a258834,cf0797e1-da0e-43dc-84a4-907292117f0c,enterprise,2026-01-03,,199
0fe24575-870f-456f-b597-1cbe804dc6e9,5969289a-1b3b-4709-8ee7-728b8cb4a079,pro,2025-11-16,,49
458dd8a8-7e3f-4ffb-a0ea-b4220116fbf6,9154019f-dd1b-4dde-a8b9-bdf74960ee22,pro,2025-12-28,,49
ba37b0fa-8f4f-4af4-b0b7-84121e95ef29,1f76b637-9acf-4eca-80a8-c6701dcbdd71,pro,2026-02-12,,49
a6fc9ea8-b111-4f09-97c9-895d792f43de,2c782d02-2f09-443e-8dca-21ff779f9b2d,basic,2025-11-01,,19
f65c0a54-75c6-4e61-a42b-9c647da1d620,c6990cf7-9296-4c1b-b463-ca00c05267dd,pro,2026-04-05,,49
5b2394ce-4b9a-41db-8e05-78dfe9c880a8,43345cc0-fe84-4806-a5c2-3c1837416bc0,basic,2026-04-13,,19
6325e92f-d761-4bcc-b1e6-0ddb54a976ad,b7489e5a-2517-4d09-ab8d-6939b103a7ed,basic,2025-06-14,,19
f87cf3cf-a353-422c-8a2d-8a6f574a8f77,cc698904-6d84-46e9-af48-6e2233610b32,pro,2026-06-19,,49
581b9017-b4d0-470f-b648-51aea74f5783,0a1b71d3-fd1a-41dc-9119-3ff96a241627,basic,2025-10-14,,19
0c3bf905-c4fe-4766-9ec2-a90e31d38b7d,31873a27-c1e6-4079-b110-69e320ffcd43,basic,2025-10-13,,19
10fc36ba-6e4a-452d-af7b-77449972eff7,c61f04b7-2ea1-45bc-82f6-5a49246791be,enterprise,2025-12-24,,199
b7da444d-5f3f-4c47-82f2-3b5ce1896674,96b3bc83-2c23-42c2-a2dd-18bd11e33c36,basic,2026-06-01,,19
f3ecf637-a9ce-4010-b710-8dfafd6f786f,6cfe7240-3cc0-483a-8b80-31a82c2a490b,basic,2025-11-09,,19
82a0f817-5924-4902-9759-bfd4ebbdab61,313ecb69-7482-4e2e-840a-84c69360b50b,basic,2025-08-17,,19
42f62cc8-7735-43e4-a300-b352b1e43e6a,db7e2be2-336b-40a0-a123-adcf0cec1f32,pro,2026-01-12,,49
59ad8e50-0c16-4137-93c4-32fda787ebe2,be5404be-6a30-4caa-ba5a-c1fb8e66aa08,basic,2025-11-24,,19
259f53f2-2543-4c95-9de2-8fc038950ed9,5e317154-b1a9-4550-9c26-e35f011d97f6,basic,2025-12-18,,19
66ae0c2f-1454-4ccd-aa19-f416a4411964,b28afcf8-617a-4c5b-86c5-e0c00ace9e3f,enterprise,2025-07-20,,199
81cc69f8-93f0-470b-80fb-a325bd7ae67b,dcd7e888-28a7-4d9f-951e-4a131ea1236d,basic,2026-03-02,,19
572db8ba-b9cb-4f6e-ad5f-9cb3ee7f0b4d,032df748-77f6-4a24-bbdd-851d68aff2b1,basic,2025-09-05,,19
a7e59b4c-7b7a-47d9-9815-6c9ac71020cd,54558a7b-9605-4d88-ad35-a1238baf8683,basic,2025-12-19,,19
cbf5237f-fd88-4750-938d-989884c6557b,f26f0452-30fb-4548-a5af-7050270b48bf,enterprise,2026-06-26,,199
e6b81cbb-6d50-44d2-a1cb-ca55de95c086,1723ba6f-de71-4558-bb4e-7368f46e7d64,enterprise,2026-05-26,,199
64711f13-6972-4614-b61f-16bb203eb9d7,018534c1-c370-47d5-83ac-863cbbfc9beb,basic,2025-09-14,2025-12-29,19
b5a523f1-1fbc-4372-bfb3-67296ef81ad1,8df7479f-d6d5-4ec1-807b-2284cb6c9f36,enterprise,2025-08-19,2025-12-29,199
f267d46d-1f4d-49bc-b372-ccd873f74185,c65df663-c6a9-4e81-9679-a3c9ababa9d2,basic,2025-12-05,,19
190deee4-60a8-484d-9795-0421e8f96c95,608c2507-4e81-4b2b-946b-d3a717f3ec6e,basic,2025-06-15,,19
0f2fd99f-842b-418a-a64b-88d14cfd6f9b,08e7136c-9889-44f3-a109-4a4c75c85992,enterprise,2025-09-09,2025-10-15,199
fa4acad4-91cf-4263-b541-ae64430be7b8,f7fd1976-aa56-4073-a1e2-a1925e8f6798,basic,2025-12-30,2026-06-22,19
52fda14f-ee93-4389-9c4b-0019029c9c52,8e021aba-2879-4551-92c3-78a910ea87a2,basic,2025-07-22,,19
ff64cf64-0fb0-47a9-90e6-6fdf991cf009,8fb44e8c-49a0-47a7-9ea0-464cb8835170,pro,2025-06-16,,49
2e8b6ac9-6908-4425-960c-325391dc5156,ffe6094a-2878-4be6-a9d3-47d2f037cd7d,pro,2026-03-09,,49
b865f343-88eb-4ee8-9ccb-328d86a615e7,c40e75f0-90fc-453d-b809-b1246d5c22e1,pro,2026-05-25,,49
d6a1511e-c401-4cec-be2d-3a0504d58c82,618c1d2b-1a89-4057-bda4-a7060aa13a2f,pro,2026-06-26,,49
f5d4e48d-8ba0-42c5-936d-ff13690eb406,578649f2-d6cc-4462-931e-d65f72a5e2f7,enterprise,2025-12-29,,199
793a2f7f-51aa-43d2-8543-71328f6783fc,7d3f48ce-0f39-4b71-9494-fe04748e6957,basic,2025-12-16,,19
3d7e1f9f-6877-4cae-96d5-fa7fd78e066d,f7eff112-37fd-4fc6-afe6-0d5fe0a9c3b9,pro,2025-10-15,,49
bba17351-a07b-487f-8b96-62db6f943f0a,67c7d894-1715-4f6d-b50c-19a10eadd72b,basic,2026-05-28,,19
05d8cf89-a350-4855-b6dc-ed777f5acf1c,f9a320c0-92a2-4d6d-8425-02eb9b24710c,basic,2025-11-16,,19
20756f98-fa57-41d9-9839-cc7d3f7c7daa,6dedc2a6-75af-4360-9833-c964e5544716,basic,2026-04-08,,19
0c749d65-a4b6-44bb-80bd-dc55df53b342,a5a9735e-b27f-49d3-a021-78822437e7fc,enterprise,2026-05-20,,199
e34df1a8-c0e3-40a1-9f3c-2205dc6efdf0,71c7ec42-a251-4ae8-b9eb-88aa289664c0,basic,2025-09-17,,19
07fe2706-d64c-43cd-8048-ff732a703423,f6994dab-b02e-4d19-944a-56ea43225464,pro,2026-05-16,,49
121ade8b-7bb6-4628-9d85-4caa83e47635,0aac1f78-a108-419a-ace8-aaf17478d2c9,basic,2025-07-06,,19
52a674d0-21d9-48da-a463-20d648042f3b,4767d689-7b6d-44d4-985a-34944d3e0b14,enterprise,2025-09-23,,199
6a3fe043-06c2-4efe-815c-c48ee8f0f990,7d7bee95-d937-41f8-9b98-777237afbf88,basic,2026-05-25,,19
80d522aa-5063-4a04-b246-bd41f0d7aef3,daf16648-c31d-4556-8473-fac920c70fc6,basic,2026-01-14,,19
e7a02ae1-b9ff-4936-994f-da56eca6897e,dbb035f0-9dab-4f50-a49e-1608c5fea195,basic,2026-01-24,,19
dd40fde4-6d73-4ecf-9031-83e297881e89,ba02a42b-d89a-4ee9-bfcb-caef17d2f366,pro,2025-08-21,,49
209e718d-d4c5-4c69-89e6-d93324e719b5,d8e34159-99a2-4a1b-a5aa-21085613b98e,enterprise,2025-10-05,,199
5fb791ce-c06b-4b77-b1bf-e95610f93501,b9874d65-8596-468c-83d9-eb96c4cb0522,enterprise,2025-09-24,,199
dbe3f8ae-1355-4300-a876-e185af0a4021,4d92af34-5c69-44d1-bf53-dad83643810b,basic,2025-08-17,,19
94677e09-7165-4864-adaa-c6c8ee21f9f6,cc920b92-c195-4043-8b86-efccf896cecc,pro,2025-12-24,,49
fb645c4e-e2af-4511-8a3e-908b223190ed,1369f927-7a74-4dd3-865e-b50bc1ee3784,pro,2026-03-06,,49
063d7445-2cdf-4fe0-928f-f1bdb86e73f7,7a845642-28c0-4e9d-aac1-d3a43062deda,basic,2025-08-08,,19
cb77abe2-16b1-4a5b-b36a-91ce241256de,b5831b47-9b26-42d1-95d2-cbdf75e53472,enterprise,2026-03-03,2026-07-22,199
4db5d14a-05ec-4956-b8b4-12787738a3e4,888e4059-e351-4d1c-b0cb-a4cdbe19712d,pro,2026-01-30,,49
3457f1df-e547-46c2-9671-76d893d9cf32,2167e5e6-614f-4148-9131-816de0c7b134,basic,2025-10-23,,19
50c7ac8d-6ba0-4aa7-bd0c-e24c94f981c3,32b52dd3-e88d-4c1c-bf14-126f70f85794,basic,2025-12-11,,19
54085838-53a0-46e2-b5ee-26ec0042e864,e4e84138-42c9-46a5-9670-768b3bdd1267,basic,2025-08-12,,19
d0717189-2259-4ec8-9363-fb36c7b96364,8d563e74-b8fe-4713-9a3b-a65214918527,basic,2025-09-06,,19
444f7a93-c322-4e4f-8dad-ad3f19849978,b9b3cfba-93cb-49bb-905c-878d57bc6a0d,enterprise,2025-09-16,,199
682dcaeb-3754-4bd0-81e2-97cebb0fc2c7,fc991b9c-0ae9-4ddc-ad2f-1ea7a3918744,pro,2025-06-25,,49
5ee93a29-de4b-43e7-8c4b-26964eb941f5,7d210a00-49d1-426f-af17-414125618614,basic,2026-01-19,,19
73b93550-8bbc-4b90-ab5b-3f526db77765,f91960b2-dbad-4a27-8094-ac90da16a427,basic,2025-07-31,,19
a5171866-8a08-436a-a2e9-84ba827329dd,46b01f2a-caec-4a2c-a6d2-77711201aa68,basic,2026-05-01,,19
b3494d87-0836-4599-9447-55577a15f1ee,8898413a-f8a7-444d-ad39-b0d1f6754585,basic,2025-10-14,,19
e2c3174d-145c-4f25-99eb-b633f6a6a1da,07f2e412-2792-46fc-9d58-96c98b7a5a16,basic,2026-02-24,2026-03-30,19
86649a90-7ddd-40b8-9ca3-d78e34767ef3,3edcd933-cf98-4a63-aaca-36bee7cc16d2,pro,2026-01-03,,49
0a22fcee-60fd-4f61-b0be-c346b1e0490e,34d8fc19-f6cf-48e9-a3dd-589ba990c836,pro,2025-09-01,,49
2efb19ab-44fc-4f87-aa7b-1983aac7d5e7,a6aaefc5-5e7f-488b-808f-d018095221e0,basic,2026-02-25,,19
3ed2df93-c3ad-4bff-8615-4947658726d7,e3018653-1f90-4d94-b2cf-04c4f91e53e0,basic,2025-12-08,,19
64bd9958-d413-4ca6-9539-657c8330cc6f,b4206fe4-98bc-4cbb-95e0-1d5fd5251d47,pro,2025-08-18,,49
f4d87404-987e-41fa-b17c-41db48adfff8,5c0f7af4-d22c-460d-aa84-eb1f52a45a4b,basic,2026-04-13,,19
e193a179-e3e5-4940-9f0d-60ba7b968783,d4a40d5e-694f-49bf-8dbd-cd2cbc048709,pro,2025-09-29,2026-01-16,49
7f053c2b-c553-4709-82e5-e7ebab90e50b,88089769-b9f3-4b89-97b6-7bb2d90b46d0,basic,2026-02-16,,19
a8e580d9-ad6f-4c21-b286-0a5a4eaa4912,534ce9ba-3836-4bb2-ba22-76b41b37f13d,basic,2025-11-21,,19
b795665a-6264-4000-b12f-b6a4abc857c3,deffa6ae-7ebd-4db3-a250-ba468433588e,basic,2026-04-27,,19
99dc2e2f-9056-4b8c-99a9-65e4034572bd,233667f9-8e99-4492-9de8-210043ee943a,pro,2026-01-31,,49
81082ac5-c25d-4752-80d9-8ad9092e9f11,c769d91f-e738-4ee0-bce2-dd82b5f00890,basic,2025-10-06,,19
2efea672-aa9e-41b5-ad1c-35d25978e832,e9d9bb18-4182-462e-bd9b-11554ffd7d75,basic,2025-12-01,,19
4478bbe8-e924-476d-986a-917147380650,706c6b6a-7fed-4391-b74e-1738d0185186,pro,2025-08-25,,49
5138e712-f9ee-40e4-b680-bb3591c4f526,cd81b178-2f0f-4420-b706-8ae497f931c0,basic,2026-02-09,2026-08-08,19
b901dd3e-7eec-43a1-8479-fd24a9206586,91e2f7d3-8002-42d5-a43c-5264a06620b6,pro,2026-06-25,,49
68e51808-a6f8-4eb8-8dfa-d6867f0c1fa5,bf17d922-57f6-4ff8-a384-d7aa8bd318d9,pro,2026-05-24,2026-10-20,49
cc35df0c-e63a-4462-8d17-755761a38aa1,4bb6a6b4-c6a3-4215-8e3d-e0ba75659a5b,basic,2026-04-29,,19
cf8a3b9a-a6f0-442b-93f6-7e683fbe77d8,1e4bc3e8-36f4-4726-a61e-9ece63252350,basic,2025-12-15,,19
45a0ef79-faa5-453e-be13-3becd28b51c1,27624982-064a-4ebb-bce1-976f426c6873,pro,2025-12-09,2026-01-13,49
bea3e459-3005-4035-8314-7c617c1a9a56,6e3c8f61-d363-4506-b400-d76f1f298f4f,basic,2026-06-27,,19
d24d84f5-dce3-4a74-bf37-61a0bc743977,f874ceea-b234-48ba-91c2-ee0dc82d139f,basic,2025-06-24,,19
24f00c28-d6bd-450d-8394-02b2b8ed062c,b0c2efb5-e26a-4fa1-90cf-2b2287272650,pro,2026-02-19,2026-05-20,49
79f69330-dc08-4278-82f9-f84ee98b8409,f30a03f4-d071-4813-b72f-a6449958d158,pro,2025-12-06,,49
22f35406-8e18-4bad-9ad0-1d5c917ef959,dad1f01c-ef22-4c00-9a20-1576c54d0591,pro,2025-11-08,,49
7fcaebdc-140b-43bd-9184-b198d9f2d5ec,a2d8b142-d802-461c-b30f-11b4aee64d1b,pro,2025-08-08,,49
bbf3a02f-4038-430c-9add-9c57bbd33a39,11a9084a-d74e-44c3-8994-ff72726e51d1,basic,2026-01-26,,19
13b3f50d-6f70-4723-9a88-8a67d286b986,2bf29c9f-0771-492d-9ac2-9ab9c79a55d5,pro,2025-10-14,,49
876acc45-291c-4cbe-86e8-b628c1d20945,8b07afdf-bd87-4179-a11a-0ede40a87a28,pro,2025-10-30,,49
c84c46e7-1069-46aa-a80d-7fc2b11785af,ae7e72b4-1184-4769-bf3c-d50b6480b50c,basic,2025-11-15,,19
4f910859-9bdc-4ffb-bb54-c8222bd4b1f3,5c2c8a84-b281-4c3c-ab48-6d320fd9df45,basic,2025-09-25,,19
2e09765b-96cd-4bfc-8a7b-9f6af49edc3b,ea632ed8-13f3-4c6e-b631-8495f2b902fa,basic,2025-10-18,2025-11-17,19
1d4c1521-0cf6-401a-a772-2ed470eb6a9d,eaff54d7-d5fe-4a83-8891-34a034e0fe5d,pro,2026-02-06,,49
656725db-0230-42ea-99e9-df5dda6cda16,9d39ee7c-25e6-40d7-8daa-08f3e53a01c4,pro,2025-06-26,,49
fcd9782b-fc34-454f-b04d-51230d3a9dfa,86a95b11-9859-4350-85fe-01e78626f590,basic,2025-11-04,,19
f38abf08-731a-46ab-81ca-c1972b7058bb,0bd08c6b-fc8e-439b-a5d0-32526f8f89ad,pro,2025-08-20,,49
4d36616b-3efc-4d29-8140-d3c7feaa26e7,8dc2b679-eca6-4a50-b7e4-b5aa02a0a492,basic,2025-12-02,,19
5a7d0a81-f560-48bd-a9a5-291f65f360df,62179bb8-3c14-41de-93e2-d1b36c126068,basic,2025-09-05,,19
94cc82b2-e78d-4bc9-80ff-5c1ce04c8e22,41b0ea39-167a-49f6-b26a-74cbc81353e0,enterprise,2026-01-07,,199
02bef683-90e8-49c3-9b12-5dfe9aa8407d,f47392f3-93b0-4891-8ac9-3a833eaa06ad,enterprise,2025-12-23,,199
5c3ba5a9-ef5c-4951-9848-7f143143e102,2f79e7f6-30b6-425e-960c-5f6ee2e85906,basic,2026-06-21,,19
e862729c-b7c6-4f50-a000-66369b8be334,4806535d-ca67-42a9-a57b-d1ce3979964b,pro,2026-02-24,,49
3f4e0845-2ddd-4962-8e31-5b253e47eed0,8234591a-ecba-48c1-b65e-bfd74fe8a756,pro,2026-03-15,,49
17864ce7-a0df-48b4-82dc-b29c343c87e8,30502b23-1d8d-45ab-b842-081ade283da3,basic,2025-06-29,,19
6bb2fc78-1395-45ce-aded-24666b47c524,f295e06e-40c8-4a88-9837-2508f8194b02,basic,2025-11-08,,19
fca7cca6-6a4e-4171-a061-bc4026f75d0e,30de5bc9-5e69-44cd-a4cc-bd1968a5a94b,pro,2026-03-04,2026-08-08,49
5d0dfdd7-606c-4797-891c-31832a369739,a34a76d6-9479-411d-a902-ba1eb073c546,basic,2025-08-12,,19
afeb9e7a-57b9-420b-b5ff-53391832dcb8,b0e66f4a-62d1-4b05-9df5-c9c8027fac3e,basic,2026-06-25,,19
57390299-4343-4883-8492-52209f377775,fb834c35-36cd-430e-9faa-29e9e77eeff3,pro,2026-02-24,,49
2623fe15-cef5-4d2b-a16c-df39d28062e4,478927fa-522e-4df4-bfa4-5952c353c6df,basic,2025-11-28,,19
f215c25e-392e-4482-bd41-246f2aca8d60,91e09305-1a0a-4483-b10e-169c0c9b04d4,pro,2025-12-24,2026-03-21,49
4a8d4f58-55aa-4d60-81a1-81d97f1e9804,38519e13-1bc1-4126-b5c4-35d70c23348e,basic,2025-10-10,,19
540bcdb2-05d0-4769-aefc-96a6790e8d23,5f9fd11a-b65c-4b32-b135-cef0611345d7,basic,2025-12-08,,19
a81c15d1-7d6f-40a3-a2d9-9cf63a3b1b67,1288f888-e1a7-4c52-9d8f-b18f664a9db0,pro,2026-06-06,2026-11-01,49
aee7edd7-b225-47b9-8196-0d8143a90098,ceca807a-c90d-45d6-8983-26d178ed6c90,basic,2025-12-29,,19
51a113b0-c3ef-4a82-b3df-ea8ad811ffd0,6fc39ef4-04cf-4602-94cd-2e68124686bc,basic,2026-02-01,,19
75a394c6-c243-41d0-85f4-3a87765f4919,8aace1b8-25b0-46e1-be55-799d0a10a93b,pro,2025-10-19,,49
86aab0db-d1d3-4ef4-be8b-7f470a29b9f0,caf39073-eb8b-4f92-88ef-d63ed6546529,basic,2025-10-03,,19
f8e5ee95-6587-4c31-a4b4-e4f0058efda7,81468c3a-1926-43a7-a020-3a09681095c4,pro,2026-01-12,2026-05-19,49
52ce1a9c-89f7-4211-99bb-8c24c60046f3,1ae136b0-ac6e-4767-80b6-1982f1fd9386,basic,2025-09-05,,19
5b430bec-b49f-497a-9f51-e908104597f3,7646e0c3-3aa2-4003-b179-78aa068b5d4a,pro,2026-03-12,,49
62336943-f910-4c81-831a-98ddb78bdaed,23ed09a4-c577-45f4-9473-512983fe1f8f,enterprise,2025-09-07,,199
fc6edd04-3b07-4ceb-a12e-86adf7484e74,e269a66a-581f-4adc-a133-966e16c353ea,basic,2025-07-14,,19
d4e38204-886f-477f-b6f7-cb4f380c80c6,7b5c5b05-6c31-45f8-b1bf-ffea50b191bb,pro,2026-02-14,,49
e35b4f93-c931-4909-8192-ada244a50840,971d2e63-0296-401b-888f-b21d78e45cc6,pro,2026-05-27,,49
7050310a-58fc-4ebc-874f-59333adccd79,2a35a036-f4f1-4f1e-b9e7-72cf04610422,basic,2025-11-20,,19
2e2d1ca2-bf0e-451a-9ae5-7cf85967fc46,a47ff67f-43f2-4151-9b8c-6e8ec51fad68,basic,2026-01-21,,19
57d52dd2-dd00-42b5-aabe-7fd377a2b4f0,c9e99c02-3d72-4922-b672-d9d52bc32f23,enterprise,2025-08-26,,199
86cdb4a3-4324-43ee-8eea-614935d74cd0,0c78c7fb-7bd5-48b4-85f9-84b560ba27d8,basic,2026-03-08,2026-06-19,19
8ee1460c-97ec-486f-accf-6d164dbcd104,36a0380d-6f2b-44dd-b964-287ae431cb2b,basic,2025-09-03,,19
690df9ea-2920-49c5-af03-69390054c437,d0a84228-6a60-45cb-9c45-35558d79a0ef,enterprise,2026-02-03,,199
760a4bd3-12a8-457c-81b2-9343996680ef,95338fd4-9c43-4b70-ba5f-f0c746cdb0a5,basic,2026-02-06,,19
1616098d-afbd-44bd-b419-8b3a9c2bc0f3,bcd8e92c-601f-45da-97d0-4ef1d73484a0,basic,2026-05-31,,19
2ed529a9-cb8d-4efb-aac3-6a6ad5cc37e9,e2ea5520-f8d5-4152-97a1-acc68d8db95d,basic,2026-01-19,,19
d345fe82-9d0c-4a87-826d-a8bde4c896c7,7e44f6cb-36cb-448e-8d6b-c2052904dae6,pro,2026-01-23,,49
4d1acf97-6754-4054-a883-08c4b8999b29,bf9cb4c7-27b0-407c-a561-f42671fd214a,basic,2025-07-27,2025-10-09,19
618329d7-cb31-48d2-8941-0a8b8c9c77ab,d14a390f-b23f-4e85-87c9-9c8e35fceeda,pro,2025-12-02,,49
8aa1e4b9-2fdf-4edc-888c-6c522c6f9430,d3cb20a7-d45f-4805-b052-53560f40af16,basic,2026-05-16,,19
ebb1c7aa-29d3-4565-a2ff-48c739405d9a,573709b2-3890-459f-ba52-b94acc601a17,pro,2025-08-24,,49
247aa6ff-0aa4-4afe-bafb-6925ba9069d4,78fd6f69-14f7-489b-97da-577566132819,basic,2025-09-09,,19
213ec144-a81f-4205-a3fc-6f416ad5b9f2,524d4005-525d-4e45-857e-53334b1c73d7,basic,2026-06-10,2026-11-18,19
e9f2c543-d8c0-4da2-90c3-8e6207d1ff3e,c6e11ade-e51a-466d-808d-90b70e85a750,basic,2025-12-13,,19
fa8124e0-11a1-4bbc-b00d-2c415bc66ba8,3306ec08-85b9-4cfb-a7f2-f24a825fad2b,pro,2026-01-06,,49
5865c919-3176-486f-a77b-d72a4c0eeb93,eeba57e0-51db-468b-abea-96386deafefe,pro,2025-11-11,,49
ace676ab-1303-41f2-8432-a7fd02a306b9,f0f9886a-c1df-4d6c-b9fd-fa41890c9808,enterprise,2026-04-29,,199
960a61b5-8496-4717-a887-3df9d2556509,82946ef8-1838-4656-ac34-51e6b9b943b2,basic,2025-08-30,,19
7b8eb519-e701-4a36-8839-998a30e25a72,18733f06-bfa2-475b-adc2-3ecd39dcc6e2,basic,2025-09-27,,19
fb69eec0-c3a7-4578-8a96-b016559452df,0a8188a2-2610-479f-8ea5-67f3d7fa07d6,basic,2025-12-29,,19
29963e44-1c86-40e6-92ff-65362fc70e53,217712a0-e0a9-4910-94ad-5efe590b99b6,basic,2025-12-07,,19
64ecebaa-4e6a-4eab-968b-865d75ad7ca1,cd39ddf8-b076-4e57-bbcb-b488d55da63c,basic,2025-10-10,,19
29de965d-6951-4e0b-8dad-b49b7d2d7820,91b1b30c-2ebc-4e2c-8cad-84614963cfe1,basic,2025-08-05,2025-09-21,19
c93d722c-946b-4d17-909d-cb2b71da7cc3,e75bb830-aafd-45a5-8330-c0995076f1d1,pro,2025-10-11,,49
a5514d33-0250-437d-9093-f04780e39516,459cf7c0-8ad4-449f-a42c-45176a9aa997,basic,2026-01-13,,19
d4ad6309-47dd-4c99-af6e-a5f658718471,23c55a1c-a0fc-47cc-8973-0798061d833a,basic,2026-04-25,,19
a71cc6d6-6d67-428d-adbe-52239ad1c11a,0051be1c-f028-47b6-9504-6b2165a58001,basic,2026-06-11,2026-08-15,19
40f02701-ae55-409a-972d-0ba742f6a961,d2474932-a422-4d32-9c79-bf3c609e3e46,basic,2025-07-31,,19
67930efa-e9c9-4baa-9395-3603ad980362,df40d8e6-1d05-4abf-9c0c-51383f5d2051,pro,2026-03-08,2026-08-04,49
d3efcd3b-9a5f-445f-a86f-3f1a7d0a3ce7,fc2c19d5-8335-4271-99ea-f82c01a1007a,pro,2026-05-05,,49
18de2d29-60b2-4ee1-92f8-e3ec4fc22fdb,d88b578a-c370-4e67-9c82-86ca2751a0a3,pro,2025-10-26,,49
e4d26327-f9f0-47b8-8502-41acb9e7714c,381fbc19-37cf-4a4f-b09a-6fba3ab32f84,pro,2026-04-25,,49
a97d0151-4826-456e-9098-7c239a264908,3029ba62-e38d-485b-8cf8-61bb0d5e3ec9,basic,2026-02-05,2026-04-19,19
0ef1356a-ff68-4dfc-935f-3ac1a7ffcd9b,1726d732-b1fb-4061-aa59-1ca43bb18d5a,basic,2026-02-21,,19
7b180874-8638-4572-8720-736b73700364,bc773cae-b81c-4edf-8715-9de3097c352e,pro,2025-07-25,,49
1685d7fb-259f-4f93-873f-94827e271314,03bd7515-29f4-4ff8-9866-1aa19be51d71,enterprise,2025-07-23,,199
7af905e4-f35d-444d-b9d8-c0c81be4f875,f7fa2d49-4705-4f7d-97b0-55dce6ee8199,pro,2025-11-12,,49
305f9c5d-551c-4493-860c-c65c02696958,32f29e4f-9982-4e17-8090-3cdd70fd2da3,basic,2026-06-03,,19
62d239cc-4927-4a2d-8907-6626aca6bda2,71018942-1609-4552-bc99-073463cf4e2c,enterprise,2025-09-30,,199
c98b2388-2523-467b-abfd-49e1a725d78f,d12445d7-a634-41cf-b47a-3412bb4f47b0,basic,2026-04-15,,19
473b2026-93f3-4686-8061-44288b19a039,4d8bf300-b141-40f8-91ca-c96d0eaa0183,pro,2026-04-25,,49
0498a034-ed42-4e14-9b55-418368acb191,16822735-d9f1-4644-a4bc-e2909b22c1ff,pro,2025-07-08,,49
2636f09a-248e-48fc-9c80-a576cf9ee60e,50bfacf2-08fb-4238-a329-aa86f9e8a3f2,basic,2025-08-02,,19
765db105-8711-4e3a-bea4-ec3590911e21,db352b3f-4141-464d-9416-d7f79ff39605,enterprise,2026-02-14,2026-05-21,199
bac21213-840e-4f7c-8736-55b4998d222f,a2c8d15d-153e-4417-959e-09cfaceae813,basic,2025-09-24,,19
f5461cb5-cbca-4b4b-9322-7f884517252e,0f7f2041-65a1-4d55-b8ca-c5a6568eae53,basic,2026-06-27,,19
d9a07274-96e9-4cbd-8213-1f95c40e2f6a,e7a4b53a-ae2d-491f-bd5d-9c046cf40063,pro,2026-05-28,,49
4e9bba64-5743-47e5-b067-e075fe75519d,ac73fe15-1285-4929-9112-059982a5d968,enterprise,2025-11-27,2026-03-31,199
c60e1663-0456-45c1-9fab-6b87a5443cea,ab90596d-84cf-4b69-a6e7-63f8e707ee0e,basic,2026-05-02,,19
74c6c4ad-eee4-4d8e-9862-bbe297a86d54,8697243b-3e52-4d02-aec5-33d624165272,basic,2026-01-11,,19
82de48f9-97cf-4bc5-a141-55238ed93f1e,e872a05d-6223-4a24-8322-1b4460e97f38,pro,2025-08-01,,49
5a46fa81-abcd-41a7-959e-fa607ee0e5e3,46b0ea53-c3b8-40fb-9625-02ad8ae7f167,basic,2025-09-11,,19
0a420391-ee45-437f-af4d-6f8c508247d4,28e27a04-e805-4422-9ffd-9b767b0b791a,pro,2026-04-29,,49
c9b312b5-d287-43c4-aeaf-7b6133aede2d,f1f71b93-4da9-40bb-9b1a-8646c346c6ef,basic,2025-08-25,,19
1e630e2b-7f1d-45f1-861d-e367329499c5,a8f50204-ebb5-4620-8515-5a281e4c1111,basic,2026-06-04,,19
e4460473-65cf-4e26-aaa2-65b35576c7b4,14c4f8de-47b6-4eb0-a6df-296d6d1a332d,basic,2025-12-14,,19
9398c626-0bb4-4c42-9c57-8144405b3280,1b636c58-dedf-41aa-8b03-9d5421121b80,enterprise,2025-07-01,,199
63ef7e28-d985-443e-9d27-feb038b6a906,7364ecb8-c0ad-4306-af33-e100ff0e62c3,basic,2026-02-09,,19
b9f48f4f-d49e-4955-bf38-788bd432f0d9,15aa51b7-2697-4faf-9b90-4e28e5b6a4de,basic,2026-02-01,2026-03-24,19
9813ae3c-7c64-4005-8137-1850d2d27d12,8ae15f04-d515-41a4-b7d3-2e2a0e9b02d5,basic,2026-06-23,,19
9b13c770-f6e3-43d2-a0a5-17d215138a1f,6fcb5588-8b6b-451b-b041-142ea272e3ab,pro,2026-01-31,,49
1fdd5e1d-5b05-4187-9d42-188ae76151f7,20c8acf7-7b79-4366-a423-e666d4e54129,enterprise,2025-11-05,,199
037310e1-5fa9-4b2a-bcdb-a2a6eb7c842e,729114a1-fc74-4cd2-bb6c-b8a92d9b972d,basic,2025-09-23,,19
1255dafa-9888-4c4c-90f9-6d02b41b4895,408c547a-feb9-4e0c-892f-14bbe2197b99,basic,2025-12-02,,19
0f0754d5-c394-47af-aeb1-b011d2acd587,7d5ec798-bfe1-4fec-a898-65f1c37852cf,pro,2025-11-25,,49
4ce6a445-ed47-4877-8c82-555c4f8343cd,16061d42-60e6-4508-b956-85d99a59dd35,basic,2026-02-21,,19
64adda71-2a50-417a-a481-bf468da2517c,12da9cc2-fda7-4f12-aee2-4f7c9358e93f,basic,2026-05-10,,19
9c45e71b-1501-48e1-98a0-9e3e8a739219,d804de24-6495-466f-8888-8b567d420efe,basic,2026-06-30,,19
d56810f4-d06c-4cee-8aec-9d9d7654f7a5,60398651-79d5-4e71-9378-a640bf926c9a,basic,2025-08-03,,19
76d8cf11-5be6-4eb2-938f-e9a95ec605f4,0fd130c1-716a-474e-a901-bff20c9d4844,basic,2025-12-07,,19
5356ef43-caa9-4043-9254-542656b3b292,10cc3bf2-b2ec-4c07-bd84-673a1f103590,pro,2025-08-03,,49
868cff04-cddc-4b03-b8e0-c110af33036c,512a4b5a-f1d7-4240-9328-7a5b94350996,basic,2025-10-24,,19
cb1bcabc-ff49-42af-b304-dc377901a3aa,77047275-9ede-43b7-9d1b-64903e586a7c,basic,2026-02-14,,19
42d2e2fb-0611-4977-9aba-d9a323ed43ab,89d74e77-22d4-48e8-adf5-2f273ddba8f0,enterprise,2025-12-09,,199
bacecd43-3722-4a8b-aa90-53784a05a895,7120ecec-f2c2-4a4c-b2f3-57c611ac8519,pro,2026-04-01,,49
b48134fa-4368-46ee-a4cc-4c54772fc895,a8894170-c5d1-496c-bebb-6e6807403f7f,pro,2025-08-10,,49
6a30ab87-dd88-4cd9-b957-ee295d6ecba7,75ecfd25-480d-4a0a-98c7-43a87e91dfcf,basic,2026-04-27,,19
b143fe2d-0774-4e02-bbfc-cf763e99474c,46816bd9-e053-4dbf-94ca-bae9c9ce5065,basic,2025-06-28,,19
9b996d5e-17e9-473e-b272-265f5d8813d8,7668b988-2c66-45de-9647-634e03613add,basic,2025-08-26,,19
1d5d7a7e-5740-4926-b372-d915e3465dad,980664a1-fa21-43ff-94c2-8839cf83d642,enterprise,2026-05-02,,199
c99dcb8d-7eb2-47f6-b604-8283f1faf343,562bbf95-c28d-489c-a45c-2749658e941e,enterprise,2026-06-22,,199
9bbc7cd2-4cdc-42ea-953b-144db95d675a,c36fc76e-7d4e-4a60-8af4-78fc58ebde84,pro,2025-08-24,,49
70e4e588-f180-40af-a988-db1efc81e942,dbcab98c-bed0-4bdf-84b2-987561849e8e,enterprise,2025-07-30,,199
6b16dc6e-2a70-4ee2-8ba2-ad537e7e2bfc,fc53a683-bb15-459d-9efc-b6855451f930,enterprise,2025-11-21,,199
c694ea4f-cf93-454e-999b-f890f119043b,e1739e7b-673e-4ed4-b472-e886a911a100,enterprise,2026-02-18,,199
62e5062b-a412-49cf-92ca-2b78e6ce147b,2dcefda7-4526-4a4d-9736-9c1b9474ee2a,enterprise,2025-08-04,,199
1c53ad76-3ad4-4974-9ed4-408d99a9dc86,bb86b957-85bf-4874-9e15-fac45198b983,basic,2026-04-09,,19
6a69a36e-610e-4bd3-8f2f-30e5132912e6,5c90a85e-7623-41fe-8cc5-a75e6904a7a7,enterprise,2025-11-02,2025-12-04,199
8a0800cb-cfe2-49c7-b101-eba161c30799,ed5a04d4-42a1-4eee-b1ef-8c27cc3b4767,pro,2025-09-10,,49
ce67e71f-b230-4d0a-973d-c22e5ec48a15,2fee39fc-207f-4896-a8d3-1074a55a4fb8,basic,2025-10-04,,19
ceb4ef29-545a-4066-99c6-4cecae306224,f4079966-2e4d-4982-9553-0200b0bec6bf,pro,2025-12-25,2026-01-30,49
46e73192-fdbc-471c-aaa5-7b0865d6eab9,0e7b3f4c-57ea-4d0e-9f28-8d8540f0d08d,basic,2025-07-16,,19
1a231669-565d-42cc-9ef3-f9b471426667,be78f288-dde1-47c9-b998-87439a093103,basic,2026-03-15,2026-04-25,19
227146c2-1349-46bd-b150-bdab10d21834,95b6e815-26a3-4b42-a773-91646657dc26,enterprise,2026-04-09,,199
daca74ab-3e7c-4c21-b303-784be5adc124,098354e1-fe7e-41c1-9bf5-76bd3f7225e5,basic,2025-11-19,,19
dad771ea-4ca1-4d1f-b831-70af5388ef61,ed3ab68c-e087-4b18-86be-4b3ff5bcab68,enterprise,2026-02-07,,199
b7dccb02-9d66-44f5-bced-82d04bc02c0f,5fa862aa-8613-4718-86d0-f46048397d86,basic,2026-04-27,,19
8d90c522-dced-48b0-85d7-8690d1d0b342,43c8c42a-08a3-4070-a8e2-5a4eed0a4061,pro,2026-05-20,,49
a417162f-fc48-410c-947e-7720eddd2d83,108a6f0f-ac88-4ef8-99a2-58e97a702ce5,basic,2025-11-25,,19
21286b1e-75bd-4cf7-9d9d-3c150b635a09,164bb82b-2fdf-49a9-a9c7-262ba65caab5,basic,2025-08-15,,19
d9008586-853f-495f-8e41-19534295124a,ca7a0de1-63f6-4f5d-ac6f-15aa9d5a9ee0,pro,2025-07-14,,49
63248a2b-136d-481c-97ff-4d821b25d729,ae2afc55-728a-453b-b207-3d6fbb30270f,basic,2026-05-24,,19
cc9b5841-4509-4e9d-afed-b7153373cb56,0570d56d-3b0c-428f-965f-4911cfd5b00c,basic,2025-10-25,,19
118cd733-d148-4da8-9fb9-ebca82fa1ef7,147f2b23-65c7-4782-96b1-3297ba514e56,enterprise,2025-09-20,,199
6320353c-58fa-40fd-aaf1-c2f1df00cc46,46ee0149-a3e6-4256-931f-8b2ebb515f99,pro,2026-04-16,,49
3bad1418-6599-4e42-8a57-f72e49de97a1,f0889ba5-f2dd-4a45-b1a4-2ef08fd01134,basic,2026-03-22,,19
890fdca5-6097-4274-9882-a6ee7889a7c0,4ed7193e-f5d6-49e6-98a9-233fbd677c45,basic,2026-05-04,,19
3f0e7b30-df9b-4dfe-baf5-02988ec928b3,176ec915-124b-4a19-88ab-a5ca7890ae2d,basic,2026-02-16,,19
e4ce7083-0556-408b-aaf1-ded08f87d262,0ffdab81-9ec2-4685-a80a-5022e36e44a9,basic,2026-05-21,2026-07-11,19
cec04fc0-5011-4764-897c-dc12f348ca45,b39ead0d-d05c-46a9-80c3-9aa717a19300,enterprise,2025-12-26,,199
b65c94c2-5649-4b6e-bbc9-55ebc44fb20d,2fc3b72f-c464-4081-9ebf-dce10de9f002,basic,2026-01-07,2026-06-13,19
fab6c2ce-0c19-4f53-8b77-45eb0240b84b,d57fabde-62b2-429a-9b0d-a9ddc6e88a00,pro,2026-05-15,,49
2c859e6e-4de7-4ed2-a8ba-3bd1d4774b02,5ed8791b-eca3-44ca-b424-7c9f8382c000,basic,2026-05-02,,19
7e29e0dc-a0af-417d-ab95-0986ddd2d46a,b4ba98d2-7d14-439b-8f64-a1296af76ce1,basic,2025-06-29,,19
aae6e043-a385-4f0d-8bea-434dfd6e928b,da3c88e0-27be-48a9-b20e-bc7e88e2860d,enterprise,2026-05-31,,199
e25c0541-e116-4ea5-bed2-bcac1fcfd8a1,78675711-a0b1-43b1-82ed-73f3700377d0,basic,2025-10-02,,19
03b4c51e-2352-4758-935c-bb4f2e93624b,3248afd3-aab9-402c-a07f-e6446b314cee,basic,2025-10-25,,19
4c6a93f7-5637-4e10-bba8-fea23444c268,75f57c48-bf81-48ab-9a52-2bc8203b0162,enterprise,2025-08-13,2026-02-02,199
fce66ac7-ebd8-4a49-9482-6ff3f934d1df,65d60128-cb9e-4f65-80ee-4bd44a19929b,pro,2025-08-16,,49
e7beecc6-6ab3-445e-b024-58724e66ba2d,d4a58ab9-e4cc-4bbe-ba7a-0f82b2e5159a,basic,2026-03-13,,19
722085e4-64e8-4a05-8db4-64af45916064,111e94f5-603a-45c6-b3e9-743583503713,basic,2026-01-23,,19
a54128e0-77fa-4af4-96c6-514701c3d436,5696fead-dd12-4322-ac6b-33bbd8056445,pro,2026-01-27,2026-07-24,49
627309db-e905-4ed8-a402-c08a9421db67,f2c9c287-6206-4be1-a0c0-7fcb7305d745,enterprise,2025-08-22,2026-01-21,199
fb9a65b3-6a9e-4a98-b210-f75b6df4b526,1b412905-269f-4290-ba66-e02f8f6dbcde,basic,2025-12-27,2026-02-07,19
888d669d-0a81-40c0-b6b3-81d7d8176ddb,0b525f9b-a93a-4ec5-bf50-bda399010aca,pro,2025-12-04,,49
48386ff1-23aa-4a0b-8e12-cc29de6dcc92,3e853e16-a7ad-4b88-b9aa-93707a956158,basic,2025-09-08,,19
3aa4218d-6fd1-4148-a67e-d3754a7101cc,2dddcddb-5c64-40c0-84a9-cea49a878f67,enterprise,2025-10-22,,199
f1155bd2-5f54-47fa-a395-f25e6dc4106b,07b9b596-08b6-4f3b-97a0-7d91efed260a,enterprise,2026-04-01,,199
afbbdef2-57ba-4b96-83fd-6ca549989f18,6782a9da-c78e-41d7-bfa2-6875afa8a156,basic,2025-10-26,,19
1db1d8b4-37d3-4bfd-83fa-f6e953d19ad5,917208e2-d788-4204-bd45-91fd10bb1df4,basic,2025-11-16,2026-02-20,19
37b4ea8f-8fcc-43db-8a4c-a8f5b53df83b,5c24cf10-dc14-4fbd-b328-c16ea1d55ed6,basic,2026-03-12,2026-09-06,19
186479ae-ff75-44a0-8190-825182151fee,0dec1870-1e7f-4546-b224-f4884294392b,enterprise,2026-06-16,,199
085948ca-4d8c-4d14-ab06-e8c17370a551,664f59f9-967f-4a5f-a823-6c9628331235,basic,2026-02-05,,19
23804987-7efb-44c7-8162-fdcf7b9fede6,72df5c13-8068-4edb-9866-5ce2867c5a8b,basic,2025-11-14,,19
e649924b-adfe-48f9-a41d-db7dbd915a25,cee12b4a-48f4-45fc-b05b-fffa74e2af39,enterprise,2025-08-06,,199
81dde1d2-f6c2-4f82-950c-d3564a2dc32f,fcd780e0-bea3-4113-85c8-7d0d74324c45,basic,2025-11-04,,19
3d6e282f-bf3e-4372-b604-23e548a72fde,6469c8b5-7e8f-48e9-b3dd-a817d7198bee,basic,2026-02-28,,19
05f645b2-61b7-4e58-9d3f-7312a659bea8,8808b063-f3de-430f-977f-76c11ce4d98c,basic,2025-08-21,,19
643b649c-2c3b-484a-be2a-e869e3479a12,dd5824ae-f773-4ea1-bfb4-2b800d6b0a2c,basic,2025-10-26,,19
6545d45e-0aa7-4e8d-8ff3-761604d7ad58,017ce1ce-de13-46ce-8938-fcf8bfd29c93,basic,2025-11-09,,19
b2f98ef1-ab10-4c18-b325-cb78aa2a9b65,d165dfc2-da9a-477d-b196-93a61d5a526b,basic,2025-08-23,,19
07d1740a-a972-4b3d-a072-77014911ab83,29333abc-a2ec-40ae-94be-296856f1af4e,pro,2026-03-06,,49
64651e2d-3dcf-4134-8ecd-f82583d7f79a,6af86b9e-9fe8-4f9f-8acf-83268d93eda2,basic,2025-08-28,,19
6a62d897-765c-4dc0-bbf9-37abfe719b4f,36c4cdd9-6ad8-4926-8adb-bb96d57e53c0,basic,2025-12-11,2026-05-31,19
7bdaef37-794b-4cbd-a495-9639a5dce3ab,3969aff5-ff09-441e-bd6f-b11eed53cdeb,pro,2026-03-09,,49
5df9ef22-96a0-45b2-86e2-2200aa501ffe,5089a39c-f151-4ca6-926e-21bd4bf72301,basic,2026-03-04,,19
4f31b5af-116c-49a6-82a0-1fc928ed7340,6ea74fed-5c15-4aa1-bef0-203aa45d6f81,pro,2025-11-09,,49
60c3b675-db1b-4f99-8ac6-ac9cd41b1cc8,e2a48f92-e6e5-44bb-b033-825d941dc952,basic,2025-10-02,,19
fec993bc-3a70-494e-bde1-bf70e0343fc8,f2f96f9a-1718-4619-9614-3a023174c14c,basic,2026-03-28,,19
09a2dcb9-67e8-4ce8-a19c-377593602d76,841f4bad-4cf9-4ed2-8695-a600186c8172,basic,2025-09-19,,19
b1b9ffee-8761-4172-8756-bef987522be4,1879b442-beea-4637-a01e-4c6114a7d2a3,basic,2025-09-17,,19
2ad19148-8fcd-4538-b522-f5dfd31aa041,daf00b24-d921-4052-8283-a5cd124a7ded,basic,2026-01-10,,19
c40e764c-9d5b-4040-97c2-10a8f422a272,80ac8140-6d45-4c70-86ef-0d051f4d8c8a,basic,2025-08-16,,19
65829602-e465-41b9-88db-798618994c49,79c75a36-6c62-4b30-ab57-57a29077f3f1,pro,2025-11-21,,49
0e3fec71-f8bd-4cb7-adef-400cadf09a9e,f47c1505-7723-4c21-968b-7e855311ea0c,basic,2025-11-18,,19
54f58c90-f613-43da-b042-c20fa2b5a8c5,224b3a73-1fb0-4516-b566-973006fa10b6,basic,2025-09-25,,19
9b85f9e0-98a3-4a03-84af-f1a4dab8c801,51adaee7-5c1f-428e-b824-dea3b3ad615c,basic,2025-07-11,,19
a5daf67a-d242-4fbe-bf48-16e13992b756,2a7edc10-e257-4502-86ff-9a4a76dc45de,basic,2026-05-18,,19
34fd0b0a-166c-44e5-b558-06e888fecfe3,f9091e15-214b-46e6-add4-a738e20e914f,pro,2026-05-04,,49
73cc0259-aa28-4502-a076-e15828a01915,aa9051e2-d830-4db5-a30a-0e4dcdec7d9e,pro,2025-11-23,2026-04-09,49
4a3f1c89-6b0e-422c-9e4b-6cb4ecd20bbe,c4f36ce2-7d04-45b4-b095-527740a59a3b,pro,2025-08-08,,49
1dd69f6f-75ac-4912-b059-5a58c51d4060,745e98c2-d698-4439-bc48-32ff44bc5a5f,enterprise,2026-05-21,,199
5fe3a85a-cbbf-4040-b964-1e6997b7a24e,45b0462b-0259-4296-958c-2574f5adca6e,pro,2025-12-10,,49
5b92bcad-3d13-4a48-b7a7-cf0d2c93a874,f2ae91e9-8f20-4bdc-af75-07b5f02cbd56,basic,2025-11-30,,19
e4fa7dd6-08f3-4843-a124-e3f635d81e0c,cc5d513c-c64c-4bdc-9dda-3e80ee98ca1d,basic,2026-06-11,,19
21f0c09a-1b08-44d5-b572-c74d47c41b71,106642ac-49ee-4777-8884-3662aeb32015,basic,2025-08-06,,19
9769d7df-80e2-41d8-b261-fad54790bc68,35dd53a6-50ee-4a22-91f4-6a6de51b3df4,enterprise,2026-05-31,,199
c71bf878-d895-4a06-ac61-1e8492855b46,96802b0d-c0d0-4b7a-9e7e-e9c0f7e6fbc8,pro,2025-12-25,,49
7b705139-4e64-43a7-a555-787e714df89b,c0bb570d-7cef-4ad6-9808-bbfc55424fbd,enterprise,2026-02-15,,199
50a3611b-5503-404f-8e23-bd8fc12cc84a,ed8680fd-6dcd-4d41-8691-46f266634046,pro,2026-05-28,,49
1c57f508-9794-4d5a-8c5f-c08d928fa247,22b0e9e1-e8a6-4542-abe9-529ae6f0b30b,pro,2026-04-06,,49
c0b8af2a-c81f-4b53-af42-8c4b7b05b45c,b65622ae-1909-4f02-b8f2-3b94a1ce1bd8,basic,2025-07-01,,19
66ae584f-f376-4b44-9186-391a4e0afa23,2a34bb0f-e85e-45f8-950e-2e18922544a1,basic,2025-12-30,,19
d7265fd6-af17-42f7-a5fd-9d646b333f08,3bbc1056-e55d-421d-b358-fd0e8289adf2,pro,2026-03-12,,49
583ea44d-19c1-42b9-981a-ac0e6a38d63e,708a4c23-e67b-40b6-8899-0df492fb8f05,basic,2026-04-10,,19
55947d40-97e5-494f-a510-35c2bf2b38a7,ebe55ced-56b4-4cf0-b13b-65be0cddad2c,basic,2026-04-20,2026-06-27,19
5fda21f0-0746-4b90-993c-7a5f27a04c5e,7a6f5023-491e-45f1-9523-e55adf99eb92,enterprise,2026-04-22,,199
2f58d0b3-4a6f-450a-8e05-5025dc38829e,717446c4-79fb-4b22-9ebc-44bb3f28fbfd,basic,2026-06-10,,19
1eb98915-d55c-42c4-b889-0726d6044e81,e62b8354-e974-4b47-bb92-5be0d05a35a8,pro,2026-03-22,,49
33180caf-9e58-4800-ba74-44c68ca23a6f,2d0137b8-a82a-4740-986a-7532d0a710cc,basic,2025-09-05,,19
b6e758e7-488e-42d9-948b-6df5a61a1f42,302cb099-65ef-4409-ad0e-ed6ced4ab521,basic,2026-05-23,,19
7d902267-80f0-420f-8e01-5563958f16af,7dceca85-dcbf-427c-aa4a-c26f3f208858,pro,2026-01-06,,49
d75b15b7-a317-491c-99e8-5a922043c9fd,6a7aea4d-bb42-48d8-ae00-a00a206fe41d,basic,2025-07-05,,19
1c83c18d-0313-49c2-856f-4ec3c6fb8a9b,e49af49b-6c33-4c0b-a32f-4163ea2b148f,pro,2026-01-25,,49
d6e2fc02-d35f-4782-9144-040ab60ac0bf,179e12a6-0bd6-4ba2-913c-042aee347f45,basic,2025-11-15,,19
e6ac6726-7dc0-49b7-9419-835a22bf7d8c,c7a007cf-b8bc-4a16-bcb8-08032ec6fea1,basic,2025-09-04,,19
fcabb291-622d-456a-8ee2-174238dee968,d5af19ea-4656-4aec-b329-75a105937dd3,basic,2026-03-17,,19
b56a877c-8915-4739-9ab8-9cebc22e341a,88f0e4d2-8b1f-4588-b175-816a5a69fd00,basic,2026-02-09,,19
904bda09-7f47-463b-b928-4c6f999c6815,3d193697-8999-4420-9a17-908ef6b18113,pro,2025-09-18,,49
e74d3fa8-b559-4a3c-8147-61222fe03c87,8a9936e7-49df-48bd-b8f4-d3fd0970719c,pro,2026-02-16,,49
f525ad0c-cc52-4693-991c-494d7c766bae,40e1763f-a36f-49b7-a69d-ca93de464339,basic,2025-07-08,2025-10-16,19
4b44571f-93e0-4029-9fd9-a073862a72f8,99644488-d627-4ce6-a5b1-dce44c070260,basic,2025-10-18,,19
839fe9e0-54eb-4d3a-8a95-a1ac7a1cb108,28e27f33-7e74-4989-b612-79a93dd23728,pro,2025-08-01,2025-10-02,49
37106031-0a95-4843-8214-f7a5338dcd8d,78044432-021b-45d7-83c1-f5a34ec6de15,basic,2026-05-26,,19
85b99fe7-6403-4145-9584-9081f5fe6735,6b32c8e7-fbde-4e0b-951e-c979db3fb384,basic,2025-07-24,,19
3c2e8bbc-1746-4423-9356-504a5f2982ef,b3424d7b-9f81-47db-8e77-0255a4f8f6a9,basic,2026-06-13,,19
4e822980-8aea-4427-8a95-aa6b5d8aafc9,adb5d0ac-379b-4898-a0b7-a858e60298d2,enterprise,2025-07-05,,199
f49d43e8-d417-412e-9615-fbc1ad21adac,f089a21b-d035-43d8-8e0b-560529019a97,basic,2026-02-28,,19
dfa16529-a78a-447e-adc4-25105c430a2e,0fba6eeb-99b4-4b1a-820c-2ff15f991375,basic,2026-05-18,,19
973fe336-d285-4ac8-954d-909a51ffa333,1b600e3a-d578-4a9c-a4ef-51c1a05018ee,pro,2025-11-21,2026-05-06,49
5726801f-324a-46b7-857e-817ec8714801,3c23f81a-b083-4eab-a4a6-0546beeaa094,basic,2025-08-09,,19
d8f438c2-9623-495e-9d9f-cdc2b48d7f81,83a5c959-0515-40e3-8768-6997a2faf75d,enterprise,2026-05-22,,199
2e080d8e-9b21-481a-a9e9-aae68a6fd72f,1f1c0b1b-189e-4386-91bc-2273873ce4da,pro,2026-01-26,,49
f7ae9203-d12b-4518-b20b-e5a30bc7fb48,f3ab294f-edda-4df3-8128-30166ffe1bcb,pro,2025-07-11,,49
64d1efc2-1329-486c-b8b4-78279819b28f,61c2fcde-ba4b-425c-9581-5fbec2be0c49,basic,2026-04-06,,19
222e6942-811f-45a4-aa89-59c3366b81fc,6859b7b7-0b35-4947-9dd0-4a923025fbee,pro,2026-05-26,2026-07-30,49
3f64ca58-2f73-4891-9b18-1ece59cfdcb4,bfe80adc-ac4e-4e79-b7a6-05d1ce2088b3,enterprise,2025-09-19,,199
9eb1b578-4c70-4ddc-8374-0e704b812f1f,8b8a7acd-13d0-42b1-910b-710d2e69e5a1,basic,2026-03-31,,19
463b2720-b32b-40c8-8779-1368234d6bcf,d182eebc-1a35-4836-b7e0-bd91e80375c9,basic,2026-01-02,,19
b4a446e4-3aa0-43c2-a5ff-1cc36d6eec13,91ab8ad3-863e-4d3d-acc4-6d4cff2adb71,pro,2026-04-15,,49
d837702a-4c0b-4022-a74f-521a3ea50341,d3c315e1-8f07-41bb-8f78-16c5b49d3c2e,basic,2025-09-11,,19
911ee188-93d1-4fc0-b156-003561e62fc0,652f75ef-93d9-4129-8f80-af2fd399f354,basic,2025-10-11,,19
289d6f23-8820-4b85-b4d2-2ed739db85fb,256f1f9c-a3f2-47fb-a6da-a21b17bed01a,basic,2026-02-10,,19
37eebd82-0efa-4db8-b052-afeb596d709c,6a3d877d-7e0f-48ad-bc00-3568edbb02ea,pro,2026-02-04,,49
a4dd6df4-4743-443f-a638-669de9f265c3,97759a8d-b491-415d-9b3b-1ccdb3d285a9,basic,2026-05-03,,19
61716d9a-2ac4-42ad-9a6e-34f03d0e9f50,8d638a1d-67d6-42b7-acae-2169375408a5,basic,2025-09-25,,19
db87ec47-c33f-491d-84d4-bd8c543f5c49,146bd1a4-95da-4e38-816e-a2526e317ba3,basic,2026-02-13,,19
edce9994-09b0-4366-ba5a-500bf1b69518,47c85d90-07c2-4078-8d15-3010a6ae7cba,pro,2025-11-24,,49
19784435-a067-410a-9a24-dee9ecbe4852,716fbd0c-7f86-471b-a61d-dc20676ea0b4,enterprise,2025-06-20,,199
5a2a6293-efdc-49e4-826a-09c52398ed57,04234506-d7dd-44d5-b14b-15cf0a30c094,basic,2026-03-25,,19
d8b2b126-3501-414e-a37c-17c43bfacfe8,1ae46b29-18fb-4161-bf0f-28279b919cc3,basic,2026-05-05,,19
e77bac58-adcf-4c92-aec9-a0c6b3e8c4b8,6f7e3a6c-3b39-4dd9-ac7e-2ef039960c86,pro,2026-01-05,,49
c48c66a2-885b-4ca2-9449-ef32c261de69,ea1e5a21-f033-4d34-989a-5b060aca888f,basic,2025-11-30,2026-01-27,19
85c21319-fac4-48ef-a386-c644980a95d9,fcb91aa5-dd1e-47d4-8c26-2148381f9ebc,enterprise,2026-06-03,,199
2dfdfe6e-dba1-4c5e-9817-2d69aeddbb16,847d85d5-6e55-475c-9160-feafe3d48da8,pro,2025-09-14,,49
83165389-70bc-42d5-84aa-0f946f7a3a85,2a79019c-36c2-46f0-8b4a-0c864829b899,basic,2026-04-30,,19
42d3b044-fc3c-4c51-b266-57c63704fe3a,90a70819-edd5-4b2c-9272-b24512335b2a,pro,2025-07-29,,49
4386501b-98d3-4dfe-a2e0-d7a705f56236,85c11635-e054-4aa9-b90c-23f8eb56272a,enterprise,2026-02-21,,199
b18da9c4-d48d-4de9-8cad-09662c317d02,a2cd4b0f-0a76-4658-ae63-e9ed913d8573,basic,2025-09-28,,19
f83bfe21-726e-42ef-8579-3090c9876c0c,7cf9c6a6-766a-4085-8bc7-75bf6ff6cb38,basic,2026-03-17,,19
d222f6d5-a672-4c49-95a3-c1ab6ef1789b,ecba6396-9290-4249-af64-0e899a0217c1,basic,2025-11-19,2026-04-02,19
5a8a0950-914f-43e8-870a-e83e1ca5582a,b278cf93-a0c8-422a-b563-ef961cef1623,basic,2025-12-05,2026-03-04,19
a3c1d371-714f-4039-bbdc-79039128ada6,feb72941-9452-4b86-8478-fd4b77a65a0c,basic,2026-03-30,,19
a59b01bb-aafb-4369-af12-8b71ca2f32e2,b6dc0042-a58d-43d6-ae5a-b3e845a92f5d,basic,2025-07-19,2025-11-30,19
fe4e7d35-7b81-4985-98aa-284b2923627a,fe040df0-5ca0-4afa-9333-15b67ac915d5,enterprise,2025-12-07,,199
0fef0ba7-040c-4da9-8d61-9e9833f60fe4,d9377589-823c-4580-baf7-15755cd861c0,basic,2025-07-09,,19
1e21216b-cf68-42f7-8f6a-54f07c27e829,23b151f6-2072-40b8-9ea7-11597f827dba,basic,2025-07-01,,19
759e56cd-a657-4f0a-ae38-f3a678c501ff,b366eeaa-dda4-411d-933e-182a0b447976,enterprise,2026-05-08,,199
8b2d9fb4-6bfb-432d-a357-b5d7a6b7cc50,26740dde-5b25-4734-a244-35be520a8531,enterprise,2025-10-01,,199
646367cb-5c64-4b9e-971f-ecd2a862473f,cede17b8-d306-4823-b544-de162700614c,pro,2026-05-27,2026-09-16,49
5d531f05-6ec7-4c94-884a-d2f722e31520,95d5021a-4f06-45d4-8cba-4319c6754898,basic,2025-07-17,,19
3987d1b7-b4dc-475d-848e-e03d5fa67fbf,bac54e1a-fa7f-4d00-b394-a0cf3253497e,basic,2026-02-06,2026-04-01,19
5ce84ea4-4c75-4b3f-a231-989571e36212,7b4ea773-23ab-47e0-ba9f-75837ff73c1c,basic,2026-02-03,,19
52210f7d-5ed9-4e58-a35c-ce24df3da52c,3dbedcf8-7eac-4c7b-82a1-b4d1ec02f939,pro,2026-03-21,2026-04-25,49
33c9c5fe-e0ca-49b5-9066-988446a6068b,6ca7c868-0c9b-4b0f-b725-0628472a5326,pro,2026-03-29,,49
eb4f4697-97c6-411a-8f95-e0cf2c6e8374,791b6e56-4d8e-4c7d-b649-707492f96749,basic,2025-07-15,,19
13a45a66-ce1d-451e-a8b4-6908c671ef72,e59de90a-cdd2-481c-ac25-817a25b24474,pro,2026-03-18,,49
1981b451-e937-4701-90a8-c0334b3c4042,d2d6dde7-957a-4260-8581-de85d07075fe,basic,2026-04-13,,19
6ff1224a-4467-4fc9-b5e0-7ec5a766399e,135ab054-0819-4b26-b039-d22454583601,basic,2025-11-16,,19
4f9c3d08-3483-45dc-9313-bff106d9c268,62b01ebc-1e50-42f3-8207-69c2f75b1f37,basic,2025-09-10,,19
86f2bcae-be4f-4746-89ae-a0afad619c41,17bb658f-f4fa-4719-8c0c-2bace91a79df,basic,2025-08-11,,19
4a07f6cc-87b5-44c1-a703-c891539b3cff,12100815-0af3-464c-b670-4a423a518961,basic,2026-02-20,,19
1b355471-b454-4898-8b0f-b44ca93b9753,62910a02-b576-4f74-9461-de756ee91de4,enterprise,2026-02-21,2026-04-16,199
b787a3dc-6769-4052-a52c-541818f059df,db3bfdcc-5d39-417d-b919-2e075de51190,basic,2026-02-20,,19
ffc983cc-136c-434d-ab2d-1a2e17bec921,63a893f3-708a-4739-9651-dbdaa4079a05,basic,2026-04-19,,19
5caf6872-0fa7-49d8-97e7-99a2141051d9,80540283-3eb2-4d4f-b798-13ecf763a775,pro,2025-11-11,,49
6427a404-d310-48ce-9eed-80889999c48f,d70df160-4c8d-4ccc-8d98-820dd1dbe6fb,basic,2026-03-15,,19
32203293-0319-461e-b42d-50469b27c882,da69a315-f9b9-44ce-b458-ba34e2965f57,pro,2026-01-23,,49
9f74535c-0b52-4502-84e5-1410ed475d18,7626c290-b072-4b12-af5b-75d98e89c500,basic,2026-03-28,,19
d791a4ea-7068-4656-8375-694b8fc29f12,1fc39428-3520-4351-b6e0-61acbcb64aee,enterprise,2025-12-27,,199
87e7f4a9-3c70-4d57-89c1-d6b5e4e522e2,67ef0be1-8c40-465e-9473-29dc3d8f60f7,pro,2025-12-22,,49
77ddebc0-ea72-440f-955d-ed2c30d47ab4,cb867957-b4eb-419c-80e8-4a12207d2a25,enterprise,2026-03-11,2026-09-02,199
faf4bd60-26c8-4f02-9cfb-cdcf8f8002b8,efa43348-8738-4570-a411-59a799f33cb0,basic,2025-12-26,,19
0b97a22e-e2ac-4eeb-9dab-a890bd15edaf,379b03fb-9b13-4bc1-a709-8338e8483639,basic,2025-09-20,2025-11-05,19
f1422633-129b-457c-a61c-f2c810976bf5,775e08ad-e34e-460d-921a-70367120f578,basic,2026-06-14,,19
81199789-cc8d-44c7-b05d-1dfe24bdc015,f5d71a25-55c0-4c09-bf3a-b553a148b1e0,basic,2026-03-25,,19
1dc13d83-fd99-4971-8a4a-8a8c7dca556f,f9055bfa-b153-4df8-a5bb-1b1a0bb2aaca,basic,2025-09-14,,19
a2425b87-3ace-421d-b834-33fed3184459,6e036ce0-400f-4e59-83d2-f2058a29dc4e,pro,2025-08-02,,49
e915e8a0-9fa5-46f2-a130-f3d42fb1b755,d35785f9-92c3-4386-be3e-d8b402fce2e7,pro,2025-09-24,2025-12-29,49
a77fc483-0a3d-468f-a214-57e0e6813c8f,12bacafc-ec31-4f37-8306-82c37977d4eb,pro,2025-11-16,,49
12b60999-4e90-4aca-b362-0e530ea3f685,4bdeb40c-a751-416e-be5f-1331f18b4861,pro,2026-03-06,,49
5d519065-d915-4c06-842b-f875180e79b5,c511c3c8-8f32-4a86-a37e-f85131e48ef9,basic,2025-12-20,,19
e68a9ba3-d53d-4889-822c-1767d8687462,4dd5efff-2cd1-47ae-a768-601b14298816,basic,2026-06-01,,19
64894746-839d-4429-b892-df2a9bd0cd85,4fd5274f-beb5-4b92-bf3b-109059aa3171,pro,2025-11-11,,49
aff7ff1f-1905-42c0-b47f-90bffeeddfe1,362d20a2-d086-4876-bacc-4d6a756695b3,basic,2025-10-17,,19
5c7da34f-6d0d-49be-b892-35c9780b1654,b96d90ad-fc5b-4cde-835d-f0074205de36,basic,2025-11-21,,19
1eb193a1-917c-42d2-9d8f-94b1b22be1a0,667648e3-b881-49a2-86c1-d8cb9d8af876,pro,2026-04-05,,49
dec918ec-cf0d-4c51-a759-344ae202fbcf,11d6323e-c6e0-47f6-b2a5-49738b0aee93,pro,2025-09-27,2026-02-06,49
72436a50-6357-40cb-be9a-249a07420355,5464a53f-5442-47ec-927d-959eed360830,basic,2026-01-07,2026-06-27,19
59ed748f-4a36-41de-8bcd-cbd949dd4eb9,ea48c0f3-639c-4f63-8a01-1131b6e4131a,basic,2025-07-01,,19
f428dda3-b53c-4246-9b11-afc90df771d7,ed737c82-06c2-4435-b876-ecfec950cad1,basic,2026-01-04,,19
68531bea-0958-4547-8c74-cde0858b7d8f,13ec4645-1dbe-4311-951b-69254610ce79,pro,2025-08-05,,49
31fb0b53-b93b-4292-ba68-42bc1572578f,7e209883-1949-4f85-a795-e98c705d59b4,basic,2026-04-08,,19
bc06b89b-b620-4379-874f-74cc05d5f8b0,4b97369d-d71b-46f9-a100-3d2118faa7c6,basic,2025-11-27,,19
ef3637f6-fa49-4808-9fbf-851ccb9644d6,77bb61c1-ad31-4f47-b8aa-4b5d998bee13,basic,2025-11-06,,19
f7b57de1-6e0e-42e6-ab9f-32cdb20e9200,10c3336b-b480-4231-b7a0-42aff6c1aa31,basic,2026-03-14,,19
5db2adc7-1764-44a6-970b-28e95de27179,a9a956eb-c22c-45fe-bbd3-4c2cb3121840,basic,2025-11-30,,19
9699f93d-dad9-449d-86f8-6e8f34730659,55e33b24-81fb-4d12-99a2-06a8ed0016d3,basic,2025-10-31,,19
7f32a8d5-6cb6-4ff6-924e-5c65a96a3455,8071a856-2b82-4ac4-8efd-fa180a142685,enterprise,2026-06-03,,199
a6bbdf41-d675-45aa-90d3-fd8362a03931,9ed4c7fb-b633-4ca5-a9b8-2c7b06038924,enterprise,2026-02-17,,199
e0448ce7-a55d-449d-8e6d-4f2baba3a1f5,cf02b141-6b79-4dcf-bf1d-3916c5994587,basic,2026-06-12,,19
bd499bb6-04ec-41f8-b921-838fa9ca7a0f,0eb50811-7d1a-44c9-9023-aee0a771ba75,pro,2025-09-15,,49
504cab58-71ef-4e60-bbd0-e15a8ebbc011,fe1541e2-76ba-498b-8846-a946e685e56f,basic,2026-02-07,,19
8aa81656-ccbf-4380-995a-7ce7581987ff,a9353651-2921-47f1-9ae1-ee24ebf865e7,pro,2026-02-10,,49
5e71e72f-c9ed-41ce-ab10-92f37acaed67,af1b9347-1043-44c4-8f74-ff204c77d69a,basic,2026-01-17,,19
ffe720f8-2d80-47b5-a4b5-d309067a2fe9,dedade0b-531d-4ecf-bd13-a3cceecd338a,basic,2025-08-23,2026-02-08,19
6ae2b0c4-ee0b-4767-94e9-a57d8195349a,3e886618-b4ae-40da-a6b9-05522e586acb,pro,2025-10-06,,49
589f0a5a-e412-4371-a994-8c8b44c0444a,e7ccd05a-13f3-47eb-92eb-1b0ea2fd9b96,basic,2026-03-04,,19
6f246041-0b8a-4d5b-8408-99d5ece41354,1ab79ad4-505f-4f7d-a72a-b5499f655183,basic,2026-05-31,,19
56cbe36c-362f-44e4-bce1-0b01c42c3fb4,eec4703e-8b99-4fab-9030-969585758798,basic,2025-11-17,,19
5931bc0a-de1e-4b73-a54a-79daba734425,9805f22e-a194-4ef7-954b-1a14c4affbf0,basic,2025-12-13,,19
d73f037e-a358-4365-830d-868f9f972dc4,05c5634d-4c23-4d3f-9f3f-fe35f07271b2,pro,2025-11-05,,49
3303b46d-9abc-458a-a069-3dc49f252691,dfc665cd-0336-42be-8f4c-7c831feb329f,pro,2026-04-24,,49
eaf9c499-727a-4e1e-9f83-b4ab6719fd6b,4af53b54-62cf-43a8-b9d6-f94b58b622dc,basic,2026-02-22,,19
8440113d-3e89-45bf-93e8-01a92902a1d2,2e3cd54a-122c-4ba9-bd17-d2c903e143eb,basic,2026-04-02,,19
d78bed90-e94a-49c9-a0e3-c4fd5f2492c1,bd757238-df52-4158-811c-6d4afa975ba3,basic,2026-05-01,2026-10-18,19
64e76b15-11a7-4b66-a6f7-56726c7f1d96,9bd4ddcd-87dd-4694-99cf-34d0aab8ab3d,basic,2025-08-15,,19
95330859-9708-45fb-af32-282b1659df56,edd0a5d8-887c-4c62-bb38-3322a9ecdd12,pro,2026-02-21,,49
4c229c2f-64e4-43f8-b510-9fa3872056a3,4b6ac8f3-f344-43c0-92c3-4f4eaa587fab,pro,2026-04-03,,49
b6f9d36d-e44c-4fb7-b2f7-a661421c581d,526e4139-da3e-48b0-a566-ff5326545518,basic,2025-08-08,,19
e9fdba1a-65bf-4edc-8136-00045c391152,98d20b90-a73f-4116-a6c0-75b1e88d2575,basic,2026-05-16,,19
82b40407-e8d2-4004-9915-2a878af8d6ee,82dd9397-2437-4a96-9d00-e5a6b57f7ca2,pro,2026-06-18,,49
ee315d18-e502-4cea-97e0-dc0375f26d65,9b180567-2b23-4e76-8143-9b0049bd4443,basic,2025-12-18,,19
eb3de843-6c64-47f2-aca4-36380674e2ae,83bc9205-b782-4e7f-9e20-da39182f533a,basic,2025-11-15,,19
91603bba-d7e3-4390-947e-0cbf3075c150,4ad93cfd-94bb-4310-b523-c4b615948cde,basic,2026-02-10,,19
3ed983ea-2840-48ad-bdaf-9c340dc726a3,1df08809-7b82-48a1-af21-64e4a7cad1ca,basic,2025-12-02,,19
aa186335-3a11-4d46-8b59-c57265befba9,e957e558-6fe6-441d-b509-300e46b65d8f,basic,2025-10-09,,19
ff13d31d-9aa2-4201-b01c-eddf9b34e72e,f4d4a9b3-542b-4517-8214-95d5c29ea1ac,basic,2026-03-28,,19
e4ec0a7c-9fbc-4dc5-9af9-5bb5bffbe57d,fb4fbec6-19e1-4b05-a698-450633b9f302,enterprise,2026-01-17,,199
acea68ed-41fc-4619-b31b-9425cb9ec866,b058129e-0403-4440-8a01-8dc5fe6b2ab3,basic,2025-11-26,,19
c053bda8-a7db-42a8-9f33-cf7421782ce5,58d5c9b6-9139-446e-a363-2b4b7e295bdf,basic,2025-09-30,2025-11-27,19
cf7b18de-cf58-4948-a8b3-49dd7108c478,2cbc4fc5-009c-4ad7-8a31-350da98b6450,pro,2026-01-31,,49
568901b7-515a-44b5-a953-a6505726bf1c,2a5056df-cf5b-4ffc-9c17-36e95cb6f482,basic,2026-05-15,,19
3433962d-2569-421e-8839-a684b2f8d998,43c559f3-d99c-4aa2-be65-7fc80a94fadf,basic,2025-09-17,,19
6f3f0aea-df78-450d-876e-530ce68090f2,51f9e492-b70b-4962-be52-0892a03a56e0,pro,2026-05-10,,49
0fac0e3b-0b35-4102-9ae3-c80a4745ad7e,54614ca4-c804-4882-baf9-4ea2d7eb6b97,basic,2025-10-25,,19
fc888c8d-f886-448e-a034-58c6a3a5e8d9,e9129f62-37ce-42b0-84d8-7082f9bf9565,pro,2025-08-14,2025-09-27,49
7dfc8b72-c6c6-4699-9eb7-a95b83fc3883,d7de56b3-adf3-4d1e-b58c-1c099397fd75,basic,2026-04-22,,19
dbdde263-7dc4-42f7-8ff2-7473e7551a52,3a9dfebb-8706-4de1-b75a-529748c64467,basic,2026-04-20,,19
25bf8e2c-6fdc-4fe8-94a4-4dcc57594b93,5cb3346e-bd7e-4d00-87cd-4e06318cee35,basic,2025-07-01,,19
a45403db-e7ec-449f-82a2-57f8d096df11,cc86cb2e-f09c-4c9e-8f8c-1fd6362da055,pro,2025-12-23,,49
48567cd9-7afc-4b3d-9310-f77256c64bf8,3ee29ed5-f064-46cf-8c24-45be4cdba6b9,basic,2026-03-14,2026-07-19,19
9f4b7c7d-4655-4692-b69b-c3554fce5299,85da1194-fc3f-4fc2-a0f5-5c463507b5a4,pro,2025-11-24,,49
5fe6a76a-e1c7-42e4-9730-44b44d17ebda,931be590-aabe-4214-857f-9659650fac15,basic,2026-06-02,,19
5e9a035f-60e5-427f-8618-7bdcf2e7b0d5,f999b5ab-8609-4353-8b95-576ffaeacd1b,basic,2026-02-08,,19
0eca4cde-039e-4400-9464-7f5772b86d56,304ba7d8-3155-40fa-b98c-e0275efa9439,basic,2026-06-07,,19
a22eac9b-ba0d-4259-8500-a77352844821,8f1b927b-b514-4c9e-94c2-c30372020bcc,enterprise,2026-01-01,,199
a882f0fc-39db-4f5c-a61d-ad6b6427d204,ece3fc9c-2e1c-4030-9919-964004f5caec,pro,2026-05-01,,49
3fc64905-7ff9-4be2-b71a-7c12471b10d8,8766a3e6-9906-4bb8-81da-eab054a790d8,basic,2026-03-14,2026-07-30,19
d57cd2ff-f6a4-4464-ac2d-9ba0e56015a3,19345050-b23d-44bd-a9ed-2984fa11b91e,enterprise,2026-04-21,,199
02845ab1-9a56-4d89-8f60-1d6189cd9ad3,d8a7f740-49b2-4c13-a70d-3ec1965ad8d2,pro,2026-05-06,,49
7c76c56e-be72-4f44-ab0e-d86e56453c0e,79ea9450-a73b-42ea-9449-364ce8895f37,pro,2025-07-12,,49
5dcbcd44-6a38-4a56-b23a-e81f437566fc,eef558ca-a621-496a-89bf-263cd12ff261,basic,2026-01-16,,19
290f3fd4-abe1-48eb-a986-534043605e60,cf766c1e-a65f-4040-9ee1-5596849966ad,basic,2026-03-17,,19
78c2420f-813e-4d40-9f33-c6e089e2fa92,1ffb3866-7cda-4ef6-95cb-19248609f8e2,basic,2026-02-04,,19
44b2d186-40a8-4f12-952e-90ac831bc269,ed59fb8a-8616-4fdb-aaf6-106192fb560c,pro,2025-10-27,,49
646f3625-3543-40de-91bc-97e94140e04c,cda3d222-4970-4e8c-a468-dd5a2d11a855,basic,2026-01-06,,19
51e89a38-985a-487e-8ece-359931a61025,01ecb379-a279-4f3c-b98c-ffea0d19eaec,basic,2026-03-05,,19
e331bd7c-86bc-4806-a555-c73222289ada,5dce14ff-fdb4-4792-8505-798229d579f5,basic,2026-01-28,2026-05-01,19
459a9cfb-ec9e-403c-ad06-cf0e919f302f,c7952dd4-480e-46c8-8432-349042d67e5a,enterprise,2026-02-07,,199
a5e42eb3-4107-454a-8681-4a1e2df58ff6,5fd7d39a-3b3d-4281-bb12-bff72d896fab,basic,2026-02-23,,19
192bea66-580c-4ae2-822f-97feb489fe72,f4d851d8-3b5b-4f45-aab1-118769001fba,basic,2026-06-01,,19
e09c2df9-0aa0-43bb-adbc-4b564701f15a,84f375a7-e215-4b39-a6db-b314d88e93cf,enterprise,2025-09-26,,199
3c94cbfc-572a-49cb-a9e0-6a96105c2b40,a7b503b0-d5cc-4ece-9ea7-a01601868b0b,basic,2026-04-18,,19
9cd5e238-4de0-45fb-9f1a-97abfa9b1481,63f0bb49-d154-41e5-93d3-8f670e27c18c,basic,2025-08-17,,19
5ae1257e-0f82-4355-ae75-d56821311a18,aafe568d-e4f6-492f-9e73-0fd421787fea,enterprise,2025-09-23,,199
9bee3f56-5654-4272-9179-be453891a168,375a7561-9dc2-46f1-9c50-bc14b5d46086,enterprise,2025-09-16,,199
482c4b8c-881a-4558-90dd-84088ca58c5a,896b8fa2-d0f8-489d-8fb4-d3ed1db22971,enterprise,2026-05-13,,199
66b31805-8f44-490f-9bd5-91f637542494,4e638161-392a-484d-894e-d2acac37cdb7,basic,2025-12-08,,19
ebb91586-7082-4f58-83db-6846e750a1e6,2c18ba98-f5fb-43bd-8ccb-eb476418f730,basic,2026-04-02,,19
753c8bef-7cb9-4001-8c56-5bbaed2ac951,ed4532df-0b92-43d3-95ac-93118085d411,basic,2026-03-30,,19
3823184f-d4c4-4b95-8451-96eafea7e4ff,c3180e9d-3a1c-4b15-a580-af5e0239e718,pro,2025-08-20,,49
6c62caa0-9cda-440b-bb60-a68cbd36b812,151dfb3b-559d-46d7-958f-82be69f662f5,pro,2026-03-30,,49
3a2adebe-9ad8-443d-a087-d514531926e3,20aa9bb3-18ec-4a47-b17f-151ac06bb124,pro,2026-03-27,,49
d696c265-213a-4560-9dfb-fc16a2d958ba,2dbc2791-b375-4ae3-8c13-6f04af6ac51b,enterprise,2026-01-24,,199
6cd27f0e-1c54-4c84-b089-adb1f53f1314,fe2bdfa0-1ddd-4960-96a1-1afdf2a3b780,pro,2026-04-08,2026-10-01,49
ae3dbad2-3c4b-4b45-b07b-11f528ce7d3a,03b0e205-1ae2-4ffc-84b7-0d223be1109b,basic,2025-11-28,,19
79d413c5-255a-4eb5-8b3f-08855c46924e,5e30d4a0-de1b-41ab-a256-f229f5f18baf,basic,2026-03-25,,19
51ebe48f-8ca3-4a07-81e7-2d2fe42a3757,f493cca6-6b64-4536-871d-a4f25848b0af,pro,2025-10-13,,49
65047cf5-0e3a-4537-8eb7-3450f9308b87,3f6f3115-92f9-4b53-b466-a846f98dacc2,basic,2026-04-06,,19
d837a238-d4cd-4a2c-8612-da320b1326a9,50b68aff-4252-44b0-be7b-0934201da0fd,basic,2026-05-17,2026-08-19,19
b792f154-a61a-44f6-aa44-f396a81a7f1a,ed8f7dfd-2407-4935-8768-0a9e72ff07cf,enterprise,2025-06-22,2025-08-03,199
6438516e-4597-410c-a54c-98179068141f,893f38a2-74a2-4824-b4f1-6ef638ae14b4,basic,2026-02-07,,19
e8d92db5-6006-4899-a66e-16f4d48f16b0,da25da95-6a70-4e99-bb1f-33983ed0c97c,basic,2025-12-19,,19
b103aa64-35ce-48b9-8c93-6c65c41372b2,634edd1b-12a2-401e-837b-fca407923e59,basic,2025-08-03,2025-11-11,19
a426bc80-0615-48e9-8837-24bc8a5e5683,cfb5f8af-e6e4-4f88-9bfd-870dd1a31b6c,pro,2025-08-28,,49
52a8e64d-dee0-465a-9881-2dec13871aa0,b904b8b0-2a33-456f-b8d5-383221acc7d2,basic,2026-02-01,,19
59341bf1-8fc5-4a93-9e70-d15be47523d0,9f7137d2-3466-42d3-a7e6-783f456f4ae1,pro,2026-06-23,,49
204567ee-d29b-4603-a0e1-c7af18910fee,7b9832dc-1252-4ad4-8862-58d4c727e09e,basic,2025-08-23,,19
65676f4f-ddd3-4857-b69c-6b2a6f94d4aa,7b0e8f4f-93a0-4119-a186-84c6d96ca2b7,enterprise,2025-10-28,,199
0149bd79-8f63-4bbb-b306-0a2908bd9360,14256014-f02d-4cc4-89fd-5cf97bd1ac84,enterprise,2026-03-07,,199
04f22e87-ea76-4254-9303-c8c3dfddebb6,536e2bb4-aa7d-4eac-b1b6-118965160d83,basic,2026-02-27,2026-06-20,19
2adaad34-e0a4-4ff0-a000-82497b04ad86,0476eec2-8180-4865-b8d4-82786a25c9b0,basic,2026-02-18,,19
97980bab-89bb-4404-aff1-ca09091cb9d6,7acd4b3d-aab6-45a2-8391-eea9f4c578e6,pro,2025-12-30,2026-03-11,49
a6040570-bebd-4196-b7eb-452b24ce9f6f,f248023a-bed9-4141-8eef-3de98cff1696,basic,2026-04-05,,19
4ea4ec67-d956-4aee-92e8-c4e40612a1b8,177c5457-1424-425f-bfaf-73503cf59ce9,basic,2025-09-08,,19
d7fa0e03-3620-4e7e-a05f-616040708c9a,313f1bc6-ecb2-4da8-a542-3f186d17033d,basic,2025-08-18,,19
e57ee124-69dc-43ee-b3ae-055be24a1481,1eb7c007-51e5-489c-94c9-271b47fff87e,basic,2025-09-29,,19
40cae11b-27fe-4401-ae9d-cf48e6a16cb1,e718f072-dc09-4706-a209-6359f9494cca,basic,2025-10-05,,19
8f4b24ad-c62c-4a15-bd90-0cd78f74329d,9427e265-5c73-4e6e-92b9-90ce04753bd7,basic,2026-06-29,,19
24f72210-c78e-4b32-9c01-2e7ebefc6ece,8cb0e2d5-ed08-43b1-aa90-3f58cc265154,basic,2025-08-30,,19
83c212a5-6203-4815-a3d1-3f5594f83bee,d9154172-310a-438d-9324-c80f834f7579,basic,2026-02-17,,19
88d6abd5-8606-4b82-831b-71e74cd2acf3,7bde6cae-7cfa-4678-8dba-53cc77e4a930,enterprise,2026-06-24,,199
2fdf8188-8f4c-486d-beee-a8beb86fb1a2,23dc97ba-b61d-4a2f-9f55-577c6c593e39,pro,2026-05-13,,49
1e12e9b0-5c6c-41c7-90f7-77f44db4b143,3b02b7cc-4e91-4d1c-914b-7efaace4eaa8,basic,2025-12-06,,19
63ad8b97-44bc-456b-835d-a7b90ae19f42,e5dc7eea-8e26-4155-8c5d-f48a78c3ce0f,basic,2025-11-21,,19
728bf02c-7f49-4cef-8455-73b20c6ec844,a9b0bec8-a889-4c65-9b59-7a0ee1aa7031,enterprise,2025-10-28,,199
c58163a7-d2ca-48de-893a-7423f5e0a415,e7afc8d9-07de-49c5-8b74-6fe02ea8f6b2,basic,2026-02-08,,19
cc338ddb-f976-480f-8ee6-884a5234597b,8201eec1-8908-469b-9cc2-c0c04ff41c5b,basic,2025-12-02,,19
622e9005-0bf5-48cd-8520-6091f4395c94,c158a833-74bc-4cf9-96ac-de760d856249,basic,2026-06-05,,19
08653308-5512-4680-b7cc-0d9d1b8c2699,29c66288-b37c-4441-894e-09f6c0841697,enterprise,2026-01-20,,199
b36c8648-fdba-4cdc-9a0d-71bc24798e97,96f0db14-6afb-4cfb-bfcd-5c6c32204caa,basic,2025-08-01,,19
652f6910-7625-44f4-a3df-217fed35037f,4a2a8241-53bf-48fe-ad4c-27e77d0bd1f6,pro,2026-02-27,,49
6e1a06ab-e3ed-4de9-9aec-412c8bd9cdfe,02213469-d916-4df5-8fce-b735301e43de,basic,2025-11-28,,19
cfa406ed-2756-415a-b08e-9785bf25c41d,c7425f0f-0e7d-4428-a3b6-d80cab6a59d5,enterprise,2025-09-26,,199
6eddabc3-54fb-4ce2-91d4-47aa30131875,f57849c4-1a6a-45bd-8135-8c72c6c90999,basic,2026-01-31,,19
f6db5f99-032c-4d89-93e3-0ef89d5329ce,497f090a-69fd-4902-b242-4e51499a4c67,basic,2026-06-22,2026-09-26,19
ac716895-3bbb-41e7-8d92-bb3d85925330,7be32333-59bb-427d-91bb-033b0aea1085,enterprise,2026-05-02,,199
e61e0d74-e8e3-43f9-ba10-7b821ae5033e,95c68dbd-5f2f-4399-9e1c-7659445d34db,basic,2026-04-20,,19
8bff10e4-67de-433a-8a54-86eac0bcace5,860d42d4-6fb5-4951-95fb-2ec0cb701021,pro,2026-05-20,,49
768f5588-8d74-4f11-89f6-b19dc6ebf9a3,167789d0-a6bb-46ac-b4be-5c9f7e3a273d,basic,2025-08-27,2025-11-12,19
0ad44ebe-21a5-40ab-803b-572fd8d7cd65,afc762c8-4d67-4792-8497-f20879373908,basic,2025-10-14,,19
6ea87a77-1e9b-4739-9074-cedd2dcdab78,d95b4046-c931-445f-923c-1c21263a2bed,pro,2025-12-06,,49
d1962c18-e579-48c7-8771-cc8dee46b0fc,9eba45c4-817f-4ea1-a61d-a41a371458dd,basic,2025-10-09,,19
640e10f6-d8c6-49da-a402-aadff2bcb953,4dc66744-cf6e-41ae-84d4-7a3c4ffaaa13,pro,2025-09-18,,49
cdc0cbb1-2ebc-4e66-a6aa-571ed2560f6f,9ff275b7-300e-4c44-bae6-d99e90784e24,pro,2025-12-25,,49
730fbc04-9061-496b-96ff-7fc789330e8f,d4e08daf-d8fa-4754-9b08-e82a819da95e,enterprise,2026-01-31,,199
699ca108-09c8-41e8-aa0e-4991bf5bf1e8,6fbbdbb5-a4da-4bb1-8539-941167e554b5,basic,2026-06-23,,19
58eef93d-ade0-4ec1-9447-f3f9282135bd,7a2670ae-9819-4cc5-8bbb-4305a44dfc58,basic,2025-09-13,,19
d03d346d-eb94-4d7c-8c5c-8bac260c310a,b19749d5-24d3-42c5-a6bd-b23a76ffc190,enterprise,2025-10-23,,199
b005a773-3dbe-4d7c-b0a2-7110b3f130f9,bd23788a-f734-4eea-9ef1-50796089e2ce,basic,2026-03-20,,19
5433eb44-d779-41c4-81f1-7a02b9732196,a2934306-852a-484e-9130-b556bbf9fef6,pro,2025-10-31,,49
8497424c-7a95-444a-a403-27c7707670ff,7ccf3142-977b-48b0-a45e-c9386c79c644,basic,2025-11-15,,19
aa377e51-3e08-4899-a84a-4166d03ed243,8b1fd7bf-e8b2-44ed-9945-f4461331adb8,basic,2026-04-11,,19
791940be-dc8d-41d9-8904-be208bf93d3d,bc4f492e-3022-43d3-bc22-00a1a20ff5c9,basic,2025-08-22,,19
2f96f449-09f8-41b7-b64c-a97d54e55786,ddd4b851-e52d-4cbc-8a61-206affe50219,basic,2025-08-13,,19
42c9d745-63f0-4c96-be66-e60c55e19b2c,ee243e91-4dc0-42b0-993f-302f67eeb092,basic,2026-01-07,,19
b3b16348-4cb9-4feb-968e-d629c4bde842,fc7244e0-8733-4e6f-b55d-a3cfbb755a92,basic,2025-10-18,,19
b0ed3c33-dba1-4006-8397-167b1e7bc1ac,0f407dbc-3591-4d60-afa9-13590f5a2ae3,basic,2026-02-07,,19
8d1d7eb9-7c5f-4e3e-b766-4aa76534b7de,65bedc6f-fd86-43da-a2df-bafceec820ac,pro,2025-10-05,,49
4762ae8f-d5ff-41ba-bace-bfe9d2c0d43d,511df9ad-fb0a-4822-b564-6530254afe99,enterprise,2026-01-28,,199
0d36727f-63d7-4ffe-b5b2-900675f6e8fa,3e2e0d35-29b1-4cbf-b2ff-81e037237527,basic,2025-12-07,,19
d7fb9780-7464-41da-a438-72147d572b8b,a6d6e525-2462-4fb0-9c4c-ad52a073dc6c,pro,2026-04-26,,49
85968df0-5603-45c2-9f79-332bb022cacb,650fa50c-6145-4320-8731-3d9fc7b7d4b3,basic,2025-11-01,,19
6d01237b-0a55-43e6-bddf-63dc279efa92,96d58af0-df87-45e0-97aa-be3418632c86,basic,2026-05-31,,19
c5521209-6d28-4354-ae57-002bec248070,5a1d1248-eb8f-4438-b7da-0f8ebe805fb0,basic,2025-12-13,2026-05-07,19
46598bbc-2449-4633-af27-a154dba59353,5b083c49-68ce-40ec-bbb0-0b483aa0cc6c,enterprise,2026-05-26,2026-10-25,199
650ab09e-db9f-455c-a8d3-b9ecd784128d,a142899b-a111-4df9-beeb-1ade8b6ad857,basic,2025-11-25,,19
d2027ef7-23bd-4d16-b462-6536455f3ec8,38b4b154-f28f-44b4-a3aa-27aa75d9efe7,enterprise,2026-01-16,,199
274b1e27-23c8-4349-a6a8-96a0394ffae5,0d7fed9f-5664-457b-bbc8-ef2f063a4924,basic,2026-04-03,,19
858021cf-9833-433f-9b0a-e48e95dcc2fd,ca98602e-1756-42ba-b1f7-10c4e32b747c,enterprise,2025-12-16,,199
9a976568-e705-499d-9ade-afbb9bc59ac1,bacb6888-c49a-4880-92af-a38558af8030,enterprise,2026-04-15,,199
872f8857-8b1c-42da-b2d2-a843a4b54522,73423cc0-1995-40ef-a6c8-dedb998e79ec,pro,2026-05-06,,49
99d5cfa8-2cf6-4e0c-a740-be5db8ddc482,b4925bd7-afd1-47d6-9679-d1d4e08515ab,basic,2025-10-03,,19
9ec53ed1-c3f8-41ac-bf7a-19f014e4dcac,22219ba0-81ab-44a7-ae32-b12ed9daad8f,basic,2025-08-13,,19
13c181e2-df3d-4e8a-9881-446960509a4c,5ba3c9d9-639b-4d71-bed8-4dc42c929980,basic,2025-09-26,2026-02-02,19
fab151f6-6315-43e2-98b0-8f9703a6fa6b,96bc04c2-8dee-4e3a-95ad-490a8335c6ef,basic,2026-04-10,2026-06-05,19
6b18f2fd-2635-48cf-a6ca-2e45dce629cf,c8014410-dd38-453e-8b47-c2b2b39dc7d7,basic,2025-10-19,,19
1d826e66-8d2d-43f0-b6dc-21a3f3625765,b5610260-364b-405d-85e4-550e27103df4,basic,2025-10-21,,19
62098ff6-6e61-4505-b683-ae5ff3f648ad,c86f6dee-8a50-4249-bc44-37d513a013c5,basic,2026-06-17,,19
5fb2b38f-1f28-4085-a386-30ca350bd413,409c9079-d042-4507-846f-0488769a4a7c,basic,2026-03-07,,19
b24026b7-bfec-4fb8-9991-14e4e309e51c,9821d7c4-d669-4423-a479-5baa98d9d97c,pro,2026-04-17,,49
014b9110-8643-493c-82c5-0d7c159dcd0f,6abcff4c-83fb-4e89-b25b-47e3b02189b0,enterprise,2026-06-14,,199
113c4a0d-27b6-47ec-a02e-498a341f0b8d,c825bf4e-3861-4a81-b097-1793470e6d0c,basic,2026-05-17,,19
840e7561-3b8c-49c9-afe5-3d833f2ae77e,822be955-0726-4bc2-a488-4b6b77a60ecd,pro,2026-04-28,,49
7c0a8d57-4610-4711-b5fe-b4a0edeff5b3,51526dae-d1c4-42e3-8087-9c477438e008,basic,2025-12-29,,19
7c3decae-6756-4296-a76b-32dbf1868c88,2436d806-5b17-4dbe-88b8-c1f7574266bc,basic,2026-03-28,,19
84a9a847-0549-4194-af3f-1385909b33eb,9e4fcebc-816a-4644-a900-8fcb43e06c7c,enterprise,2026-01-02,,199
b64f0011-68a1-4b13-b165-64817955ec7f,0724713f-4b6e-4dec-889b-d367a81973d8,basic,2026-04-11,,19
2f230fe9-26e5-407a-87c9-b1a70306f038,25dd4bca-59f9-48cc-bdc0-90db5c4d5cf5,pro,2026-05-27,,49
6e3c7000-682a-4ea3-b410-254e48a89582,7cb3a900-65de-4c1f-8454-57f6d1f392c1,basic,2025-10-24,,19
82edb58b-ef1a-48f6-9bff-83a3c34cfa59,776a71da-e5bd-478e-b5c4-c7f1fc834867,pro,2025-08-14,,49
ada98e67-9c76-40c2-a730-a3aab7843e48,95ad9d73-231d-46b0-a276-d7a136469531,basic,2026-04-17,,19
cf970573-ffd2-4a54-a324-b7beb4127fc7,ab69750c-1383-45d7-8cab-b550346391cd,pro,2025-12-04,,49
98618bd1-decf-4753-a548-d4ad667eee67,59ac33e6-8fb2-4064-892c-483f152168fd,basic,2025-12-25,,19
f6add38c-d4c6-438e-ad3e-52a92630ff87,0ef6bd86-e311-4423-bf9f-9f960fbdf2a7,enterprise,2026-05-31,,199
495c3794-17b9-40e1-b19c-1e9c94664a3a,3c6077b5-a6aa-4d4e-bc14-a38c84c6816c,basic,2026-05-11,,19
0d8b5067-c892-41af-bf7d-4a799e5f8a1b,5e3f56a8-0533-4d0a-8d47-a99f46305e52,basic,2025-11-02,,19
b8dd1d02-ae94-42a5-9d82-57347e6ba45b,9f2a2c6d-9cf8-4683-9538-ba7dc489f629,enterprise,2025-10-25,2026-03-30,199
d829fa0c-2549-47eb-a0ef-521f42a8bab2,bcf497ca-44a0-4119-8f8f-9e74beab0e61,pro,2025-07-31,,49
b72d378c-1dc7-472a-a4a5-c171407aab3e,f123bc9c-fa43-4216-8ed4-ad9e134ec0bd,basic,2025-10-14,,19
10074ec4-0642-4870-9654-936df9790c19,1b869615-1a2c-4306-acd1-bfeb2b0d0cce,enterprise,2026-02-02,,199
af7d90c8-10aa-4a56-ae91-2382c212defe,6272d483-6501-4bf7-8ffe-8a223dc6a1f4,basic,2026-01-01,,19
2d3c0bc1-99a5-452f-9e74-4fa345e9382d,9d6a4b49-d08c-4a62-b901-80d40f110be0,basic,2025-09-14,,19
5a6a62b3-f91a-4b82-ac0e-2b3c5bfd539d,90d15efb-5dc7-48fa-8c35-1314a578d730,basic,2026-04-13,,19
76f5aaea-e6a6-4226-b522-4e79405cbe32,76d980ca-d9da-43d2-b939-caa9d808015b,basic,2025-07-20,,19
ce3edbc6-cca1-4f65-9e38-a2efefafe609,947f68aa-7f1d-4923-ae63-5c0578820589,pro,2026-05-18,,49
dd05289b-c109-40a1-9a65-dbfb15ad8446,0ac6e957-8765-4c16-b112-4411d07ae478,enterprise,2025-07-11,,199
4f0ca003-1a4f-455c-8795-37b034f8a74f,0df220e8-0676-4562-b92e-d2ff0f6a1718,pro,2025-07-06,,49
33820e82-a87e-47a4-9ea0-9b7ad6a7e41f,e31b76fe-1cbc-4359-aba0-e964ae53d938,basic,2026-01-24,,19
12e56663-4a9b-44dc-a517-ac95420e71f8,bb38c624-dbef-4499-8e94-1961b8bf08f9,basic,2025-11-17,,19
4ac749f9-94fe-48a7-ba64-2a15bfbfe351,c58061ac-07b0-4f56-a88b-6f66c8671385,enterprise,2025-07-02,,199
5f1ff3cb-2032-497b-8169-23f22b2c59bb,cbd26f1d-7e8a-40a8-9a59-a669caa483e8,pro,2026-06-06,,49
957ac954-4289-4fab-9280-4b85fb68a658,ad8106bf-29f7-494c-983e-b6992859f35f,basic,2025-11-23,2026-02-03,19
b7872f91-3cb2-46fc-b6f3-fdded8f789ae,30684110-cfac-4e40-b08f-a38e83982159,basic,2026-01-17,,19
f0b81f8e-4c0e-48ae-9c15-cd98ce008b00,131b694c-087d-46ce-b440-84c969f9d7ac,basic,2026-05-07,,19
5bca76e9-a2c8-4f34-8fd4-040be64d0baa,64902ac3-196d-49c5-93c7-94308cab7f22,basic,2025-07-09,,19
5df210dd-470f-45cd-a529-dc520059c8f1,423d67eb-b1c4-4615-b627-1131fa4967dc,basic,2026-06-04,,19
c4a3f94c-13d4-455d-91c7-82ce1b948da0,1da3c03a-5095-4690-be3b-0694c9baee52,basic,2025-12-21,,19
d4c698b6-fc3e-4ee9-8c0b-ea94f9484a4a,e58e94c2-d507-49d0-8f54-d972897eb78b,basic,2026-05-08,,19
ae7264ca-b1b7-4431-9d09-d926b24fefe3,bf2d14b6-8ee7-49d4-b3fa-1bbf27a80777,pro,2026-03-24,,49
a0eaef7e-8ce7-4b68-badb-35ecdd725131,3d03849c-7f78-4536-9fd1-7162328b6d60,basic,2025-09-03,,19
42b3d5e3-4df7-4c62-9716-e9c0fbe11c88,e2536ee7-b5c5-49e7-b538-16c37f44e95c,pro,2025-10-14,,49
bb11503b-456c-4a42-8d08-c71fb9314517,95601272-1d07-4422-a9cd-40c03c6a179d,basic,2026-02-01,2026-04-30,19
ffbf4e9b-bf97-436b-be62-3b83833929c3,21dc83b8-d634-496e-9c43-5ba786d257c9,pro,2025-08-31,,49
90d57a9b-f4fe-4d2e-9702-1c7407ff4eac,18ecf6a6-6a7d-43a8-a3f0-e7680a60ba32,basic,2025-09-01,,19
d7912101-5b90-4096-9eb1-45e880fcbd44,f8f19882-5714-44e8-965a-027877eeeea5,pro,2025-09-26,,49
2eb65950-0597-416d-b913-8c94b7e52ec5,34824c9d-a475-4967-853d-5badaf827ba0,basic,2026-05-20,,19
347e29c8-8cd5-4a0e-8c51-08c179428e46,0ea5aa27-ed33-4480-9ba0-a84e1c2cfa69,basic,2026-06-21,,19
89341d50-3007-403e-bc93-35737510ad57,0767b9a7-99e0-4c93-9975-db57bc3f1ccf,basic,2026-07-13,2027-01-09,19
1e9e4d7a-1fd2-4527-a04f-1ed999f823b3,eb2cf866-9f05-4646-b5b4-d856d20c04e2,basic,2026-06-19,,19
62d05935-38f9-49fe-8fe3-dc8228dadb41,785f8905-de3b-424c-9477-c3648e53ebaa,enterprise,2026-01-15,,199
64fedb1a-2edc-4044-9f4d-354b5b5664d5,cfe041a0-0b6d-4caa-be70-b07023f340ee,basic,2026-03-06,,19
32872f9e-07bf-4d5b-aeb3-6dfc2b52cbe0,3a7fb6bc-39ce-4998-af3e-78adb3c27aa8,basic,2026-05-20,,19
13b36134-275d-4c87-8617-2554ac9c3a23,0342b952-65b3-4a12-a282-9d86ecd6df76,basic,2026-05-28,2026-09-24,19
67aa2c97-df77-4462-9170-058d118402e5,1b4554ee-042d-4157-9c0a-f084a7f5b787,basic,2025-11-01,2026-01-13,19
54921ef7-7ea1-4070-b6e3-9b2bd1c97fdc,97598fbe-69d4-4ccd-ab6e-8b1e4ac4cbeb,basic,2026-05-03,,19
22731ab3-7acf-4689-b577-4e41fb2a49c8,80bcb7db-d2d8-4c62-96a9-1298419d9e28,pro,2025-08-17,,49
dc7332cd-dd87-493d-b174-371eb704336b,e7e62784-ea7f-4a92-b22b-5c480ec04381,basic,2025-12-03,,19
e2150401-6823-48d4-825d-a123fbafe21f,870b84c8-693d-45e8-8c80-ff6e8a8d336b,basic,2026-01-23,,19
11ca97aa-e937-46ac-84ba-b7f5dcaa3a42,ae7c0f8b-5caf-45bb-90f4-e336e4066ca7,basic,2025-12-30,2026-03-02,19
98844e15-9f2e-48d8-b757-e679ab1f31f7,5ae27351-bf3e-461d-a9e8-7095f3b8c8df,pro,2025-06-18,,49
6fa5ea9e-9cad-49d6-b23f-adbf5d5d0640,dc2ae525-097d-4ceb-812b-a53fb0752b85,basic,2026-06-11,,19
3d493967-0004-456d-9bae-7edb08af0579,9d2e10d0-7f02-4fe1-aeac-55e340145690,basic,2026-06-11,,19
be35e785-564a-4c4d-9ebf-33d57374e42e,8084512a-9a02-4fd9-a389-c62c5e343cef,pro,2025-09-05,,49
63ff3f1d-8ce0-4531-b09e-ac1fe14f45ea,b866139e-4792-4bda-a52f-ddb470b27034,basic,2025-12-27,,19
bf60620d-1497-46eb-a44d-9adf66d1d51d,7f8386e6-821e-4311-9efb-2643719d1a43,basic,2025-10-04,,19
d276a38c-458f-4fe9-b15c-d30f8624328d,f5d1f268-8e4d-4799-bf5f-74e320069768,enterprise,2025-06-23,,199
a4d123e8-5047-4b65-a509-04751343c9b0,5c2c2bb3-7ac7-43ce-b64e-6b7f19b9b949,basic,2026-05-25,,19
793a95ab-cce9-4126-8f4b-b835ef5fdcf5,5e40d686-8fce-423b-bfea-2d2b2e58728c,enterprise,2025-06-30,,199
9038c99d-2648-4cbc-a338-70412c543ecf,eeb0d238-8664-4edc-82c8-600a5f57f4f2,basic,2026-01-09,,19
3ba7090b-c2d5-486e-9e38-34e4066dd63c,f72457fe-649e-460c-bad6-06a8cd71d080,pro,2025-09-01,,49
e672f27e-f0a1-4224-970e-eac6f7063659,ca3e8c3d-19e7-4a22-a229-b3bcea730baf,basic,2025-11-04,,19
2d7244b4-3218-4a8d-98d5-0d714378f51b,29a9eab8-f75a-4dc5-80bf-2538cec06bd6,pro,2025-09-08,,49
f0daf471-a145-44a6-95f5-b7c41b1f370d,45e1ebab-c7e3-4c02-9af7-6ab4c6852497,basic,2026-05-31,2026-09-03,19
5ab08c10-4780-4d2c-a485-be753de7262b,2d36f3f3-1c2d-4f89-abc9-b32fa5bdfdce,pro,2025-08-05,,49
c0fb0ef7-5497-4588-95d8-2558273cbd65,a2837225-e79d-4f47-9cae-eeb76175b661,basic,2025-12-03,,19
17bb4b9e-1fd1-450d-856e-f2dd270d5de2,662ebe05-ac5c-4f1b-9cee-9ac43aabfd2c,basic,2026-05-30,,19
c80af050-19ab-48dd-a7b1-565f9130134d,46ab735e-0976-439d-9794-98c6280ad6be,enterprise,2026-05-29,,199
2548c4e1-d309-468a-a35f-3a6c640f47e9,6795975b-5296-4f43-bc76-f2f046714196,basic,2026-06-30,,19
fd682079-f1e1-42b8-b9b1-3fcb0954efef,d5f2718b-b901-4bf9-9af6-bfab851beef3,basic,2025-11-01,,19
7a52d767-f81d-405c-b13d-0c166de451c7,536e06ea-8761-435b-8e47-6719a438a286,pro,2025-11-19,,49
a5992387-527f-42d8-99b5-869885282f0c,a8ff73eb-f4c8-4b6c-9839-cad7831e0da1,pro,2025-09-09,,49
dc9c369f-343c-43a8-8d1f-60faa804dd83,75dd18f5-a3da-406f-82c9-c8b3b7aa87f2,basic,2025-08-29,2025-10-17,19
9cbcacce-576c-445e-8f07-50225e04cf6a,9c15474c-9aae-4d8c-ba71-9973964770fa,basic,2026-05-08,,19
1ea0e829-cdd1-4a50-96b9-0a35fef2a709,70408b1a-5834-44de-bd54-cc985055b572,basic,2026-02-03,,19
cf4fe1d0-926e-4005-b351-af9ff3bbb22f,a5b35ed8-e30d-4b53-80fb-08390f1818bf,pro,2025-10-06,,49
b9b240b2-dc8f-4719-b5db-9c615085ab90,be297b69-1ade-4693-989a-c1d9ee130f4f,pro,2025-09-12,,49
069de0db-aae3-40d4-995f-6b131f50f061,e283901f-60ff-4830-a625-174df5f0e973,pro,2026-04-21,,49
391ab44a-a955-4eea-82e2-263bfe8476a5,35185718-68ad-4239-8b79-c40c14519ba0,basic,2026-05-28,,19
8d02575e-b21d-4f95-b40c-4a4ac63abd3b,6f7fcb75-897a-4aec-9d94-3cb916545c8c,pro,2026-06-10,,49
7b21c9c3-14e1-4fa2-9f0e-b493aa4a3d06,09b61f6b-3f25-4b26-9986-e67631158509,basic,2026-07-08,,19
e84df839-0608-48fa-9af4-e8d2e2890ac7,17a57110-2cc3-4a64-b5e5-b74d4244191f,basic,2025-07-25,2025-09-14,19
f32b7216-5422-41eb-8ade-4c3eb8e9171c,9d88e1f3-4cf7-49d5-81e2-91372bfb0af6,basic,2026-03-05,2026-07-25,19
56dbf0f7-e918-4e02-ba08-aa9df74cf572,7ce01e0f-2645-4f07-bd99-3afe869cd40f,enterprise,2026-05-13,,199
2096eb28-dd1c-44d9-855f-03287ed3ce33,6b31f7e4-b7e7-4910-9216-7467ab16eb65,pro,2026-06-10,,49
af47e04a-2922-4184-a15c-7e22f3b9fc00,c2f85563-517c-4f50-a6dc-37132bebbd57,basic,2025-10-19,,19
dfd2f126-e0d5-46fb-b493-506c1bc4301a,4e922280-1424-451d-b7fa-454dc743369e,pro,2026-02-14,2026-05-30,49
7312c5cc-026f-4fcc-8615-e02767659e1a,c037875d-77f4-4fb4-b2d1-1b923343f91a,basic,2026-05-24,,19
e3ec741c-d321-4e2b-b248-597a9c8f9287,157a3b87-75b2-45bd-acff-501e0a475d60,basic,2026-02-01,,19
4a531e01-6451-4ecc-96ee-559a5fdf4b9f,a1874ae4-39c7-4e93-a72b-849774873bc0,enterprise,2026-04-07,,199
1ac6ded3-1d7a-4420-aa32-cf4aa1755758,ba5a8e9f-4e44-4222-9b6d-dda91fff8885,basic,2026-03-06,,19
ecd9dba3-1407-40d9-8a72-78f3f813b250,ad18e0b6-737e-455d-8bd5-7d1d1f30067e,basic,2025-08-10,,19
d54ad09a-d63f-4179-81a1-3b9ab127ac01,1a99e97c-6be4-48ca-a51f-9e2b77027571,pro,2025-10-28,,49
05d4b927-eeb6-41d8-8f65-83c1fe3d8144,933ceb1b-6a40-40ec-802e-3d8ed13d0540,pro,2026-03-18,,49
4ff08b01-3aa3-4bf7-9643-703b87faf67b,93cc757f-1e2b-4ab8-9bf8-c3e85a082aa8,basic,2025-12-14,,19
0814834b-4da6-40f9-a813-190e32c822f6,d1071669-fec8-4ab1-b290-1d960053dc47,basic,2026-01-23,,19
bfe14fc1-2728-461d-8cf2-5e63f28fa67a,d0e3dd77-6dc8-4298-9654-b4206d9923e9,basic,2025-11-10,,19
5fb29543-21da-4dfe-a2f0-c22c7d7104d2,a7a0e153-5ef2-4af0-9eea-9a7256f41044,pro,2026-03-18,,49
a17a5c68-3af2-4af0-9d97-c6ac3a444120,b96a070e-5c9e-451b-a961-0b2a286c8cd0,basic,2026-01-18,2026-04-01,19
f000d958-653a-415c-b31a-541949bccee0,0f578ea2-1a89-4954-b7b8-1024cf22b0cb,pro,2026-01-21,,49
a26da073-42c1-4f62-85b1-f5558afd9ac4,8eaf00bc-97b4-4be3-ba94-3703c692912b,pro,2026-05-20,,49
afa57e17-be66-4012-b32c-f28e23cb40a6,25a3c9de-7e63-447e-8ab9-16c166eac08c,basic,2025-09-23,,19
b3e1f84a-7b28-4c10-97b1-dc83cc18bb72,7eb9843c-0f47-4e54-9b3c-86497c2cc1cd,basic,2026-03-31,,19
859d2481-57ca-4b6b-8d71-5b0a4e16b9c2,506fd68f-2e68-4b30-a8c5-8176aefc9fb9,basic,2025-08-31,,19
93ccd7f5-ca7f-4389-a047-47e2f0dc1f2a,6e20c35b-af6b-4761-aed2-87dcceee21eb,pro,2025-09-25,,49
b610d589-5447-4529-b548-d5192b2a8bdf,022831ee-f7b5-486c-8ece-1668de5be44f,basic,2025-09-17,,19
374ea493-8f97-4c8e-9330-a58bb006022a,87baad75-695a-48f3-a7b2-27a4aa3be10f,basic,2025-08-28,2026-01-04,19
3c4a32ba-f6b6-40d4-a21b-a54f7023191f,84e4ba82-9640-4cf3-bc41-bed1c0ddaad1,pro,2025-09-18,,49
2cddd168-3256-4f45-84f8-1ce7c9b15f69,72286d31-1be2-4fb9-af00-ddcc275ae6ed,pro,2026-03-28,,49
c8adcb05-e6d5-48ea-b7b7-67187c732c17,86f296fa-f10e-41d1-9464-56c070a581dd,basic,2026-04-03,,19
7f90786a-de0f-4a18-b896-980d5b8f555d,d5bdd5c7-c572-4d50-b265-198ee1bcc116,basic,2026-03-06,,19
4333fe0d-015e-45af-9f8b-3f1e15b4f373,61c14a79-d283-4970-95a4-30d9d9aaa105,basic,2025-09-10,,19
f222c42c-932c-476a-9526-891703f602ce,ba95edeb-cfea-407b-bd94-b5bf6cc90cc5,basic,2026-05-03,,19
1791c00d-9142-4d5e-9ad6-db1b201b3330,1318911d-3664-446b-8f2c-9e975d7a02fa,pro,2025-08-24,,49
0e823e84-4804-45ec-ba83-796a22a5f7a3,a45ddd77-1836-462a-af8a-02dfcda2ae6c,pro,2026-04-07,,49
7625cb01-fd52-4e62-95fa-0a21f298453c,a4f39868-1c08-40f5-8ee6-99db36340e29,basic,2026-04-15,,19
0a9526e2-6547-4f07-9829-4fbed0e996d8,962547aa-3110-4885-90d9-08aefeb00737,basic,2025-07-09,,19
6eb57239-598d-4686-9967-f1ae0e4e3a6f,b85ce094-af19-49e5-9041-afe025d674b0,basic,2026-01-12,,19
9dbca38c-c6f0-4a58-914c-d69811286be3,1efc996c-2c13-4e0a-9773-8b3e65908a72,enterprise,2025-12-04,,199
417b5e80-e291-4c63-9d48-bc08d8725b6a,760068b5-d824-422c-9cb9-bcba89949662,enterprise,2026-06-04,,199
06a75ad1-3033-4d41-867c-8100c06137ea,16c34bf0-9a56-4e4c-b6ab-e248e891a340,basic,2026-02-03,,19
1c00ef9d-9317-45a4-bcd3-4ee3e2440887,a441b2e7-b0de-4648-a89b-9a19292141df,basic,2026-05-05,,19
efe3e5d2-8fd5-48c4-b271-52ca83201035,b3d5d351-4837-4b76-b6eb-b73223e31382,basic,2025-12-22,,19
2e732c7e-dfa4-48cf-948b-19c7888c50f0,df6d47ad-b76c-42af-81f5-7d9822093e5b,pro,2025-08-08,,49
31786e69-52b6-4df5-9ea8-abe65cda201a,f8cc40a2-dc6b-4bdf-a2be-b102e29c9759,pro,2025-08-03,,49
ffafb6d4-a839-4529-a458-7acf9915bd4f,a6600cc6-4497-4f42-bc2c-113370a95dd4,basic,2025-07-11,,19
9b0aa871-8b8b-4286-85c7-dbfa6ee2db23,7c058a93-3fd7-491c-853f-1e3018dc57bd,enterprise,2025-09-19,,199
903ff06c-9a53-47ec-a762-7c53dc2c9f0b,a9743418-d540-4e1d-8867-b949f56fa371,pro,2025-09-19,,49
02563305-c4ed-4bf3-b46d-640ab80439d5,49f83064-7bd1-4f2a-be4b-f59843ae39a3,pro,2025-07-22,,49
516161ed-86f3-40fd-847d-38d21c0466eb,db3bf647-a6fd-4c7a-9a29-6bd9bb050efb,pro,2025-11-21,,49
9ec85796-d088-4148-a24b-061bd62ff13e,af2c7dae-67bd-41a1-82d5-23a9e71790bb,basic,2026-06-16,2026-08-11,19
1438817a-988f-48eb-ba50-d77ca06b07ff,b48419a0-193f-47fa-ab79-9ed10b989561,basic,2025-08-25,,19
f3f398b5-8cc9-46e0-a73c-8e68c57d1b4e,8e9d8952-8d59-4a26-99d6-9fce92fa6e28,basic,2026-05-27,,19
e2506a85-5df5-40b9-9a3a-8168ddd17751,47b93c42-f448-409c-b70d-58996bc35c3c,enterprise,2025-10-09,,199
47aa6ed1-03fe-4652-9950-4e94628aeef7,882ff331-da9a-4e57-8c2e-0702664455a8,enterprise,2026-01-16,,199
8a15f913-af39-4d49-9cfb-d3b0b2a24e6b,f2b2b08d-bb1c-414b-8c0d-4f2d9caca24b,basic,2025-08-18,,19
bee08c32-4ae3-45df-900e-f4652b6b139b,446c2dca-7a01-40ae-928d-c3d05a78517e,basic,2026-01-30,,19
0a223af0-b032-4357-81ce-279248580b4c,60b1639e-a4e7-433c-87c4-91576a1c69eb,pro,2025-12-01,,49
9493305d-17f4-462a-9916-a3921ebdf676,4bc013e9-7713-41c8-b66f-d444c4a7eb7d,basic,2025-11-05,,19
377207e9-9ecb-4c36-ad8d-9f4dcbf87bb1,ba388ad2-843e-40d5-9205-0e5e577ce91b,pro,2026-04-29,,49
66ec244b-54a2-4f65-9bc5-fdd292d1789d,c7b71e30-a15a-40dd-8450-af2a3949127e,basic,2025-07-18,,19
c05e47d8-4811-42ee-816d-a5b6e11e3915,a2ae5f33-c4d4-4250-aa71-1a1530c69135,pro,2025-12-28,,49
6a6e9e73-a000-4806-9c71-cd883523d68a,37cbd3cc-bb7b-4422-b49c-11515fe8ac41,enterprise,2025-12-31,,199
7e64bf39-362e-4551-96d8-ffad02fff81b,7b491d72-a5a6-4bff-a584-f8527eaff724,basic,2025-10-28,,19
460d59af-d150-4353-aa46-fd208273feb4,f4523fbd-c567-4779-9bee-3ab84a8cb735,enterprise,2025-07-24,2025-10-27,199
3c4f3428-ca49-49c8-ab05-a355b3d1b1f1,e41dee18-dbd5-4d6b-8d6e-cedb73e09e8c,basic,2026-06-22,,19
5173199e-9724-4857-9390-0d5db8af6ab5,4d187377-da6e-4963-ac44-654a96dc2be8,basic,2025-08-21,,19
b5393cbf-e91c-4aa1-be5d-f620ce21405e,048ea188-dc83-4f2d-8dde-dc1c35eef2af,basic,2025-07-22,,19
0875f0e9-ea9b-4c84-823e-fb57dd5d363a,d013c5ca-b9e9-40c2-9fbf-0194dee131cd,pro,2025-09-10,,49
86e71d68-9fe9-436d-a8af-03fb8cca347e,9cad1139-6487-469a-8534-b5159ce9789c,basic,2026-01-02,,19
19af81fc-ccca-40e0-8c07-3406d7cadccc,ef9fc1c2-d3a8-441a-91c8-7ee5b7f09119,basic,2025-09-23,,19
7e145ded-ada2-428a-a9f2-56c037ae3670,37370cea-4e12-4497-a82c-d58003cacbeb,enterprise,2026-04-02,,199
27584560-a0c3-453c-bf13-068b17838bcc,f48ae7fd-8e8a-470f-892e-0f64e667b9e1,enterprise,2026-05-05,,199
a99b5f17-5998-47cf-9000-7a2722890ef8,630427e1-84ff-42eb-a01e-2ad9fd1fae3d,basic,2025-10-18,,19
f171e4ae-46ad-4147-951e-7802889d59e3,d7def4fe-12f5-4327-a7b8-af6b039014f7,basic,2025-08-04,,19
829c65ce-9934-44d6-a290-1bc4cda142da,66e81b72-41b5-489f-8947-fed82abf1049,enterprise,2025-09-24,,199
3adb8b22-9f08-4b41-9adb-ab691a89c131,dd458cbc-d58c-4875-9931-e77f49996fe3,basic,2025-07-31,2025-12-29,19
ee6c79b7-d17d-4051-82d2-8e1fa2df7c76,63103a4e-7c41-4bf8-9b1f-f43b09f34d41,basic,2026-05-10,,19
b0ba4a2e-3ca3-42cd-967c-8cf15092fa55,03c43156-1cde-404a-a87e-10fecd501285,pro,2025-09-18,2025-12-12,49
16f3cd4a-dbe4-4b97-b872-bc245a206d0c,953309d7-b5e9-45b0-b4f2-c23dcf04b709,basic,2026-03-01,,19
d5576980-56f2-471e-8342-17d81e4a908e,8eeb3769-348f-4089-82d9-1a69e7f050b7,basic,2026-06-06,,19
81a23288-b227-4251-b17b-e22285dd579f,f87c5b0b-05ea-415a-89e6-55073c04824d,basic,2025-11-08,,19
1064120e-40a7-4102-9cd9-6da374d62063,604fc24d-702e-48fd-8238-7c91edf222c0,basic,2025-12-26,,19
20f75d47-ea3c-4711-b935-f795688e64e6,d39fdf89-4218-468e-8bef-b538e06fdf95,pro,2026-02-01,,49
5deab897-5e2f-4387-b00a-94c5bf6afbf9,ed8d591c-d484-4e19-9783-a870c3871b94,enterprise,2025-11-18,,199
96fe8956-01d7-4f80-969c-dcba9c4887bb,73a97cfd-d7e9-4fc0-b9b5-2c16b8e3488a,basic,2025-07-22,,19
4f761c2b-04a0-4534-b1ae-3a5d7c37aa82,e2aab111-2542-49f3-8f0b-c6fd10e97b22,basic,2025-12-27,,19
935d837b-2b55-4525-b805-d59fa645c429,dd891045-ef10-4962-b767-f99dd8c3f05f,pro,2026-03-05,,49
499bb35b-a43f-40b0-8187-a91bca426e04,bc80701f-4508-4e80-8b26-d27f79d6caeb,basic,2026-04-07,2026-06-07,19
046dd968-9b71-4f75-b87b-71045ed19565,40dfb2b0-d0e3-454c-8b15-8f89ac2265c1,pro,2026-03-14,,49
ecd4a4df-0a16-4496-ab53-ac262aa58215,0c62cdfb-ddb6-48c9-b394-a542ecbad759,basic,2026-01-09,,19
7e5732b3-4240-4ab9-8c81-00a9cea0892e,aa64c27c-8a93-4922-8104-5b2e16f462d0,pro,2025-11-15,,49
ae34c3a6-3d74-43e7-a73a-26475dae23f5,82df723b-eed2-478f-8c34-c01ededcb541,pro,2025-10-21,,49
73d94a97-7023-4a1d-8f73-1bbfb13ef156,cc569d34-d973-4b64-bf69-cff88e5a236f,pro,2025-08-05,2025-11-08,49
1834aa40-bc7a-4777-91a3-718e4ee88a1d,709591d5-8b1f-4ca9-a58d-464b2220c943,basic,2026-05-18,,19
b57e39ac-4d96-429e-a0d8-894dd95642ca,e20e5778-573a-4cf3-9c3b-1d065cf0d870,basic,2026-03-18,,19
199061f6-1787-4385-aefc-3191d770fcd7,74e0349d-6174-4c25-aa7e-bc29c9ffe774,basic,2026-06-15,,19
29197bb7-ec14-446d-b25a-dc9e08a20023,f92ae8be-772b-4cd3-aea1-f9fbc08321b9,basic,2025-11-17,,19
89a6a383-217d-445b-8117-a71d158dd5be,461a2f42-5aaf-44a7-8b97-c3489a2389d1,basic,2025-09-26,,19
227c1495-8155-4daa-adc9-521877f7452b,d7305717-44b2-4601-bd00-ef216e183a5b,basic,2026-03-26,,19
793eefbc-589b-4ff2-91e2-773019e9209a,30b1bd3a-8738-459e-a087-dbdd9918fe1e,basic,2026-03-06,,19
d586c330-480e-41bf-bf43-abf9ec5813f7,befb61e0-4d83-4ab7-9fa6-d7387baeac90,basic,2026-02-12,,19
64fe5e15-8543-4c52-be73-67301309b35d,96e6d240-3724-46eb-b147-2a62c9e6b6a3,basic,2025-10-20,2025-12-28,19
adbb3243-319d-4c51-b134-ec507c5d73d5,f4aebb2b-eecf-497f-9924-0212dbd1a45d,basic,2025-12-07,,19
2a338c33-4ad7-4c69-8662-ba206d826456,9e02e925-2438-4216-8217-45977c915ddd,basic,2026-06-28,,19
19799ffe-9834-483a-9fc6-91f748cdd4af,d9411ee4-fa79-4a77-9994-fa6aefda36c2,basic,2025-10-21,,19
23340b5b-9471-4cbd-b781-d390e878eba7,0ca7d27b-6e7d-488b-ae9f-f94f8682c4af,basic,2026-03-31,,19
1c281220-42c5-477e-a8bd-9f1fd5a4fbc9,e9671404-0e68-4e50-9518-49cc160021cc,basic,2025-09-28,,19
84f88a92-03a2-47d8-9775-504dd93a9050,3d30efca-e884-4455-8436-150cc69e6ebf,enterprise,2025-11-01,,199
0a97abf4-6919-4072-90de-b209185c2f27,94abff16-8de6-4176-9df5-5302cd491b93,basic,2026-05-24,,19
82b8fb48-169c-4c07-b6ee-a795ad037b56,f2e1dfbe-036e-415d-95aa-f1a1076c88db,basic,2025-10-04,,19
7974ff2c-6a95-48b7-8e81-069b3d08bc90,5c818b71-5f3e-417b-a228-e0ff2aac6c1f,enterprise,2025-06-17,,199
4992271b-dae1-4095-8ae2-05b601c84772,362bf8d3-fa00-4335-a0a5-8f5de8d8fc04,basic,2026-01-22,,19
14eecb19-13ae-4ee6-9fa6-f82c8dc74763,25875bee-2eeb-4906-b645-85e05daa6e0d,basic,2025-07-07,,19
99575f75-b007-4cd6-a4b1-def7132c22d3,ee850fd7-210e-4410-bbc7-a669b89f800b,basic,2025-07-08,2025-11-30,19
83409eb1-f796-40ac-ba9d-88462157c9c8,0794ae8a-0d5b-4ddb-89a9-b6e766912c59,basic,2025-11-21,,19
7d72db46-110e-4222-aa4e-36b380b58756,8e4de1c6-813b-4f75-b98c-fed221387270,pro,2026-03-26,,49
362c7a3a-7de8-4016-a688-5fe894d51469,95caaf85-c594-4018-8cb6-dc906ede8458,basic,2025-10-25,,19
05e78c83-72a9-4c71-80ea-86f78f1994e6,5035e9d2-1174-443c-be28-42167bf47bb7,basic,2026-06-10,,19
b5ed7a4d-8082-49e9-bab7-5b720d36520d,0823df75-e128-43e9-afce-889ace58721f,basic,2025-06-16,,19
5480947a-a733-4f66-a3e2-ca94b4a00db4,d6ae4d4e-fb6e-43c8-8eba-e30b39da2824,basic,2026-02-03,,19
093344bf-11d9-4693-8b54-813a1ad61c71,8616c6c9-f575-4d89-b0df-7ce35a980901,basic,2025-08-17,,19
1d494dd4-f5f2-4e45-90c8-48f73b6cf506,62d586b9-0136-46fe-bb3f-c423fda714c2,pro,2025-07-24,,49
1a567980-1f06-4662-98ef-216c056ae031,6ae06249-b9cf-40d8-ae15-dfd1d398302b,basic,2025-08-20,,19
142b4c7b-4fcd-48b8-a635-2819889b990d,ef1dccdb-c76d-423e-ac4c-839c38aa613d,basic,2026-05-16,,19
8578185b-306f-40cd-8d90-bb36f208ed97,af7c67a4-0758-4fc8-8b71-2d32ed04fb92,basic,2025-11-30,,19
a1f36893-dcb8-4ead-8be3-1bf576b95fce,473d763e-73ed-4e7c-9b11-865dc5c2636b,pro,2025-10-29,,49
be3d0b8d-6d37-4284-a286-af5d81739810,0d45b95a-41f1-410d-b3b2-daf33d9a3de5,basic,2026-04-13,,19
200e4334-7239-44c3-9b93-66a69d72ee30,44fc8873-f03c-4555-bb8f-cc9e682c92a6,basic,2026-03-13,,19
9df5a81e-ae87-4ad6-8da1-b541d23e3b7c,cf544dc5-7eca-4be8-9861-03256ab1faf2,basic,2025-12-09,2026-05-30,19
5ceae8c8-af33-4077-ad4f-529c90d94b69,fc5b021c-095d-4871-9167-0ab3a58a6b03,pro,2026-06-07,,49
e3776e3e-7a4e-474a-b62d-595b86bd2cf2,b96f3dc6-ff6e-4717-9ce2-011e9b1962b8,basic,2025-11-21,,19
27a83f11-dfe6-4abf-a4d7-018339cc862a,14b3ce6b-fa07-46d2-9bd7-90af762c2739,basic,2026-03-12,2026-08-04,19
34ce9fad-410d-4bf2-9762-dd3362622eca,61e45f4c-4c55-4d3f-854f-2a6991cf8f79,enterprise,2026-05-03,,199
d5233509-1eee-4c1a-a0b8-81a139a0226e,e4bf89ba-cdb1-447e-b46c-ea2955cd2ad9,basic,2025-10-23,,19
e3adbb22-18a2-4855-af7d-149bec9a527e,403df38e-24c0-484f-9f1b-e432647c59a3,pro,2026-03-18,,49
6b84ed26-6a6d-457c-86c4-e28cf2c59c6d,c1e9bf2e-6683-489e-a801-72de3d11d41c,pro,2025-12-12,,49
1581cb37-1c18-499b-be9c-dc16373afcfa,b9f176a7-4f17-431d-a479-5974972ec96b,basic,2026-03-05,,19
9cf77cb3-c0a7-401d-bf3e-d5cbec452417,1112d782-a1fa-44a3-8d57-2b53914e6744,basic,2026-05-04,,19
824a949c-fae4-4d3b-8b49-d080036222c1,e3d518a7-2b40-45d1-a9f3-0d0f94a2715e,enterprise,2025-10-16,,199
7e1c2c2f-5732-4a59-b07d-bdda7b1441d9,966d020f-118c-4496-a9f6-d86d568534cc,basic,2025-11-09,,19
e089cdd0-9bc9-4390-af4b-bf4f399c2660,0c04e15d-c8b4-4aaa-b1a0-2c768d97fc18,basic,2026-04-16,2026-10-03,19
5ca4eb3e-0757-425a-a537-3a7ce72408eb,bc0f0e40-aeef-412c-a583-7caf163ba7f4,basic,2026-06-12,,19
859c4c02-edfb-49da-912f-fcbd3e382fc3,2838ee04-dbef-4d43-92c9-84020c6cfce8,basic,2025-06-28,,19
dc9350b4-8bd6-41f5-9388-d8601f6198e5,80cd524c-cd4b-4768-94f5-a322287ff42f,basic,2025-07-19,,19
7d8e18fd-16f3-4fe1-a59a-90c20e6aae03,eb236e1d-0f05-4851-a1e2-c9d3cb05fbab,basic,2025-07-28,2026-01-19,19
667ce4b9-6697-4e54-b87f-85e9e0b70ec9,740ddbee-fec2-44a1-9d5d-5a6022f78a69,basic,2025-12-25,,19
ccaec5a6-b1bf-4af4-8f20-a6e9ae9c028e,d1cfacc4-96f1-418d-b2c0-b7256ddcff18,enterprise,2025-08-24,,199
66cbca00-01f0-4886-8c36-a89a67c1a1f5,d407b7fb-e806-4107-acb4-6b6b7cbbcbb3,enterprise,2025-12-07,,199
b77563fd-74ae-40cb-b356-a5143cdf7894,9a2d5285-2e28-4189-bc7c-94c6d42db00e,enterprise,2025-09-26,,199
e282cc71-8983-4f31-b845-6af6fe8ae791,fc9dd455-236e-408f-b00b-f0125db79466,basic,2026-03-28,,19
f1019b6f-39b0-4da0-874f-3a983e4ea167,bb351e10-adbf-47ac-b129-9bcf5180c95c,basic,2025-12-22,2026-06-12,19
0d83aaa1-a9f2-40da-b6bd-012f3d69a7f3,45134bdb-38eb-4bbf-8d11-b0ef452b304a,pro,2025-12-24,,49
1cd2c88a-9e40-4786-a894-fe5923b73199,5e3daed6-8fc6-41a9-a395-caa201447aef,basic,2025-10-21,,19
3997ed78-c5e0-415e-b2da-6bfd18e20982,94182250-a98f-43f4-a196-b7c8bbe7981b,basic,2026-03-11,,19
c96c6aac-ca21-4de6-9ee9-79f0b38a53e0,8048adcc-6b78-4f22-ba53-06ad8b8a101d,basic,2026-03-05,,19
ff54e846-7ec3-4e81-9614-4180e32af94b,452781b4-8a97-47c3-8f26-89bfe5f0626e,pro,2025-09-15,,49
2eede568-329f-4050-bd49-24a3c2e8fb21,b418035b-7633-4c43-9683-6a7922ac748f,basic,2025-12-11,,19
10d64a74-ccde-4c79-b939-1fca30801a06,79a2e5a8-bd4d-4cd4-afe2-569a35b77a95,basic,2025-10-07,,19
d4d81512-0033-4f9b-a178-4817156006d2,8772fc70-f78c-4454-a7ab-6c90c41e9048,basic,2026-03-20,,19
ee325fb3-f050-4040-a8e6-ff8937f573a8,da783da3-d8f2-4d28-a025-e3ef4c5de7ca,basic,2026-01-21,,19
a0c04930-1e8b-45f0-8e84-939fa8ce0276,d635b47c-ab9b-4d03-93d0-d52f76e79aed,basic,2025-06-15,,19
db6ae1c9-a8df-418d-be5d-4a2d530259ff,633e95a9-5fb6-4811-b124-d9006cd0801e,basic,2026-01-23,,19
1bb8c7b8-4f62-4c6f-aebb-a2f0f92b8a07,fc1bdd09-91c4-4069-80e8-dcdbaf7ccecd,enterprise,2026-05-10,,199
c9ab342c-fc58-4dcf-b514-7925441dd618,7870c584-3d24-4215-a0cc-182740780920,basic,2025-12-12,2026-05-24,19
50e83285-6444-4430-b9c8-06707422842b,2ca4c474-130f-45d5-9a2a-46703df17bf6,pro,2025-12-07,,49
a21ea270-3997-4f64-9f63-816e2e261961,252c57c0-0f01-4c08-8dc0-2a35686e584a,pro,2026-04-02,,49
385a9d30-996e-4042-bee3-efef04f1b508,2b90567a-031e-4f7a-a5fa-2e9bb2ed31d6,basic,2026-04-15,,19
b6b52d9e-3214-474b-b66b-b846b4a70862,2e0acabe-b343-4f48-971c-93a2b1dfce76,pro,2025-08-17,,49
4f940039-c842-4932-a8f1-92e3ab4b8a62,31ff2662-cfa8-4846-9e5d-dc2190f5b084,basic,2025-11-10,,19
483b8b01-1ab1-4d50-a58d-aa7bf3744730,ad6542c3-d2e2-4351-b772-d7974b9f6733,pro,2026-05-27,,49
f6014f0d-25c5-41bd-8768-b38845df4ddc,06f32366-0c4e-4297-bb66-6bf2c3b8e4a8,basic,2026-01-28,,19
304a7934-f535-434b-8613-6dfcd32ed47d,bce53126-90ed-4649-8b96-61daca9e8ea2,pro,2026-02-01,,49
44f6eacf-7fca-4248-a7be-e33c3e4700c9,62fdb74e-520b-4357-801f-1ef338acd69c,pro,2026-05-31,2026-11-19,49
01e879b3-4c99-46da-887a-c6700c7ef2b7,b4a8efbd-23f0-43d9-ae47-dd67979ef27f,basic,2025-09-25,,19
465b2f98-5687-4fad-be64-554ca05ac2a5,31ea3836-b374-4790-b73c-9119a10a240f,basic,2025-07-05,,19
aa4ebc71-da52-4e8a-9ab6-af34fcfe348f,35220338-b059-4e5e-9d00-3099ef1bd829,pro,2026-05-20,,49
dcba746e-8848-4813-af80-12f230c27c93,cc7657f7-c50a-4f6a-8360-eda4da3ec150,basic,2026-04-08,,19
deeb9951-03a4-4452-b7d0-b4d479f83c50,6cf12ec3-4128-4ebd-938e-9bba96cea968,pro,2026-04-30,,49
5d6a02f3-a18c-4eb6-8d41-10d898444608,41d494a4-89db-4916-8fa7-7d52c9d4a274,enterprise,2025-08-14,,199
c703b41b-bb0a-482d-898b-752193c9fc4a,383e196b-012e-437a-8445-5d66995f838c,pro,2026-03-08,2026-06-21,49
f1e8888d-f6a9-415c-94e1-e4070754a5d1,5d0034e8-c30c-4702-853f-82cd4c4c4640,basic,2026-01-10,,19
3b23a797-1dfc-4c3c-bdf7-c714cb7ded7c,6500bd79-7e43-441b-9e9d-7a7b4ebe8e7d,basic,2026-03-17,,19
1d35abfa-5372-436b-979d-695b2cf63952,fa49f320-19f8-44ac-a9c0-6e18aa467725,pro,2025-08-22,,49
1ccab733-3dca-45a9-95e1-946b4e0ab317,4224d69c-e8f6-4761-b3cf-9c366a2354bc,basic,2025-12-24,2026-04-06,19
eebee07d-8113-417c-ab2c-60ae1af4cdec,ed9f87a1-62b4-4992-89bc-0800a5524e7b,basic,2025-08-27,,19
bee39a2c-b634-411e-b883-7ee6c7c43389,075412e5-bc86-4118-80c5-7c6581ec3ae0,pro,2025-11-06,,49
3127023c-2baa-4b8e-bb71-d569c2ec74de,97da17d2-8caf-4e82-8b44-c0a5eacd559f,enterprise,2026-06-23,,199
1ae06ac1-8423-4702-9863-7b82742b9dac,68cc911c-2b0a-44a1-b465-75c102188eaf,basic,2025-07-22,,19
0f69c064-2ba5-4a4a-84d4-d65916c02d65,a7cdf64a-4d75-4333-89d7-28c574d1f310,basic,2025-11-26,,19
4ebb6278-5707-48d3-8079-3380752f68d8,b3ea13b9-17e2-42e6-8162-a1d5e004d485,basic,2026-05-11,,19
6ce6e83b-6279-4e1d-a8ac-9ce0996c91c8,8100802d-49f7-4cb0-ae1e-d6faa61e21c2,pro,2025-10-06,,49
5964e92d-f5f6-4b78-b099-e25afa4f8352,e324b807-f852-49e7-8159-213d96221d30,enterprise,2025-12-03,,199
620647a4-056e-4999-9fac-cc5ae6bce254,f6efe6f7-bead-447f-ab08-3cbab2402998,basic,2026-01-16,,19
d2430105-06ba-4cbf-af7a-9882dec9ef7f,88b80195-a207-4497-a095-f5699707dc61,pro,2025-08-20,,49
69b24012-cf21-496f-b440-45ecea839c04,61596ad9-94d9-4669-bb4d-5a17b815b2d2,basic,2026-03-24,,19
17524410-7c9e-45f7-beba-bfc9cddac1f6,ce9ee5b9-a84f-4e8e-b3cd-d363cea6e23b,basic,2025-06-07,,19
69e7ed6c-a1b6-4de4-b2f3-572731a454dd,adb77ceb-37d7-4752-be8c-4a020a0087f8,basic,2026-03-26,,19
ddb455f1-c09c-4773-b13d-d6e6f94e2584,756297e4-a056-4744-97b5-d632b46ccd9d,basic,2025-09-10,,19
42549338-337b-4c6b-97c9-8314886e403e,78f813d4-093d-4c0d-a7dd-a206f564d6ab,basic,2025-07-13,,19
cd7c804a-33ae-482f-8426-30ca8ec215f3,2a976fed-377c-4887-946c-9fc30b2802db,enterprise,2025-08-24,,199
6c1b9238-08a0-4a4f-9c7e-b93014e52aa5,213b7f45-7225-4764-b936-95164c7b8353,pro,2026-04-27,,49
6a61195d-e047-4e7e-afa2-38270e9a46a7,ad820de0-80ee-4652-add1-bd0d8cbaf52f,basic,2026-05-07,2026-07-25,19
c13f8d4a-626f-4217-ac82-219ee4183105,32815599-c427-4cf4-8573-897199697569,pro,2026-03-03,,49
628381a6-ec26-418d-a8fb-5892bc24a956,e5bde62f-c90d-4946-ae4e-231ea9941644,pro,2026-01-31,,49
3e216e9f-44d7-471e-933e-17629d21b283,3137ff6e-c8ac-4160-9202-5a14259f1c1d,basic,2026-04-24,,19
168ee573-1214-4542-a016-48339587ffc9,15b3d6c7-ea9f-42d7-9d9f-4261c1d4791c,basic,2026-01-23,,19
46fee5f4-6ca9-4273-92dd-c86b42139fc8,28b317a8-273c-4f63-8065-ac20b7642e52,basic,2026-03-19,,19
c546769a-838f-4312-bd34-36ef940db679,b2e4d583-5111-4bd9-9cb1-a60c29ed08a7,pro,2026-03-05,,49
4ad517fd-61c8-49a8-8c8e-f01fe5f8cc35,f4beb676-0c79-4013-9de2-68b94fdcd6dd,pro,2025-08-10,,49
8dfe929b-9d6e-4d2e-b8a4-2fc12c7f83b5,c95269d6-6f33-46e5-9f80-e9a9fc5823a4,basic,2026-02-07,2026-03-09,19
18cbc7bd-f73f-47aa-9cf4-e9aa19abef1a,b2b7dd27-614d-4469-aff1-c231aa07df1d,enterprise,2026-02-14,,199
1485bb32-fbd8-4a9b-b00c-cf00204efe43,8466a630-a613-45e4-bbb9-cbf9f63db458,basic,2025-08-29,,19
66643ba6-6857-4d11-bc3a-e14471cec18b,e600febc-756c-4e6f-92ec-7df2d3cffd0f,basic,2025-08-02,,19
baa65527-d2d7-4729-b058-7b1f039b778b,1bc805aa-ad17-4c82-8a29-0eb2ad939c07,enterprise,2026-04-03,,199
70fff51a-6944-43b4-b09f-38d0f135c039,ea5cd845-3023-4eeb-a6c1-a64261f57c8c,pro,2025-08-24,,49
9d2013b4-8713-4fa2-b181-b22f0180b993,2436274c-83a3-4557-b1a7-71bda46561e0,basic,2026-04-10,,19
2a95cc53-f260-49f6-8219-2f6a5254d678,63dbbd81-8131-48d4-bc2e-8cb6419d05b8,basic,2026-06-02,,19
fe7e0a8d-d173-40f8-980b-80e97b824839,ec35cb99-60f5-407c-bd21-98beb626fac1,basic,2025-10-29,,19
a6a99f29-93fa-4294-b314-b80b833b32db,c0b3eadf-07f0-4963-80fd-304d6c9d0df7,basic,2025-08-16,,19
5299044b-0dca-4484-a207-c565f99a8908,9d34a41d-1d7b-42d3-948c-e2518b5f7e40,enterprise,2025-09-07,,199
cb6d7ec9-0bab-44c3-8470-699f0cfca78f,136c4530-75b3-443b-8bb6-879ed6e99439,basic,2026-06-05,,19
98789f74-383a-4eee-b30d-1a4c3fc52042,502d16d8-e63a-45c2-9d4a-dc2c88123d89,basic,2025-07-07,,19
84cd6657-53c9-41f9-80b6-2c85be2081f7,f8210f9a-d075-44e2-ba9d-7b2340187b25,pro,2026-03-04,,49
278b19c3-2511-471a-afa1-dd7ebb8b71cf,fbbf72a3-25c7-49d2-8e51-e80ae3035f27,basic,2026-02-23,,19
e4812ebf-4edb-427a-9e3c-54e9d893a542,53adaa89-aac6-4161-b1db-2cdf22d63caf,pro,2026-04-15,,49
2ad2b382-6099-4d0a-bc92-d6b84161e59f,1215a9de-7762-4a16-af58-5a3508456d71,basic,2026-01-24,2026-03-06,19
abb16305-388e-412a-8651-a30152d3e9de,3665226b-f6b1-4842-9f7b-ade22ad9f87e,basic,2025-10-08,,19
0eb0cf14-d167-4176-aad7-7d3c5417dd3f,2513f4d9-374e-41bc-a90b-976d9c1f0060,basic,2026-06-24,,19
56d2de91-12ec-4ffa-9c01-21d64d7eee87,c621b438-04f9-4a79-a398-f26b7bde8e6d,basic,2025-09-18,,19
cf9f4946-4de7-4081-84b5-92ff58a79fab,3e5fc9a5-5aa3-497e-becd-ff102ee7e64f,enterprise,2025-08-13,,199
dafe16b3-be16-4d22-9b37-cf431d194163,c1f61125-7d69-4719-a9bf-8b26d97da75f,basic,2025-10-19,,19
62785806-c008-445d-b279-47c3b70e7bd4,d4453a71-9a4e-41b5-ae76-767e53dc9ddc,pro,2025-08-14,,49
93c20eb6-43e8-4dbf-9650-305f964020aa,19d003ee-1c93-40a7-afc3-227e9b93e4a4,basic,2026-05-29,,19
8cad4420-5dac-4395-85fd-717fcd47d65f,2ed3c434-f167-4066-b251-9cab2f68f2ad,basic,2025-08-20,,19
57a7deb2-7cbd-4583-8e8c-78ef32e4a750,15952b40-e1f9-4dbf-aa94-aa31650ae694,basic,2026-04-26,2026-09-03,19
15fae657-d9d3-4c61-af6e-bf4d97d690a7,912afad9-a7f8-487e-82eb-07f94c5031a9,pro,2025-08-04,,49
8d62f621-83d4-4ddb-83bf-b4fc6b1649ab,e7fa615e-488e-4402-90d8-7ed353d421e5,basic,2026-03-26,,19
196753ad-8de9-428b-8e20-c695a8263d2f,f1cda649-f735-432e-82f6-2062dd7e60f9,basic,2026-02-12,,19
afb328ec-0c4d-4b0b-8299-3b378f1384b8,d1499831-851b-418d-b1b5-d6e34625724c,enterprise,2025-06-15,,199
d89ae254-fe16-4fad-90b2-bdf8f31d7203,63f67364-f70c-492f-8cb9-792935d74819,basic,2025-12-23,,19
92de2119-6738-42a5-af01-41816f7a37f3,b3cf2c6d-5f25-4252-a6f1-ce67bb219e26,basic,2025-11-07,,19
e506bb20-3fce-4b6e-9452-e293896169a3,914ff70a-6fab-4cc1-92b9-455ed0e893be,basic,2026-04-08,,19
3dac1c90-8fad-44c4-a812-53283be92651,61070548-1f98-4e2f-8d38-f132ceb93b05,enterprise,2026-04-25,,199
6aa4a58f-eedf-488d-8070-ed7c376438b1,9c0fc57f-284f-47f7-b8a3-fa7ede9e2400,basic,2026-01-17,,19
de0f9f87-f1a4-4f0e-861e-514190509263,a0c1b752-d240-4da9-a60a-0333f8fc7117,basic,2025-11-20,,19
0f73f511-daf8-45a5-84b3-8c39cd0ac876,de058b3b-55d0-410c-b075-c4ad4bbb63be,basic,2025-10-13,,19
f38e516d-5f1f-42eb-b373-4cb0f8caef1b,0ad00857-31d8-406c-a458-f85fde5d46bf,pro,2025-10-09,,49
0fa0371a-1f9a-4caf-b2d1-29feb61938c7,bc522c41-e9c4-4e98-9ea4-c08038a19bee,basic,2026-07-01,,19
2594e122-c2c4-47a1-95f1-26d4f4618e7c,8104c7d4-757e-4e16-8383-c2d44e1ae39e,basic,2025-12-03,,19
3be91df2-f827-429d-8ec8-ef056644e7fb,3f5c10f7-7e55-4690-af4c-331a69d37064,basic,2025-09-20,,19
47394970-45f0-4a5f-855f-4c1112e746d2,e2cc17f0-2c74-4cdb-a182-f2eb6fefe8f6,basic,2026-02-24,,19
9f3685cb-6e3a-439a-a91a-d8645f2718c7,9d99df48-73d6-4936-80f0-c1c2860555b7,basic,2025-09-02,,19
751f3452-97c8-44d7-8a70-7d20a81954f5,1c31cef2-4da1-4b41-8ecb-e861f8983cbb,basic,2026-02-26,2026-08-08,19
7c34e114-2a7c-4ec3-a24b-a11628829bb8,f68cd048-76cc-432c-8ba9-f76d853d8bf8,basic,2025-07-21,,19
4589fbf9-6a9a-4bb6-8977-a9da51809974,133c3879-7a1a-46f1-81c6-ab92c325114a,basic,2026-04-17,,19
e984abb6-85be-4f69-b2ce-d30cf670aeb6,883ead23-f3f3-4232-8e88-d5fba10837a6,basic,2025-12-31,2026-06-22,19
164ca0cc-c8dc-4cce-aac8-e48965c4cd56,91a12419-7ce7-4889-9b62-f90d37c8e5b2,pro,2025-09-10,,49
1e805b40-48e7-43a2-b2ae-04f71d3f7a3a,d38aff30-bd2c-43ba-97f4-7bb39659c49a,basic,2026-06-18,,19
3e2a9d1d-f1c0-4d6d-84af-8e306d24a957,c4d33b5c-0881-41e1-b57c-23d22d37bd10,basic,2025-12-21,,19
e85f1cce-eed0-4bfe-8de8-12e45ccbaf95,5073084d-667d-4700-97b1-4310b59189b2,basic,2026-03-20,,19
578e679d-6ec1-4e70-912a-4afba8731a2b,71301471-1f2f-4af6-b2ba-7ae39e3188bd,basic,2025-09-26,,19
54d0edef-95bd-4212-b046-f648e75b1101,32bd556b-d743-45e1-8e28-0b2a56b38071,pro,2026-03-25,2026-09-12,49
