user_id,signup_date,signup_source,plan_type,country,industry
251a554b-4d21-430e-9ce6-f192bab09846,2025-09-11,organic,free,AU,Tech
1e24b07a-4dd4-4316-bcab-26479cd4ea0d,2026-05-15,referral,pro,US,Education
f30b870e-1838-41f8-bac7-2970f9dd3440,2026-02-26,paid_facebook,free,UK,Finance
7c240963-2b24-4302-88db-99a5278b3f2e,2025-09-15,organic,free,DE,Retail
2788f719-244f-4fce-9ad4-56e1381dc581,2025-08-11,paid_facebook,free,US,Finance
2717d072-ffbf-40b3-9407-3ba4a14bfbc6,2025-12-06,organic,free,US,Tech
c2afab2a-3b86-459a-9ebe-7688676f076b,2025-06-21,organic,free,FR,Retail
231c77a3-799d-43be-95cf-a69d3b4a9b8c,2025-09-11,paid_google,free,US,Healthcare
bd758f49-6ccc-4765-ad7d-edeab367090a,2025-09-30,paid_google,free,US,Finance
ab14970c-3239-4858-8b98-cc89ebdb9654,2026-01-01,organic,basic,US,Finance
b027d324-35df-465c-8f92-1ce11ecba6c0,2026-04-27,paid_google,free,US,Education
2f6904ed-4e6b-409d-a932-323b4bde6def,2025-08-27,direct,free,FR,Education
88e380f9-f178-43c0-b69d-af50a3db716d,2025-09-08,paid_facebook,free,US,Retail
931e68a9-cea9-4110-a49a-37698c2e0f29,2026-05-26,paid_facebook,free,AU,Healthcare
70d64d3a-d3a7-4446-9e34-a17bf0ebf782,2025-10-30,paid_facebook,pro,US,Education
3fc0a3cc-38fc-4f6c-a77d-401d0a2c0986,2025-10-09,paid_facebook,free,US,Finance
b7d1c9e7-8c76-4df1-8cad-ff8cabc43838,2025-10-28,organic,free,CA,Retail
b29c215a-3d4d-4d6f-ace3-c35fd15a29d4,2026-04-05,direct,free,FR,Education
017613bf-520d-488d-9c3d-a66082011a43,2026-02-13,referral,enterprise,US,Education
f69514a1-0a30-4aa0-a0ea-45093a798662,2026-05-10,organic,free,UK,Tech
73f0c97a-3f31-41cc-86fe-6e6d03766610,2026-03-21,paid_google,basic,US,Retail
c4632bfd-e6b9-435e-992b-e56f99082bdb,2025-12-09,paid_google,free,AU,Retail
508128fa-cb4c-419d-9ae4-59ae14ffab7d,2026-03-04,organic,pro,FR,Healthcare
8a917732-45c3-4344-aa43-980f668ef603,2025-11-08,organic,pro,CA,Education
bb5d0321-6d6f-4829-a2ee-415d396369a7,2026-04-10,organic,free,CA,Retail
927d49ea-e9e1-4d6a-bdb1-9c37765c757c,2025-06-22,referral,free,US,Healthcare
c21b7fd7-6e00-4eb6-8592-f9bd651cb23f,2026-02-08,organic,free,US,Education
34fa7431-6194-4f59-bd56-5c3b393ec3d4,2026-01-22,organic,free,US,Finance
113ffd53-33a2-4f0e-a590-9e1cbfc8ea78,2026-05-11,organic,free,US,Tech
75d53622-e802-42eb-bf5d-16d6aa919b06,2025-07-19,paid_facebook,free,IN,Healthcare
ee6c7a82-8576-4d03-979d-298ae8f3f7b4,2025-07-29,direct,free,US,Tech
a219c589-2a21-4506-9c8e-58826119e206,2025-11-17,paid_google,free,US,Finance
bd35140e-bdd4-4d7e-8aa0-e642ad75a595,2025-12-05,organic,free,DE,Retail
5a940b21-e7ef-4d10-9979-35e072b19120,2026-02-26,paid_google,free,FR,Education
59056d90-7680-44b5-88e5-5649e0d7ab56,2025-12-07,paid_facebook,free,UK,Retail
2d2edcd4-90e1-4684-8f33-3c8336f8583f,2025-11-22,paid_facebook,enterprise,UK,Tech
ca1978e4-5ef9-4719-8b08-731009a9d5fb,2025-07-21,paid_facebook,free,US,Retail
4f978efe-5d63-46ac-86fb-f8700546f571,2026-05-30,organic,basic,US,Retail
b96b8606-3d11-4e88-93cd-95cd9c2a3ce0,2025-07-25,organic,free,US,Healthcare
a263b3fa-3ca3-4744-b7fe-08bb1c6546e9,2026-01-30,organic,free,FR,Healthcare
4871d45b-ffbd-4cac-be1d-ff861ab13332,2026-04-16,direct,free,CA,Finance
7c43f2d4-7fea-4b54-90c1-ddf886f9bf3f,2025-10-09,paid_google,free,IN,Healthcare
b0ab5f55-6a40-411e-a3e5-427e21c42196,2026-04-03,paid_facebook,basic,US,Healthcare
04541114-e4d5-4a1f-90d9-5ed932345afa,2025-10-13,referral,basic,US,Healthcare
9348fbe2-e2be-468c-be71-95dd43031d02,2025-06-21,referral,free,US,Healthcare
b173d3c1-ae28-4368-aec1-cf4705a03cb8,2026-04-25,organic,enterprise,DE,Finance
0780b2f4-c670-4743-bd12-61c756b49ba6,2025-11-14,organic,free,US,Healthcare
60372e4e-7b00-4534-a365-f0b9f1ce5aca,2026-03-01,direct,enterprise,US,Healthcare
7c31c442-046a-4113-b179-62afb3f29f24,2025-08-28,direct,enterprise,US,Tech
32b73a0c-a28d-4fda-87bb-db14fc80f960,2026-04-12,paid_google,free,CA,Healthcare
cc39edb0-7e3b-4bdc-907a-91103927439d,2025-06-14,referral,free,UK,Finance
a323b92f-3a39-4bb3-b126-17920e8d3e45,2026-01-28,organic,free,UK,Finance
cf5701c8-8f6d-4bd7-b049-26c5c53411ed,2026-02-20,organic,basic,US,Retail
2b80c876-5ec7-40f2-a49f-72384b88776e,2026-05-12,paid_google,free,UK,Healthcare
f627e3ce-abb8-4da4-9041-d059da31cec5,2025-07-23,referral,enterprise,UK,Education
c4d23623-f23a-4989-b0b9-cd30508e8349,2026-05-06,paid_facebook,basic,FR,Retail
d277c8ed-907d-4275-9f26-c6847add1a6b,2025-08-31,paid_google,free,US,Finance
64874765-f5da-4920-844e-e6120b3c477f,2026-02-19,organic,free,FR,Retail
602d8aaf-045b-4ff1-9858-ea635cdd0ebf,2025-07-05,organic,basic,UK,Education
ece1f033-17d8-4ebb-a0c0-235c1cfbab78,2025-12-23,direct,free,US,Tech
75dbbf07-2bb3-442b-9664-17bcc0390dd1,2025-08-20,organic,basic,CA,Education
fefb5eea-8fe6-4af0-bc91-5ef81ec9e260,2025-07-20,paid_facebook,free,UK,Retail
85672d9d-08fc-4899-bfa0-6aff4f3e7611,2026-05-26,paid_facebook,free,US,Healthcare
e46e123d-600e-4bb0-a652-bb8b6ccbc1fa,2025-06-02,paid_facebook,free,CA,Tech
d7058a62-0b30-45ce-a60e-fca0459d927c,2025-07-24,direct,basic,UK,Education
5284b27e-2345-4100-86ca-73262cb0d278,2025-09-14,paid_google,free,CA,Healthcare
3b582437-bbe8-4880-b2fd-b18f2f34bafc,2026-02-15,paid_facebook,basic,CA,Education
91b5ebe3-8449-4536-96cc-0f800a569667,2026-04-06,organic,free,UK,Finance
a9c0c49c-77d8-4ec7-bfd7-71d50ceb1aae,2025-12-08,organic,basic,US,Healthcare
1af633f0-72ff-4c10-9115-fa9af89880c9,2026-01-04,paid_google,free,US,Finance
71cf5c92-11a1-45e3-a110-6956f844f924,2025-07-14,organic,free,UK,Tech
b9a559f4-5962-4b12-bbc7-72807d1b9763,2025-11-09,direct,basic,US,Tech
b88c4cc0-6a9c-4b30-a679-bb62d6c9cbd3,2025-12-19,paid_facebook,free,US,Tech
e14024e7-2c52-41fc-a1a3-e87d61c73722,2026-02-25,organic,free,US,Tech
04f2dc20-8b18-4db4-9bc4-4b37088970b1,2026-05-17,organic,free,US,Finance
9a62e8bf-8a79-48d3-a77b-5d14b75c68ce,2026-03-31,organic,basic,UK,Finance
af28674e-17f8-4067-9efd-4c3cef7a8c56,2026-02-26,paid_google,pro,UK,Retail
8212b594-c77d-4778-8922-c64d8732d6f9,2026-01-01,referral,free,IN,Retail
5d3b10ac-6783-4c32-953d-3ab8ca440cb5,2026-02-07,paid_google,free,US,Finance
eb068e6c-5def-4c25-b16b-126242e6d64d,2025-12-07,organic,basic,US,Tech
72a60d8b-2e7e-4aab-8a1b-369e5627d9f9,2026-03-23,organic,free,CA,Retail
a604c4ba-19fa-494a-9218-5a116c405538,2025-12-30,organic,pro,FR,Healthcare
8dcec524-2d6b-4c17-bba4-97772da28a0f,2025-12-25,paid_google,free,FR,Finance
4b2d85d7-f9fa-4540-b287-d80499065d2d,2026-01-23,organic,enterprise,UK,Healthcare
a9313b24-b464-46cd-b8af-036e5855b4b1,2026-05-04,organic,basic,CA,Tech
2bd84f41-ed34-4eb8-9eef-083d9f6d0889,2025-07-23,organic,basic,UK,Finance
3f992143-0e35-423b-8819-5ade3b4350d0,2026-03-07,paid_google,basic,US,Retail
9eba5c58-e1cd-4c0c-ac43-bdfe4a2fb1f0,2026-01-03,paid_google,free,CA,Retail
e314db57-244e-451c-a86b-02d8f9127b26,2026-02-07,referral,free,US,Healthcare
96613191-86a7-44a0-9e8b-7cb022a9793a,2025-12-05,paid_facebook,free,US,Finance
d9f336cc-b39c-41b7-b4ef-6a6ee2020fb5,2025-07-11,paid_facebook,basic,IN,Tech
fb79cd65-2ab4-46b0-8b69-1a70c1f090fe,2025-11-04,organic,basic,DE,Education
53386435-f49a-4f98-b1f8-a774dd116ff2,2025-06-15,organic,pro,US,Education
9160090e-7542-4093-9a20-997f839ebcd5,2026-03-28,paid_google,free,IN,Tech
9646aa14-4993-4eae-a0a3-e14604268ec5,2025-08-04,organic,free,US,Retail
550e27e6-f341-4a5f-bae6-37055674743d,2026-05-11,organic,free,US,Education
63ce5e1e-8f91-4f04-8f88-0205e9052685,2026-04-23,organic,basic,CA,Tech
0a4d7d93-1140-4937-82cb-c655aa312757,2025-06-09,organic,free,FR,Healthcare
08dd5ba8-d63d-40d0-bea6-091688918d57,2026-05-10,organic,free,US,Retail
5d1a40a2-ae97-4285-bb60-8f8280bd0c8a,2025-10-07,referral,basic,IN,Tech
90e74277-0ed9-4f44-bb37-7f052d8dbf1a,2025-10-14,organic,free,US,Healthcare
9d9850f8-b0f4-47f7-bc67-7c7636f11bde,2025-08-02,organic,free,AU,Finance
43379019-3116-4609-8cbb-6312b868f3af,2025-10-17,organic,free,IN,Education
8c044f2c-dffe-40b6-b9a4-44e43e8552f6,2025-08-20,paid_facebook,basic,IN,Education
cb2c9197-ec70-4dfa-8db6-a28194ec6b1e,2025-11-10,paid_facebook,free,FR,Education
1009f2d6-e0d8-44b7-8555-4bb86ccb342b,2026-03-16,organic,basic,US,Tech
cbbd42e8-8954-45ee-8d8f-411a283c875e,2026-02-16,paid_facebook,free,US,Finance
c4fc3093-60e4-4177-84d9-924831c16fc0,2026-01-17,organic,pro,CA,Tech
20d87c25-ca0b-4f54-b7e8-864222aa01c0,2025-07-11,paid_facebook,free,UK,Tech
965464a8-e318-4e1c-923c-333cea218e68,2025-06-28,paid_facebook,free,IN,Finance
01c4328e-55ad-4e34-ba93-90fce96fe1af,2025-10-13,paid_facebook,basic,US,Healthcare
f8934391-392e-4da5-9d90-ea875c9503c8,2025-12-18,paid_facebook,basic,IN,Retail
2545ade0-efe9-4232-baa3-f00b11d5940e,2026-04-24,organic,free,IN,Education
8e1fd421-2802-447a-8eab-cbfbe1e71d68,2026-02-23,paid_google,basic,US,Finance
8c8144b7-95c0-4ce6-b625-6cbb5832f05a,2025-07-03,organic,free,UK,Healthcare
84db5970-63b8-4535-b6f8-d43874160290,2025-07-18,direct,pro,US,Finance
dea0c2cb-1d49-45de-b12c-ab633cd304d4,2025-08-01,organic,basic,AU,Retail
fc773dc9-6145-4511-a2b3-ca256680436b,2026-01-02,paid_google,free,US,Finance
ae5e095a-4be8-43a5-bd73-d2a44c14d5fe,2026-03-20,organic,basic,US,Finance
80a96d2e-428b-4b3a-8a57-dbad773caa47,2025-09-07,organic,free,US,Healthcare
100f124c-8e6b-4773-9578-0632dfe81e28,2025-11-19,paid_google,free,US,Education
1bdb681a-1390-42ca-9687-2747a3cfbb33,2026-05-26,paid_google,enterprise,CA,Education
51fc9107-1573-4ac9-a9fc-3dca8d161c95,2025-12-31,organic,basic,DE,Healthcare
5c97d387-9934-4068-86a3-437dfd92ad9b,2025-07-05,organic,free,UK,Healthcare
a69474d7-6399-493b-bbcc-a25a4a5189dd,2026-01-13,paid_facebook,free,US,Tech
faf24a8b-09dc-4bb9-9c58-468340f2301a,2025-09-09,organic,free,US,Tech
e0fd9d23-ee5b-4b98-87ca-64781015b796,2025-10-09,paid_google,enterprise,US,Retail
c9c900e1-fb1b-4044-959f-d6cfb355bc2b,2026-02-12,paid_google,free,UK,Tech
d603cf0d-a9b1-4c39-9724-0087f03e8c86,2025-06-05,paid_google,free,US,Tech
043d4407-6ab3-4c61-931a-a7a5051b1af1,2026-01-04,organic,free,CA,Finance
5c099a9f-6414-42bb-9868-ddf0db74cc99,2026-02-10,paid_facebook,free,US,Finance
84297494-c7ac-4f26-815b-0ca4697e4bff,2026-05-25,organic,free,CA,Healthcare
13ff484a-5b96-4978-a4fc-aea59cc2e597,2026-03-10,organic,free,UK,Education
f8de68ce-3d26-4ff8-a672-959ef1c16b40,2025-12-24,paid_google,free,US,Retail
9ff4f903-94e2-4373-b9d3-fdf36699fb2b,2025-06-15,organic,free,FR,Tech
b4072793-9e71-4286-85e1-28dc86af3cb6,2026-05-12,organic,pro,US,Finance
74b6d6e2-efbd-4873-87dc-2200640c826b,2025-07-12,paid_facebook,free,UK,Education
0fd2d336-4b2c-4887-a38a-0b9feedaa102,2025-11-26,direct,basic,FR,Tech
52765598-14d0-4dda-8bd6-6ec70ce54c65,2025-08-02,paid_google,basic,US,Education
0b5c027d-845c-4099-978d-f22ba13d71a6,2026-05-18,organic,basic,US,Finance
d521e273-906e-4df5-913c-583326432813,2026-01-17,organic,pro,UK,Healthcare
02564eb5-bea5-45fe-8cb9-b9417414ba2a,2026-01-27,paid_google,free,US,Tech
c3ea8c45-1f58-42ca-a51c-e861cf4c3226,2025-07-22,paid_google,free,UK,Tech
9cfd4bb6-17c2-4834-9053-f197482adce5,2025-09-04,organic,free,AU,Retail
b41ded38-5cc6-42e0-96f1-938ad1bed70c,2026-01-08,paid_facebook,free,UK,Tech
eedf857f-3cdf-46ac-a329-5a0ae438e230,2026-01-17,organic,basic,CA,Finance
eedb5b4b-729b-4d86-adc1-9f7665878aad,2026-01-23,organic,basic,CA,Education
df7da09f-c771-42b4-a13d-b09a16c1eac0,2025-10-21,organic,pro,AU,Education
53b65d94-10d0-4b3d-acf5-b924f2f07605,2025-11-18,paid_facebook,free,CA,Healthcare
d8951d9e-dc95-47e8-adcb-98cebafd60d9,2025-06-29,organic,pro,FR,Healthcare
ae94dd4e-a139-486b-81eb-75c1a22d9118,2025-07-06,organic,free,UK,Finance
262b1216-1980-4505-9471-a76d9859a522,2025-06-13,organic,free,US,Education
af0d0130-6e4b-4a11-8aa8-9d30be03157a,2025-11-07,referral,free,US,Healthcare
7a140f2a-8ca5-4f7c-afb0-163dc33ef05a,2026-04-23,paid_google,basic,AU,Healthcare
b45d65a3-9c3b-4726-8a78-04534605006e,2025-12-04,organic,free,US,Retail
c2b1baa4-d975-443d-893d-a19d1bbb8e11,2026-01-29,paid_facebook,pro,IN,Retail
66d83289-6fed-453b-bd95-d1f4e77d8f0d,2025-08-25,organic,pro,UK,Finance
f9e187e3-325e-4be8-853e-00994aee7dad,2026-03-11,paid_google,pro,FR,Finance
987cbae7-cd30-4f5d-b24a-0f82e0f23b10,2025-08-05,paid_google,free,IN,Finance
ecc76896-8cab-469b-ab32-4cf2f77d33ab,2025-11-17,paid_google,pro,CA,Finance
bf73cc77-4f79-424c-99d4-b03e3f6d8cf7,2025-07-15,organic,basic,DE,Education
ae9ecfae-e08d-413a-a384-59038d5c901f,2025-08-01,referral,free,FR,Tech
188ca6d0-7bd8-4a20-b8eb-b6614e084a43,2025-10-12,paid_google,free,US,Finance
aa60818c-4d27-4417-8dcb-76495afee2b0,2026-03-11,direct,free,FR,Retail
f32dd457-9b3d-4922-8bdc-a9c1bbc472cb,2025-06-28,paid_facebook,free,US,Tech
3eded0b2-ccfa-4b8c-b217-12ee9439fcbf,2025-09-16,direct,free,IN,Tech
68a44803-e969-42f4-9eac-b5419eb36e9b,2025-07-14,paid_google,enterprise,US,Education
bf8905bd-afae-4b01-b149-bfcb0c172726,2026-05-06,organic,free,UK,Healthcare
d2325720-9e12-46af-9d6b-ee433c230df9,2026-03-13,paid_facebook,free,AU,Tech
de3aa2cb-22a3-4771-8021-344f6aae1704,2026-04-27,paid_facebook,enterprise,CA,Education
3cf7649a-90e8-4cd9-89c1-d086e56d5d85,2025-10-06,referral,free,UK,Education
7229eb44-a5db-4a20-ad60-08ce14744f3d,2026-05-14,organic,pro,US,Education
60408348-ccdd-4e0a-aff6-60a6cefd6162,2026-01-17,paid_google,free,FR,Finance
5e35f1a9-d2b9-4248-8e6f-a697acf5798f,2025-12-07,referral,free,US,Healthcare
61e9b1a8-069a-46a6-8ee3-1cebd2396121,2026-01-11,referral,free,US,Finance
6e463436-a17a-4adc-a194-e9127111f3e0,2026-03-10,organic,free,UK,Retail
91e33aea-27b8-446a-9d51-19a2ac192fb0,2025-09-29,paid_facebook,free,US,Healthcare
2fbb8fa9-b554-4157-b0fc-a44a992a53fe,2025-09-24,paid_google,basic,UK,Finance
4ae56bcf-9679-45de-a4fe-2ec68e1cb3b2,2026-01-19,organic,free,US,Healthcare
8b87c2f8-8604-485f-8a88-a5be6fa35ed7,2026-02-14,direct,pro,US,Retail
63db194a-2cec-49a3-a86e-3acae403ea99,2026-05-25,paid_google,free,FR,Finance
626025f3-2267-4353-a55a-d67d6e29c2fa,2025-12-15,paid_facebook,free,FR,Healthcare
eb97cbc5-64e2-4b35-8954-3dfe1f823c4c,2025-10-15,referral,basic,DE,Retail
c0a6c1c5-9522-4394-b787-539644c070a2,2026-04-14,organic,free,IN,Education
ddfb7ff4-6033-4ec2-8812-18b96b69341e,2025-11-12,referral,basic,US,Healthcare
a7ce93c2-be8e-4564-addf-8b4b78208aa9,2026-01-11,paid_facebook,enterprise,UK,Retail
50842130-63d2-473e-95c3-baf816402b9f,2026-04-03,referral,basic,IN,Education
6daa20cf-1b08-4be8-845a-e3441773d1c7,2026-01-20,paid_google,free,US,Retail
3135fcd4-b719-4a87-86d6-28b566a1a2ae,2025-11-19,organic,free,US,Tech
15ae5ac8-e367-4d28-8cc4-69e8ee64a070,2025-10-30,paid_facebook,basic,US,Retail
49420a32-975c-4ca9-80de-a2cd1a7263ae,2026-04-11,organic,basic,US,Finance
c0fae228-47a1-4aa7-bdde-a41792a7d54d,2025-11-07,paid_google,free,US,Finance
78768045-cdd1-4ceb-ac8a-f87506cbf334,2025-09-04,paid_google,free,US,Finance
f1092f03-928f-4adb-93d8-2b6cd62eb549,2026-01-19,paid_google,free,FR,Finance
a4e99324-50a4-4aa6-bef0-0700b17cdb53,2025-11-27,paid_facebook,free,US,Tech
9df74412-4315-483b-b626-4b3aa2947a01,2025-09-21,paid_facebook,free,UK,Tech
594f5b60-6adc-492f-92db-98e2bc84ae86,2026-04-14,paid_facebook,free,UK,Tech
2cf9b47e-f608-45ee-bf69-7a605c07ce2a,2025-07-22,paid_facebook,basic,DE,Education
340033f0-309c-4216-b0de-9eee913b27fa,2026-02-23,referral,pro,CA,Healthcare
a5e7eac1-efe5-4bbc-9f62-651ab926cb3c,2026-03-22,organic,basic,US,Finance
b006f7de-f992-49c5-9c70-e5f7db900d27,2025-09-21,referral,free,US,Healthcare
62b7beec-f4d5-4041-8d95-51456fd2c552,2025-09-09,organic,free,UK,Finance
8981552a-f1e4-4ebd-a976-4d97d231731f,2025-09-21,paid_google,enterprise,US,Finance
fe6031ab-34d3-45bf-9b60-2e67096ccd32,2025-08-20,paid_google,enterprise,US,Finance
f8f3640a-c0af-42b5-9ab2-95cc7dc9dced,2025-12-04,paid_google,pro,US,Tech
ca91d488-3bc0-4b5f-8899-24331d9e8bc5,2025-09-21,organic,basic,US,Education
7d79722e-ec1a-41be-a7de-274416c5bb32,2025-06-02,organic,free,US,Finance
88a3b9c0-a8a9-45f9-b763-2f8d83ac535c,2025-10-08,organic,basic,US,Finance
4eeb86db-5a0a-4047-ba12-cbae9b1d5239,2026-01-06,paid_google,free,US,Finance
2c97bcb0-e579-4016-bd95-c12f166577c8,2025-07-24,organic,free,AU,Retail
e94d533a-7831-4c01-8001-49c3e8dfaa18,2026-05-09,organic,basic,FR,Finance
28fee9d6-df82-48ab-aa88-c286b598aead,2026-01-10,organic,free,US,Tech
46814943-ae57-4eed-935d-cc13b5fcc840,2026-01-11,organic,free,US,Tech
574e138e-0fc2-4050-82b9-f483dc40b1b3,2025-10-04,referral,free,FR,Healthcare
1f9f5840-c66b-4615-98c0-fa43e9d7b056,2025-10-08,paid_facebook,free,IN,Tech
e85c6cff-93ce-4eae-8afc-651d6befce23,2025-07-23,direct,pro,DE,Healthcare
06e9664a-07d6-4a51-b216-b7c6f8e864a9,2025-11-19,paid_google,free,US,Education
30c5f815-ab46-4340-bbd1-948f145b5e60,2026-01-04,referral,free,UK,Retail
4ed9d8c8-dfe7-483b-ae3b-4696d774ec3c,2025-11-07,paid_google,free,FR,Tech
c70ec384-a2e1-4329-8db0-86d70fac85ae,2025-12-15,paid_google,free,UK,Finance
d44e4b5b-b680-4f63-adfc-0cf6a665d0c3,2026-02-02,paid_google,free,CA,Education
93d60190-9373-4470-b40d-3bd1dd27d54d,2026-04-20,organic,basic,IN,Finance
5767bcd5-992d-41e4-a6a5-c506b522dffe,2025-12-20,paid_facebook,free,AU,Healthcare
5bb72b66-73e2-4cee-9bf7-f403054d2b8d,2025-12-01,referral,basic,FR,Healthcare
59d5d1ed-d7a5-4fe6-b30d-59274af3b214,2025-10-01,paid_facebook,enterprise,US,Retail
b0c675a6-ae2c-4c93-8711-d86205a2d93b,2026-02-10,paid_google,basic,US,Education
bc122ab1-d770-448b-a04c-8e7200762065,2026-03-21,direct,free,US,Healthcare
f6f609a9-000a-43e9-9120-ae1b9dfbb40e,2026-03-07,direct,free,DE,Finance
d9b63e96-4afc-42c8-b496-514235f8ef2f,2026-04-21,paid_google,pro,US,Tech
b3f46fde-6908-4a6c-a57a-8215ddd6c7e1,2025-09-06,referral,free,US,Tech
e99cb3ef-6c8c-40fb-b0cf-f8bb31757635,2025-12-15,organic,basic,DE,Education
c53c730a-d3e7-4711-81ca-c19bb6d91a63,2026-01-26,organic,pro,UK,Education
909ace2d-485b-4c62-9a8d-dcc8916598db,2025-10-22,organic,pro,AU,Healthcare
68329152-30f4-472d-929e-8fcb91e4c796,2025-09-05,paid_facebook,pro,UK,Tech
e759559e-f5ab-4e66-ae7d-5ce35e154860,2025-12-18,organic,free,US,Retail
af8d0327-93b7-487f-9999-f80d62a28cd9,2025-10-02,organic,free,US,Retail
257b221b-1385-4f1b-8b97-517444f03e5f,2025-12-04,organic,enterprise,US,Retail
fe238244-36bd-4cb3-b7aa-3dd8c962bd36,2026-04-22,organic,free,US,Retail
e1d2b256-6437-4936-bfed-6905c74b7978,2026-05-15,paid_google,free,CA,Healthcare
d3e3b70c-eaf5-49ff-a7b7-33648bd74eae,2026-02-14,organic,basic,US,Finance
73e8caa7-7b47-43d0-8c9a-e983334b0289,2025-10-26,paid_google,free,US,Retail
f6c82ff9-2ef3-4870-a3c6-02b1ba55b3da,2026-02-07,organic,pro,UK,Healthcare
21033192-1ef4-4168-96d9-7653ade31d89,2026-05-12,organic,basic,AU,Retail
92960207-59a1-4e23-8d22-ecda0348b70e,2025-10-25,referral,free,FR,Retail
98461d79-39db-4172-99b5-8765e85a1ff1,2025-10-26,direct,enterprise,UK,Finance
28197772-ec7f-4982-b317-68f852e9eae1,2026-05-18,paid_google,basic,US,Retail
ca77d08d-894c-4445-bd95-8e3df2733746,2025-12-16,organic,basic,AU,Healthcare
82e6944a-d87a-49cc-9036-e361f7189972,2026-04-04,direct,free,CA,Healthcare
f14fd816-12e9-4bfb-b1be-3ca13e3c8866,2025-10-06,paid_google,free,FR,Tech
e42b24b9-8743-4082-87d5-599616cb7678,2025-07-09,paid_facebook,basic,UK,Education
3b16408f-a955-4a5c-9147-d447cf0be53c,2026-05-04,paid_google,free,US,Retail
b8aeeafe-01be-4d16-a4ab-363a5ab0ab4c,2026-05-26,organic,free,FR,Retail
4313adab-dfe7-437e-af9c-dc5502d072f3,2025-10-07,paid_facebook,basic,UK,Healthcare
ff82c353-4d34-41a3-8416-a84f801bd251,2026-02-22,paid_facebook,free,US,Retail
2f9d8c44-98cd-4f2c-a428-2319561b1cd2,2025-10-29,paid_google,free,UK,Healthcare
3a74d708-e2ca-4e0c-be30-5cc3da028b5f,2026-03-25,organic,free,US,Tech
f315ee1a-2366-4c3a-af80-4121c42abbc4,2025-09-07,referral,free,IN,Retail
b9b0dab4-1718-4c43-8c22-3638eb4bd303,2026-02-18,organic,basic,UK,Tech
6b926a7c-19d9-4424-aa1a-98ca56e66b08,2026-02-07,paid_facebook,free,US,Tech
7b8f5575-d5e5-4c1c-8623-a0f8b6c79520,2025-10-22,organic,free,AU,Education
094ccb84-8283-49fc-b177-5c94f9e07a12,2026-05-12,paid_google,basic,UK,Healthcare
c3cbff34-3367-4436-961d-45d50559b950,2025-09-20,organic,enterprise,US,Tech
aa651c41-35f0-45d4-a6db-9ddaad94bada,2025-07-30,paid_google,basic,US,Healthcare
08785e6c-ac64-465d-992a-06611e9de4e5,2025-06-02,organic,free,AU,Education
ccaef1a1-2937-43f5-b212-ed5cffaac517,2026-03-31,paid_google,free,US,Healthcare
91281b45-dda3-4a62-9887-dc7121b2b82f,2026-02-09,organic,pro,AU,Education
4286d435-99f5-4274-846e-e4ca47799e7a,2025-10-18,direct,free,US,Retail
6ada8e2a-b0e4-4be2-b048-497227796335,2025-07-07,direct,basic,US,Education
e5ad3c17-6105-4e94-b1ed-19a1fc392be7,2025-11-07,paid_facebook,free,IN,Education
de1327ee-68ac-4b34-8e2f-06b4d0074465,2025-06-09,direct,free,CA,Education
2db28122-2db5-4c9d-8b85-a4b64e996912,2026-01-19,organic,basic,US,Finance
487b132d-05b4-4dd0-b844-a571444379e6,2025-09-07,direct,basic,FR,Tech
5ad39ef2-54ef-41aa-b604-2c11d1101e30,2025-10-25,organic,basic,US,Healthcare
44832858-4d51-48e6-af7c-a1e42585b3fd,2026-03-31,paid_google,free,AU,Healthcare
1abd7720-4bc4-403c-8079-9d3e0a6d0008,2025-12-25,organic,free,CA,Finance
1ad29939-6d52-4629-8ad4-eb5249f49dd2,2025-10-09,direct,free,US,Retail
74e016cb-4d96-45ae-bb7f-9223a2661c85,2025-10-30,paid_google,free,UK,Tech
6f39f048-dae4-4e14-be83-f62073fea6cd,2025-07-24,paid_google,free,FR,Tech
70afc0c6-9d09-4bf9-8510-f4dbb0efb5f0,2025-09-28,direct,free,CA,Tech
bf7213f0-e42a-4b25-be40-30f83de75000,2025-11-08,paid_google,free,UK,Tech
fdac733d-59c9-47de-abb8-0a459e975c70,2025-09-24,paid_google,enterprise,US,Finance
b38c9088-c2f0-440c-b003-7890eb386d2f,2025-08-14,organic,basic,IN,Healthcare
5c559e24-a8c3-4932-93da-b193fc062384,2025-09-21,referral,pro,FR,Retail
39cd7c86-38db-4d5f-be94-8a4fc7dbc844,2025-09-12,direct,free,IN,Retail
fd07e925-c396-4641-aaeb-712a63e00589,2026-05-06,direct,enterprise,IN,Retail
23bc3cea-99fe-4360-92bb-1677093bf209,2026-02-09,organic,free,US,Finance
e8388a3c-4f37-46d3-8909-36ce21728ad5,2026-01-13,organic,free,AU,Finance
5a3a910c-6817-4749-b44e-e101aa0d8c17,2025-09-20,organic,basic,US,Education
4c7a0006-c3f9-4fd2-98f2-80050f65b763,2025-09-07,organic,free,IN,Finance
c380a349-b417-4271-825a-41c95e039eb6,2025-10-31,organic,free,US,Tech
2465a5dd-c8c5-4935-b350-20d0a86d814d,2026-05-15,paid_google,free,UK,Healthcare
d01e7c8c-9fd8-40c2-967a-201c884e5d79,2026-05-04,referral,free,CA,Retail
b3615e5f-6a17-4a03-8f06-d24ee5e58b8d,2025-12-11,direct,basic,IN,Finance
68749f04-fd46-47c9-8bbd-6a607214c476,2026-04-06,organic,basic,DE,Healthcare
de5ecc45-f116-4b76-a7eb-bef0e853ce33,2025-11-10,organic,basic,US,Tech
c53cc3fc-e506-4dee-8774-31cb576d6402,2025-12-25,organic,free,US,Finance
ad9aa02f-5198-4f22-aa68-d3bd154921bd,2025-11-16,organic,basic,FR,Finance
6445fd56-2e8c-44a1-bf0b-63a058af7ec1,2025-11-08,paid_google,free,US,Healthcare
ba3380fb-1b05-4227-9139-a2fe7594237f,2025-08-07,organic,free,CA,Tech
83ef353a-9584-4ee9-97f1-9d55fb360433,2026-03-16,direct,enterprise,FR,Finance
89eee57f-6064-4257-9cbe-bc1acb3a8d5b,2026-03-04,paid_google,free,DE,Healthcare
001d476f-e66a-45ef-92a7-80feb9465cf9,2026-03-31,paid_google,basic,US,Tech
6fd1b770-2d4d-4881-abe6-51321a4d3f86,2025-10-13,paid_facebook,free,CA,Finance
74bc2571-e143-4bfe-9d94-8733fce833db,2025-12-12,paid_facebook,basic,UK,Finance
d6fca9d9-fb47-42fe-afbf-7e6c66b34285,2025-10-06,paid_google,basic,US,Retail
f5ebde46-4943-480b-9c34-992e0dc5b358,2025-07-03,referral,free,US,Education
78c17a85-de0d-4350-be3f-463b07c317ae,2025-11-23,paid_google,free,AU,Tech
7ee44a22-6338-4182-bb16-c120bb46188d,2025-06-22,referral,basic,US,Healthcare
13271bc1-9ea7-46b6-aad5-024c2f41026c,2026-01-24,organic,free,CA,Retail
7c7e42b4-2ea4-4556-bbcc-e80bb6f0cb52,2025-11-05,organic,free,UK,Finance
d3710e5c-c6de-4401-91d5-a27af0ba48e0,2025-07-08,referral,basic,US,Healthcare
e6f87abf-42e0-436e-91ac-f469072dbe6e,2026-01-16,organic,free,US,Retail
77a9e454-06c0-406a-b498-83ffa14b3fd2,2025-07-21,paid_facebook,pro,IN,Retail
56f3198b-b2f4-46f7-b1a9-c1182d42b8c6,2026-02-19,paid_facebook,free,UK,Education
edb8f9c0-7aa4-45d9-b616-54a9db001e0b,2026-03-10,organic,free,IN,Retail
fbd27526-b1f3-4890-b037-1180d3f9bf46,2025-06-27,paid_google,basic,US,Tech
f68f3032-19da-4746-8d6f-e8de2cce0eef,2026-01-12,referral,free,US,Education
39ce12bd-9aa4-4af2-9434-cf852d938879,2026-03-04,referral,free,US,Education
bc70f16d-6840-4295-8400-dea84d181be5,2026-03-13,paid_facebook,free,US,Finance
9d419f4d-d56d-4c39-8eb8-dfd7ab8b57bb,2025-09-05,paid_facebook,free,US,Finance
97acb377-06bd-475e-b08a-cc2e89e8c07f,2026-03-11,referral,free,CA,Tech
baf6f79f-0662-4dd0-8534-023a9d97e5c5,2026-04-13,paid_facebook,free,US,Healthcare
18610022-8af7-44e2-ae19-a441b7f4686c,2026-03-31,organic,free,US,Tech
3942519f-6822-4f01-a4b0-2b569472ebd3,2025-10-25,organic,free,US,Education
cc9afaa7-ba13-414f-b4be-b4e323af349a,2025-06-04,paid_google,basic,CA,Finance
be7a26ba-ddc6-4d36-84b0-71eb01699a26,2025-07-05,organic,basic,UK,Tech
943b7365-dc16-4b52-af2c-9e81030ab9ca,2025-12-09,organic,free,US,Finance
08a3c859-a74d-4182-a150-4c1d6ce6f892,2025-07-19,direct,basic,CA,Tech
e7a49a8c-7c14-4a5e-af6c-4288934f4842,2025-06-17,paid_facebook,basic,UK,Tech
e71e5952-f9aa-4234-80bd-3c061dfd91e4,2025-11-19,referral,free,US,Retail
06b37936-76e3-4b56-9609-da81a18186e8,2026-01-06,paid_google,basic,AU,Tech
4a933464-d5a4-4308-a973-a1922a9401aa,2025-11-05,paid_google,free,US,Finance
38279d10-beae-43de-9433-694d88ca6222,2025-07-16,organic,pro,US,Tech
4f09752e-9253-4043-82fd-fc19a912f972,2025-06-06,direct,free,IN,Healthcare
3e2a23e8-28d3-4729-863c-e7b3f81577a8,2025-09-07,organic,free,US,Retail
f33fc742-50be-428e-adcc-d793464a2cfc,2026-01-19,paid_google,basic,US,Tech
8571bff5-752a-4650-a6e7-8a0a35e7cf5e,2025-07-07,organic,free,FR,Healthcare
07eba7e9-a3fb-45d5-bb82-6f72b6cdbc4d,2026-03-07,organic,free,UK,Finance
2623f3d3-d37f-4b31-9a66-59216aa35b7c,2026-05-15,organic,free,US,Healthcare
80171b1b-1fb1-44fe-a6da-82614ebf26a7,2026-03-29,paid_google,free,AU,Retail
192854eb-5a89-456c-83e1-e3f6ec36f187,2025-11-28,referral,basic,US,Finance
b380b661-e259-4edb-8746-98e1894e3ec3,2025-09-03,paid_google,basic,US,Tech
8e03de8f-5185-4a52-af8e-84b440abb24d,2025-09-07,paid_facebook,free,US,Tech
e97d5020-5b2d-44d8-811f-906ce0516d28,2025-12-05,direct,free,IN,Healthcare
a6b62294-74d8-4a8c-b0f2-6372c26a30f5,2025-09-24,paid_facebook,basic,US,Tech
57f855e6-ea7b-48f4-93d5-d5a6eead6701,2025-12-08,referral,free,IN,Finance
d1c46054-e8d4-4a80-9da9-09106a9c3350,2026-02-08,paid_google,basic,US,Finance
b0958df9-8ce3-4836-a9e1-26821763c26c,2025-11-08,referral,free,CA,Tech
972e58e4-6220-4759-9bfb-3fac12a70571,2026-02-11,paid_google,free,US,Healthcare
5d245dfb-53bd-4c95-ae0f-1c00c519c997,2026-04-19,organic,free,US,Tech
8735fee2-5766-4e0c-8d52-29bf7151e9a9,2025-10-06,organic,free,AU,Education
ad1c341a-2be1-46e4-b89e-92da819d47e9,2025-06-18,organic,free,US,Tech
7254546f-621c-4c1d-ba58-3bd0554dd50d,2026-03-08,organic,free,UK,Retail
2c9adb24-bfcb-4c59-ad28-491f3ad9f9e7,2026-01-09,referral,free,US,Tech
c6aa61b7-e4ba-487b-a584-c44ff2cd38ae,2025-07-24,paid_facebook,free,IN,Education
e8a4c817-47b3-4932-8343-1564a63e504b,2025-07-28,direct,free,US,Retail
7b4b572c-cd2c-41d9-8893-a0bbe827e55d,2026-04-19,paid_google,free,CA,Healthcare
7fb84c6e-cdc3-43da-989c-05eed8ea45e5,2026-05-26,paid_facebook,free,IN,Retail
197d2826-29ae-4442-a8c0-b6ffe0e6da76,2025-11-21,organic,free,US,Finance
25b6c521-3896-45c8-8aec-551fe1a26504,2026-03-07,paid_facebook,free,US,Education
72162e55-31ff-43ad-a625-e6fa4a3b4e33,2025-09-22,paid_facebook,basic,IN,Finance
6669a630-45a9-42e8-8b7a-c474271eaa04,2026-03-15,referral,pro,US,Finance
3d5524a3-9f1c-4674-98c0-166801c5b644,2026-05-08,paid_google,free,AU,Retail
6944509c-87a1-4f2d-a212-c403902f4b6e,2025-10-29,paid_google,free,US,Retail
f3351205-6615-4a25-9154-9f41f12e280a,2025-10-05,organic,free,US,Finance
5366c989-7763-48ed-8fb7-aa6b9b2420de,2025-11-02,paid_facebook,basic,US,Healthcare
27cd6693-edbd-42e4-9b92-4c64327cd3b2,2026-02-28,referral,free,US,Tech
8f78c1ac-04ad-46f9-a8d2-0c04467aa3e1,2025-09-12,paid_google,free,US,Tech
f0d698dc-d94c-4e1d-ae3d-ab4344f04169,2026-03-26,organic,basic,US,Education
118aa48d-94cd-447e-bb92-04eabbec83a4,2026-02-01,organic,free,US,Retail
76ebfefa-b18e-4cf1-8cff-7f362a2d4cf6,2025-11-23,paid_google,free,US,Tech
c0d519dd-4323-44db-8dcd-275945463ca4,2025-07-09,paid_facebook,free,US,Healthcare
d05ff698-f994-45a6-a364-3ba150a78b40,2025-11-17,organic,basic,US,Education
e366fb80-f3e4-41f5-a282-f21bab110291,2026-02-02,referral,free,US,Retail
898342b6-a905-46e6-b20b-08432237295f,2025-06-26,organic,pro,US,Tech
d56fa566-2cca-478e-844c-a21b2fddc9c1,2026-05-21,organic,basic,IN,Finance
3ed49729-99cf-4d3f-9ecb-4f1dea50e2b1,2026-04-02,paid_facebook,free,UK,Healthcare
855c376e-e11b-42ba-8de5-47ede36e8426,2025-06-13,paid_google,free,FR,Healthcare
f0cd6585-8d4f-4749-94aa-6ec10ba956b6,2026-04-12,referral,free,US,Retail
56c3c566-0b83-4966-8044-125bf3ec66fc,2026-04-09,organic,basic,US,Healthcare
4cb9b6da-04d8-4a08-9ff6-1a4d40582443,2025-07-06,organic,basic,US,Retail
55e5f226-1867-4e6e-b3ac-0df2190577e7,2025-11-20,organic,free,US,Healthcare
45b0d00d-c287-41d9-be48-f81734c4442a,2025-06-20,organic,pro,FR,Tech
b1f488a3-ad98-459f-9134-3c7681941236,2026-04-17,referral,free,US,Retail
9c9d8509-9a25-4839-b979-32382a3fff96,2026-02-19,organic,free,UK,Healthcare
25d2ce48-a4c5-4700-838e-321f5cd7d01a,2025-10-20,direct,pro,US,Tech
94ad21bb-7ead-47ad-86f1-e3ce7a973a91,2025-10-21,paid_facebook,basic,DE,Tech
940573b3-2fe1-48b0-9b0f-3e3a177e4a85,2025-08-31,paid_google,free,CA,Tech
8bf65abf-2f62-49f3-a43e-6845c87f02e5,2026-05-20,direct,basic,US,Retail
91b5fb32-e418-43df-8dcd-2dd2b55835bc,2026-04-18,organic,enterprise,DE,Retail
a80bfbb3-eb8d-4ec0-b810-f3a93758c86d,2026-03-15,organic,basic,FR,Healthcare
e7de4c70-b284-44da-8f30-a9c6914f561f,2026-01-01,paid_facebook,basic,US,Finance
955f4fb2-7622-47fb-9419-d203de572ebc,2026-05-08,organic,basic,US,Finance
a335b444-f6ce-490e-ab50-2d9fef7b071f,2025-07-21,direct,free,US,Education
9686c70d-664d-4915-bb76-f03deb015fd6,2025-10-31,direct,basic,UK,Finance
4912e74b-c2c9-4918-bfaa-de12b31a53f9,2025-12-03,direct,free,US,Finance
b6863657-f097-4d99-8e19-d8874148c090,2025-08-02,direct,pro,AU,Healthcare
9fed7e91-4d72-4337-a1f8-0febc0bcb19c,2025-12-07,paid_google,free,UK,Retail
56336ece-d3bc-4e7b-b8af-b448267d54a5,2025-10-03,paid_facebook,basic,AU,Finance
df2203c1-3ecd-4245-9f5b-be2806fd6e79,2025-10-28,organic,free,UK,Education
3a7311a6-e94d-48f7-84af-b2de24bf7333,2026-04-10,paid_facebook,free,IN,Healthcare
87efb9ae-5a7e-499b-95fb-4f40267d68f8,2025-07-28,organic,free,US,Tech
11e44464-e245-4bc3-a0e2-b40dea3df646,2026-05-08,referral,enterprise,FR,Tech
ca88457c-9fa7-4c15-98ef-89cfe44efb46,2026-04-01,direct,enterprise,CA,Education
a573669e-fb1b-46a2-b454-ec2bba87c32a,2025-11-27,organic,free,UK,Retail
fafa7bd3-1a17-4368-9867-e4426e4a7c71,2025-11-17,organic,enterprise,US,Tech
2c1fb2c0-c83d-4933-ae33-5e6c4e1a101a,2026-04-22,paid_google,basic,FR,Retail
622f80f9-2a24-4a8b-bb4f-d40280682457,2026-02-26,paid_facebook,basic,US,Finance
3d67d88c-83e1-4a30-9ab2-6003ab1cb5a8,2025-07-24,paid_facebook,free,AU,Finance
9ff6575d-d23b-4043-9eea-9ec685254f5a,2025-09-09,paid_facebook,pro,US,Finance
0305858d-c3cc-465b-a0b0-a4e334360b16,2026-02-19,referral,free,IN,Tech
0aab6958-8022-45db-a596-d3d288923656,2025-07-23,organic,pro,FR,Tech
26464f9b-36b6-496c-8333-4af82cc41627,2025-07-30,paid_facebook,basic,UK,Retail
30008525-89ec-4018-8675-5d9ff030507f,2025-09-16,paid_google,basic,UK,Retail
69885b1f-f164-48eb-b584-2da8314e61be,2025-06-05,organic,basic,US,Education
3d92494a-c91d-4551-85b6-f3418f54f61e,2025-09-11,paid_google,free,US,Finance
9a8948bd-3db8-4e64-bad4-4c83152169f3,2025-12-13,referral,free,CA,Healthcare
d7a9f127-94f7-4177-ad16-0dd7715c6e43,2026-02-17,direct,free,US,Healthcare
a6cfceb1-49e4-42a4-a22b-4de2ade1f8bf,2026-05-16,paid_facebook,free,US,Finance
66b74c35-c09d-4405-84f3-87acea946677,2025-07-17,direct,free,US,Education
128ba462-9211-47bb-a8e8-cf02c9b61b86,2026-05-21,organic,basic,US,Retail
7376f896-d621-4482-a2bb-6fe352b945ac,2026-04-07,direct,pro,CA,Tech
3d661e06-5712-40e8-8ace-3e555bd63ae4,2026-04-04,organic,free,US,Education
af39bbc0-4475-4cad-b184-8088bba59397,2025-10-22,paid_google,free,IN,Education
cb0fe525-ea47-4b25-98e8-87323f22472b,2026-02-24,organic,free,US,Finance
eb5148b3-3dd4-4fa9-955e-a73ad4748bae,2025-10-02,referral,free,US,Retail
a1a32cf3-e0ba-4796-8fec-c9b9e2e8cdd6,2025-09-14,organic,free,US,Healthcare
d5ceec82-3b34-4833-95d0-5e4835435789,2025-11-05,organic,basic,US,Healthcare
8d537bca-4441-4d2a-b806-5abf4f5b3e22,2025-10-25,paid_google,free,US,Healthcare
b3d7b6fb-86f0-485f-be40-5028ad8b04ee,2025-10-23,organic,basic,US,Education
9899f79f-41ea-4d11-9c8a-967256f28092,2025-09-28,organic,free,US,Tech
00317d99-5a96-4af5-bf11-7d7cadc9147f,2026-04-15,paid_google,pro,US,Retail
05273683-6991-4f76-ad1e-80fc9105014c,2026-03-02,organic,basic,US,Tech
43a6a1f7-87bb-4bcd-ab51-8d1f767a9b04,2025-08-31,organic,enterprise,CA,Healthcare
54f9bb3c-c5dd-4275-bd2e-ef5996dd3553,2025-07-28,organic,pro,IN,Tech
69a68812-5dbd-433b-af0e-c26ab736ca8b,2026-05-12,organic,pro,US,Education
b3641320-bb21-402d-b889-6738794162a5,2026-01-15,paid_google,pro,US,Finance
0269ef35-08f1-4955-a823-25045bb753ae,2025-09-25,paid_facebook,basic,UK,Tech
2537d80a-0d80-4b37-a255-975d85805367,2026-04-14,paid_google,free,IN,Tech
9f188056-a9b5-44a1-9457-4417ba0870e7,2026-03-06,organic,free,CA,Tech
2888cffe-454f-4bd9-800b-c37d5a1da3a1,2025-10-05,paid_google,free,US,Healthcare
3e48fc2b-a442-4ab0-87bc-4525c50fba1c,2025-10-07,paid_google,basic,UK,Tech
d587445a-7b0f-4719-aaa0-530aad1531c8,2025-07-28,organic,free,FR,Retail
b083acbb-f721-4859-8942-1d5af553c638,2025-09-30,organic,pro,US,Education
8de0f967-60ab-4073-b8cd-b7bf8744fa37,2025-06-01,organic,enterprise,US,Retail
13461b99-15c1-4e0b-b1b7-84cabd0e7541,2026-01-25,organic,free,US,Retail
923a9149-9f7b-48cc-9067-175acd8e896a,2026-03-17,organic,free,UK,Healthcare
830a9642-362a-4d4a-bf5b-a2edad57afae,2025-09-04,organic,enterprise,US,Tech
2f42ecf0-1423-44db-944a-89eb54df2717,2025-10-04,paid_google,free,US,Education
755133fc-30f7-4357-a81e-8a63ef0af7bc,2025-09-26,paid_google,basic,IN,Education
b313e304-e534-416e-909b-cc6d3772a741,2025-07-18,direct,free,US,Education
fec5ee90-70f9-472d-b904-ebe579324937,2025-08-28,paid_google,basic,FR,Tech
8410782b-d589-4299-8d6e-893bab89767e,2026-01-23,paid_google,free,US,Education
2b4ae404-477d-4269-8ad7-145552ec0978,2026-02-27,organic,pro,UK,Education
355f3778-bf43-471a-9064-b7a8ebbc4efd,2025-12-06,organic,free,US,Finance
a97cf2d8-9979-4f1c-9c53-e6ce1a3100f6,2025-12-09,paid_google,free,UK,Finance
67616fdc-1c89-4e6f-bb8d-068c67dc4e40,2025-08-08,paid_google,free,FR,Education
e30c8d03-f304-4036-b994-a96ffc6b6ab2,2026-03-05,paid_facebook,free,US,Retail
58ab185e-390e-470f-99ea-7a6116561f49,2026-05-15,referral,enterprise,DE,Tech
a6842a43-0a6c-4f84-a6d9-d70793fd3762,2026-02-02,organic,basic,UK,Retail
fe24e502-adb4-41c6-aefd-e13430cd40ff,2025-08-15,organic,free,CA,Retail
9cec243a-cea7-4f50-b76d-cf2d86ec6f6e,2025-11-01,paid_google,free,US,Tech
baf2945d-3029-4062-8d37-db12bc2e2715,2025-10-22,paid_google,free,IN,Tech
4e9f7625-bfa1-440d-9a2c-f95df6d57c4b,2025-08-25,organic,basic,US,Healthcare
7e8f45db-d728-4f48-8b20-8575e9bf422d,2025-12-02,paid_google,basic,FR,Healthcare
31bf7a3f-5986-46c9-81b9-19f0da0c8518,2026-03-12,organic,free,IN,Healthcare
697f447c-1da6-4df7-bd07-ae88ac776eb5,2026-01-06,paid_google,basic,UK,Education
84e3167c-c5cb-4b96-84eb-457762ba8ce5,2025-08-08,organic,basic,FR,Education
6d8d8f5e-54b8-4ae5-8fd6-b8f939f92aee,2025-07-17,paid_google,enterprise,US,Education
6fede1f9-99fb-4ae0-aa8b-a482f284fa15,2025-09-02,paid_facebook,pro,FR,Healthcare
62b7e9f9-75a9-4871-a726-3812be41ed1d,2026-01-24,direct,basic,IN,Tech
6a540110-d4c7-4117-812e-4e31894770e6,2025-12-21,direct,basic,US,Education
eb996fd7-7f7f-4312-b6d5-5829872eaba8,2026-01-04,paid_google,free,UK,Tech
bfd61f89-b467-4cad-9d40-c4ce0aba9738,2026-05-07,paid_google,basic,IN,Healthcare
8d26bd88-333e-4a56-b370-1ff2d3b24b70,2025-07-09,paid_google,free,CA,Tech
60139587-569e-451f-95bf-700da2cc982e,2025-09-08,organic,free,US,Education
83398ca2-e382-4ab4-92fb-4fc9484051a5,2026-03-16,organic,free,US,Tech
5281fa1b-f578-42dd-9525-31fd78fbf21e,2026-02-09,organic,basic,US,Healthcare
e9bc63ef-921b-497c-b53e-6c177d565c2d,2026-01-08,paid_facebook,free,FR,Education
83e904f5-79c1-45c7-849f-aa5423294c1f,2026-05-23,paid_google,free,US,Education
e046c9c2-24a7-4909-ae49-7df300cd0049,2025-06-23,organic,free,FR,Healthcare
9da14ae9-283c-4067-b28f-1f180c1ba98a,2026-02-05,paid_facebook,free,US,Retail
354c8ace-ba60-4c83-9bb3-59196b79451f,2025-06-10,paid_google,free,US,Finance
620d8f68-a792-47d2-a615-f97072713aed,2026-02-01,paid_facebook,basic,US,Healthcare
cfa7517c-dba3-4805-884a-6bfd1ef2b91b,2026-04-21,paid_google,basic,FR,Tech
af76f44a-ff20-417e-bd69-1f9bd0fe905a,2025-09-08,organic,free,US,Retail
a28cb48c-7533-41b6-9646-45935bcd9271,2026-03-17,organic,pro,US,Healthcare
8030825f-9c4c-4de0-86f1-34284afca587,2025-11-27,referral,basic,AU,Finance
04a00959-6630-4ec3-aa65-3cff06fad695,2026-01-09,organic,free,IN,Education
8e070647-9b49-41ae-82a3-cc85712bcf1b,2026-02-05,paid_google,basic,AU,Finance
1cb38657-bf90-4114-8eef-31a97c0f09d4,2025-10-25,paid_google,enterprise,FR,Finance
9d838d80-619b-4503-a496-86786363daac,2025-09-04,direct,free,FR,Healthcare
f3725a61-c617-4f38-bd70-6b9a216cf8f8,2026-02-12,paid_google,free,IN,Education
47564263-b19c-4e99-b1a4-09815306ba7b,2026-04-21,paid_google,pro,UK,Education
367c6f41-0ea3-4b9a-a0ce-6d879bba30c6,2025-06-04,organic,basic,UK,Finance
6cb109eb-eebd-4ded-821b-93cfa57c3a09,2025-06-16,direct,free,US,Healthcare
fb3ae862-6088-4c90-818e-8511f7f1f9f6,2026-03-07,paid_google,free,IN,Education
e65ed2b7-96d3-4a10-82b0-388f718e5014,2026-05-02,organic,free,US,Education
206c545c-91a6-41f1-baa2-101cc114059d,2026-02-02,paid_google,pro,AU,Tech
8e20ce76-6bce-44d3-99e6-e48c369e6a68,2026-02-13,organic,free,UK,Finance
3e460ed9-cc5b-47ab-aa70-fd9fc81504e0,2025-11-07,organic,free,FR,Retail
3fb98c68-3545-4de0-b297-566285814749,2026-05-06,paid_google,basic,US,Finance
3395320f-4e65-43f6-ae98-fe5619c4bb34,2025-10-30,paid_facebook,free,IN,Healthcare
3eeaccbb-a9ec-47fa-8b17-91c744d3b3d9,2025-11-25,paid_google,free,UK,Education
94276099-3449-4b4d-a5b4-d6f61047d00e,2025-11-10,paid_google,free,FR,Education
6218aa2a-b127-46fa-b1f7-9f9de6934a6b,2025-07-03,paid_google,basic,US,Tech
561eaaf5-1446-4a32-a46b-70593527c789,2025-11-26,paid_facebook,free,US,Education
df96c99b-1dc5-4611-a343-ecddbdda163b,2025-09-09,organic,basic,UK,Education
998d2f8c-a4cd-4b83-8d02-0380bf254a95,2026-02-23,organic,free,UK,Retail
3a5c3976-1b65-438f-8bb7-0947c0f242fc,2026-04-19,organic,free,US,Finance
a2c03695-8949-498c-80af-8731abf577fe,2025-08-04,organic,free,FR,Education
ea2a700d-956e-43a4-8bc0-7261a08b7679,2025-11-15,direct,free,US,Healthcare
21101566-04a5-4390-81d0-a7cca6f4a985,2026-04-26,referral,basic,UK,Retail
341f7890-ac1f-4e62-a917-d858efab9db6,2025-07-13,organic,free,US,Retail
4267bc65-bcc5-481a-9760-ef078e71191c,2025-07-14,paid_google,basic,US,Tech
c46433f2-484c-4a3c-b928-6f7fe75caa70,2026-03-12,direct,free,FR,Healthcare
ad6cc7c9-c864-45fe-a47c-904eaf99f2d6,2025-06-12,organic,enterprise,UK,Retail
e2e9b76b-0f4e-4f32-a007-238b6bd01792,2025-09-03,paid_google,basic,DE,Finance
2dcdba5c-73ce-4b3f-8824-677dfd30cf46,2026-03-29,organic,basic,AU,Healthcare
f3ea47cf-dcb4-4f82-90e4-c0032f772c93,2026-02-08,paid_google,free,AU,Finance
5ed7a9d2-f028-42ca-b436-952c0716d5f8,2026-01-28,direct,free,UK,Tech
a0d49bb9-5cf5-4c98-9cbf-62a21c3d2bdf,2025-07-05,referral,free,DE,Tech
49f01ab5-5861-4d4a-b0da-9c9558ed3e62,2026-01-01,paid_google,pro,US,Education
1c93ef20-be80-48f4-bb3a-4b95ad77b4ae,2026-05-03,paid_google,free,US,Finance
4443cf7f-ab96-4abc-a505-63eebd375a4c,2025-08-29,paid_google,basic,US,Finance
b859e50a-9b66-4ea0-a2aa-15540bb689d1,2026-02-19,organic,basic,US,Tech
906faff8-a4e7-4ad5-9db8-85cba935a7f8,2025-09-01,organic,free,FR,Finance
1733f2db-da41-47c7-9c6c-e8ccb4f7d261,2025-08-29,direct,basic,UK,Healthcare
5d1e42af-595a-4e0d-9f63-b5b577b36d97,2025-09-23,organic,basic,AU,Education
f4fcdbf3-ad00-44a3-8106-72cd3998f0f9,2025-09-13,organic,basic,US,Education
465da18a-db8f-4116-ad0f-48ea7e365726,2025-12-13,paid_google,free,FR,Healthcare
6f2592f5-740f-42aa-866e-a662fad8d70f,2026-04-10,direct,free,US,Retail
3fd73660-819f-4f19-9b5a-ea91a5e29b70,2025-09-22,paid_facebook,free,FR,Finance
400771cd-8024-426d-a905-79329a6ba350,2025-08-14,paid_google,basic,DE,Retail
8f259884-072b-4ea7-98b9-3a2703bf7c4e,2026-01-03,paid_google,basic,US,Retail
f30eacea-593f-4e6f-a671-bad8442bfe54,2026-03-04,paid_facebook,free,CA,Finance
782ca42d-12c2-4972-93d2-087c8cda2689,2026-02-04,paid_facebook,pro,IN,Tech
1bde4464-38f3-41a1-8e02-a9360c6f590e,2025-11-11,direct,free,US,Finance
dc0400aa-e383-41b1-ad6c-36529de2b23e,2026-05-23,paid_google,pro,US,Tech
b0a6ffa9-ff25-4ed6-b2a5-0958b3f25746,2025-12-09,paid_google,enterprise,AU,Healthcare
e9c8ee00-181b-4136-bc4a-b1dedc13d520,2026-01-13,referral,pro,UK,Tech
b4c3bbb6-ccd5-4cfc-bdf5-82a98a8edd3e,2025-11-24,paid_facebook,basic,US,Retail
69dc2f25-3855-45a0-a970-13f20a873496,2025-09-07,organic,free,US,Retail
e7c21fac-0b53-4efd-8a86-4218d32e62dc,2025-07-06,organic,free,CA,Retail
4d0b3b1a-bf24-47e7-9e59-b3de9fdfb060,2025-09-04,direct,basic,US,Tech
f48361d5-78a1-48de-bed3-760f674758e6,2025-10-30,paid_google,free,IN,Retail
93ed5654-974b-4ab1-ada0-af383c868a2f,2025-10-29,paid_google,free,IN,Education
919246bd-d006-4185-8307-400ec59f781d,2025-12-07,organic,basic,US,Finance
6ac4c3b7-2979-4ab2-95f9-45a554824cb9,2026-01-10,paid_google,free,UK,Retail
0987a238-711f-4122-bcd9-f1683fb3b6ca,2025-07-07,paid_facebook,pro,CA,Tech
aab09719-132c-46bf-942b-27db0c3d75cc,2026-02-23,paid_google,basic,FR,Retail
c4b471d8-f842-4c0f-98dc-041ea5f4801b,2025-11-30,organic,basic,UK,Tech
7d128f7b-f945-43cc-ae01-98070a0c2ff7,2025-06-13,organic,basic,FR,Finance
04b4a605-4021-4899-99c5-d50d8a8c8eb6,2026-03-06,direct,pro,US,Tech
60699f29-8835-4f69-8c3c-b194a2add74d,2026-01-03,referral,basic,UK,Finance
0907a351-748a-4467-8987-bcb1a545f547,2026-05-21,paid_facebook,basic,US,Retail
822bdad9-5a6b-44e2-b9c6-60adf127eb4d,2026-05-27,paid_facebook,free,UK,Education
8cb84905-727d-4a33-8662-abd2cc0b29b5,2026-03-13,paid_google,pro,UK,Retail
d905bd8c-a2b5-481b-89a8-5c7de91f2bce,2026-02-28,referral,basic,AU,Finance
02c777b3-974e-4f44-8ce7-6c8d873d4c1e,2025-08-01,paid_facebook,free,FR,Healthcare
d0f2f16e-c1c5-4735-8802-7e1b45cce48f,2025-08-23,referral,free,FR,Healthcare
20bee3b1-2a7f-4fcb-b663-828af71138f0,2026-01-03,organic,basic,US,Healthcare
2b1e0e4a-4ee9-43db-84e1-f3a271fc1e8e,2026-05-08,paid_google,free,US,Retail
9420fc2b-86de-4555-96d5-bcdad32eefe4,2025-12-04,paid_facebook,pro,US,Tech
e4651c97-2d50-46b6-8295-2c9ec4bd1cf4,2025-06-19,organic,enterprise,US,Education
91284fef-22c5-44b4-9ae0-7dcbccdefb13,2025-11-24,paid_google,free,US,Education
8cd70113-eaac-4908-85b2-102a49a1b1ab,2025-09-08,paid_google,basic,UK,Retail
41ae2751-eb10-435e-8221-d8cda0f08c5e,2026-01-19,paid_google,free,DE,Finance
fb411de1-d537-4c94-8b1a-133edb12f26f,2025-08-15,paid_facebook,basic,UK,Retail
fb511a11-beb4-4c47-929d-fbfa9e77bcbc,2026-02-20,organic,free,DE,Healthcare
1da08ec9-07d5-4606-a482-31c131d80006,2026-03-11,paid_facebook,basic,FR,Finance
09192196-5905-46cd-92e1-3f9460e72637,2025-12-23,organic,free,US,Education
98766cbc-b669-4aaa-bbb0-81cdc5113a22,2026-01-09,direct,free,AU,Retail
2a62b4b0-36b3-4efb-b965-3e4475348da9,2025-07-22,organic,free,US,Tech
0ee91c69-618f-455d-927d-9d61e0dee5d6,2026-05-05,paid_facebook,free,UK,Tech
b109f9ac-a76a-4226-be1b-de2cc60ae6e7,2025-10-22,paid_google,free,US,Education
901bd033-b865-4c24-aeac-4ffd0417d8c8,2025-08-08,organic,free,US,Finance
3a01de6a-c632-4886-8ab8-f0278dce72dc,2025-09-07,paid_google,free,US,Healthcare
62bc7a16-6493-4a0a-bc60-bcf98b198451,2025-06-25,direct,pro,US,Tech
a066583e-74d2-433b-9be9-17ed657dda5d,2025-07-23,organic,basic,AU,Tech
976a8bb4-56b9-487f-b895-5a33fe10482f,2025-10-29,organic,pro,DE,Retail
dd2a3c46-248e-4ed2-8273-0dd4fd84e511,2025-10-22,paid_google,pro,CA,Education
a7845844-41d5-4523-965a-3e807467ce5d,2025-07-27,organic,free,CA,Tech
22376e22-2238-4c3a-8658-ba15529bbb20,2025-07-09,direct,free,US,Retail
16d87f4f-12d6-41af-a633-0e755cf519bd,2025-09-17,organic,free,UK,Finance
54f70e9e-2ef0-44f4-8f6c-6295f5b18fc1,2025-11-28,paid_facebook,pro,US,Tech
b85b6f7e-4958-464e-b7a0-64f5fb7f6683,2025-07-12,organic,enterprise,US,Education
58f0d12b-2bd3-450b-888c-8decae6fe3d5,2025-12-03,organic,free,US,Retail
3e1351e9-85a8-4526-b500-8e10e9e0e5d6,2026-01-09,organic,free,CA,Finance
4b58e7b5-2bee-4be3-8d1c-56d8fa78470f,2025-09-30,paid_google,free,UK,Retail
6d281e38-fe3a-4dfc-8ef8-ca90375490ef,2025-10-11,paid_google,basic,US,Healthcare
1928e783-8423-4de1-9c0a-850342b0e1a3,2025-11-10,organic,basic,US,Education
d1a0d81c-41b0-4d4d-8ee4-9ccc2ae83f5e,2026-01-01,referral,free,IN,Education
5ffdb13f-5104-4f36-ae35-b6df1d862243,2026-01-07,paid_google,free,IN,Tech
7bac92a4-25cf-4d49-b97f-fd42aee36b94,2026-01-21,organic,basic,UK,Retail
ee206fc1-c716-454c-97d3-3260ed9f96f1,2026-04-27,organic,basic,US,Finance
6d368b8b-7674-4cee-9077-9df174651a70,2025-10-24,organic,free,US,Tech
0d9d3b8f-81f2-4950-b054-a3c5a4ad5894,2026-01-25,organic,pro,US,Education
d972effe-f46e-4844-adf1-0852eb9c90f8,2025-08-15,paid_google,free,IN,Retail
5d17ea52-c7f8-499d-9b47-0263871b18be,2025-06-09,referral,basic,CA,Finance
40925f60-4d87-4d66-b9be-c2be14a9782e,2025-08-13,direct,basic,IN,Education
d7972e12-6bb5-4bac-aa98-32dcd125400e,2026-02-08,referral,free,UK,Finance
dbed81c8-0499-4e04-bf71-1c3a19910954,2026-01-16,organic,free,IN,Retail
9b75fc3a-b4e1-432b-ad59-12604147d6e2,2025-06-07,organic,basic,UK,Finance
8f8febf4-744f-4a96-9123-91e58d4134b5,2025-11-21,direct,free,US,Tech
1eb37251-f41e-460c-83e2-95f7698193f0,2025-10-19,paid_facebook,basic,US,Tech
5b23e053-2429-40be-b7a7-3e29c5702517,2025-11-15,organic,basic,AU,Retail
ad909f5b-a66d-44d3-99da-3f85d653f97a,2025-11-17,organic,basic,CA,Education
fdb4f3ac-9e60-45a5-b675-c3b393fb1722,2026-03-10,paid_google,free,US,Healthcare
bef72175-c1e2-41fc-b50d-22212ee3ba10,2025-09-30,paid_google,free,IN,Healthcare
2ddb8f66-1af8-4144-80a9-92682d4317f4,2025-12-11,referral,basic,US,Healthcare
e3f82346-eb5c-43d1-a58c-e0bf16d51502,2025-06-05,organic,free,CA,Education
c8425e14-608b-4bfc-a595-83cf038dbf00,2025-06-29,organic,basic,FR,Tech
037943f0-73bf-4688-b587-7abc5d65f165,2025-11-12,paid_google,basic,US,Tech
56851da9-844d-40d3-bbe3-471bea2f5052,2026-05-05,organic,free,US,Tech
cd54477b-1bd9-4823-ac71-e624b47aec8f,2025-10-14,paid_google,basic,UK,Retail
057adab9-7559-4e10-ada7-64425f390ee2,2026-04-17,paid_facebook,free,CA,Tech
faa4bef7-0f70-4e74-bbd7-68caeefb0a24,2026-05-08,organic,free,US,Tech
436cedcf-1f22-479a-b2e2-f7af5d29c032,2025-10-23,paid_facebook,enterprise,UK,Tech
8a1b5e68-0456-442b-8929-68ad4be096bc,2026-04-23,organic,enterprise,US,Healthcare
9330860e-112d-49f6-8589-1396103fa96c,2026-01-03,paid_google,free,US,Finance
3a0892cc-ba0d-4e6d-a8d6-5b77b29fe691,2026-03-28,paid_google,pro,IN,Tech
a2f217d6-298e-49c4-8fdd-d632a70ec1ad,2025-10-10,organic,free,IN,Finance
3cba466c-7a03-47a4-83ec-d9e4a3d784bc,2026-03-19,paid_google,free,IN,Tech
c7d5949b-893a-480b-a952-10b8a109af8d,2025-08-09,organic,free,US,Healthcare
9a46f967-3396-4199-9756-6df264ca7274,2026-02-07,organic,pro,IN,Healthcare
e74d20d9-44f3-4f66-9a02-57430b8a6a56,2026-03-02,organic,free,US,Finance
90f6604f-f509-4ba5-8e55-5616b50a01b2,2026-05-30,organic,free,UK,Healthcare
e0d86a99-452b-4a9d-9b68-f04c4adbea93,2025-11-29,paid_facebook,free,US,Retail
7e6d3534-0cbe-4b3c-8cb1-d50448bca1b5,2025-11-14,organic,basic,DE,Education
847056ce-2945-4f80-b29d-b20d3d26ba96,2025-08-30,paid_facebook,free,CA,Education
22844274-bbcf-4b92-bba8-2d82b1fb62b5,2025-12-19,direct,free,UK,Tech
11cf7ddc-bbc4-4b60-9472-2caf0a89580e,2026-05-12,organic,free,AU,Healthcare
9691762f-c8b2-4df0-a1ec-3e77252ccf9d,2025-06-19,organic,basic,AU,Education
ca3ae3da-5c15-4cd9-8f5e-b881ae595e6f,2025-07-09,organic,basic,US,Finance
ea92d00c-2c09-4938-acd3-fcb6a48d1261,2025-10-04,organic,free,UK,Finance
7daa4fb1-1a4c-4cd1-abff-a913f761076c,2025-11-20,organic,basic,US,Finance
db7c913d-ada0-4def-addc-bf52895d4c20,2025-10-19,paid_facebook,free,US,Tech
60f16240-4cc0-46a7-b449-d74c6d970e80,2026-01-28,organic,pro,AU,Education
aae5ac08-e52a-49ec-b80f-b4d7318606b0,2026-01-06,paid_facebook,free,FR,Education
da650c4d-1ae5-41b0-88c8-6bce92ce7623,2025-10-04,organic,free,US,Education
a72bdd5a-4f02-43c8-ae3f-83068c91a80d,2025-07-28,organic,free,US,Finance
ed046b98-ba33-492f-9a75-38cafb2f5c62,2025-10-26,organic,basic,US,Finance
cb8899ee-dbbc-4664-9834-31cc8607ac93,2026-04-13,organic,pro,US,Tech
110f6070-d093-44ad-abb7-67d16ec130ae,2026-05-27,organic,free,CA,Retail
35e38a69-2743-4748-bf0b-fa4dbdd70f42,2025-06-01,paid_google,basic,UK,Education
32e9bc32-f12c-44bc-a75f-28c73d33564b,2026-05-14,paid_facebook,free,US,Tech
732ad984-5522-4985-b876-fd66323aa0fd,2025-12-07,organic,free,US,Finance
602f89ea-a680-4219-b6dc-1016996d3c65,2025-12-08,paid_facebook,free,AU,Retail
c01952e7-c65a-4eff-a496-08bd50ec8690,2026-04-08,organic,basic,US,Healthcare
9b83346a-4b77-4ca7-bdaa-41c1099f6e91,2025-09-25,organic,basic,US,Retail
bd10487a-5a52-4f18-83df-96efc0b4ff90,2025-10-12,referral,free,UK,Tech
ad206257-71b3-467d-b4b1-a0fb3bb37cf8,2025-07-28,direct,free,US,Retail
218ee3d6-70ab-454f-ab0e-4d36feb9e4fb,2025-07-14,referral,free,IN,Finance
d4414774-b845-48d9-b8d8-d0d55ce368f5,2025-11-20,organic,free,US,Retail
b4ecd2be-285e-4a71-9cf5-532aebf4a796,2025-11-07,direct,free,FR,Finance
b31795cb-f497-48c5-b8f3-5e467c773934,2025-11-20,paid_facebook,free,US,Retail
b7a57bfb-9496-4fe9-9009-1008f51489df,2026-04-13,paid_google,free,US,Tech
5952af06-0ad3-404b-88fe-0f50973f2793,2026-03-30,direct,free,UK,Healthcare
7c134d0d-9864-4256-8e3d-8314b354482e,2025-10-27,referral,free,DE,Education
a343fe3a-3952-4143-becd-4f81d739c013,2025-08-19,paid_facebook,free,IN,Retail
42e50f09-4a31-42fc-bc09-5934a2e7b1ee,2025-12-30,referral,free,US,Healthcare
bfa866da-0030-470a-8e2f-bbbeeddcfae3,2025-12-20,organic,basic,US,Retail
43fd252a-4900-4858-bd3c-58593a05d426,2026-02-07,paid_facebook,free,UK,Healthcare
f36cd6f6-4d68-4b64-ba9e-df3e2efa5279,2026-01-15,organic,basic,IN,Finance
28d1fa12-2351-4e93-8b6b-b2c2a467359a,2025-11-11,direct,free,UK,Healthcare
b6ee0f66-9cf8-4c8f-9c03-51d8be14ebb9,2026-01-13,paid_google,free,UK,Education
dd9b98ba-9c70-4933-9ec0-e3ab42d08161,2025-10-25,referral,free,IN,Healthcare
1e0be2d0-108d-4df8-8e0d-cd9171bb6a33,2025-06-20,paid_google,free,US,Education
d9945a73-803b-4d0a-8e41-54c9dc0458c8,2025-07-17,paid_facebook,free,FR,Education
f7bd3af3-d4cc-4652-a8c4-990eae2e082c,2026-01-19,organic,pro,FR,Healthcare
c7f5620b-c66c-446c-af3d-72f4736a27b8,2026-04-01,paid_google,free,IN,Education
405e4357-52db-44a3-a2ea-547e00dcc4f9,2025-06-14,paid_facebook,free,DE,Education
c26022f8-55db-4f8e-ba94-43dd89bf838c,2025-10-21,organic,basic,US,Finance
b2ca0b81-2fdb-415d-9017-28ba895274f2,2025-06-01,organic,free,UK,Tech
6b8f616d-9e63-4993-9d35-74229f31ba02,2025-07-24,paid_google,basic,US,Finance
0f7c5937-7eb0-4bce-b90d-ccd69e20ba18,2026-02-14,organic,free,DE,Tech
b56df8c6-e766-4989-9b47-95af17b8aa33,2025-10-22,organic,enterprise,UK,Tech
6d258616-ebf0-4723-ab5e-21f3e1062f0b,2025-06-12,organic,free,UK,Finance
f1b5c299-d69e-47d2-9895-8f8ab3539afe,2026-04-26,organic,free,DE,Education
8a1c971e-31cb-4da5-86eb-29c65b8f7644,2026-01-10,referral,pro,IN,Finance
88920165-6782-4084-8a8d-4d3d4bbfa9a8,2026-02-27,direct,free,US,Education
97b25fb2-c0f9-4925-8cfc-6ceeee3bf89b,2026-05-24,paid_facebook,free,US,Finance
f59e70a0-34db-4410-ac8c-fa3b01b79c88,2025-11-03,organic,basic,US,Finance
2ae1851c-5cdd-4e83-b086-a4857ddea64a,2025-06-08,paid_facebook,free,US,Retail
ac852484-cbc9-4b64-a3f5-fdf494611487,2025-09-30,paid_google,free,US,Healthcare
6170d56b-e640-4294-82af-7169b289c3cd,2026-05-14,paid_facebook,basic,US,Finance
b50b947f-8d6f-4e8d-b422-4b3d0c920269,2025-11-11,paid_google,free,US,Healthcare
6f941f3c-1c2f-47c8-8159-6e17de92e580,2025-08-29,organic,basic,US,Education
c974c850-b91b-41de-8505-3e27f3c48b50,2025-10-14,paid_facebook,enterprise,US,Retail
1cd9a83f-3ec5-4e1b-bf05-928b40666cde,2025-12-03,paid_google,free,IN,Retail
c49ac447-f183-484e-bb24-9032f82f40a5,2026-04-12,referral,free,UK,Tech
bf94cb6e-8946-4259-8543-cdbd5ade3dac,2025-11-25,paid_facebook,free,US,Healthcare
1bf6fc50-e813-41e8-9843-e8c6b99e6d08,2025-06-28,organic,free,US,Retail
02eda4d8-f998-403e-91a4-995387fb5991,2026-01-06,paid_facebook,pro,DE,Education
84b650c6-7947-4545-893d-ccf99d55c53e,2026-05-23,paid_google,free,FR,Tech
83e493d8-6a74-44fd-8063-b7dd27ee37b1,2025-07-11,organic,free,UK,Retail
67972874-8efd-4a98-9502-04c8127a960d,2026-01-14,paid_google,basic,FR,Education
ae81d6bf-268f-431f-aa61-54788537411c,2025-12-09,organic,pro,UK,Healthcare
33201321-2bb0-4eb4-bf28-cc94de1d3c24,2025-10-23,organic,free,US,Education
f36a049a-24e3-4273-8802-8db3815b9da7,2025-12-18,organic,free,US,Education
c5cefa22-1995-4456-97d0-94fba6bb357f,2025-12-29,organic,basic,US,Education
53398606-590f-419d-ac93-c81f1254a65d,2026-01-06,organic,enterprise,CA,Finance
d410768d-cb94-4e6c-adc5-84368a3ed7cd,2026-01-26,paid_facebook,basic,US,Retail
31b07e3b-64c9-43a0-b26e-b659f8d17cc3,2025-07-16,organic,free,CA,Education
d1ba965f-08da-429c-8998-37bdf6ad079f,2025-07-05,paid_google,free,UK,Tech
ad3de245-bc19-45bf-91dd-d06c9931d74d,2026-02-08,paid_google,free,US,Finance
4033cff4-4fce-4973-9c82-3f16a88ec8c2,2025-08-21,organic,free,US,Education
d24c270c-5770-4e0b-ab25-dabddabf7a43,2026-02-11,direct,pro,US,Education
c901dea9-9555-44e0-99f6-1c92dad5598e,2025-12-14,paid_google,pro,IN,Retail
a62ee73f-f937-4764-a069-6fce85217f12,2026-03-30,referral,enterprise,AU,Finance
7acae3d2-1ad8-4c63-968b-7c810311ca02,2025-06-10,paid_google,free,UK,Education
fcc7e503-3bb5-4b33-a971-272ea431e39e,2026-04-08,paid_facebook,basic,US,Education
19e17397-eca8-4ef4-9d80-2a1ccc164503,2026-03-13,direct,basic,US,Healthcare
3ea6c425-6e97-4ab7-9d6d-dd6707eb103e,2026-01-28,organic,basic,FR,Tech
4f17c51c-8069-4531-8483-05f8a6ef5c4d,2026-02-06,paid_google,free,US,Tech
e6f6009b-e2a3-4446-b877-1740a095b03c,2025-06-05,paid_google,free,US,Retail
fb2243da-94e5-4734-a1e7-5c30e04d913f,2025-09-27,direct,pro,UK,Finance
46599c40-1b95-4821-ab5f-f14ad39cb8b5,2026-03-16,organic,free,US,Education
72c4ab38-f70c-424d-bb42-7ee4b8a877ed,2025-08-04,paid_facebook,pro,FR,Finance
d7ce1634-5b67-478e-b5ed-6f365e69629b,2025-10-24,organic,free,UK,Retail
c02673d8-28a7-43e7-a517-34c7494bb77f,2026-01-10,direct,basic,FR,Healthcare
3e41a087-d40e-4ae3-8018-5d80e7a49128,2026-01-25,paid_google,basic,IN,Retail
c796dc0b-6463-4774-867a-d470ac78702c,2025-11-24,referral,basic,IN,Tech
430c0451-20b2-4d55-85bc-4656ef75923d,2026-02-22,referral,free,AU,Healthcare
f0a0e115-1a53-4111-8822-332486c2e5fe,2026-05-07,paid_google,pro,CA,Education
43dfaaed-a962-41b9-b7c6-06b6cf6fd9c7,2026-03-09,paid_facebook,basic,US,Retail
f45417fe-43c1-4294-944f-67c0ea97e55a,2025-08-02,paid_facebook,free,US,Finance
a78acba9-1b10-4eef-ad32-46ef625f5951,2026-01-03,paid_google,basic,US,Finance
f098c3af-0061-42c8-a90d-12af29ef69a4,2026-05-08,paid_google,free,US,Tech
fcf0c687-3478-441e-93dc-165653711d4d,2026-04-11,organic,free,UK,Tech
d111dad6-b5c4-4c0d-948e-d5ad17b300a2,2026-03-10,organic,free,US,Tech
42b7bae2-238e-4f96-8c06-29b9b8c8a847,2025-11-24,direct,pro,US,Tech
4784274b-2710-4a3f-8e08-5018fbb7346d,2025-09-06,organic,free,US,Education
961e92d4-59ba-44cc-add6-70f26301d452,2025-09-13,paid_facebook,basic,DE,Healthcare
c21ee51d-e192-44b7-b3f9-42b58e355a09,2025-09-07,organic,free,IN,Tech
269b9b2e-31aa-415b-b18b-c6e7fa9b5caa,2026-04-07,paid_google,free,IN,Retail
b1d03a98-982e-49ed-b74b-81d3d2f92ce8,2025-06-06,organic,enterprise,US,Education
b305242b-ed23-4d54-be52-f900c931dfd9,2025-12-14,paid_google,basic,US,Healthcare
db484331-3e4b-410c-b19b-1e1392a020dd,2026-05-17,organic,pro,US,Education
abcf8d00-7ef7-4789-952b-1bffdf8dc9fe,2025-10-11,paid_google,free,UK,Finance
b4c8cac6-af7e-4578-8a35-a7d9d7fc3259,2026-05-24,paid_google,free,US,Education
d9048c0d-87ef-4cb9-8ccf-4e9ffb439f03,2026-02-14,paid_facebook,pro,AU,Education
cb836bdc-3c0f-4a0e-900a-d87d9e66f5d1,2025-06-23,paid_google,basic,CA,Finance
05c35161-ea16-4b0e-8e06-a43b83dfbee0,2025-07-23,direct,free,US,Finance
a931f2b7-700a-4016-85b9-c04c9be3321e,2025-11-12,paid_facebook,free,FR,Finance
8d851599-58e6-48eb-b12c-8949cce5eae3,2025-12-19,organic,basic,IN,Education
a349fd98-e96f-42bd-aeb4-8b801ec7b854,2025-08-22,organic,free,IN,Finance
9392e7c9-c2be-4298-a9d0-d16d3a68faaa,2025-10-23,organic,basic,US,Tech
bb79c410-e854-4915-8353-e96350a8e604,2025-08-24,organic,free,FR,Retail
dc9b7060-3c7f-4fed-ae52-f35b394f653f,2025-08-17,paid_google,free,UK,Retail
79ffb865-8186-4830-a5cf-356033873783,2025-06-01,direct,enterprise,US,Finance
c1eeab48-07a6-40a9-9f39-bb23d13c5d95,2025-07-21,paid_google,free,CA,Healthcare
6a6308a5-23fd-4c06-8b5c-03b74545392e,2025-11-20,paid_facebook,free,US,Education
e9743100-88d4-4097-a602-28537cf8c9eb,2025-12-22,organic,basic,FR,Retail
279ade96-9a20-4a63-9b81-cb5af46b6339,2026-02-15,organic,free,DE,Tech
3ea2940e-80ef-4ec9-90ea-055e65c9f662,2026-03-15,referral,free,UK,Healthcare
3c6804af-9d51-4bd8-aded-780455c55edd,2025-07-04,organic,basic,US,Healthcare
e66d5174-43f0-43a9-acb2-6923b5d9fad8,2026-05-14,referral,free,UK,Tech
10ba604a-9fd9-4ed5-b8cf-928e2306db20,2025-09-03,organic,free,US,Education
2a562225-b8ee-4ec0-875e-d911c34ad3ad,2025-08-11,referral,free,US,Education
0e161e20-b872-4b2d-8ea4-a22ddaa1bc60,2025-07-09,paid_facebook,free,UK,Finance
6f424845-9c84-49cc-8258-8ad0485b92a9,2025-11-01,paid_google,basic,US,Tech
05e82075-365e-4852-945c-9696267dac97,2026-02-05,referral,basic,IN,Tech
2d68977d-458c-4492-aec4-c9f7dc212326,2025-11-09,organic,free,US,Tech
40d298df-123e-48c4-bfe9-2980a2e954ee,2025-09-26,organic,basic,DE,Finance
e22d9806-3ced-427d-b641-102f8ba37db5,2026-02-14,organic,enterprise,US,Retail
b4c95b63-1577-4c61-844c-920e7c7ad7b9,2026-04-02,organic,free,UK,Education
f25d49e0-7bed-4937-ad50-e92af73e72e8,2026-02-23,paid_google,basic,IN,Finance
3d7ff8e9-c145-4b67-9412-373e8fb97953,2025-07-24,referral,free,US,Finance
a0102e92-97fa-411c-8e8d-8570d6cc6b11,2026-01-22,organic,pro,IN,Finance
292a6325-dcf2-4549-8b84-3cf7a7516b16,2026-01-08,direct,pro,IN,Tech
2e4a6ee2-dac0-4f84-a9a4-a6adcd5d6958,2026-02-06,direct,free,CA,Finance
742e2700-f85d-4830-a30c-92aae2a5e9d7,2026-04-09,paid_facebook,free,US,Retail
a6e36387-24e0-478f-ac8a-d37add5b571d,2025-09-20,direct,free,IN,Healthcare
a7de9ecd-d00a-4183-a11f-943d80155b53,2026-02-10,paid_facebook,free,CA,Finance
8831ffc8-9ff5-4497-b107-96daae5be75e,2026-03-30,paid_google,free,UK,Retail
14d4d8ef-4b02-4154-9625-1a863f9a82bd,2025-12-24,paid_google,basic,AU,Tech
e9122a27-bdbf-4f05-9def-4de33981128b,2026-01-15,paid_google,free,US,Healthcare
d851e7b8-8703-45a2-9f91-2ebb56b34eeb,2026-05-07,organic,free,US,Education
788237a0-0ce6-4de4-be55-58de9efcc007,2025-08-05,organic,basic,US,Education
1faa0d61-4198-43dc-b54a-45843dbf46b5,2025-08-14,paid_google,free,US,Tech
b03030b5-f827-426a-a70b-43fd172b0318,2025-09-11,organic,pro,US,Tech
db0eabd3-5518-42ac-ac65-ca9c01f6cd91,2025-12-09,direct,basic,US,Education
595e11d2-b5c5-41f8-963d-cddc01996ca5,2026-02-07,paid_google,free,UK,Tech
adfc5cf1-7618-4b33-8813-d6f72024ff00,2026-01-12,organic,free,US,Education
6fd71780-57b1-46e2-b0dc-15f9f2184c0c,2026-03-21,organic,free,FR,Tech
d8731167-4fd7-42a8-b74c-939d111ce2e0,2026-04-02,paid_google,basic,US,Education
c57c1840-365a-4d01-91ba-bb10182b13a0,2025-09-06,organic,free,DE,Retail
fd136c69-15bc-4c5f-a86e-8fe973febbd0,2026-05-04,organic,basic,US,Tech
8199eaf8-897d-4d84-b1c6-0d595a687dfa,2026-03-13,direct,basic,IN,Education
26d9167a-f473-4a90-b35e-924eec2613f4,2026-05-01,organic,free,US,Tech
619ddd2f-69a9-42e1-b64f-e4656fb59dac,2026-05-13,paid_facebook,pro,UK,Education
8aa463a0-6824-46b9-8548-cae62e0451c0,2026-04-04,organic,free,FR,Education
89e3383c-9a45-4077-b542-1c99cdd08ed1,2026-02-04,direct,pro,CA,Healthcare
fa97a146-b4d3-4e33-9429-c054351ecccc,2025-11-13,paid_google,free,AU,Tech
68d60ba7-d781-4634-ab0e-cc6a35c3a221,2026-05-01,paid_facebook,basic,US,Retail
91b15119-67dc-4388-84d3-26e40ae1dc89,2025-06-30,paid_facebook,free,AU,Finance
bd19b624-06b5-470c-80d2-1d12f305c2be,2026-02-02,paid_google,basic,US,Finance
9b368211-c9b6-46bb-bb8b-afecab66d836,2025-09-14,organic,free,UK,Tech
197ec4d1-b472-4487-b3b5-619d2c6841c5,2025-07-21,paid_google,free,US,Education
8951358e-4a43-40cd-bacf-561d9cfb0838,2025-08-20,organic,free,UK,Education
55a71a66-b2d7-4dc4-9fac-e82a04095a31,2025-10-11,paid_google,free,UK,Retail
86acc65e-8c71-4d66-8af2-a0505ba406fe,2026-03-12,paid_google,basic,CA,Tech
ec005f56-1b16-49d5-bb15-1277e4134579,2025-10-16,referral,pro,DE,Finance
bd0c46c9-a1c3-47f7-985c-1665615eb35c,2025-12-01,organic,free,US,Retail
db013571-f690-4a52-ab12-fc969af52ad2,2026-04-26,organic,free,FR,Tech
c72c2dfe-87b9-4441-a6ae-4d2e1d6f3e77,2026-02-28,direct,free,AU,Tech
a2dc3b18-a9f9-4119-976a-f85899f8b93c,2026-05-06,direct,free,US,Tech
a8f9e68c-2c61-491d-b416-ea56c2d60864,2025-08-08,direct,free,US,Healthcare
b643e4f1-56f6-49b8-9813-c3b5ede2f5b8,2025-07-04,paid_google,free,US,Retail
9c0c03c9-51d2-4fd4-8d5f-e93e90f66107,2026-02-17,organic,free,US,Tech
e63705cd-a5d3-48e5-b233-ab10edcff459,2025-07-23,referral,free,DE,Retail
6e07e187-5673-4e14-bba3-5b5bcd3f9d1a,2025-12-22,organic,enterprise,US,Finance
3808a934-4402-4c79-b3d0-041d3b501a35,2025-10-04,organic,free,US,Tech
3737c741-ea2c-4e22-b60f-c8a2c5c2f859,2026-01-21,organic,free,US,Education
e71b6ce6-73ab-4891-8ce6-41194eecbad6,2025-07-13,paid_facebook,basic,US,Tech
fe52a422-80a9-497b-8253-56a2333c1556,2026-01-26,organic,basic,US,Tech
d266538d-0863-4458-859d-c70415a7ccc0,2025-09-19,paid_facebook,free,US,Retail
4f686fff-db4d-4257-85a9-387e91c9f907,2026-02-04,organic,basic,FR,Retail
b66d10f9-a5b7-4f63-aabd-085eadf96dd6,2025-10-29,organic,pro,US,Healthcare
a0671eaf-2f14-437a-841b-0326d53fb7ed,2025-11-30,paid_google,free,US,Tech
64ad2503-ae92-4d24-8cbd-cc515e1b5b63,2026-05-02,organic,free,FR,Finance
4d3b423b-3334-4203-aa31-18a92569b897,2025-09-03,direct,free,UK,Retail
49679199-9585-4ec1-8709-7f87735916e0,2025-06-08,direct,free,US,Healthcare
fc83abd0-2e99-45c8-9c9f-f5d4a76d3e63,2026-05-26,organic,free,US,Education
bac5127b-09e8-4932-869a-ecadabd58390,2025-12-01,direct,basic,US,Education
d845f735-97d1-41cd-a132-f233a87fd0bc,2026-03-08,paid_facebook,free,UK,Healthcare
e9e3dcad-2aba-4c6e-8be7-c880f451e4e8,2025-12-12,paid_google,free,US,Education
b436ac77-9bdd-445d-9e51-4778440234b2,2026-05-18,paid_facebook,free,UK,Tech
c96fd35f-ae47-4cfb-b5ef-a018395e03e7,2025-12-12,direct,free,CA,Retail
1f931caa-878f-44bd-a886-253f0041b387,2025-11-02,organic,basic,US,Finance
aa93daf5-b810-4254-99a3-6e8f2baac9fb,2025-09-01,organic,free,UK,Education
d02be012-e04a-4cb6-b8b5-7011b31bdfeb,2025-11-07,paid_google,pro,FR,Tech
c30b9271-8759-4c85-a930-df948e18e55a,2025-07-31,organic,free,AU,Retail
769c4461-1a31-4d9b-b51a-971e035da5d7,2025-09-30,organic,free,IN,Tech
8cd92a5b-ad14-49f7-b374-9c047b2c2fa9,2025-07-21,paid_google,basic,UK,Tech
22fbe1b7-09f2-4064-b6ee-515d1af25ba8,2026-03-04,referral,free,US,Retail
75aa1cfa-0b1a-4959-8229-81887e092e72,2025-06-05,organic,free,UK,Education
3c6f835e-30b8-44f1-93be-a0ef8146d4da,2025-08-31,organic,basic,IN,Education
fb36ba64-3793-4d00-8573-a8ade6df9173,2025-11-17,paid_facebook,free,UK,Tech
78a50fc6-1420-486c-8bca-25f1829067ec,2026-04-13,organic,pro,IN,Healthcare
4cd61d4b-242a-407d-bb68-a0c00824885d,2025-06-22,referral,enterprise,FR,Education
1ff0580d-6b6a-451a-9ddd-dfaca643441e,2026-04-22,direct,free,CA,Tech
be4e6c71-ddc3-4e81-a5d5-963751d8d828,2025-06-01,direct,free,CA,Finance
ced4526f-74b0-4163-9542-102e74605c9c,2025-10-11,paid_facebook,free,US,Finance
64110eba-4516-43ba-90e3-af54c8a495c0,2026-01-19,organic,free,US,Healthcare
6abdf4d5-9aa6-4898-a77c-f6e3cc9bb8b9,2025-06-12,organic,basic,US,Tech
cfa8aec1-eb7a-4dd4-94ff-0dd031d1f0ff,2026-05-12,paid_facebook,basic,UK,Finance
94e8cd7f-5a09-4aa0-9242-6468d6037faa,2025-07-16,direct,free,US,Education
45bb5f74-318f-4985-aeae-2d27ffc9cae7,2025-07-04,organic,free,UK,Tech
e8590bea-3e50-4318-83df-0fb4739a9acb,2025-08-17,organic,free,DE,Healthcare
b8082051-fc92-4b09-9353-7059165214ca,2026-01-04,referral,free,FR,Healthcare
378f1500-4e1a-42f7-9e8a-4829a10210fe,2026-03-28,organic,basic,DE,Education
22f2a6e8-6d7c-4932-970f-035ebe3c89cb,2025-08-12,organic,free,US,Finance
6c59682d-f22c-4141-a1dc-41e97d648dea,2026-03-09,direct,basic,US,Finance
9acd3e6d-7b3c-4242-8883-6c2390abe4d0,2026-02-04,organic,basic,US,Healthcare
12ed9112-e104-40d5-9a4e-41d9d8cd1e0a,2025-07-17,organic,basic,US,Retail
948c7c93-1e60-4b4a-a743-0c92943578e6,2025-09-29,paid_google,free,CA,Healthcare
5a660d52-cc35-4f5a-87d0-c8a246137de0,2025-12-31,paid_facebook,basic,US,Healthcare
bdfc9f87-a0bc-4c84-b739-5151127d7c18,2026-01-25,organic,basic,US,Tech
dafc8bc6-2bb2-4791-9f81-88fdc6be8486,2025-07-26,paid_google,basic,US,Education
1486627b-12aa-4285-bc24-4cf39ff52175,2026-05-16,paid_google,free,UK,Tech
53e93058-39e7-4716-a494-cc9f0315ff23,2025-09-15,paid_google,free,IN,Healthcare
744376d5-e028-4937-a3f3-3dbc2df72331,2026-04-15,organic,basic,FR,Tech
9dc46fa2-d37f-4b51-bcd7-0b84620e2693,2025-07-18,organic,free,FR,Finance
61bc0b77-9b06-4e74-91c3-9f0c4626ea89,2025-07-31,paid_google,free,US,Healthcare
2bb857ad-34b0-4c20-8bcb-f993aaaf5b05,2026-05-03,paid_facebook,enterprise,DE,Finance
28d9b26b-09b1-48c4-bbf1-3d0fa16eb687,2025-06-26,paid_facebook,free,UK,Finance
718ae275-08a7-4002-9ffe-54efd4be511c,2026-03-19,paid_facebook,free,CA,Education
1874f825-3c0f-4f31-9d91-569a2de52aed,2026-02-12,paid_facebook,free,DE,Finance
9c6950a6-68f0-4c04-a159-bc0618948e10,2025-06-08,organic,basic,US,Tech
172832cf-0798-44cf-b9b1-c61677ae25f2,2025-09-21,referral,free,FR,Tech
589f44b4-5160-4537-9dc2-d0389ea73293,2026-05-21,referral,basic,UK,Retail
0e59ab4e-bcb4-47d8-962f-4700aadc961a,2026-02-08,paid_google,free,US,Education
e68c3199-674a-465d-ad08-962062a7b4b7,2025-11-27,organic,free,US,Retail
9b74ae03-5095-4cbf-ae3a-e1d407fffaf1,2025-12-24,paid_google,basic,IN,Finance
38680a48-1d2d-451b-99c4-90dff968e85f,2026-03-30,paid_google,free,CA,Healthcare
dd7fa360-1282-4df6-83d1-aea231508d3b,2025-10-05,organic,enterprise,IN,Tech
9f2bb499-133f-4ee7-9df7-9e732ab2ad05,2025-07-26,paid_google,free,US,Healthcare
bad56f95-cd86-44bf-9300-0f316ad79435,2025-12-31,paid_facebook,free,US,Retail
c1573b5a-2748-4303-9987-4bdc04ef5f8f,2025-06-14,referral,free,IN,Retail
f353f62b-900a-4d9a-8035-3f53883da408,2025-06-28,organic,free,US,Tech
27b51687-4bf0-4649-9024-d4b228bb678a,2025-08-17,organic,enterprise,US,Retail
00e6dce4-e6b8-47f2-9d2e-c9200442a7ec,2026-01-02,paid_facebook,pro,US,Healthcare
69b1c97b-ad49-485a-93e2-7558e41bb9a7,2025-11-01,referral,free,US,Retail
7450e539-a3b7-4bbf-a385-9cf333f472f1,2025-06-14,paid_google,free,US,Healthcare
4ce00ce6-5b1d-4caa-a76f-1a8b10c19945,2025-12-04,paid_facebook,basic,US,Finance
32de4f07-8240-4d9a-b5ca-70896da7d442,2026-04-08,organic,free,DE,Education
284f4fa1-1fc0-477e-a036-a75e8c5ad693,2025-06-07,paid_google,free,CA,Tech
914c0c3d-ee73-48f8-9863-78f80cb483fe,2025-06-03,direct,pro,IN,Retail
9c960f9e-302d-4e88-991b-b069b1a5fedf,2025-09-19,paid_facebook,enterprise,US,Tech
34af5b8b-923c-491b-b216-f29139926a93,2026-01-24,direct,enterprise,CA,Retail
9b0d8803-0b65-47ad-8857-fc508a818dfb,2026-05-29,paid_google,basic,UK,Finance
7400d03f-d7fb-41b9-abbd-310cb477e74a,2026-01-25,referral,basic,US,Healthcare
1b00c69c-ce1b-4325-afd4-2740a9ac565d,2026-03-01,organic,free,US,Tech
e1ee64e2-22dc-4997-a1a5-5efd95dc1215,2026-03-21,organic,free,CA,Finance
1f430d77-b40b-41a4-95af-d82879c55712,2026-01-13,organic,free,US,Finance
658c824a-0711-4696-af84-0fed23dac6a0,2025-06-15,paid_google,basic,US,Education
0fbc58d7-a01a-43db-a8e0-6a25420a5919,2025-12-09,organic,basic,US,Finance
0d618f7b-3bd3-4378-87f6-6f4801e3c3fd,2025-09-27,paid_facebook,basic,IN,Education
13fc24cd-d083-46d5-b049-6d621994a8c6,2025-06-28,direct,pro,IN,Finance
53adc088-592a-4910-a1ed-7a1bfa27174e,2025-12-19,paid_google,pro,DE,Healthcare
2ac8d0f6-6c15-4f69-bb58-a213e5bcc5e4,2025-07-09,organic,enterprise,US,Finance
a84114e6-0b12-446b-b1af-44f3c50ed3d8,2026-02-28,direct,free,FR,Healthcare
04f4e18a-e252-432b-b6b1-ad75403770f9,2026-01-17,paid_google,basic,IN,Retail
5c3fbb9c-fa57-45c4-a2c3-bdcb68ce4453,2025-08-25,paid_facebook,free,US,Finance
40344dc2-2359-49a6-b313-b0ca242ba68d,2025-10-04,referral,free,AU,Finance
08a470fd-f17f-493b-be41-c5e5a595586d,2026-03-27,direct,enterprise,UK,Retail
b0579436-229d-438c-b757-70edfd91366b,2025-06-25,paid_google,pro,US,Education
ad7cf132-a3a1-4487-bf55-854a2e4b5b4e,2025-10-23,referral,free,US,Healthcare
92c96198-eef4-4cd5-989d-d4ce308d08b3,2025-06-13,paid_google,free,US,Retail
61e0c3e1-a2c4-4c35-ae1c-637d15fda36a,2025-12-29,paid_google,basic,UK,Retail
e2ed1209-6cff-4aa5-8c7a-9e29496a234f,2025-06-25,paid_google,basic,FR,Tech
0b0fb3f4-e246-490c-9e03-d449b9dcf44f,2025-08-07,paid_google,pro,US,Retail
f60f9bc8-9a1f-45db-8315-eae67d5d5bac,2025-08-06,paid_google,free,UK,Education
2a560659-2b28-4a26-8152-9c540e929914,2026-01-19,paid_facebook,free,US,Education
7dd7512d-766f-4c87-b70a-8fd16ad310e8,2025-09-17,organic,free,UK,Education
879d88a7-1c1f-4326-8f08-77d27e857790,2025-10-24,paid_google,free,FR,Healthcare
03b9b51f-0809-4040-8a80-d9dd73bbddc8,2025-09-19,paid_facebook,free,UK,Healthcare
7ccc0276-87ee-46ad-acc3-ab60ae794c26,2026-01-14,referral,pro,UK,Finance
814812e0-f5a7-4c5e-8223-22c6345f4a8f,2025-09-19,organic,free,IN,Retail
6cb745f7-bd6a-4fde-b471-f90b45275bcc,2025-07-04,referral,free,US,Education
a3e327de-6ae3-4eec-991b-87effa293a91,2025-09-19,direct,free,FR,Retail
b7f8be01-8d56-43f4-8083-8e70da18c4f7,2026-02-19,paid_google,free,UK,Finance
9ca3fc4c-dd03-4576-b552-15d748bc911a,2026-01-22,paid_facebook,basic,CA,Finance
4fcffc51-8363-429f-96d7-399e7487deeb,2025-08-22,paid_google,basic,AU,Education
a33a7f9a-89c0-4a40-82ea-4dac0d9b00b5,2025-07-12,direct,basic,CA,Retail
f878e8e1-dec2-41b4-8ede-e207e5dad397,2025-09-09,paid_facebook,free,CA,Finance
67735abe-ea41-464c-b837-a647ad90ddbd,2025-06-06,organic,free,IN,Tech
95d7e8ea-4583-4ee5-9160-11188dd981d3,2025-11-27,paid_google,free,US,Healthcare
95b50be0-e073-41c6-81f7-a27d93d28252,2026-03-09,paid_google,free,US,Retail
869adcb0-28d4-40d3-9045-a6c4573cd3fd,2026-04-16,organic,basic,FR,Education
e7863f93-61fb-4833-99bc-72539f3c21e0,2026-01-12,paid_facebook,free,US,Finance
4cb9a29c-e98d-4ec5-8e19-4619f014ccc8,2026-04-11,organic,basic,UK,Finance
cc6cc963-fabc-4124-8a5d-05774824a3bd,2026-01-15,paid_google,free,US,Finance
fefe1c87-bc7e-4152-9d6f-711ea3db727d,2026-03-16,paid_facebook,basic,US,Healthcare
3db4ede7-9eaa-4254-82fa-42f8bec04105,2025-10-28,referral,pro,IN,Retail
79886d48-2c45-4495-b259-e8e203e8d2bd,2026-03-04,paid_facebook,basic,CA,Finance
54d9e942-3d33-495d-997a-8ac582908ede,2025-12-15,paid_facebook,free,US,Healthcare
5d8cca04-0670-42c2-b0c9-039d67577317,2025-08-09,direct,enterprise,FR,Tech
8d73892f-5aa0-4078-a13e-b148a1b2de58,2025-09-20,paid_google,basic,IN,Retail
94c2d41f-67b0-4e8c-9a63-c051f322ef08,2025-06-04,referral,free,US,Education
98840082-0d0e-40c7-bbe8-1adea7ab96da,2026-05-16,organic,free,UK,Retail
a50dabc1-5d93-404b-a288-9ac452f9a198,2026-04-27,referral,basic,DE,Finance
07553133-bfb1-4dd9-a4b3-1b50914ebc4f,2026-04-14,organic,basic,US,Education
90ce74e6-9a47-4f3a-9b57-ee5d5ccbc3e6,2026-05-16,direct,free,UK,Retail
dde3c94f-83a1-4378-af18-4aa9aa4ee6a1,2025-09-03,organic,free,US,Education
c5e74ed4-2bcc-452b-80c7-71c0274eab03,2025-10-30,organic,enterprise,US,Retail
d9d2ca78-a83c-460b-9cb2-1e87ca4603cf,2026-04-07,organic,free,FR,Tech
fabe8ebc-a672-4be3-bb9b-b878e3d6220c,2025-10-15,organic,free,AU,Tech
b1e1071e-6abc-4f17-8320-8e16c2f6bf44,2026-02-02,paid_google,free,US,Tech
ee36d0a4-4149-465c-b557-77042a7fb0a4,2026-01-29,paid_google,basic,AU,Retail
a5777934-da05-4216-8c7c-ac48cfcb79a2,2025-07-01,direct,free,US,Education
2b1ed9d4-d80d-47f9-a280-ebc622fef32c,2025-07-10,organic,basic,UK,Tech
dba61c76-2e41-442d-9456-d6a2e1eb92df,2026-01-15,organic,free,IN,Healthcare
c2032c44-782f-4db8-b734-c26ff2b3c8ea,2025-07-06,paid_facebook,basic,UK,Healthcare
6edec8a7-4df4-42ca-a0f4-e23958c69dda,2026-01-09,organic,basic,DE,Tech
700adbf8-7842-4eb3-8a82-3aacdcd2f003,2025-06-06,referral,free,CA,Tech
d2f06b39-0a69-43d4-9083-85974a95d589,2026-04-18,paid_google,free,US,Finance
b915c730-bc64-40c2-8c6f-12e5eb217264,2026-01-06,paid_google,free,FR,Healthcare
3b11ae97-c5fa-4539-a0f4-47891579b0cc,2025-08-14,organic,free,US,Healthcare
8e94bdf1-f420-4d8a-b16d-6f6b9964b7b1,2025-06-04,organic,basic,UK,Tech
4301b377-ef90-4e54-8701-182990af31f7,2026-05-01,paid_facebook,free,CA,Finance
184c55fd-a28a-48e1-a3c6-f4d381f80038,2025-10-12,paid_google,basic,AU,Education
3c9794ed-6238-4c11-8b1b-d38b528cb021,2025-09-26,direct,free,UK,Finance
5a90a61e-f41d-4150-811a-a9c72c6f3e62,2025-09-02,paid_google,free,DE,Finance
87758eef-637d-49dd-8976-85950f78bd24,2025-08-01,referral,free,US,Healthcare
320a4b35-b9d2-40a4-82aa-268c45bc3d7c,2025-12-11,direct,free,US,Tech
36c05d14-72df-4f92-b2de-e122f0474cfb,2026-05-01,organic,free,FR,Tech
8ec2773d-58d2-4538-840a-2d8320aed98a,2025-12-20,referral,basic,CA,Tech
a3139a46-cef1-4004-89cf-9c6f807d7011,2025-06-26,organic,free,US,Finance
7e92a7dc-53fa-4a50-940b-5c4febd666f8,2025-11-20,paid_facebook,free,DE,Finance
1b9c1cb2-cc21-4855-893b-09e21133bb52,2026-03-27,paid_facebook,basic,CA,Retail
c41271fa-790b-44de-83d7-c59abc7a6bbd,2025-10-11,paid_google,basic,CA,Education
64295b3f-7e9d-4009-bdd1-61f431d7fe3c,2026-04-22,organic,free,IN,Retail
253b6cbe-28b0-4e4b-8bc6-01e421015fea,2025-09-26,paid_google,basic,IN,Education
33ddc594-5cbf-4725-94c1-66378f2c78ac,2026-04-20,referral,free,UK,Retail
af69b6f7-94c9-4e8b-85c2-7e9755647f84,2026-03-02,direct,basic,US,Retail
e6c48a68-b807-410c-9811-68e968b61f57,2025-12-29,paid_facebook,pro,FR,Retail
948590b3-04ee-4883-bf89-b59f7b1f3cd1,2026-01-11,organic,pro,UK,Retail
a0abc053-562a-4fae-beb9-04fb428cc647,2025-06-20,referral,basic,US,Finance
fd4b3608-2256-490e-b475-dc21a3930294,2025-09-21,referral,free,UK,Education
8c999dd3-468b-4384-be3f-d82c8a4a9a67,2025-10-18,organic,basic,US,Retail
0a2475bf-e405-4f32-80c8-6405b7c785da,2025-07-17,organic,free,IN,Retail
43be1fe0-09c2-4606-a189-d302d0bb8811,2025-06-01,referral,free,US,Tech
e92b7e48-b7de-432c-8d93-d5f5a673e28d,2025-08-29,referral,free,US,Finance
11ddf5e1-521b-4b39-a39d-e58b40c73fd8,2025-10-20,organic,pro,FR,Healthcare
62917333-fc00-47c4-abbd-657664b987be,2026-04-16,direct,pro,IN,Tech
e1e34675-7e2d-4967-ad48-60c0b8281a1f,2025-07-08,paid_google,free,US,Healthcare
f9e6c3ae-eb9a-4558-b601-da092e06f190,2026-03-20,direct,basic,US,Retail
6e8d4391-16df-498a-ba9d-c8ef0c61b485,2025-10-17,paid_google,basic,AU,Education
23995730-571e-42a0-805c-12061b863048,2026-05-22,paid_google,free,FR,Healthcare
6c81ca6f-1241-4bb0-adcf-ed4a77dd5f40,2026-04-29,organic,free,UK,Healthcare
a61c4df5-bb30-4f5f-9a3c-35e3d0d60d53,2026-02-14,referral,basic,UK,Healthcare
7482ce27-9f1b-4570-928e-878f96143392,2025-11-08,paid_google,free,US,Education
9539bde9-94e9-4a58-8c02-7a0a3a4a879e,2025-11-25,referral,free,UK,Tech
40ced634-66aa-4709-ab06-fc08ee84a5e1,2025-06-10,organic,basic,US,Finance
5ff34657-7f3a-4ac8-94e5-57166439caee,2026-02-16,paid_facebook,pro,AU,Education
b993326c-5734-40b9-8539-74586c92998b,2025-10-16,paid_google,basic,US,Tech
a638b77c-6168-458e-9c58-5866820e748f,2025-11-19,organic,basic,CA,Retail
9dd5901f-eae7-4322-a8e9-ed91dd71af80,2025-06-13,organic,free,US,Tech
df25545f-d0dd-4671-baa0-9960d33da93e,2025-11-15,organic,free,US,Healthcare
c04a9f17-3677-4194-82a0-ee3b11658543,2025-10-08,paid_facebook,basic,US,Tech
fd666a07-b18a-4b3d-a70f-f418839c31b1,2025-08-23,paid_google,free,US,Tech
ef05dda0-2490-4889-9214-3a85f83e9d69,2026-04-17,organic,pro,US,Retail
f1acdd22-b8f0-4e03-9ab0-c612e047219e,2026-04-15,organic,free,FR,Retail
73deff5f-6b22-42f7-a774-663825be3ab4,2025-09-09,paid_google,free,IN,Tech
49286923-6707-4e8f-afaa-fac438119200,2026-04-25,organic,free,CA,Education
d87bfa55-1f67-442e-bb0b-5e9bf147e35a,2026-02-28,paid_google,pro,AU,Retail
8964f487-008a-492e-8e24-567be50c09c9,2026-02-20,paid_facebook,free,US,Healthcare
71098d3d-bb2b-4ff5-9713-24bd38a165c0,2025-07-08,paid_google,free,DE,Education
a17fad8c-eae1-49cf-87f4-acb7a589260b,2025-09-02,paid_google,free,FR,Tech
055e427b-b997-46cf-b021-fe35b004b020,2025-09-03,organic,basic,US,Healthcare
84e11464-a1ff-4b4e-b949-3e1451dd4d86,2026-04-01,organic,free,FR,Healthcare
f53cf1b1-9e81-47d9-97bb-a02a8cdcfdbd,2025-08-08,referral,free,US,Education
be8ec042-0489-4c0d-809a-7c1ba08019ce,2026-04-14,direct,free,US,Tech
b2532a94-f9ac-44cd-b98c-8fbaf6fd6a44,2026-01-22,paid_google,basic,US,Healthcare
486a9903-affd-4d89-9ae9-e2dd1ea1f761,2026-04-30,organic,free,FR,Retail
b3263fa2-613e-446c-9119-e5e95056da47,2025-10-15,paid_google,free,CA,Retail
828d7597-6d11-4256-92b0-f065942a1c04,2025-08-15,referral,free,CA,Education
aa18dbd3-2725-4204-bb09-a8d262120f62,2025-07-05,paid_facebook,free,US,Retail
54fe564e-969e-4edd-865c-a8f2a43f2ad3,2025-06-01,referral,basic,US,Finance
e37ae0da-db1c-4030-a790-ed6a39b881b7,2026-03-23,organic,free,DE,Tech
448dcc96-89bd-49fa-8a55-5638614ca817,2026-04-16,paid_facebook,pro,US,Healthcare
13590431-547c-4759-8f56-144aea0f185d,2025-07-30,paid_facebook,enterprise,US,Healthcare
c3cb3f40-7c1d-492d-8fd7-696405dcad97,2026-04-16,paid_google,free,US,Education
53f324c7-9417-4594-83b2-8fc516867d82,2026-05-15,paid_google,basic,US,Education
69829e92-72ab-461a-8e88-f47feb853d7e,2026-04-24,paid_google,basic,CA,Healthcare
8cbbf376-131d-422c-ae50-9808b4962f9a,2026-02-22,referral,pro,IN,Retail
4759b37a-235d-4074-b021-3f3fe66222d1,2026-05-27,direct,free,UK,Education
dc29d68a-7790-42ee-859c-519fa0a0c633,2026-01-15,organic,free,US,Finance
38827b73-d088-4887-82e0-54516fdfcf33,2026-02-25,paid_google,free,US,Education
0bd9023f-6a04-4ca8-bffe-8d77ed819a94,2026-04-12,direct,pro,US,Retail
4cec009a-f9a2-4b89-8f20-42aadb276e41,2026-03-13,organic,free,AU,Tech
ceef60c8-4b63-464c-a0d3-2c3faecf339b,2026-03-18,paid_google,free,US,Finance
6d927803-3e74-4a65-a38c-469415fa5828,2025-12-30,organic,free,US,Education
c8c1b360-2d3f-445d-9201-a80fa0aad168,2025-11-12,organic,free,US,Tech
0060f357-cdfa-4dec-9504-66a7eee5d1ed,2025-06-05,direct,free,UK,Tech
2a01a87b-c092-451e-a7c5-9dd25493b510,2026-05-05,paid_google,free,CA,Healthcare
ebbacfc6-69ca-405b-b706-fd4580da69c8,2025-08-17,paid_facebook,free,US,Retail
70f1805b-9ece-4cc1-b9a4-a10ff0f755f6,2025-08-01,organic,pro,UK,Healthcare
4cd2a727-a1c8-4907-a8b9-9e6434f8a797,2025-10-10,organic,free,US,Retail
cc7b2ee0-740e-48d4-8dea-ca06756f419b,2025-08-28,referral,basic,IN,Tech
00800af0-6db2-41eb-9a5f-a24ad0424f9b,2026-01-23,paid_google,free,DE,Education
846995ac-a65f-4db6-a343-b45352078c58,2025-07-12,organic,free,US,Retail
45af9873-5a8a-424d-a066-adfdb3232caf,2025-08-28,direct,basic,FR,Retail
e3eaabb7-81d3-4626-ba9c-65243030e4bc,2026-03-23,paid_google,basic,IN,Tech
86c8f91b-a3b8-44a0-afaa-955dfb866359,2026-04-24,paid_google,free,US,Finance
011fbf47-4096-4dbe-bd9c-9f641cfe0f5c,2026-03-22,paid_google,enterprise,IN,Tech
d72f0ee2-51f7-4ba5-9b24-acca725b38fc,2025-09-12,organic,pro,UK,Tech
a6e0a1f2-601f-4b0c-9bdb-bdd5a7c8f3d9,2025-06-14,paid_google,enterprise,FR,Retail
6b2f4a25-52b2-4d83-8b5b-e17f661d1105,2026-03-15,paid_google,free,US,Tech
8d3ba2e1-c5e3-4ba8-bc20-7cbf3babee94,2025-11-26,organic,free,UK,Healthcare
d9d8b1ea-6682-4f21-9f2f-f5e7b885820e,2025-10-03,paid_facebook,basic,FR,Tech
56704aea-109f-4be2-b7ba-03b420cedc1c,2026-05-19,organic,basic,US,Education
df52202c-ff4c-4402-a279-8fbb102778c4,2025-06-23,paid_facebook,free,UK,Tech
6feda83e-91d0-4513-a74d-160dac243849,2025-08-02,organic,basic,IN,Tech
61b06567-10c1-4f6f-9e04-c126ec8f9ca6,2025-10-21,direct,free,CA,Education
203e2fa8-f422-4d37-96b1-31f9676d3162,2025-10-31,referral,free,AU,Finance
2050bd8d-90e3-4456-8324-897c468391f3,2025-10-23,organic,free,UK,Finance
8938dfcf-e43e-404c-b558-5a39ec2795cf,2026-01-11,direct,basic,US,Finance
c23b9f3e-ce3c-44c7-87cb-b798a45ee3c2,2026-04-05,paid_google,free,UK,Healthcare
f23f12df-5f05-4b11-845b-00c7e78766ca,2025-09-12,paid_facebook,basic,US,Education
f8a5b5a4-5e72-48a3-a39c-25380ea63ab9,2025-09-12,referral,free,US,Healthcare
c5bdf9af-9c2e-458a-b0a6-0fd19edfabd8,2025-07-09,organic,basic,UK,Healthcare
23048ed6-e3c1-4180-ac66-d571c61a84d6,2025-12-15,organic,enterprise,US,Healthcare
59c456e6-c941-4380-ba77-98e24e948f15,2025-10-12,organic,basic,US,Education
b8a7745d-3d90-41f4-b6de-7e015acbee6d,2025-08-06,paid_google,enterprise,US,Retail
a6f9a117-9114-465f-935b-0dc937e755a3,2025-11-26,organic,free,CA,Retail
d765b979-4837-4563-abd4-60c5ca89442c,2025-07-12,paid_google,free,US,Finance
752e313a-07c8-4d56-bde3-ad9dc7b2a38b,2025-06-15,organic,free,UK,Healthcare
f9722010-8e52-4322-b3d8-c9675c6dd232,2025-09-19,paid_facebook,free,US,Finance
cf873768-1769-43d6-a95d-475634f28cbf,2025-11-04,organic,basic,US,Healthcare
aa6d5b27-9f61-4ea0-b1a9-806d2cd1ba33,2026-03-16,organic,free,US,Finance
2cc80a6e-eea0-4ef3-a597-06a266e95894,2026-01-17,organic,free,US,Tech
46121347-dcde-4a58-a640-e8a05064dea7,2025-11-04,paid_facebook,free,CA,Education
465cf7ac-1683-4609-9f11-e0d63addb622,2025-07-08,referral,free,US,Healthcare
41e54be1-ffea-4cb1-bb13-1d6f3fde716a,2025-09-05,organic,free,UK,Healthcare
343c78e4-7455-4bed-b866-66a4920c4e33,2026-03-16,paid_facebook,basic,UK,Healthcare
de8d87f5-2ac2-4d31-9fba-e8992e960890,2026-02-09,referral,free,US,Education
ad717fb9-caec-404d-a671-08babe102ea4,2025-12-13,direct,free,US,Tech
a54c6115-f21e-4c1c-aa7e-56f2a9b131e6,2025-08-25,paid_google,basic,IN,Retail
d0951b2b-7174-4d82-948f-9ba2a7a7501c,2026-04-18,organic,basic,UK,Education
5d77f91e-c145-45f5-a385-ece44e4a8c7f,2025-06-10,organic,free,AU,Tech
c36754a4-e883-4ed7-a92d-6d6bd7c6ff33,2025-06-05,organic,pro,US,Finance
90e050e4-aa29-4e3d-ad11-4f46fd9f3ec1,2025-10-01,paid_google,free,IN,Healthcare
7c881f14-6a61-4585-aacb-e7db29fd6bbc,2026-04-26,paid_google,free,US,Healthcare
2342b71c-79de-48f8-8df2-53b33a770988,2026-05-19,paid_facebook,free,US,Retail
b98a346a-6520-4d35-9faf-d1bc21d6e3b2,2025-09-26,organic,free,US,Finance
9681bd6f-606b-44ce-8e8a-f724dee3578b,2026-03-21,organic,basic,US,Tech
1fa5c673-2271-4431-bce3-1972191c7e8a,2025-11-06,direct,free,CA,Finance
f0005cad-37d5-453f-8440-3dd3f8e38312,2026-03-30,direct,free,US,Finance
00012397-f0af-4f56-92f6-b2abdbca5345,2026-01-14,paid_facebook,basic,CA,Retail
96d1e685-207c-4568-87c2-ac043954aeff,2026-01-02,organic,free,US,Tech
1e0b32a0-cbc8-453e-9e7b-3834c5eebba0,2025-12-01,direct,free,US,Retail
0feb6fa2-5a90-4732-bd5b-d2a8e696acf4,2025-06-15,organic,basic,DE,Tech
9e0f2ede-fd28-4fae-8cfc-91e42160ee11,2025-11-04,paid_facebook,free,UK,Education
2037ae6c-0d6b-4b6a-9c67-3d9d244a3452,2025-10-14,organic,pro,CA,Education
69dac036-889e-41fc-9a17-e260ad068dc0,2026-02-16,paid_google,free,US,Healthcare
930143e6-2df7-4a70-a9dc-4610c2ed039d,2025-11-04,paid_facebook,basic,US,Retail
386ec80a-b731-4159-94a8-f06520f4df3c,2025-07-17,referral,free,US,Education
3eddffea-6290-49c9-afad-4f20d49ccf5b,2026-04-20,paid_facebook,pro,DE,Finance
8c1f1d0b-c63c-4a10-98af-4ec610ecabf7,2026-04-28,direct,free,US,Finance
d1c25661-de6e-479c-8576-4f84a6fb8e50,2025-11-20,paid_google,basic,CA,Education
5bc5ed30-708d-4566-baa3-1f08db70758c,2025-10-08,paid_facebook,free,DE,Retail
60cb7f5a-9124-4cf2-9b97-766267c74050,2025-09-03,organic,free,FR,Healthcare
c7c044ae-e1ec-4ca4-864f-2db9dc1be593,2025-09-23,organic,free,FR,Finance
c1724412-23d6-4ef6-98d0-7cf6bd2d035a,2026-01-29,paid_facebook,basic,IN,Healthcare
76fe9d7b-e96b-496a-a6a3-4aadf755bc6b,2026-03-19,referral,pro,US,Finance
db843c0b-1d1f-4cd1-926f-98df9dd0b092,2026-03-09,organic,free,DE,Tech
a9fb4d04-68b3-4619-8fb2-f5fb9a6b7e10,2026-03-26,organic,free,DE,Education
68663602-f682-4073-93de-48a34f70280b,2026-03-10,organic,basic,UK,Retail
6811165b-873a-433a-8849-253f9901d6e3,2025-08-08,referral,free,US,Finance
fa290073-d32f-4fa7-9df8-0d7f91c44ac7,2025-10-26,organic,enterprise,UK,Education
2fe1516e-6b7e-43b9-b2f9-c1e47352fab9,2025-06-11,organic,basic,US,Healthcare
b79b4191-d7cd-4a10-9e23-7fac49d7c4ef,2026-02-09,organic,basic,US,Retail
802ea916-db3c-4290-b495-c484006d0fc3,2026-04-26,organic,free,IN,Retail
58ab6ab7-e78f-4cf9-bdc0-6bd78c6b10e0,2026-05-26,paid_facebook,free,CA,Education
4da35ab5-8363-44c9-9b89-61fca0208c71,2025-07-08,direct,basic,IN,Education
b4c0a2a1-825b-47fd-815a-b577921bd329,2025-10-12,organic,pro,UK,Education
17cbfad6-6501-4e4f-b0bf-4b4fce73a22d,2025-12-17,organic,enterprise,UK,Tech
eadfff4d-e672-45a2-8412-98a1811e1d18,2025-06-23,referral,free,FR,Tech
54cfd278-4a93-4ff6-b2f2-08c7b1ad5891,2026-03-30,referral,free,CA,Retail
1c8be822-753a-40cd-9823-a3e63fb2d7c3,2026-05-12,organic,free,IN,Education
ca913151-2412-4c6c-83ee-566973695b1a,2026-03-29,organic,pro,CA,Tech
b79d931d-08b1-4b28-b091-9a9111481fdb,2026-05-29,direct,free,CA,Retail
dc8ffccf-bfd2-458b-8932-fdbb88d888d8,2026-01-04,paid_facebook,free,FR,Finance
370e3bea-d317-42a5-9b5f-b2090a878a4f,2025-10-19,direct,free,US,Education
039faef9-35ed-462a-94cd-54ca5c3cb23e,2025-09-12,organic,free,US,Tech
1774046a-49d2-49c1-8d33-dabf35970d38,2025-12-27,paid_google,enterprise,US,Retail
4a35a223-4024-4241-a92a-5a7bec9d1872,2025-09-19,paid_facebook,free,IN,Education
8b0eb6fc-9f0e-4e1d-b5a8-02401014c1b2,2025-09-12,referral,free,DE,Retail
1cc5b6a9-31f5-4bbc-8cf7-182c9503a341,2026-04-12,direct,free,US,Finance
93f41a2f-1c2c-4f12-9cb3-d564a28965b6,2025-11-18,organic,free,US,Retail
f009b379-6dd1-479b-ac35-5e61ba357aa4,2026-05-22,paid_google,free,UK,Retail
9e5a8551-1122-4386-96fb-3f9cf0370119,2026-04-20,organic,free,FR,Finance
3a22a925-c310-4d3c-a5de-c4e1eaacf38e,2025-10-11,referral,basic,US,Healthcare
77b9cab6-cbc1-44f5-a548-1f13c04a12d5,2026-03-20,paid_facebook,free,UK,Education
e29c4320-1b63-47a9-ba99-68376e813748,2026-04-24,referral,free,US,Finance
b9b42755-be2b-4061-acd3-f614e53283c0,2025-10-05,organic,free,FR,Finance
a7536d3b-f265-4ce3-90b9-6997c1faa99f,2025-09-14,organic,basic,UK,Education
45e93f88-4bca-43c2-8afe-9be91813d29d,2025-08-31,organic,free,UK,Retail
03956b67-f8f9-483d-b2bb-caf8d0db43ee,2026-03-14,organic,basic,US,Tech
a75e7aa1-2356-4582-bef6-3d218e7c49ac,2025-07-21,organic,free,CA,Education
31476df3-88ff-49ea-b707-9a94d062f49c,2025-06-29,direct,basic,US,Finance
fbeac734-fb23-43e0-bfab-89febad2bdb3,2026-03-23,paid_google,free,UK,Retail
e9093da9-98f6-4cf4-a177-bf9ee0fa3888,2026-03-24,paid_google,pro,UK,Healthcare
832f85f3-3488-46bc-9b17-fa862eaf1145,2025-12-31,referral,free,UK,Retail
24a40de4-7a98-402e-88e3-baac6630da2b,2026-02-22,referral,free,AU,Tech
359c47bd-8447-49bd-b52f-447f9e9839d9,2026-02-12,paid_google,basic,US,Retail
79669e34-fe48-413c-8838-d361e18e9983,2026-03-29,organic,free,US,Tech
d654b340-5cd7-47e4-a5df-233b7fa5982c,2025-09-09,organic,pro,IN,Healthcare
a4f99ae6-dfc3-433b-836b-1f4b2a9e6016,2026-05-12,paid_google,free,IN,Healthcare
8b5321c4-9034-40ef-a497-afd0508decbd,2025-09-18,paid_facebook,pro,US,Retail
c84159aa-0a36-432c-b5bb-228e388b6c90,2025-11-29,paid_facebook,basic,US,Education
b70b4678-4c01-4b8c-a94d-c2d42ade0fd1,2026-04-09,paid_google,enterprise,CA,Education
ed61542a-78d6-4ef3-97cf-886831657f36,2025-06-01,referral,pro,US,Education
9bf60a02-5baf-43a0-8f98-f78ec0ee4606,2026-04-15,referral,pro,FR,Healthcare
4d0fbf60-d3d0-4c78-a830-454169231f86,2025-07-25,direct,basic,CA,Tech
b45e3881-f46c-4960-bda9-5345c277df54,2025-10-27,referral,free,AU,Finance
14671bdd-32dc-46e7-8c2d-25258d074bd0,2026-04-05,organic,free,AU,Retail
4eff7160-a02a-4111-b369-9153878cf1ea,2025-10-15,organic,basic,UK,Tech
78e1582e-3d76-4b7d-906a-db5104ce76e9,2025-12-19,paid_google,enterprise,US,Finance
68697000-b5ed-4bca-bb59-c0b5d332dffb,2026-04-09,paid_google,basic,UK,Healthcare
2fac4938-15f7-4266-adbc-d4b8d6037fe4,2025-09-25,paid_google,pro,AU,Finance
42b7e794-a34e-414c-a88f-13255ff0ef16,2025-11-01,organic,basic,CA,Healthcare
997255b1-c62d-46d8-ac36-089ba73a770b,2026-03-18,referral,free,US,Healthcare
bc940953-29b8-4ad6-980c-92dab4a17797,2025-08-02,organic,free,CA,Tech
d6560406-c4a1-45e3-b5b6-4c244368e6c4,2026-01-30,direct,free,US,Education
f21f6260-220d-4167-995b-7b6ad80a98c7,2025-06-25,paid_google,free,US,Education
680d032a-1067-4946-b5fa-33dc78ea1920,2025-08-29,organic,free,US,Tech
f5427f0f-a680-46eb-883b-62bee43a7f66,2025-08-14,organic,enterprise,US,Retail
00a5d24c-307f-4a93-abf8-5a501af1836e,2026-03-21,organic,basic,AU,Healthcare
00be6bdd-3b8a-4319-9b8b-5f3b1cbc89e7,2025-12-27,organic,free,US,Retail
dae514c7-0362-416c-983d-af7344005cc2,2026-05-13,paid_facebook,free,US,Healthcare
1ad0c33c-0fd2-4193-a3b8-af4cd4fb88d5,2025-06-17,organic,free,CA,Healthcare
87f34fdf-7d20-4535-8787-e2dbcd1f1ff5,2025-10-06,referral,free,DE,Education
a5e9df29-940f-4553-b629-33367bd29e07,2026-05-30,organic,free,US,Education
4137f928-9ca5-47f1-9256-863977e931c1,2026-02-06,organic,free,CA,Healthcare
3801533a-2a6d-4d1a-b7b3-147a1f16c23c,2025-11-26,referral,free,US,Education
4de1748c-f7e6-4779-b0ba-858927109e7a,2025-11-29,paid_google,free,US,Education
4d893861-0e65-455a-a0fa-9f6295d2ce17,2025-10-30,paid_google,pro,US,Finance
21d95bf1-189c-43fa-ac61-fb8a1283ea9f,2025-06-25,organic,free,CA,Finance
10824350-da3b-4781-8d0a-85e044f89bb1,2025-11-27,organic,free,IN,Healthcare
a61821e6-8f68-4287-93f9-37c449929dd3,2025-12-15,organic,free,US,Education
61c1b5d7-4260-48c4-8cb4-8faf0781fb93,2026-05-10,paid_google,free,US,Finance
e277ed3e-c252-4b5c-9ac4-6fb47c1b271a,2025-11-08,organic,basic,US,Retail
1e15de6b-c68e-434d-ad60-82efc7bd2699,2025-11-24,paid_google,basic,AU,Healthcare
919ce090-0e18-47a5-b394-2ba0679ce4cc,2026-03-12,referral,free,CA,Healthcare
51ec2ca5-8720-41f1-ab54-c3dcc6d49789,2025-08-02,organic,basic,IN,Retail
2860ba58-9d59-46b2-b2d4-96b21765a70f,2025-10-28,direct,free,UK,Healthcare
7576acdd-e19d-4a78-94c4-c3234fbb8127,2025-11-01,organic,basic,UK,Education
da7ab458-d150-4826-92d8-3f0bd721f108,2025-11-03,referral,free,US,Finance
f1dcd5bf-bc33-42a3-848c-05803090eba1,2025-07-19,referral,free,US,Tech
c37db650-8083-4a80-bfb4-ea326c6bafac,2026-05-03,organic,basic,US,Finance
6640a5d0-f40c-4a1b-9a7a-36808cf38f28,2025-08-23,direct,basic,FR,Retail
7a8e8c27-477c-4a9d-bd6e-5bd78d9abce4,2026-05-27,paid_google,basic,AU,Tech
1ced3355-21ba-489a-9cc8-c3bfae7e9573,2025-11-24,organic,free,CA,Education
48bd62fe-8aa6-4876-b5c2-f805a1ff7c6c,2025-10-26,paid_google,free,US,Education
c4df76ae-7d33-4ddf-b87b-c69fc3cb494f,2025-09-26,direct,enterprise,US,Finance
db1285e9-73eb-45a9-a332-22e5470eebd6,2026-05-08,referral,free,US,Healthcare
97b26de6-b084-48ac-8612-c4545709327f,2025-08-02,organic,free,UK,Healthcare
b897b40c-9014-4051-adad-366bbee9f104,2025-12-06,paid_google,free,US,Retail
de16975c-b534-45a7-a193-d5cbd3b768c6,2026-05-26,organic,free,FR,Healthcare
471142fa-8ee7-4564-99f0-a4a5f073d1de,2025-07-19,paid_google,free,IN,Education
062bc8c5-78ce-43ab-9f92-d9e75472fe4f,2026-04-23,paid_google,free,US,Tech
1fa95762-3777-41be-ab4d-7550f9202368,2026-02-12,organic,free,US,Finance
894f97bf-36fb-4e52-adf1-fd37889514e2,2026-01-10,paid_google,pro,US,Finance
a657a3b7-2edc-4e71-b681-dab4ad4faf39,2025-10-19,direct,free,US,Finance
446b6aa0-3cca-4adb-b107-bb3bc7fff029,2026-01-01,paid_google,free,FR,Healthcare
1792f158-f962-4a04-8757-89a1c7dc441e,2025-12-28,referral,free,IN,Tech
58bda454-645e-4f9d-9a51-3f80a370699b,2026-04-14,organic,basic,US,Healthcare
a6202809-fefb-4329-8a3d-08ed919c7c4f,2025-07-02,direct,free,US,Healthcare
1b8a3518-633d-4403-85fc-02eb398a1b4a,2025-11-05,organic,basic,US,Education
d63ac1b6-7506-4f48-adda-74147b025dc0,2026-03-12,paid_google,free,CA,Education
4721c9d6-1166-4694-8af9-d9f3acd58491,2026-04-01,paid_facebook,basic,UK,Healthcare
2bdd6260-aa42-45af-980e-8964bcda6d60,2026-03-13,referral,free,US,Retail
6ae95245-25aa-46f9-b4d4-8361780fa49a,2025-10-22,organic,free,UK,Retail
b7d71375-01d8-4cc0-ab38-b73627232c64,2025-06-19,paid_google,pro,US,Retail
68089d9c-b970-48c0-bf31-798a4e30e023,2025-06-18,paid_google,basic,UK,Healthcare
69970f95-1f64-412b-bbcc-64d82510be81,2026-02-12,organic,free,US,Tech
3c26791e-73d7-4b62-a9ec-9f71aa077786,2025-08-17,paid_facebook,free,US,Retail
4ba8fc3b-a6e9-4af7-8f29-438a22dfd2b2,2025-11-22,organic,free,US,Education
904ae4c7-c367-4c1a-91d9-8a3df359d0f2,2025-12-11,organic,basic,US,Finance
37648054-b516-42a0-bac2-a6cb033568da,2025-09-21,organic,free,US,Finance
b3cd6314-3cb4-4902-a29b-58ab82778864,2025-09-22,organic,free,DE,Healthcare
96eb39e4-9d72-4ae2-bb01-20df3115eb0c,2026-01-08,referral,free,US,Finance
ec326582-84a7-4135-94c3-ed26845d9bea,2025-11-13,paid_google,basic,UK,Healthcare
79a41734-319d-4a2b-b6a9-4ad924f69463,2026-04-15,paid_google,basic,UK,Finance
0b46a0df-3206-45fa-b526-eff3612158b6,2025-10-10,organic,basic,US,Tech
af2e451e-b7fb-4e2d-a839-d9f12b43142c,2026-02-19,organic,free,US,Tech
9bee0dc6-c22c-44da-9c9d-09776e69f673,2025-07-25,paid_google,pro,DE,Tech
c8be6a4e-c933-4bfd-a97f-52757335057e,2026-05-25,organic,basic,US,Tech
95275464-828c-49b9-b507-b8973b0cfca4,2025-10-09,referral,pro,FR,Retail
0d70ca4b-2cd0-4aad-84a1-ce822b3a4598,2026-03-15,direct,free,DE,Education
e7d0f394-68ca-4269-a80b-8b3c7764fbc7,2026-02-21,referral,free,DE,Tech
26c8c4a2-adcf-48d2-be94-35413ed33e2e,2025-11-09,paid_google,basic,US,Retail
f1847387-722f-409c-9b98-97252620e7d3,2025-08-26,paid_google,free,UK,Healthcare
a39f0272-f227-464b-8ded-7efaf2992a3c,2025-07-25,direct,free,CA,Finance
58c56688-5260-449e-a54b-5307acc801ff,2026-03-15,paid_google,basic,US,Finance
7880a13d-67a6-471a-b306-ded24d00de88,2025-11-25,paid_google,basic,UK,Retail
b6bf8779-357a-4634-9436-84276438e0f6,2026-05-15,paid_google,enterprise,AU,Finance
47d22fae-a49f-4ba4-847d-611987ee05c0,2025-06-08,paid_facebook,basic,FR,Tech
f62a1d11-3df4-4893-8751-bd66ac2d8328,2026-04-17,paid_google,free,US,Finance
2a279627-77e4-4b5a-862b-dd9a7ca983e2,2026-04-09,paid_facebook,free,US,Tech
5cb10f92-341e-476e-a7ba-946d19d04043,2026-02-02,paid_facebook,free,US,Tech
91d69b53-20a2-45a9-9393-9ae7b5d427f6,2026-04-19,referral,free,US,Finance
9b4ec9e9-b8a6-4349-a189-c6f0123c64d7,2026-02-10,paid_google,free,US,Retail
c88eca0c-0bab-487c-a892-f7b59ee8e96a,2026-04-24,paid_facebook,free,IN,Healthcare
6bd29301-96a4-478b-b527-2e8da9e0003e,2025-07-24,organic,free,IN,Retail
0e4d9c4e-b5fa-49a4-9452-e7d6488fc295,2026-02-04,referral,basic,FR,Education
51f8f572-9865-4062-9b00-a94033512243,2026-01-25,organic,enterprise,US,Education
1192d240-13bc-48fc-b5f5-7e6e6d7a86da,2026-01-15,paid_google,basic,UK,Tech
0ed3f95a-ff04-444b-96c2-3340a6417136,2025-08-06,referral,basic,IN,Tech
9755dde0-c60a-4ad5-a479-53291eba0f81,2025-07-21,paid_google,basic,DE,Retail
235b7f4c-8669-477e-b6a3-1f6326d5f1d5,2025-09-05,organic,enterprise,DE,Retail
dd5972d0-af44-476c-8fca-f15bda810120,2025-08-31,organic,basic,UK,Tech
8ecdd826-899c-4c92-8c70-a9af307fb080,2026-02-19,direct,pro,FR,Healthcare
530747e0-75fe-426d-8a92-63bb0126b9dd,2026-03-18,organic,pro,US,Healthcare
6afb5a99-a234-45d6-be7b-1430048276fb,2025-09-04,organic,pro,FR,Education
36620b0c-ff96-4f45-987c-4a2df7090e68,2025-08-27,paid_facebook,free,IN,Healthcare
10645051-abad-477d-b4bf-9a03bc181303,2025-08-17,paid_google,free,US,Finance
2828ce49-275d-4124-a2d0-cef7efca588d,2026-03-15,paid_facebook,free,FR,Tech
b062b661-77e4-44b9-a465-5b234dcb3b0b,2025-09-28,paid_facebook,free,US,Retail
3796fa7e-1433-47b1-8320-8de6f3921300,2026-03-29,referral,free,FR,Tech
e8dd4228-b0eb-42ec-a30b-30b40631f1e2,2025-11-12,direct,free,CA,Finance
d463c6f1-8b6d-47a5-907f-b508768f3c31,2025-11-29,paid_facebook,free,CA,Healthcare
d99fed67-bfd1-4622-a1a7-e71747d04502,2026-01-09,organic,free,US,Tech
d53dbca9-39fd-4b6e-b850-5276a763ac52,2026-04-07,paid_google,basic,US,Finance
8b7f92bb-fca3-4387-98c7-7e63e2b3bed3,2025-06-07,paid_google,free,FR,Healthcare
abfb5fc7-6ae7-4b00-98e1-82e7385c9c99,2026-04-26,paid_google,basic,US,Education
611285cb-8449-402c-a287-2df571b3a6ee,2026-02-18,organic,basic,AU,Education
b61f30a2-31da-4929-93f8-5df90ad8cb85,2025-11-08,paid_google,free,IN,Education
03c85b74-f89f-4f68-9edb-df33717e6b2f,2025-10-29,referral,pro,CA,Finance
e0d6c0df-6413-49c9-8a8b-12fdf308e7b8,2025-08-24,paid_google,free,CA,Finance
d09ca5cf-d2ff-46fc-93d9-3fb469377f02,2025-10-25,paid_facebook,free,US,Retail
aac585b2-0ae1-4f0a-8a5e-5df1a24f8b4e,2025-09-20,paid_google,free,US,Retail
3ec00d77-4ae0-4b13-92a1-4fe10edac625,2025-07-06,organic,free,CA,Education
61bfa163-aa62-488f-8418-7cae7846a62e,2026-03-12,paid_google,free,DE,Tech
50e8847b-b4d7-46e1-b0f9-3fbdf560839b,2025-12-05,organic,free,IN,Healthcare
f74128cf-b284-46c8-8914-a57da4ba133d,2025-08-21,paid_google,free,US,Retail
e2e12fff-46cb-415d-b320-30c4b71d587a,2025-06-02,paid_facebook,free,FR,Healthcare
256ff24a-ba24-4dbf-b26f-3ad5c1e84f60,2026-03-30,paid_facebook,free,CA,Tech
2db0a574-c514-4d63-aff4-5ecc738daf02,2025-12-14,organic,basic,UK,Education
c6bc33b2-f66a-4e68-b9e7-69f9091fd1bf,2025-06-11,organic,free,IN,Healthcare
40b127fd-f993-4612-91f9-4837d75947ee,2026-01-20,paid_facebook,free,CA,Education
d61ab265-b772-4db7-a4da-39a96d6fcf58,2025-12-12,organic,free,IN,Healthcare
8c5747b7-0892-4814-91d3-4805e5861423,2025-09-27,organic,free,CA,Tech
3eb06209-628c-4396-bcf2-b7b8324784f7,2025-06-20,paid_google,free,US,Retail
0aa60a19-e7ab-4a72-ab39-ac3fad7703e6,2026-02-16,paid_facebook,pro,UK,Finance
f84d13f8-c184-4750-b4c8-ac4a743efce6,2026-03-20,referral,free,US,Education
d426c02c-f478-4a52-80a1-1808756208b6,2026-02-11,direct,basic,UK,Retail
e0458612-9947-4e3a-bb44-9dcfbe83bd60,2026-01-08,organic,pro,US,Healthcare
f319936c-c887-476e-a406-c6d206bb0dbf,2026-01-12,organic,free,US,Retail
8f0afa6e-ff63-4e3d-a167-e65d1bd1b2f8,2025-07-23,paid_google,free,AU,Finance
78b4ca22-5196-4af2-976c-1255f74f3716,2026-05-21,referral,enterprise,US,Education
89b7e270-e9a8-46ac-abd1-04fb7aa90f8b,2026-05-08,organic,basic,CA,Education
c68f0844-a692-4228-ac63-c9483fda6d1b,2026-05-30,paid_google,free,UK,Retail
39e944d0-3bd5-46a7-8893-79db9fd24373,2026-03-07,paid_google,basic,US,Tech
07dea051-4553-4885-8aea-3082d0d64dac,2025-08-20,paid_facebook,basic,UK,Healthcare
ea7dd58a-63cd-492e-9b46-0b944d701913,2025-12-19,organic,free,AU,Retail
cbdb0954-064b-4745-b80c-7e374678b424,2025-11-05,direct,pro,US,Tech
c5c8680b-0376-4cf5-bf4f-f25596eea703,2025-09-28,paid_google,free,US,Education
fe1f0ce8-5797-4a46-82da-2b23643f3953,2025-07-29,organic,free,US,Healthcare
76d0fb85-37c3-47ec-af90-45bb5e206a97,2026-01-01,organic,enterprise,US,Education
b8632913-3f8d-46bc-8c13-0aab2ce6559c,2025-10-06,organic,basic,DE,Finance
8825a8f3-b21c-40eb-b6aa-0e525fbe98e8,2026-01-10,paid_facebook,free,IN,Tech
f1d66ff9-4e99-4e3a-984a-66d7688bfc51,2025-12-26,paid_facebook,free,US,Finance
ca553306-58f7-4a9c-b0ab-d6ebfd7ab568,2025-09-23,organic,basic,US,Finance
d58dcb41-9807-4e64-986f-0f312cc9536f,2025-12-26,paid_google,basic,US,Finance
3493563b-0be1-43b6-9ee6-aa2c095fe7bf,2025-06-14,paid_facebook,basic,IN,Tech
ed074b1e-2a6e-4f73-b506-a1205c9746e3,2025-06-09,organic,enterprise,US,Healthcare
64084ca7-47ab-4465-ae0f-5cf1f6270da9,2025-07-10,paid_google,pro,IN,Education
d38f8f14-7b20-4e81-8af4-a7e213f4b6fd,2026-01-23,organic,free,CA,Healthcare
38330cd1-adad-4612-a1d3-5cd98073e1cb,2026-03-08,organic,free,US,Healthcare
f390d9f5-ee97-40cc-8cf2-e56d3db923c8,2026-05-25,paid_google,free,CA,Healthcare
29d445f9-ce50-4546-b06b-39c1acca1558,2025-12-18,organic,basic,US,Education
448b5c9f-cdb7-4a4c-aa70-da4263c61cc4,2026-02-01,paid_google,basic,US,Education
5c085fe1-1c22-4a2a-854a-d70d97052db0,2026-03-05,direct,free,US,Tech
968ba966-0c66-4d4b-b724-ad63e4770894,2026-01-21,organic,free,US,Retail
69d823b7-0196-49fc-aec4-792700e57ee4,2025-06-04,organic,free,AU,Education
c34282ba-7bc2-4833-9be1-c619cf73a200,2025-11-01,paid_facebook,free,IN,Education
9faf43a8-dd1c-4127-afc0-ff468b13fed9,2025-06-29,organic,free,FR,Retail
aa6bffe7-c30f-4551-b10b-6bf03d8f08f6,2025-09-17,organic,free,UK,Education
129d6a1c-c137-4bdc-897c-7a455d7e9897,2025-09-06,paid_google,free,US,Healthcare
9e65233a-96bd-4722-9aaf-2669319c2763,2026-01-01,direct,free,US,Education
278d07a1-3cc7-4050-bbdd-1498eefacf77,2026-03-20,organic,free,AU,Tech
ea008b4e-8eae-4b1d-816a-7a9e680b7a03,2025-08-14,direct,free,US,Education
e453e70f-83e1-4654-b2de-88e3500b171f,2026-04-22,paid_facebook,basic,UK,Retail
24c5b62b-a29f-4f4f-8170-e0928ed38505,2025-10-24,paid_facebook,free,US,Healthcare
edb41a66-7210-4b78-8a4b-119662e89a88,2025-10-06,paid_facebook,basic,US,Retail
c2d88e8c-f2e0-4503-ad86-62b5e2b8a031,2026-05-07,organic,basic,US,Education
2ae3c49a-dfc5-48fe-a7cb-d5f603a27873,2025-07-12,organic,free,US,Education
f232fc1a-ca1c-44cf-a597-f185be3b2c08,2026-05-22,organic,free,US,Tech
e16b3c0a-a574-4605-b60c-e76acf27b60e,2025-07-11,organic,enterprise,US,Healthcare
671c286c-6511-4831-bcf0-5b4d422653aa,2025-07-04,direct,basic,UK,Education
af95bd7b-fba4-4fe2-a555-2c8d9e47dcd8,2025-06-17,paid_google,enterprise,CA,Tech
dae04a07-9653-44f6-bde9-f665d0aa3fd6,2025-11-12,paid_google,basic,UK,Tech
4c3f4a23-d537-4118-9616-dab8d7f7414e,2025-10-31,paid_facebook,free,US,Retail
950a204a-0a14-4feb-b6c2-4f1bcead9a58,2025-08-15,direct,free,CA,Healthcare
59de4daa-446e-4d12-a6e1-fb6b96fbd1cb,2025-08-26,direct,free,US,Finance
e7b828e0-f78d-4e5f-8466-909e923df054,2025-09-25,paid_facebook,free,DE,Tech
8320cf1a-2b8f-4881-b1b3-76947086f670,2026-05-28,organic,free,UK,Finance
5a3e7072-0a89-4933-a7bc-58018aad7e94,2026-05-08,organic,basic,US,Retail
db43ef60-ba20-452c-b82a-11eb45b177c0,2025-06-27,organic,free,US,Tech
4f46e0d0-db3e-49a1-98e8-d3fc3b5f68b6,2026-04-09,organic,free,IN,Healthcare
2fdc609c-76d6-49fe-9014-33dc441ab7b0,2026-03-14,organic,basic,US,Finance
03bc87f0-5ff4-42bd-b0a8-54f92464a80c,2025-10-12,direct,basic,US,Healthcare
c0d9950c-88a4-415e-a499-aa27695efd7a,2026-01-05,direct,free,US,Finance
4ca5431c-8cd9-4c20-9a73-c50de26432f8,2025-11-15,paid_facebook,basic,US,Retail
f9acef6a-d910-4b43-83db-dfec4b118a47,2025-09-06,paid_facebook,pro,US,Tech
a2beae10-6274-4a1d-bbc2-b085052415c7,2026-02-23,paid_google,free,US,Tech
68fe7cc9-39db-4de4-9833-32b9a6277e0b,2026-01-23,organic,free,AU,Retail
e579f9d0-f99d-4506-85f0-389d8ac9b757,2026-04-05,direct,free,US,Education
dcad9da0-98c8-410e-a5ea-94834130ca39,2025-11-20,organic,free,IN,Finance
b62a0907-f987-4ef2-b8dd-426176f9c1c7,2025-12-07,paid_facebook,free,UK,Finance
977db9d9-0dc9-41e7-83d8-559d5224bdf3,2025-09-30,organic,enterprise,US,Education
a78e4ac4-73b8-476f-9aa7-9a4a1c97cd3a,2025-07-16,referral,basic,FR,Retail
b868d3a0-c58e-4ce0-9ed7-2650b94e8405,2025-08-03,paid_facebook,basic,IN,Healthcare
1a33b592-9fd0-4207-bb50-34c348e78d9d,2025-10-08,paid_google,enterprise,US,Healthcare
2620073b-fd3e-414a-92c7-c6158af7e510,2026-04-06,organic,pro,UK,Retail
6d8bd031-4d5a-4c25-9c93-a941b3807680,2026-05-29,paid_google,free,DE,Healthcare
c1334d43-a871-4e33-8c29-b089e98e7520,2025-12-10,paid_google,free,FR,Retail
3e2603e0-4701-4039-8056-1934e9fa2424,2026-04-03,organic,basic,IN,Finance
0ea66207-da5e-4ed4-abe4-0bdc8f84c217,2025-11-28,referral,free,IN,Finance
770a4482-dafd-4497-84cc-f2ce41800b15,2026-03-19,referral,free,US,Education
099ec589-85a9-43b7-bf1b-665bd97da956,2026-03-09,paid_google,basic,FR,Retail
679427a4-0a3b-4078-bf62-9e58c0215e9f,2025-06-29,organic,pro,US,Healthcare
700a2cac-6146-4ffb-83f1-3d0b08502284,2025-10-27,referral,free,US,Retail
12859694-8b86-4989-b6aa-eef353a348e6,2026-02-22,organic,basic,FR,Tech
f985dcc1-eac1-4cfe-80bd-62bdda7e1686,2026-03-23,organic,free,US,Education
44f70674-c715-4a8e-b612-a125a3571569,2025-06-11,organic,basic,UK,Tech
b6d43d3e-6374-43cd-8318-9ff360769a1b,2025-11-11,organic,free,UK,Education
b081fe7e-9f39-490c-807f-0958c58d59e3,2025-09-21,paid_google,pro,AU,Education
69b9ddc6-91e5-4ff8-914b-87e376e87e06,2025-12-04,organic,free,US,Education
23ee3b27-057a-4fc6-b822-3a071a1b23fa,2026-03-22,paid_facebook,basic,UK,Tech
1747bec0-6a78-4900-af82-e61e7dab8490,2026-01-18,paid_facebook,free,US,Education
543dac7f-fbd4-41a4-9c0d-8ada7e6ff112,2026-01-13,paid_google,free,US,Retail
a9be31f1-661d-4937-b10c-c167ae61d988,2026-04-06,organic,free,AU,Retail
04baf7ef-c8a1-491f-983a-4cf53950266b,2025-09-06,referral,free,UK,Tech
4ff6213b-b07e-4937-9959-fe58447d7704,2025-07-25,paid_facebook,free,US,Finance
bdfe4509-7c77-4bea-aa14-24c2142154cd,2025-09-19,organic,free,US,Finance
90b68132-5e8d-43e9-aeb4-2f488e7ddbab,2025-10-30,paid_google,basic,US,Tech
3c8f480d-6143-4b4b-a2e5-01abc8a43478,2026-02-01,organic,basic,UK,Education
bd8800a7-985e-4da7-90c1-8c5b340ccd35,2025-08-08,organic,free,US,Education
d3995507-4896-4e61-8877-4c89ca54d6c2,2026-04-08,direct,basic,US,Education
74c16a9a-1593-413d-af77-20e3305455ed,2026-03-16,organic,free,US,Tech
c352faa6-bd50-4584-8d2a-7b0e70bea1f9,2026-02-05,paid_facebook,free,FR,Education
0105079d-1dbf-453e-ae6d-cbd5fcc83b8c,2025-07-06,organic,free,CA,Retail
4412685c-8955-4199-bcb1-a6cd7aa0bbea,2026-01-25,direct,free,UK,Education
5d336d12-f1c2-4be5-ba3d-954dca9b4777,2025-10-26,organic,free,US,Tech
29438204-2710-43f5-8fc6-09bd07442fd0,2026-01-13,organic,enterprise,UK,Education
2e0d3429-e1ac-4e98-9c29-c822c24fbbcd,2026-01-30,paid_google,free,FR,Retail
348d2d62-54d7-42ef-9abd-c023658f78ec,2026-05-03,paid_google,free,UK,Tech
8f24043c-94dd-4780-9f2c-0e4dda1e8c98,2025-12-18,paid_google,free,US,Finance
58504372-ab97-41bf-8052-4a5af8cceee4,2025-11-01,paid_google,pro,FR,Tech
2e21cfc5-05e1-4bc0-91a6-5d34ddde4c4e,2025-08-12,organic,basic,UK,Healthcare
dcc6a141-fedf-49a2-b062-9551c91c1730,2025-12-18,paid_google,basic,US,Finance
a98c3e4f-5452-49a0-996d-7def7767e4b3,2026-03-23,paid_google,pro,UK,Finance
618ca7ad-8c2a-4542-b6eb-c630b7358973,2025-06-17,paid_facebook,pro,US,Tech
a3ba99bc-28af-4acb-8af2-83d21cb7619f,2025-10-07,organic,basic,US,Healthcare
88a9f90a-c15b-4c2d-bc7d-5256f2875fa4,2026-01-03,paid_facebook,free,DE,Finance
8c1c594a-2c21-470c-8eb4-3d8a372557b1,2025-07-31,direct,basic,US,Education
3eac75a8-72b9-4c15-b9f4-03abe54c5d7d,2025-09-12,paid_facebook,free,IN,Healthcare
5a83fc31-da9b-4cdc-b112-522efeb51e98,2025-07-12,organic,basic,FR,Healthcare
fb0d3de3-f491-4266-8628-e1f3412bc76e,2025-06-25,paid_google,basic,CA,Tech
ed528895-fcdd-4e41-8034-0531ce57f002,2025-07-09,paid_google,basic,CA,Tech
3f35cc9e-d4fa-4d82-a0a6-b9f772f23b3c,2026-03-18,organic,free,FR,Tech
d225edb0-0adb-4cb3-9739-4fd65420e252,2025-10-09,paid_google,basic,UK,Healthcare
4a2dc9f5-ce19-4a95-8d17-172b85379a35,2026-01-15,paid_google,enterprise,US,Retail
da7b1465-aaad-412c-8f36-e6aad35159ff,2025-09-16,organic,free,FR,Tech
7958e9ee-d2c0-4b91-bd86-1ddc497d7380,2025-11-19,organic,free,US,Retail
b6bedee6-23b9-4db8-b83f-e7cf88a9f576,2025-09-10,organic,basic,US,Finance
bcdc20d1-dccb-46f0-a938-c2b978edb54f,2026-05-20,organic,enterprise,US,Education
cec10f62-aebf-450b-8913-2bb7af0d45c7,2025-06-12,organic,free,IN,Education
a34ce478-0b0f-45b8-9b9c-50cdf4a56c8c,2026-03-02,organic,free,FR,Retail
a1db3bd3-2d4e-4b05-9c72-86b29644e3d3,2025-09-09,organic,free,UK,Healthcare
909c40df-4994-4cca-bf58-94b88da74b83,2025-07-14,referral,free,US,Education
225a31c7-bdcd-4a7b-902c-e1d4514fd642,2026-04-01,paid_facebook,pro,US,Retail
8ad8ee53-25cc-451d-8d3c-74f18cc48ebb,2025-06-17,paid_google,basic,CA,Tech
fdc63e30-65f7-405f-9f6e-cc0406c04fd4,2026-04-26,referral,basic,US,Retail
ccc487de-c500-4bd1-9f53-8186e5500139,2025-07-27,organic,free,UK,Finance
4bc35ac8-0b2c-4ac0-a930-2577bca14c2c,2026-04-07,paid_google,basic,UK,Retail
04b9e82a-2c51-4266-b631-e04847f41aa7,2026-03-30,organic,free,IN,Tech
b84cb866-f88d-4d81-9166-b0045ddbb8df,2025-06-12,referral,free,CA,Retail
7e583366-6197-467f-9e11-1ead0ab061d8,2026-04-14,organic,free,US,Tech
597edd36-e95e-4a3c-902c-077378517ee7,2025-08-19,organic,free,CA,Tech
8bb88774-1214-4f6f-a652-a655b6986684,2026-01-02,organic,free,US,Finance
e15077bd-53aa-453a-9c08-e95ef192d9b5,2026-05-05,direct,free,US,Finance
5dc5f6e2-b422-4d81-8825-09dec224803c,2026-02-19,organic,free,US,Education
b48eded3-2afb-4cc8-9fe8-d1bf0503f9b0,2025-10-27,organic,free,US,Tech
2fa9e14a-3d0d-4385-acf9-4508911f5557,2025-08-20,organic,basic,US,Tech
15e6d607-d7b3-44bb-a98d-88d2225acba4,2026-01-01,referral,free,US,Tech
e2f5edf1-ece2-4a25-8361-272d518a3669,2025-12-15,paid_google,pro,US,Education
b0e97b84-740b-4f0c-8b76-fae801a199cf,2025-12-17,paid_google,free,US,Healthcare
cc6e8832-8e24-43b3-bc90-402fec5d3009,2025-06-25,paid_google,basic,US,Finance
2ff84941-06b8-42f0-b621-f9bd2e1256b0,2025-08-28,paid_google,pro,US,Finance
e77cf3a3-7a8c-4a27-86fb-79184dfffd8a,2026-02-23,organic,pro,UK,Tech
ae98613c-f0b1-465c-853c-eebf8ed6d022,2025-10-21,organic,pro,IN,Education
33a0e272-0aae-4f2b-85af-6c3cfb15db45,2025-07-29,referral,free,US,Tech
a7c510e0-e542-4cea-a1ff-2e915a8a1fc4,2025-06-26,paid_facebook,free,CA,Finance
ec1e61ee-ee82-4825-998b-0ddfad2fd9c0,2025-07-17,direct,free,UK,Education
d6b08ee4-be0e-463f-bbf5-ff66676e6aca,2026-03-15,paid_facebook,free,DE,Retail
db0f7989-6206-4b33-ac91-75855500dca1,2026-02-21,paid_google,free,US,Finance
b5b8c1b7-f6b3-4acc-9b93-d174a5f48a34,2025-06-16,paid_facebook,pro,UK,Retail
e6900b14-68d3-4861-98ae-f0632d553ae6,2025-12-16,paid_facebook,free,CA,Healthcare
a88d1471-d2f5-41e6-a278-0a750f68fdb0,2026-03-09,organic,basic,UK,Retail
f594c42a-cc49-46ae-a28e-a4c35cd66f97,2025-08-25,organic,pro,UK,Education
bbc12a6b-4fc8-4d37-8342-02c3a263b5ff,2026-02-05,paid_google,basic,FR,Retail
c71b53d8-91c7-4052-a5a7-b7ef4c085c01,2026-02-25,organic,basic,FR,Healthcare
17fbb5ce-f1e6-4567-b2e1-5ca4346bb9fa,2026-05-01,organic,basic,CA,Finance
951c940e-d94c-4445-993d-eb49eec1b701,2025-09-25,direct,free,US,Healthcare
41520756-7861-4d03-bab0-de34611c3291,2025-06-07,referral,free,IN,Education
dc939ae6-bd6f-4008-b4ff-ae0875a7a4f3,2025-10-15,paid_google,enterprise,UK,Retail
7d290bc1-06c8-4b0a-8fef-defb152b04aa,2025-11-23,paid_google,pro,FR,Retail
6fd95efd-ee6b-4697-9030-fd155122b91c,2026-04-24,organic,pro,CA,Education
04168107-7e02-45a5-8030-0575eed2f269,2026-04-11,paid_google,free,US,Tech
15ae61ec-a667-4205-849d-d39de5a8da16,2026-01-01,paid_google,pro,US,Education
2e4c4904-f32f-4370-bd37-1a27c5147234,2025-08-21,paid_facebook,free,IN,Education
48015375-f6fd-481e-a74c-0d4cb3c7b737,2026-01-09,direct,free,AU,Healthcare
048c2602-8a33-4d36-88b9-43e21af6b243,2025-09-11,organic,free,AU,Healthcare
8c6939dc-fa88-4174-baa1-a5376b6936b6,2026-02-28,organic,free,FR,Education
89262420-f387-4717-9a71-ad5ce6ae921a,2025-06-14,paid_google,free,UK,Finance
8b725289-01b1-49cd-8c4c-49bc2498f781,2025-11-06,paid_google,free,US,Retail
7ec2f927-db60-43d7-8661-0c2e6f22653d,2025-10-30,organic,free,CA,Education
8841f608-c416-4018-95df-7524e695faee,2025-09-16,referral,free,US,Tech
b85f6fe8-210c-4d46-ab55-2af650f5dd73,2025-12-05,direct,basic,FR,Retail
8ee55be9-8f30-4ca5-9118-3ea55fce8e29,2026-03-28,direct,basic,IN,Finance
15f41a61-83a5-4043-a75f-321c140a5150,2025-09-06,referral,free,FR,Education
4f390f4a-131f-4fa4-8b1c-0b8ac7399e60,2025-10-09,direct,free,US,Finance
02f41153-00cb-431c-9bbe-dcc23bf419df,2026-03-20,direct,basic,US,Retail
95c170ae-8a49-421a-af5d-f1fe168f5524,2025-11-18,paid_facebook,free,UK,Tech
f050bbd0-797a-4241-925e-e3d0312bc626,2025-11-30,organic,free,US,Retail
1bfbf928-5bb8-4fe1-9233-e42c61c0cbb8,2026-05-30,organic,basic,CA,Retail
d1e9f038-f2b5-4558-92ad-9d49c77f4fc3,2025-07-09,organic,enterprise,UK,Education
02d4f32a-68ee-4e89-ac13-abf45bcbce2f,2025-06-15,paid_google,free,IN,Retail
7a1db3a7-804d-4ede-ad74-087cc98cb949,2025-06-04,referral,free,US,Education
2dafcb9e-8ec4-466f-ae69-ad065ff3785f,2026-05-15,paid_google,free,AU,Education
e5023d70-f7b0-4779-bde1-5da5d72a8efe,2025-12-27,organic,free,CA,Finance
f57a246b-3574-4e2a-9827-3505a380b0a2,2025-11-08,organic,free,FR,Tech
1e687cac-29b5-4424-8b40-2a7795202637,2025-06-16,organic,free,US,Education
4b96bbb3-348a-4a50-8385-1fd52ee86d60,2025-09-16,organic,free,US,Healthcare
8e37c563-a8ac-496b-a376-8f93697be8c5,2026-04-07,organic,enterprise,DE,Finance
a1424c37-24be-4730-a646-f34739c31d74,2026-01-13,organic,basic,US,Education
cff340a1-ae18-48dc-ab3e-15678fb447ce,2025-11-17,organic,basic,US,Education
103f7c36-55fe-43da-b225-418405fcc85e,2025-07-04,paid_google,basic,FR,Finance
606bed81-0f29-4e2d-b6fb-651abf6f5060,2026-02-06,organic,free,US,Retail
b716d554-1986-44ce-9053-03ee201c8f21,2026-02-02,paid_facebook,pro,US,Education
c12f52bf-a908-4701-9af3-fbcf4b064d8c,2026-02-24,paid_google,free,US,Tech
8303f78c-3cd5-4c31-991c-a6549e2cf20f,2025-10-19,organic,free,US,Education
68f76807-43e4-4a09-b988-9c540eb9403b,2026-03-01,paid_google,basic,CA,Finance
d14e619f-8ed7-4ea7-a609-a548b9641045,2025-09-04,organic,basic,US,Healthcare
c70da038-5c92-433d-8ea0-6a6ae2da79f1,2026-01-13,organic,basic,IN,Finance
453f0a17-e534-450e-b3cd-3a214a26f9cd,2025-07-09,direct,free,UK,Finance
bbf40d96-4434-4d2f-892a-d9215af5b2e2,2026-03-29,paid_google,enterprise,DE,Tech
7b3dcb9c-3e90-4b8d-b209-84a0c5f25914,2025-06-29,paid_google,enterprise,US,Retail
29901eb8-9694-4d7f-9d2e-ad6036aa8482,2026-04-14,referral,free,IN,Tech
2fc35aff-5211-427d-ac43-e7bcb365157e,2026-01-31,direct,free,FR,Tech
f77aa04b-5a88-4e78-a4a5-903ca843731e,2026-01-22,organic,free,IN,Education
59e146e6-1c8b-4663-a2e9-006ef8af2ef0,2025-12-02,referral,enterprise,US,Healthcare
573f14d1-5ed4-4aa8-8427-f2b2d2f2a82d,2026-02-27,referral,free,US,Finance
812f4270-94d7-412c-97fe-2f67f3600bc3,2026-01-22,organic,free,US,Tech
a5555359-1407-4305-b813-c30a0913e186,2026-01-25,paid_facebook,free,CA,Tech
81e9dae5-d5db-4e36-8f78-cc7384e58e8d,2026-02-21,organic,free,US,Retail
432c7ee9-5b0d-4930-bd44-6f9c2ca4d81c,2026-05-25,paid_google,basic,AU,Retail
02656ee8-ac2c-45a6-9037-a53e76775549,2026-05-06,paid_facebook,free,FR,Healthcare
f7c5eb6a-3240-44a7-ac80-f8221ee652cd,2025-08-04,organic,enterprise,US,Finance
67cdf4b0-a5ef-4c1a-ac84-580d84786a89,2025-11-24,referral,basic,US,Tech
72645040-3db5-4d2e-b828-8cf578a6ed1d,2025-06-03,referral,basic,FR,Education
fe64f6c8-501a-4ce6-b86d-9890fbbea005,2025-10-20,direct,free,UK,Retail
7d09fa7b-892d-45a3-be97-c74f8201829b,2025-11-05,organic,free,UK,Tech
f9cfb5fa-6f43-4c3f-a062-ac7d200f5a76,2026-04-20,organic,free,IN,Education
5b2c11ec-f049-474d-be66-e6166e462f35,2025-10-24,referral,free,US,Tech
6ba65950-1a49-4820-a9b0-78c1e673cc5d,2026-03-20,organic,free,FR,Healthcare
dc5a4da3-3ead-42e7-83f3-23ea8ab0368e,2025-10-31,paid_google,enterprise,IN,Healthcare
5b322633-6a94-4376-b55b-98fd35f46aab,2025-12-10,referral,free,US,Education
50a57b6d-c149-4ab7-9cf5-7af8b24393b7,2025-08-12,organic,free,US,Retail
43ac7c22-6b25-4bb3-a83b-8bf7af7db32f,2026-04-01,organic,free,FR,Healthcare
4fd55aad-19c3-490f-bdc0-9b3afa25108a,2026-05-10,paid_google,free,CA,Retail
36714a7c-e46a-423b-8007-9c1ef8074290,2025-10-18,organic,enterprise,US,Education
4d3fc3fd-4498-4c27-93fc-87309fe81e4e,2025-12-04,paid_google,free,US,Education
af3b3c66-4ed5-49c4-a868-5acc668f387a,2026-03-20,organic,free,US,Tech
f67a17de-f246-48bb-9d5f-b95977000135,2025-07-31,organic,basic,FR,Education
20c9aa27-6e48-4d1b-9be4-a18f70750274,2025-12-15,referral,free,UK,Tech
2cbedfa3-20d9-4cc5-b6f0-3dc870be4cc0,2026-03-22,paid_google,free,UK,Retail
5543f9c0-70f4-448c-b900-2e1fadaa8204,2026-04-15,paid_google,free,FR,Tech
a171d334-e435-4fff-94a7-c0e1321a19f4,2026-03-29,organic,free,UK,Retail
ede8fa31-56d7-433d-b8b4-ab18ccbe61b1,2026-05-10,paid_google,free,UK,Healthcare
324543ab-5e93-45d6-b17c-fd12957e21a7,2025-06-11,direct,free,FR,Retail
52657308-5640-4ed3-a253-e82328da7082,2025-08-01,paid_google,basic,US,Finance
f04ec58d-15b3-46e5-8150-f59d89979886,2026-04-29,paid_google,free,FR,Tech
3e21907d-3e34-4271-adeb-85ad331b1a13,2026-01-12,organic,basic,US,Healthcare
ae9d4d36-f56a-4415-bf16-df5cbe465f45,2025-10-31,paid_google,basic,UK,Retail
ddcdb1f7-9095-40c8-a03f-f49b174def55,2025-12-16,referral,free,US,Education
7739281d-d504-49af-ab6f-b91e933a4d74,2025-07-22,referral,free,FR,Tech
cea4e525-46d6-4c07-805e-73eadbd58487,2026-02-15,paid_google,free,UK,Retail
c333340b-1cb3-4c9d-b411-60d588ba2845,2025-07-29,direct,basic,US,Healthcare
62d739c7-210e-47ee-a23f-82578e3479b9,2025-08-11,organic,basic,US,Education
349ea267-216e-49c0-bcf1-7183645a66cb,2025-10-26,paid_facebook,basic,US,Tech
444f2541-cfc9-4219-a92b-ad391b6722c6,2026-05-15,organic,free,CA,Healthcare
8a1688a1-5319-43e3-b127-9304f630487e,2025-08-02,paid_google,pro,UK,Education
b9fcef86-475e-4811-82f0-ecb0e846e94a,2026-04-06,organic,free,AU,Finance
0c04c4cd-ab1e-4d47-996d-12ad40db0987,2026-01-29,direct,free,AU,Education
9dadbd88-b7d6-4180-99cc-ac627867d81f,2026-04-26,paid_facebook,free,UK,Tech
39f10629-658f-48da-a9c8-f9158b39b9eb,2025-09-15,organic,free,UK,Finance
d76eba04-a723-487a-bd20-1ee84c2c5c93,2026-01-12,paid_google,free,US,Retail
34af1e09-65a7-43ae-8034-6895fb25061f,2026-04-09,paid_facebook,basic,FR,Finance
2fea6b9f-a167-4c7b-b319-3dac5488899f,2026-01-04,organic,basic,US,Finance
8b5f0ab7-55fb-4bad-90a0-78309e1bffe4,2026-01-27,organic,pro,US,Finance
2d37042f-7659-40d0-8260-8bce2ae3c2ac,2026-02-14,organic,free,CA,Education
c4f0e61a-33be-4a7b-b4e3-87b563fcf617,2026-02-17,organic,basic,FR,Finance
c9bd7efa-47f7-41bd-966d-b82f4d74b016,2025-06-05,paid_google,free,UK,Finance
19ae748e-9119-4888-b1c8-439423e3df23,2026-02-16,paid_google,free,DE,Retail
705e4299-f226-4457-9a8a-d3524cf18345,2025-07-24,paid_google,free,US,Finance
ba3db952-36e8-4aa0-bc6b-0fb80191fa53,2025-07-17,paid_google,free,UK,Education
c36162ef-21ff-49f8-91d4-60abd6e50525,2026-01-01,direct,free,US,Healthcare
48618d46-2380-405f-a17e-66d1ac418714,2025-11-24,paid_facebook,free,IN,Healthcare
4cf56b9e-fb08-429f-8d05-1e424ba6abd6,2025-06-09,paid_google,free,US,Education
6e7cbc50-dc96-4d43-ab3b-8b7096186b63,2025-09-07,organic,pro,UK,Education
436df258-09f7-4009-81b3-a8729d586c6e,2025-06-20,organic,free,US,Finance
1afe6279-95d3-478f-b719-0f5d434c48a2,2026-01-27,organic,enterprise,US,Education
5dcf0508-f9a7-4530-bf22-d5856683de16,2025-07-31,paid_facebook,basic,US,Finance
b13beda2-1c03-4d84-8864-bdae44a3a624,2025-11-25,organic,free,US,Tech
6418312b-f29a-46f3-970d-7d764506df27,2026-05-04,organic,basic,US,Retail
f7f99286-94d6-4ec4-bb40-e807a74f089d,2025-08-01,referral,free,US,Retail
dea60ba9-f24c-4571-9513-8d4a91e4c813,2025-10-23,paid_google,basic,US,Retail
dbc546ae-d4b4-478b-a161-823b0f2c31d6,2026-01-02,referral,free,US,Tech
4d618476-7d3b-40c0-bc5f-aa421db0735d,2025-06-03,referral,enterprise,US,Retail
8f4d7761-b7e3-421f-be2e-fe01e21a9f5b,2025-11-07,organic,basic,US,Finance
a949a1c5-771a-4bfb-8dd6-b3341c157e81,2026-01-13,direct,basic,UK,Healthcare
01b5b1c5-1e4b-419d-97b2-715b1daf8d84,2026-02-24,organic,basic,AU,Retail
6edd1bd8-bba6-4ee3-b6f4-29a458e4eb37,2025-09-28,direct,free,UK,Retail
331c0607-4d49-49ae-84e2-f80451d4ae02,2025-08-28,paid_google,free,US,Finance
84b43ce3-5c9d-441d-899f-3d545dcad651,2026-04-25,paid_facebook,free,IN,Finance
f92b9ac8-87d5-469e-a003-f31ef27eda79,2025-08-07,paid_facebook,free,US,Retail
72b48716-136c-495d-9631-c178d3a94f74,2026-05-23,paid_google,free,IN,Education
1842e495-08f0-4b5d-9ee5-8025df90f644,2025-09-06,paid_google,pro,US,Tech
0c1aed66-813e-45c6-9bde-9e84b7f91cab,2026-02-22,direct,free,UK,Healthcare
19456852-278d-422c-a320-bbcb11c3eea1,2025-09-13,direct,enterprise,UK,Healthcare
a5ae40dc-10c7-4634-b9eb-ecbbb2fa6118,2026-04-19,paid_facebook,basic,FR,Tech
942dd7d2-48a7-4cd6-a84b-d575f29383cd,2025-10-01,paid_facebook,free,US,Retail
697b79ca-3035-4f9b-8a60-2b52a1c09028,2025-06-29,organic,pro,FR,Retail
ca85d48d-a6d0-4707-807f-94d25025597b,2025-10-15,referral,free,UK,Retail
0b9183f8-fc6b-4a01-bd13-34c98c43754c,2025-12-12,paid_google,pro,FR,Retail
68354efc-a1a6-4dd5-b85f-7f54c951cdf8,2026-01-12,referral,free,UK,Retail
1a5c313b-8b1e-4381-a95a-a55d9a379e3e,2026-04-28,paid_facebook,free,CA,Healthcare
b0bf4554-1588-4bb9-8ff9-7327a18a7063,2025-11-17,organic,free,IN,Retail
2e8eab6d-303a-4664-91f7-44ac144f2f2a,2025-06-09,organic,free,AU,Finance
72f04768-89e2-4d56-b940-a7c8e81808b9,2025-07-10,organic,free,UK,Education
f6afbcdf-e8fc-46e7-bb4a-71c9ea8c66dd,2025-06-25,paid_google,free,CA,Retail
6f2f38e1-2e09-4346-8c62-5b6f5d278709,2026-02-16,organic,free,CA,Finance
8202d960-9a15-4b92-8636-71aab2fe88fc,2026-01-12,paid_google,pro,US,Healthcare
23d71424-4215-426c-8203-6702a5cbb741,2025-10-02,organic,free,AU,Finance
73e04875-6cfd-4f6f-a110-b78817d528de,2025-07-08,organic,free,US,Tech
5a07e28a-bede-4d0f-8888-d2e9d1454953,2026-04-24,organic,basic,US,Tech
16c3be88-db83-4d95-bbbe-4b4ac540293b,2026-02-06,organic,basic,IN,Finance
c599c224-f456-4344-a9bb-fae848a51c4d,2025-11-23,organic,enterprise,CA,Retail
5f407240-e0f4-43dc-8d77-66f936008f41,2025-08-29,paid_facebook,free,US,Retail
344db225-46d1-4ca2-a8df-5e839001ad64,2025-07-07,organic,free,CA,Retail
67384a46-d9cf-4720-a2af-4b5ef08bfa97,2026-04-12,organic,free,IN,Finance
0e0873e5-f178-40aa-933f-7110b11fff23,2025-11-23,direct,free,US,Tech
79ee3c33-e231-4eda-b423-cb8cdb46fae4,2026-03-11,organic,pro,UK,Tech
2c1d902e-ac4e-4006-8e17-991737597fee,2025-08-20,referral,free,AU,Healthcare
0dc52ed2-a4c1-4a6e-8ef5-ccb1f93fe016,2025-09-22,direct,enterprise,US,Tech
86167557-bb29-46bd-b8f1-afeb734f77d7,2025-07-10,paid_google,free,UK,Tech
ccb30559-157e-43d7-82ce-fd0c2cce42eb,2026-03-28,paid_google,enterprise,US,Education
ba3bc184-1193-451b-9caa-c619dd917497,2026-01-10,organic,free,AU,Tech
6c443718-e4da-4bf4-a6a2-175625d9bee2,2026-04-14,paid_google,pro,IN,Finance
e0e54303-08b2-474e-9c82-248e42b3903b,2026-05-15,paid_google,pro,UK,Retail
7f896daf-f723-4c97-8b8a-7fb507128ac1,2025-09-23,organic,enterprise,US,Finance
37fcb835-8a10-4556-a31b-9913cd1d2e6f,2025-12-03,organic,free,CA,Retail
aa6caaf2-c042-44f2-9b4f-e4cb47ca361d,2026-04-19,referral,free,UK,Retail
86dea571-0248-440b-a953-6f06342abab1,2025-07-26,organic,basic,FR,Healthcare
e5ec353e-718c-45f3-a4e4-97cfbd5a2563,2025-07-10,paid_facebook,free,US,Tech
6aa06df3-b4cc-4408-9ba8-4b8fe0346b70,2026-05-20,paid_facebook,free,US,Healthcare
8a1aaacf-73c1-4ef9-befe-265de738791f,2025-07-10,organic,free,US,Retail
3d702905-01a9-42a1-aa62-bcfe0d470c5a,2026-05-13,organic,free,US,Education
aef0c36a-fe75-4997-967d-28eed2828389,2026-01-23,organic,free,US,Education
fbaf02d6-a7eb-4c96-989b-871baead8bd1,2026-03-16,paid_facebook,free,FR,Healthcare
0865a9f1-55d9-423a-a459-b77d6565821d,2026-02-17,organic,free,US,Healthcare
66605eec-56e4-4eb6-b101-1cf37879d19c,2026-01-02,paid_facebook,free,CA,Tech
f8693365-86b5-4247-b040-29a76b3fa474,2025-10-25,paid_facebook,free,UK,Healthcare
f81a4f30-e542-4db1-ae8f-49cb3953605f,2026-05-02,referral,free,UK,Healthcare
2977aa24-441e-4d06-9fee-6afdea0cf590,2025-11-15,organic,free,FR,Finance
fb7f3706-8be7-4ad1-8c7d-5c1b0c7d20fb,2025-08-31,paid_google,pro,UK,Healthcare
a8cefae7-a08c-4823-8603-01cf9a4a203d,2026-05-19,organic,enterprise,US,Healthcare
a9d17223-df8e-4b8b-87aa-b2e406a2aac0,2025-07-29,organic,enterprise,US,Finance
296e3c0e-b957-4f66-9924-3d52e3b36a95,2025-07-29,organic,pro,DE,Retail
d3433429-618c-4bc0-b89e-8248f683dd1d,2026-03-31,paid_facebook,free,FR,Retail
dd6ae6e7-cd34-488f-bb8e-d4df023b1e9a,2025-11-16,direct,basic,US,Finance
a60e0f6a-4b60-41ea-ada2-8008431e67aa,2026-02-24,organic,free,IN,Tech
4eb2258d-bff2-4231-a367-29af962a6d86,2026-05-29,paid_google,basic,UK,Healthcare
4e02b652-2e1d-42c9-863e-a2d134152d30,2025-07-15,organic,free,CA,Tech
fefd4909-7d93-464a-997c-a7eb1f080cab,2026-05-11,paid_facebook,basic,FR,Education
c819c503-f08c-4afe-a209-682edd2f8480,2025-11-28,organic,free,US,Tech
a573c10d-9bcb-4534-a34b-86acaa8aef24,2025-11-17,paid_google,free,IN,Healthcare
83d735a6-7c9e-4b90-9fec-5d4c8613e8fa,2026-05-22,paid_google,basic,US,Retail
239b0c50-1140-47b4-aca0-6f041eb0c067,2025-12-08,paid_facebook,free,CA,Healthcare
9152bb7a-f93b-41b1-9e31-3b4c21e486a2,2025-11-02,organic,free,US,Healthcare
bf7cff18-864d-4b42-93d2-00ba451a58b4,2025-12-05,paid_google,free,IN,Healthcare
425edaf6-26c8-4871-b162-b65cf6d2ba0d,2025-06-07,paid_google,free,US,Tech
1c89c388-b91f-497d-86a0-04e80bb724b2,2025-10-11,organic,free,UK,Retail
e5b55579-6ff1-4c48-bb85-8713dd3f328a,2026-01-21,organic,pro,IN,Retail
c47ac154-232d-4bac-acbc-72bc6c5cca9c,2025-07-15,referral,free,US,Tech
dcf247f5-ded8-44fa-9549-5a1bc6ed1b3d,2026-04-10,referral,free,US,Tech
f4a667e7-80b4-4437-b87b-98ebe3e191b2,2026-02-04,organic,free,UK,Tech
623382ae-36ae-4eb6-9405-67b53d7cb25a,2025-07-01,paid_facebook,basic,US,Education
0413f4a9-b33c-4b98-8102-fdf2546aad6a,2025-06-23,paid_google,basic,IN,Education
8848cc11-cf31-4769-a359-9672bb6c87ee,2025-11-07,direct,basic,AU,Healthcare
24d988ba-1a92-416c-97a8-e8e06a5ecf48,2026-05-29,direct,basic,US,Education
c196c962-2c9b-455a-bb2e-aca7e0a17ccf,2025-11-05,paid_google,pro,IN,Tech
96d2b5a2-ec95-4dbb-8316-e27564e3a9dd,2025-07-09,organic,pro,CA,Tech
46262f0b-f6b3-4347-b37d-88a8759526ef,2025-08-21,paid_google,basic,US,Tech
0bdb2648-8ca6-4fb5-adae-6737c56c304d,2026-05-22,paid_facebook,free,US,Retail
690359e5-5af5-44c0-8055-0a1fa6f87eb0,2026-02-13,direct,basic,FR,Retail
f92f6bba-9a26-42c7-887e-c8ed8ce650c2,2025-12-23,organic,free,UK,Education
1aa8ce11-21a8-4511-b792-b47eece2759f,2025-08-16,paid_facebook,basic,US,Finance
500f03c5-d022-43d8-b446-694e4900b1cb,2025-06-12,paid_facebook,basic,IN,Finance
db59177a-1d13-49bb-9412-0ab77ec50483,2026-03-22,organic,basic,CA,Tech
1f3f9501-ecdf-429a-827e-4b4ff7adfe6f,2026-01-10,paid_google,basic,AU,Retail
4247c8e1-16c8-4a3b-b98f-92467d78f25a,2025-06-13,organic,free,FR,Healthcare
21d2e890-4f84-4433-a372-9325844921fa,2025-07-16,paid_facebook,free,US,Education
ebd87feb-9719-4fef-a1e8-506d5f3b53b1,2025-11-02,paid_google,free,IN,Retail
24700ab5-b9e0-4dcb-8537-2ca4b6cd2889,2025-09-21,direct,pro,FR,Tech
ff7a9296-fe4a-444e-a9ce-3d8f8be76cbf,2026-01-19,direct,basic,UK,Tech
6345f55a-374e-498a-aaa8-8c721801c524,2025-06-17,organic,basic,IN,Finance
55d3725f-a759-41e2-bd6a-f60499721265,2026-05-26,organic,basic,US,Tech
95018333-0bca-40d9-a0cf-25c2e529b7d1,2026-01-09,paid_facebook,basic,US,Tech
3bf10e1b-8481-4e65-b84e-0c24989065f1,2026-05-20,paid_facebook,pro,CA,Healthcare
60575d2f-5568-4492-81d4-aa603db77d92,2025-12-05,referral,basic,FR,Education
1f513054-d4ad-42a1-94a5-1e605761f298,2026-05-10,organic,basic,US,Healthcare
6750eb05-38e5-43ac-bf79-33c8085a3065,2025-11-10,referral,basic,US,Finance
b5798aa5-c480-4312-b683-41eb02895d5e,2026-04-22,paid_google,free,FR,Retail
5e42b76d-69d8-4a0a-b43e-6b24c0d55fab,2025-08-13,organic,basic,US,Finance
ba9851fb-d54a-4cbb-ba70-bec5fbb7811f,2026-01-19,organic,free,CA,Tech
03d82f21-a33b-4321-9c68-d8c4203aaf1b,2026-01-10,referral,free,US,Education
e944e404-8178-41ad-9290-6a9b3dcceca0,2026-04-15,paid_google,basic,US,Tech
74f336f7-6a30-4c48-9e9d-02bdef83dacf,2025-07-30,direct,free,US,Education
333f04e0-a591-4de4-8f94-4e1ae0d41478,2026-05-01,paid_facebook,enterprise,US,Education
fd81bfaa-e7ea-445a-a5a5-1e3fae57fc18,2026-01-08,organic,free,UK,Education
d8f6b864-93f4-4d72-87fd-12746ae1a1e4,2025-07-07,paid_google,free,US,Retail
cba113b2-e162-4c9c-b9c4-02d7e3b65e4e,2026-03-05,organic,free,UK,Finance
aba94e9f-010c-4828-83c4-3313da9ed8fa,2025-12-13,paid_google,free,US,Retail
1c105028-f239-41de-be5f-a0a826ade284,2026-05-18,organic,free,US,Retail
9e98eaf7-32ce-4205-85f9-7992f669aefb,2026-01-28,paid_google,free,FR,Retail
80d40cd9-ac6c-47f1-87d3-7dd1efc5033b,2026-04-20,paid_google,free,US,Healthcare
144aac07-28ae-45ac-85ef-74e9fae8d6f9,2026-01-05,organic,free,US,Healthcare
21ec19f5-6766-4c8f-96ae-6cb6e03d4f25,2025-12-09,organic,free,US,Healthcare
c868fe17-da09-4bb5-b476-1a81ac18450a,2025-06-17,paid_google,basic,US,Retail
8e7cfddf-e481-4981-8173-bd10d587e810,2025-06-12,direct,free,IN,Tech
0cfe2770-1a1e-4dfe-9771-bc7eafe5c6c5,2025-12-10,paid_google,basic,UK,Healthcare
a17705a9-a6e8-420b-ab75-a7f7a3130e70,2025-06-22,paid_facebook,basic,CA,Healthcare
fd9c9516-3a39-48a9-b4ae-bfc919c28918,2025-09-28,organic,free,UK,Retail
c52a472c-caf6-42fe-b300-b19cac748099,2025-12-27,organic,pro,US,Finance
ce82b0a7-5b08-41aa-87e9-e4b02021ff6e,2026-04-02,paid_google,basic,US,Tech
28b01fc3-2352-4519-8642-b8285c4eeb70,2026-02-25,paid_facebook,basic,CA,Education
8cf54f54-0308-4ad1-96e8-0886d4d465d1,2025-12-09,paid_google,free,UK,Education
c05499b4-fac6-4a6c-b337-78cae99e823e,2025-11-22,paid_google,basic,CA,Tech
1b08b973-26ec-4427-9387-e90804fb379a,2026-03-12,paid_facebook,basic,US,Retail
9aeb07b7-070d-47b0-bfca-e86ad31cde1b,2025-12-21,organic,free,US,Finance
5d930130-6e1b-4e42-8833-06a6e45e4107,2025-11-11,organic,free,AU,Finance
53d7fd6f-ced6-4c8d-aec1-e868ccba2d62,2026-02-06,organic,free,US,Education
f17356bf-0c79-41bc-9eed-9ddc10d61277,2026-01-13,organic,basic,CA,Finance
fb3ddfff-4dfb-4118-8c0d-80eb7100d839,2025-06-07,direct,free,US,Education
7d5bf814-dfac-4f46-a6a1-03ad2133e679,2025-06-29,paid_google,basic,FR,Healthcare
fbd319e1-9b8b-4c8d-b888-84ea0683265d,2025-07-03,paid_google,free,FR,Retail
62f9b671-7b08-40d9-b09e-0576b178270f,2025-10-12,direct,basic,CA,Finance
759c28d4-b55b-4ee0-864e-60a29aa34c30,2025-08-18,direct,free,CA,Retail
d9bda622-9ae3-4b64-b377-c2d5e7acb365,2025-07-28,paid_google,free,AU,Healthcare
46bacd54-b7f4-4df5-8969-f1873137fe05,2025-06-26,referral,free,UK,Tech
2465d539-e74f-4a6d-afbb-535703f8fb1c,2026-01-12,organic,free,DE,Tech
d8ce8984-c532-4094-97ec-9c1a5a7e72ff,2026-03-12,referral,free,US,Tech
d99d4f54-fba7-4abb-96f2-73691be2296b,2025-06-04,organic,free,US,Education
35a0ddc2-72a0-4469-8e71-40240b76d327,2025-09-07,paid_google,free,FR,Education
18606c4f-2d17-489d-8eee-ce66d1818736,2025-07-09,organic,pro,IN,Tech
5c8fa387-da56-4e91-a74a-4c0e623f12b7,2026-02-26,direct,basic,UK,Healthcare
a3a20c17-28c9-46e7-bb75-575bafc0a899,2026-03-12,organic,free,FR,Education
b1413d61-cd92-42fb-984e-d60537ca25b2,2025-11-04,paid_google,free,DE,Tech
b6bd5e2d-610e-4475-9aa6-e14a81e13029,2025-08-14,paid_google,free,US,Retail
06384798-7bf6-469f-a743-826b221e30fe,2026-03-15,paid_google,basic,CA,Tech
81847cf4-8a15-4e87-8aea-928743b972ad,2025-10-08,paid_facebook,free,UK,Tech
b2327f89-6321-4091-ab54-b66f56a44e2d,2025-11-22,paid_facebook,free,IN,Retail
5c4f872e-1831-47e0-8a47-c6f6b4e9f57c,2025-08-23,paid_facebook,free,US,Education
9bc5439f-ee17-4909-b319-0f5e3cd3ba57,2025-06-22,organic,basic,US,Retail
055f98a8-8a61-4ec4-9ab0-87c1017729b7,2025-06-27,organic,free,US,Education
98edcaf1-1f2c-40bd-8adc-b18bc2532c74,2025-12-12,organic,basic,US,Healthcare
4d12fb9d-e0ce-4cde-9dc0-cae28192e2f5,2026-05-03,direct,free,US,Education
6e3bd564-becc-40da-a642-5aef290b6e84,2026-01-22,paid_google,free,US,Finance
27866b2a-b6b7-4b91-a5f1-b33c2da676df,2025-08-31,organic,free,IN,Education
4b4a12c1-0cf6-4c45-8478-3252455bd31c,2025-06-21,paid_google,free,US,Finance
664fc5f1-9563-4df6-b992-c84faec0a46a,2026-03-30,paid_google,free,UK,Education
f5b9d42f-a983-437c-9bf7-e237d5af5d85,2026-05-23,organic,free,UK,Retail
17b2373c-00f8-4e56-8c25-df48defe6746,2025-08-23,paid_facebook,free,CA,Education
938c1982-765c-47d6-bc86-809fe10d867b,2026-02-17,organic,free,US,Tech
cd6d8372-3456-40b1-8f28-c82e4612bed2,2025-10-25,paid_google,free,US,Education
c8e91735-741d-42c7-80c9-c1dfba40784f,2026-02-12,paid_google,enterprise,UK,Retail
96acdf2d-09e5-4623-9dc2-22fb4f103979,2025-07-28,organic,free,CA,Retail
32b26699-be6f-4be5-8559-9aa9fe931ddd,2025-06-15,direct,basic,US,Education
a19f20e1-6623-49c9-a879-35d5eb11e950,2025-11-09,organic,free,US,Education
8e0b84b5-60e2-44ac-9c83-f6e9508dadb8,2025-11-10,organic,free,IN,Education
2d44521d-f125-4545-a51c-a717ec918dbc,2026-04-16,referral,free,UK,Healthcare
aaa4b69c-8143-4bb7-9bc0-c3348e33921a,2026-03-08,organic,free,FR,Finance
dfcd9626-4362-4b2a-b15e-6cb80fa1e74b,2026-03-07,organic,free,DE,Education
62880ee7-96ed-4fda-9e5d-d65f0d29f645,2025-06-12,organic,free,US,Education
7161ce53-0476-4758-b82a-7ed85918e243,2026-03-01,paid_google,basic,IN,Finance
2c25ebe2-4f82-4b41-8bd9-a1f51b9c534a,2026-02-26,organic,free,US,Tech
ac62ea29-1f90-4bf1-b667-62d9a773966e,2025-12-25,paid_google,free,US,Healthcare
e2078995-452a-4140-9515-b7d004b51d43,2025-06-27,organic,free,DE,Healthcare
6d05c4ef-5a7b-4927-bb41-da0f08400359,2025-08-11,organic,free,US,Tech
d7d772ce-06ee-4429-bcfd-b5bd3de0216f,2025-07-30,paid_google,basic,US,Finance
2e1c7f0f-34d1-40bd-94fb-27f770cdac15,2025-10-23,organic,free,FR,Finance
43e5249f-5159-43da-a381-4ac0532caeae,2025-09-01,paid_google,free,US,Retail
3a7b331c-3c14-4c8d-a7a7-2a71d518a94f,2026-04-05,paid_google,free,US,Finance
bd179f29-e502-4749-a8f6-7f2acb0a94db,2025-06-08,direct,free,US,Healthcare
9bfbb105-3461-4f66-846a-5e49608f101b,2025-08-18,organic,basic,UK,Retail
df210bcb-026e-4af2-931d-d3ecc7621ca8,2025-06-27,paid_google,basic,US,Education
fb4f3d28-66eb-4dfd-9e0e-34e4a6b4f486,2025-11-21,organic,free,IN,Education
4dac26e5-0635-475c-9eef-56213c5475d4,2025-07-20,referral,free,FR,Education
64ece146-07fe-420d-8e40-55de7f7fcd43,2025-12-16,direct,basic,UK,Retail
ceb06d5f-5913-47ce-a2a9-94213452f4db,2026-05-15,direct,free,US,Healthcare
d3dffb76-5463-4f67-87f2-7516d875759f,2025-11-28,organic,free,DE,Finance
8dd061b6-5fc5-4c23-bf2d-55110628b1ae,2025-06-24,organic,basic,CA,Retail
03dceca7-8f5e-4519-96ae-8ed6bd55551f,2026-04-12,paid_google,free,UK,Healthcare
494dc9f5-bcfd-4068-bbc1-1e463af903bd,2025-07-16,organic,free,US,Finance
8536334e-1340-4864-8ac5-8c25fcaa9fed,2025-06-15,paid_facebook,free,US,Tech
ff8277e0-173f-43a7-a4c9-d93b12f46773,2025-10-31,organic,basic,UK,Healthcare
b880af6c-7f1d-4c7d-9c9a-bb3cf4826200,2026-01-08,paid_facebook,free,UK,Tech
0f1c87f5-238d-44e7-b9d6-b2eff2688b6c,2025-12-23,direct,enterprise,US,Education
ba15cd5c-7db3-4010-8b2e-cfd24c04e670,2026-02-28,organic,basic,US,Education
aef3b0d2-4baf-4f55-b3b1-9cd26319bce1,2026-01-22,paid_facebook,free,US,Healthcare
dd5583c2-65b5-4cca-89bb-d795fb0a2171,2026-05-06,organic,free,US,Tech
400e5765-1556-49f9-a0fe-efea14f00f28,2026-01-14,organic,free,US,Retail
3401886b-a7f6-400e-a4ac-a3f84de7ce96,2025-06-09,organic,free,US,Finance
949121bf-ede1-45b2-8186-d31124b97a05,2025-11-13,organic,basic,AU,Education
90729c24-7063-4b27-8e93-dbe17c1d73fb,2026-04-15,organic,free,CA,Education
714d0d80-bcde-465c-ac03-3acfa87e9f45,2025-12-31,paid_google,free,CA,Education
f13f997f-1728-4cbc-85bd-d2347838a02b,2025-09-25,paid_facebook,basic,US,Education
e892a1b3-1c60-4358-b67e-f222c225e44c,2026-05-10,organic,free,US,Healthcare
825c31a6-8972-40c8-9231-5d88e788b5a4,2025-08-11,referral,basic,UK,Healthcare
30d098dc-2e36-47fb-b168-14a8cff2ba48,2025-08-03,referral,basic,US,Tech
2a707e69-91f3-46a9-aea1-f7c0116d002e,2025-12-22,paid_facebook,free,FR,Retail
5ff22d9c-8fb4-4b5a-a6dc-e6968a73faf1,2025-12-26,paid_google,free,US,Tech
cc6e428e-78ae-49ee-b30f-c838de08386b,2025-08-11,organic,basic,IN,Retail
19d6051b-bffb-47ec-9781-0ca2ac4223f0,2026-03-04,paid_facebook,basic,US,Healthcare
1b639d03-6e91-4b71-8ad0-a5c8edf4ba0d,2026-03-01,referral,free,AU,Education
32019df9-1ed5-438c-ace5-c09e8a2d1ecb,2026-04-16,organic,free,UK,Tech
998569bd-977b-4d2e-b211-b8e6cb0b5cf1,2026-05-04,paid_facebook,free,AU,Retail
bafbd20f-ad5c-4700-9481-bbd274d5c336,2025-09-03,organic,free,UK,Finance
371fea81-1071-4076-afaa-7a5609848b7c,2025-11-13,paid_facebook,free,US,Retail
b4f32099-b0fa-47d4-9ef9-a36ff5590622,2025-07-02,organic,free,FR,Tech
28771d43-e8d5-4e57-bcb4-da82195aacc6,2025-06-11,paid_google,free,US,Healthcare
ad541b5b-4961-481c-8fe6-9a137d00d640,2026-03-28,paid_google,free,AU,Education
a8520a57-e730-46ac-9c00-1debb7bec717,2026-01-03,organic,enterprise,US,Finance
6ba2dab1-36d3-4668-9824-3acc37c4f892,2026-03-16,organic,basic,US,Tech
361c44c5-2616-474b-9b67-b19bbbd53101,2025-09-10,direct,free,US,Healthcare
222890e8-788d-4693-b806-9520275d8c1b,2026-02-22,paid_google,free,UK,Retail
05b7fbba-d5f6-4b18-908e-211ac3181f8d,2025-12-31,paid_google,free,CA,Healthcare
1f98adaa-f649-47ad-a41b-61e748b863b6,2025-11-26,paid_google,free,US,Healthcare
3def7fd8-d089-4718-a77d-0682cb82c170,2025-08-27,referral,pro,CA,Education
1c7cf607-5088-4c03-8d9d-95719c9536cf,2025-07-11,organic,free,US,Tech
22dcdce0-5dfd-4cdf-b711-2194d164302a,2025-08-15,referral,enterprise,FR,Healthcare
95b265de-226d-40e6-8e0c-673b09c30e1b,2025-07-16,organic,free,US,Retail
b592c6db-d345-4245-bd54-d973f389fa39,2025-11-07,organic,basic,US,Retail
d55d37f2-91f7-4107-b1c7-cc2df13bc993,2025-08-19,paid_facebook,free,US,Education
3affa8d0-7be5-4aff-8d72-1847fc0dcbc1,2026-04-06,direct,free,FR,Healthcare
f91dc589-d93d-48d7-b5b0-19d173afd1d0,2025-08-25,organic,free,UK,Retail
de26a3e6-320c-41dd-b06f-0098f315a56c,2025-08-31,paid_google,basic,US,Retail
3fb2f3cd-20d7-444b-8b2b-685df57c806d,2025-10-26,paid_google,basic,UK,Education
f710ca0a-f93d-4c89-97cb-2a76ec704329,2025-11-08,organic,basic,FR,Healthcare
47e2f369-61e7-4ea9-b94b-6192b335ef71,2025-12-19,direct,basic,US,Education
58c7f4ea-5010-4d55-92ec-1f2e67e7be4d,2026-01-28,paid_google,basic,US,Healthcare
6f11807b-7a67-4a34-b4f4-875a57f9f186,2026-05-19,referral,free,UK,Retail
84dc57ca-e867-4fac-b4f6-487c82390727,2025-06-02,paid_google,free,UK,Tech
16c7ba17-7681-4c1a-a0d0-b6775bcaa031,2026-01-11,organic,basic,US,Retail
4959be96-7d41-4f11-a2c4-d8310b3dcaba,2026-03-16,paid_google,basic,UK,Tech
317dc254-7d2f-4df4-a1ab-4c9f6c5d34e6,2026-01-19,paid_google,basic,UK,Healthcare
8ffdc4a1-5caf-47a9-9a25-132b53ab7aaa,2025-08-16,paid_facebook,free,CA,Healthcare
f1820013-8d93-4857-b8f4-573df37c8f2a,2025-09-24,organic,free,FR,Finance
4494cb46-75ce-4576-9fcb-821a89da4c6e,2025-11-01,paid_google,pro,US,Healthcare
dfcf4a96-9801-445b-aed3-2c8b28f65377,2025-09-11,referral,free,UK,Healthcare
9a3b54be-4d64-40a5-9c6e-3b941793a735,2025-12-11,paid_facebook,free,US,Finance
1d284f86-c9f4-48da-8e8d-1207d3cb222d,2025-11-13,organic,basic,AU,Tech
2c0679e0-debf-479a-afe6-6ef690a42f05,2026-05-25,referral,pro,US,Healthcare
dcfdc8ee-a732-442d-92ff-5eaffaa4252d,2025-08-29,paid_google,free,FR,Education
5a396c65-226e-42b5-9c2b-181c60526df6,2025-11-21,paid_facebook,basic,US,Healthcare
20ca7f68-756f-4b0d-8719-e3277b28633f,2025-09-30,organic,pro,US,Healthcare
a90f46ca-f894-4670-bc62-068344864ed5,2025-10-21,paid_google,pro,US,Retail
7d41d4e0-3686-4223-b49d-615273f88940,2025-09-14,referral,pro,FR,Healthcare
65785f45-cb48-4a28-a96f-2beb0816693c,2026-04-01,organic,free,FR,Healthcare
4256efca-bb43-4107-9b5c-a2b3ca86e504,2026-05-26,organic,free,FR,Education
94956e24-8c0f-45b4-b4cd-016eadc40628,2026-04-13,organic,free,IN,Finance
1afa9c5f-2fd8-45cd-8e37-8d2b3d2647d6,2025-10-01,organic,free,US,Finance
156e816a-cb9f-4ea4-8da9-bfb1b57f4330,2025-06-09,paid_facebook,free,US,Finance
37ce19a9-1038-4fae-9c45-a8da2fee48cf,2026-02-17,organic,free,US,Retail
b0fc8d3d-9f44-4d25-a65d-c37c1950959b,2025-08-12,organic,free,IN,Healthcare
9aca0ba0-0346-4c3c-85e2-609beb092463,2026-05-25,referral,free,UK,Tech
643ef453-261c-4fc0-abd5-cbf507bd2240,2026-01-09,paid_google,free,CA,Tech
5e2810c8-2d1f-4551-a84d-389347f99772,2025-07-11,organic,basic,US,Education
fab28dbc-07c2-422c-a7f9-36c935955252,2025-12-21,paid_google,free,IN,Retail
d55687a3-b38f-469a-ac9d-9eb16c2bb429,2026-02-19,organic,free,FR,Retail
b5fc40b5-09be-41c0-a62b-de85015a0463,2026-04-24,organic,free,CA,Healthcare
afe24b52-7d10-49bf-9392-cb827d9f6606,2025-11-25,paid_google,free,DE,Tech
b36ce3ea-795d-4154-8290-56eb6de3f7b7,2026-05-14,paid_facebook,pro,UK,Retail
71af1162-715b-4c21-9d33-372429adaaa0,2026-04-14,referral,free,US,Education
509307ae-abae-40a3-8d29-ad9531755f26,2025-08-23,paid_facebook,free,FR,Tech
e2ee7dba-9c3f-4c9e-8f1a-efe2d16f6fc8,2026-04-14,direct,free,US,Retail
eab0bef2-e454-481d-860c-0684baa3ae76,2025-09-19,direct,free,US,Healthcare
137e5980-724a-4138-b280-4a4224b34289,2026-02-06,paid_facebook,free,US,Healthcare
d0374682-992f-4daa-b618-3f1be19fbe73,2025-06-07,referral,free,CA,Healthcare
4bc4a162-d2b0-4b68-89b3-426d946c9460,2025-08-23,paid_facebook,free,UK,Healthcare
767edab3-1f0c-4252-8b88-b270cc4046f9,2025-12-25,organic,pro,US,Tech
8ec1eb01-fdf3-4e78-8fc2-1ceaa639ea1a,2026-04-10,organic,basic,FR,Tech
2560f6ed-a50c-4980-b8f5-6fed92a9fdb5,2025-06-22,organic,free,FR,Retail
ca17971d-a170-46ee-8c1e-3ed0bf04387f,2025-06-03,direct,free,US,Education
6dd47805-3310-404d-8e44-919814c9f65e,2025-10-05,paid_facebook,free,CA,Finance
50b85bff-eeee-43fb-b597-e276def41519,2026-03-24,paid_facebook,free,DE,Finance
b06cfa14-a9f7-4f84-820b-e7757af69f00,2025-12-05,organic,free,US,Healthcare
5e4611dd-4fd0-4f58-a765-9d497c8a1c73,2026-05-28,paid_google,basic,US,Retail
6e5c8dfe-56ed-43ae-ae40-5e317b5ff76c,2025-06-14,organic,free,US,Finance
33220149-4f08-4beb-a3ce-e4736907e3c2,2025-06-12,referral,basic,AU,Finance
15efbe2e-f7e5-436a-9e89-5dfc58390010,2025-08-26,referral,free,UK,Finance
a3cfb820-0d94-4191-bfd6-12e0d504eb5c,2025-06-12,paid_facebook,enterprise,IN,Finance
b0a1c9c9-7f30-4374-be76-649653d933d3,2025-06-25,organic,basic,CA,Finance
b8fdbf85-ee03-4e41-93b2-5d7a9dd6e91a,2026-03-28,organic,basic,US,Retail
2dbc6835-4a56-49fc-8b86-0933dbc8a8a2,2026-01-29,organic,free,US,Finance
fd628c86-fea2-4aad-b479-799e4f209699,2025-09-30,organic,pro,US,Finance
e0ec0ac8-f65a-4f0b-8726-36f0998bd91f,2025-10-25,referral,basic,US,Retail
10a750d5-113a-4e27-9786-205e394e8119,2025-07-25,organic,basic,US,Tech
117e30f1-a052-42e6-b381-05a034abda4a,2026-01-24,paid_google,free,US,Tech
d93b7fef-444b-47c0-a719-9cac5b37b10c,2026-05-22,paid_google,basic,IN,Tech
f202ea6b-9f6a-49e3-9d04-bbeb638caa22,2025-11-20,paid_google,free,US,Finance
23df4595-c183-439b-8a60-0714d4d62af7,2026-01-07,organic,free,UK,Retail
15b39770-7e63-4590-a236-a1abf7ddcdc4,2025-09-27,direct,basic,US,Tech
d97e2640-0cac-4cf3-a6d5-f280b17a36d0,2026-04-05,paid_google,free,UK,Healthcare
d6a4252e-3686-46e5-9c64-19745e11702a,2025-11-30,paid_facebook,free,IN,Healthcare
67af5478-d15a-4c27-adee-2df0fe598c11,2026-03-15,organic,free,US,Retail
c2d0d100-d9df-4175-8705-a9de902cdcb4,2026-04-03,referral,basic,US,Finance
8fdb661b-57ad-43df-b433-be29140e9b3a,2026-03-27,organic,free,IN,Tech
7535f4ed-5ea4-48fb-bf41-22f77a251b50,2025-08-21,paid_facebook,free,UK,Finance
a1300e61-612f-401c-ae8d-28103f83a3dc,2025-12-28,paid_google,free,US,Tech
7d948be4-eb22-42c3-a4a5-72ee001b4c2a,2025-10-28,organic,basic,IN,Education
5ff854f1-e610-4c11-9711-48b682a04613,2025-07-07,organic,free,US,Education
a0fe288f-ed0f-4019-8101-8de4e5a8ec6f,2026-05-18,direct,basic,US,Finance
f3f7555e-ee45-4231-9ba4-b26fa50c1b7c,2026-04-08,organic,free,US,Healthcare
3662b5d9-31e4-43eb-b95a-b10de616ae69,2026-05-27,paid_facebook,basic,UK,Finance
32b8030a-fea4-4d28-af48-bac8bd0e9c6f,2025-07-29,paid_facebook,enterprise,IN,Tech
14fe7afa-75c2-4b97-80f6-ed3d8b8f59f1,2025-10-09,organic,free,AU,Finance
e6ff3280-16b2-4a28-a07a-545f1a1a8c05,2025-12-19,organic,free,FR,Finance
92c7baf5-2dd1-42b5-8070-f366d731f3fd,2026-01-29,organic,basic,US,Tech
5176d0e3-50cd-4b21-b3cd-414ab122baca,2025-07-05,paid_google,free,FR,Healthcare
3c68c561-2214-4c8f-9f2a-bf5e3b2be572,2025-09-01,paid_google,free,CA,Education
8779db95-7f16-468c-8e91-863ff14025d1,2025-12-24,referral,basic,US,Tech
f340529b-18f7-4cc1-8866-abb6b9b7c60e,2026-05-19,paid_google,enterprise,DE,Finance
97ca018c-6184-453d-80d0-e707d9167e30,2026-04-28,referral,free,UK,Retail
c0f6a9c8-496e-43ae-8f14-448a57d3e5b1,2026-04-01,organic,free,UK,Finance
ab7aaf36-ef02-4536-b4e1-c5f916f84ce1,2026-05-16,paid_facebook,free,US,Finance
e23c1239-ea5b-40b5-8a65-c86f851010e2,2025-12-30,organic,free,IN,Retail
ac8121f6-cff3-41c3-b68b-a7fc455f9a7e,2025-11-06,organic,basic,US,Finance
c62e6287-ee9a-42ac-a293-adc0b962612b,2025-06-24,paid_facebook,basic,US,Retail
1daea78f-1c63-46da-9b61-7ee9b6985ffc,2026-03-20,paid_facebook,pro,FR,Finance
2462587d-64be-4671-be92-88107af74d52,2025-06-04,organic,free,US,Healthcare
6acea33d-dc32-4f12-bd14-6d61313536c5,2026-01-06,paid_facebook,free,US,Education
acc41f44-0074-472a-9b50-8fa89dcd352a,2026-05-30,paid_google,free,FR,Healthcare
ef6e5899-9fe1-4685-a920-fbfa57ebc712,2025-06-20,referral,free,US,Tech
72b3144c-9973-459f-83be-06092496120d,2025-10-30,organic,basic,US,Tech
4f4d72cd-3021-43a5-bfc9-9816f862f10e,2025-07-20,organic,free,CA,Finance
2e49eccd-077b-40bd-b012-0d4237a443b0,2025-11-24,paid_facebook,basic,US,Tech
c07cfe28-69bd-4129-b115-5dc53c405c85,2025-09-04,paid_google,basic,FR,Tech
990ff1b6-06ff-429f-969e-8b2f52aca104,2025-09-13,paid_google,enterprise,US,Finance
adc64ace-afc0-43db-811c-b2e10437afea,2026-02-05,paid_google,basic,IN,Finance
6262ba6f-ffd2-4945-9636-eaee1ba6cb1f,2025-09-25,direct,basic,US,Education
a6ec4bfa-bbe2-4a01-b150-a7a747b5f20b,2026-05-20,paid_facebook,free,US,Retail
e5e5cf8d-3158-4205-8eb4-03fb58ed86e6,2026-01-14,paid_google,free,US,Finance
0faf4725-1a8d-45ca-a8a4-84db901c64b2,2025-08-05,paid_facebook,free,US,Education
e2c62951-5862-450f-bf26-b871ab3a854a,2026-05-01,referral,free,UK,Healthcare
e3ba6dde-71f6-4020-93ae-0afd8087f030,2026-02-17,organic,basic,UK,Tech
9964794b-6434-4bdb-b845-d30a2a9b3725,2026-03-22,paid_google,basic,AU,Retail
118eaad7-12a2-4cbb-8aa3-f54379f629cf,2026-01-29,paid_google,free,US,Healthcare
579fae64-14b1-49fc-a5ab-79dfecc94c16,2025-12-03,organic,free,US,Finance
20a95140-62f0-4423-b5cd-479b0fe073d7,2026-02-01,paid_google,free,US,Healthcare
55e33f27-3aa0-4737-999b-4cb2abfb2821,2025-10-03,organic,basic,US,Education
f2bc2e7b-7c1b-4ad7-9867-875480b22f60,2026-02-23,organic,basic,US,Finance
33a516ad-fa7b-4b8c-b66d-48e7712247d4,2025-10-09,direct,basic,US,Finance
19b4a2c1-139c-4621-98d5-e77bbdfda620,2026-01-23,organic,free,US,Retail
855989e1-eba1-453a-8164-62cda7b849f6,2025-06-18,paid_google,free,IN,Education
6b651e8a-7a5a-461a-9957-bfd6d4a889e9,2025-07-10,organic,basic,CA,Tech
4bc9fa4b-1683-43fa-9f4e-e53b00744b20,2025-06-21,paid_google,basic,US,Healthcare
c45a5854-58f5-44d4-9c98-72089f6a1d43,2026-01-11,organic,free,US,Retail
00caafe1-460c-46c7-b540-cdc43a218dfb,2026-05-21,paid_google,basic,UK,Retail
119337a3-9d17-41ee-854d-9c8ab3794687,2026-03-09,referral,free,FR,Finance
497cdcd5-537a-4ee3-83af-7caaaaba3baf,2025-06-08,organic,basic,US,Healthcare
a77fb999-6a6d-447e-8d5c-2e682c38f7a2,2025-09-08,organic,basic,IN,Retail
caaa9a87-6354-49b3-876b-9e6010ebdfae,2026-01-26,paid_google,basic,UK,Finance
336fdc43-972d-4d84-8925-0684a09e8447,2025-08-26,organic,free,UK,Finance
ab584e0a-906c-4b17-95c1-4aab01adf5da,2026-03-25,organic,free,FR,Education
ee371347-c5b6-4abf-ae1f-8f275c696fcd,2025-06-14,organic,basic,FR,Finance
85be6875-aec8-4e40-9342-089f6997340e,2026-04-30,paid_google,basic,US,Tech
02ae405a-a02a-459d-829b-30b9f53496b8,2025-06-02,referral,free,AU,Education
a0008641-9bc8-4d4a-b0c1-5fb925e594e4,2026-03-20,paid_google,basic,CA,Education
e83e2f9e-b3ac-4a98-946d-c63f10248589,2026-04-21,paid_google,free,US,Tech
1815e163-9158-41c5-a07a-35df254e76f5,2025-07-11,organic,enterprise,CA,Tech
58382f9e-9601-4949-9aff-022053289e9e,2026-04-14,referral,basic,FR,Retail
197180ad-ec0f-4c94-8069-6fbac34775c1,2026-04-12,organic,free,UK,Retail
2ac1918f-273a-44e5-8b6b-1f6e0c20876d,2025-09-19,direct,free,FR,Tech
ae58ff39-b77a-44a6-8749-bb82ceaf9acc,2025-06-14,organic,free,CA,Retail
f922c622-cc62-4c34-8ddb-c1f6efdfe816,2026-01-17,direct,free,UK,Tech
51afa651-f561-4ca1-8753-afe801ec5ad7,2025-08-23,paid_google,free,CA,Tech
48d3d5bf-3210-495a-8b2a-f049febe9ef1,2025-10-08,organic,basic,CA,Finance
2fbed9ec-1d7c-4a2e-8593-cfd02e345fe8,2026-01-17,direct,pro,US,Retail
3efc425c-3552-4db0-863c-e6854e6dd90d,2026-04-22,organic,free,UK,Education
f55d5b13-e2eb-4d1d-a003-0aa96d10afd0,2025-10-23,paid_facebook,free,IN,Education
496335ea-f283-467d-8b2f-676e9d9f72c7,2026-05-11,referral,free,AU,Retail
03d30cb7-0c0f-431d-bfe2-25c41a6af628,2025-06-28,organic,free,US,Retail
aa5c8825-aee7-4929-a14f-c362907180ee,2025-08-05,organic,free,US,Retail
47f2c69c-25fe-41c8-9f4c-b3ae86a57f41,2025-11-10,paid_google,basic,UK,Retail
54caf899-39de-4f9b-bba6-02d24e715380,2026-01-15,paid_facebook,pro,UK,Finance
264f4fec-33b8-48cd-9d9f-836f75243015,2026-02-16,referral,free,US,Tech
434bda79-9eb5-4618-a932-115cb7053d15,2025-11-11,paid_facebook,basic,CA,Retail
1412f2a4-31ea-4176-ac91-7300811b9be7,2026-03-28,organic,pro,FR,Retail
d4e3c841-61f7-4c0f-8d8f-6b4b52d5a2f7,2026-03-30,referral,free,US,Tech
1c16e975-dafb-4641-920f-77bdb3820997,2026-03-14,direct,basic,DE,Tech
786a1fb4-2442-4230-9c16-c32c575a4ef7,2025-06-10,organic,basic,AU,Tech
5bed957b-a70a-427e-b64a-7c747367884f,2025-12-12,organic,free,US,Healthcare
f0da8c2c-f6ea-43f2-bf36-7a5c1a794e69,2025-09-26,paid_google,free,IN,Education
088d8d4c-4dd6-4436-a880-facfa8ff74c3,2026-02-25,referral,basic,UK,Retail
53c53b43-f693-4e9d-b57a-5a4fdb98d0fa,2025-08-19,organic,basic,FR,Finance
7bd2911f-17ff-40bf-9908-0b8b5d1b832a,2025-09-01,referral,free,US,Finance
68e02f1b-3f8d-42a5-9a5a-a70716df3c01,2026-02-21,direct,free,US,Tech
aa3867d7-a693-48e6-9aa9-8753c507c8c2,2026-04-28,organic,free,US,Finance
a427eb2d-dc00-4007-9b9b-571b816e7069,2026-05-16,paid_google,pro,US,Education
dd358237-322a-45f6-82e4-1f86d8e8427e,2026-05-27,organic,free,US,Retail
e1e47452-0758-4dea-b2b8-7fcd6e88102d,2026-02-12,organic,basic,US,Finance
e401cb86-802d-4a5d-9119-259fb4c9cd4c,2025-10-11,paid_google,free,US,Education
6cb89cd1-2e6f-49f1-9bac-f16f1f312689,2026-03-03,paid_facebook,free,UK,Education
f126d9f6-d2f4-4a40-8099-540b7801a68d,2026-02-19,paid_google,free,US,Healthcare
496a8c3e-6b4b-4c11-bb37-b0d1f9ca788d,2025-11-18,direct,free,CA,Healthcare
629ea211-fa85-4ac3-a2d8-c9dd367d9b88,2025-06-01,organic,free,US,Finance
489588b2-2c11-4ca6-ade4-a22a1fcc241f,2026-04-09,paid_google,free,US,Education
d5f80db1-3b0d-4e1d-82ab-42382fc3d0f7,2025-08-03,referral,free,IN,Tech
897bf6e0-c946-4d13-ab39-aa84dae7b902,2026-03-11,organic,free,US,Healthcare
349d29de-383e-4f38-9769-bb21b3b31af2,2025-09-29,paid_google,free,US,Education
349c074c-be70-4087-a9b5-01aba565dd9e,2025-09-15,paid_facebook,free,US,Healthcare
2be7b2ff-00bb-45a2-bc8b-3db0615fab92,2025-11-22,referral,basic,DE,Retail
0bc22553-5ef3-4ae1-a80e-e649b48a1e5d,2025-12-21,paid_google,basic,AU,Education
c0bc22fe-2270-434b-af29-489511e460ff,2025-11-12,paid_google,enterprise,US,Education
da2c9a4b-679c-407c-9bd6-2521f1c19e6d,2026-04-01,direct,free,UK,Retail
5243f8da-836a-4b77-b8c9-9e08e7b43946,2025-09-28,organic,free,US,Healthcare
cc4bdb99-f34c-43a5-9e09-44b0c32ed589,2025-07-14,paid_google,free,US,Retail
38176fcc-9df2-47bc-bbb8-f8b2cfa8e698,2026-04-08,paid_google,free,US,Finance
be93937a-07bc-41cc-b41c-ed7bd6d7eba2,2025-11-03,organic,basic,AU,Tech
318090c3-0aa5-4d2c-9704-02893d46d5da,2025-12-24,paid_google,free,US,Healthcare
c720c82e-0c4f-47c2-895f-504982a5eb2c,2025-09-16,organic,free,CA,Education
96490c95-1ccf-497b-862f-29518d016ce1,2026-02-06,referral,free,FR,Finance
d33b7aaa-ca74-4a6c-8175-a155b88a4392,2026-04-30,referral,enterprise,US,Healthcare
540ab9a6-8721-430b-a8b5-ea2bb1429fc0,2025-10-08,organic,pro,FR,Tech
8b289621-3742-4cff-9eb7-bc2c54f9ab64,2026-03-20,organic,free,FR,Education
64f8f029-4077-4950-aaed-5283c3354fc2,2025-06-20,paid_facebook,free,CA,Retail
8c759999-b9c6-4f94-a8c4-c270f01a2705,2026-03-09,organic,basic,UK,Tech
424ca5b5-48e0-4d6d-9555-7b311ac7a907,2026-03-12,paid_google,enterprise,IN,Healthcare
762f326b-8cb1-4d9e-8f83-d3d67bfecb31,2025-06-01,organic,free,FR,Education
20e8c7c9-2a9d-4fc2-aa2e-15eb1779fc1c,2025-09-27,organic,free,CA,Healthcare
f0e3eb6a-ec5c-4bc4-b768-b644e29093f5,2025-07-05,organic,pro,US,Tech
795bc6e1-8f78-4afb-8e7e-c10bab2b4dcc,2025-12-15,organic,basic,AU,Education
c52dc972-904e-4fe0-8b2c-9fb66bb25823,2026-01-31,paid_google,free,FR,Tech
6659a7c5-4d2e-4cc9-9a3c-4d4cb03239f2,2025-07-29,paid_facebook,free,US,Healthcare
3ca381a8-3592-4771-9979-a6c4bc9937f3,2026-04-21,paid_google,pro,CA,Education
587144c4-b08f-4714-a6b8-9dc7505351d5,2025-11-08,paid_google,basic,UK,Education
ab5a05be-7acc-411f-9b8f-598b77851a62,2025-11-26,paid_google,basic,US,Education
bb3d0bdf-4139-4da9-bf83-4d390f3451d3,2025-12-23,organic,basic,US,Healthcare
0ec234af-80f4-490f-b027-ae74e3b601ca,2025-06-12,organic,free,US,Finance
527d3a7e-9f9b-49f7-a292-148216b9854c,2026-03-03,organic,basic,CA,Healthcare
b72aa4eb-0f33-4dde-b6e3-8d7dc3e938ac,2025-11-28,paid_facebook,free,UK,Retail
3314ac82-5e04-4e23-a396-0dd68fcc22b5,2026-01-28,paid_facebook,pro,US,Finance
29268cad-fa58-438c-bbec-8b0061e2dedf,2026-01-02,paid_google,free,US,Healthcare
98df1722-d227-4577-9ab2-9f043034ed4b,2026-02-06,paid_google,pro,US,Retail
9462571f-6505-4c5d-aa03-1d040213164f,2026-03-26,organic,free,IN,Tech
8ac5849a-1535-45e2-90ba-82b4c2aa828d,2025-10-04,referral,free,US,Retail
f1ba2dfe-f1da-4df6-9576-9f9ee1086e75,2026-01-03,referral,free,US,Education
c9077283-3488-4f27-a58c-88626b591d85,2026-04-02,organic,basic,FR,Finance
ae4a02fe-0203-4439-8eec-d12088d4720c,2026-03-12,paid_google,basic,UK,Healthcare
caf21a7b-9cbd-4fa3-81c1-bd525f78bb08,2025-12-02,paid_google,basic,CA,Healthcare
da3ebb5e-6612-45f4-b024-fd257068deab,2025-07-09,paid_google,free,UK,Education
2efc9687-3d7a-49f8-9594-f4a2af0ad5da,2026-01-09,direct,free,US,Finance
6ee33e7c-1950-4af8-b835-a0b9d5457519,2025-12-01,paid_facebook,pro,US,Finance
ccb9cb75-5c52-4a58-a51a-612bb78889a2,2025-11-25,paid_facebook,basic,UK,Education
0a69a29f-b3a0-42f8-b20a-f4cc67f3ca70,2026-03-21,paid_google,basic,UK,Finance
74d91f08-aa9b-44c9-8865-8b780ed43c01,2026-05-06,organic,basic,US,Education
95c0f4da-c5d0-4713-93ea-87527018ce00,2025-10-29,organic,basic,CA,Retail
948696e8-2ee4-40eb-9fd8-4b86577a2556,2025-10-04,organic,free,US,Education
9373d889-c742-49db-92eb-dd02fb257ae1,2026-03-28,organic,basic,US,Healthcare
a0b1c1bf-0232-486c-8436-1aef54bbc5e4,2026-04-04,direct,basic,AU,Tech
7fc3efe4-f7aa-4c07-bb13-0a02f63e9ac8,2026-05-02,paid_google,pro,US,Retail
fecbd283-afef-4e2f-973a-98b6c371105c,2026-01-20,referral,basic,FR,Healthcare
a09e85fa-7974-483c-b06d-204b5406132a,2025-06-08,referral,free,DE,Retail
f5d7830d-e727-4cc1-bd65-658f1e3a64fc,2026-05-07,referral,free,US,Healthcare
3bee0bd7-8e53-4544-be3d-e2a35619662a,2025-10-07,organic,free,FR,Finance
d55e1822-fbb6-47e8-a506-e1b9f496d7d0,2026-02-19,paid_google,free,DE,Education
3a30a093-708d-42ea-bba1-33a24608ad1d,2025-11-04,organic,basic,FR,Healthcare
5685ef27-e2f9-498c-acc8-d22b6280ce01,2026-05-18,direct,pro,CA,Healthcare
42e683bb-07a8-4b9b-b89e-c51a571ea41b,2026-05-24,referral,free,FR,Finance
70d86afd-1546-4878-8393-4100822bfaa0,2025-06-05,organic,free,CA,Tech
504e1c28-5c19-43a1-a324-8b99fd4e6427,2025-08-25,organic,pro,DE,Tech
ccd44d48-bc00-4916-ad77-261e9494dde2,2025-11-22,paid_google,basic,CA,Education
82bf803d-cf14-4a63-b122-f0a49ae815b5,2026-03-17,organic,free,FR,Finance
c087f984-b1f0-4da9-8d63-b07527f690e8,2025-12-10,referral,basic,UK,Retail
c28dbb2b-e01b-4fba-92d3-28e088441aae,2026-04-07,referral,free,IN,Healthcare
fc27f50b-9d0c-4fae-b896-a1afc7b4f444,2025-09-27,paid_facebook,free,FR,Education
a1724533-4496-4d50-bc1f-33ee0a3d43c2,2026-01-04,paid_facebook,free,US,Tech
7ad3e81c-be22-4112-8f3e-85c87ac4ece8,2025-09-22,paid_google,free,US,Retail
68c90273-4b1b-4727-8e3b-2a180c7039ff,2025-10-23,organic,free,US,Finance
72d36eb2-e092-4cca-a144-6a5b4e1a041f,2025-06-26,referral,pro,FR,Healthcare
24030aae-0b7d-452c-be1f-02b4d3f65b91,2025-10-14,referral,basic,DE,Healthcare
7a75ca0f-d994-4860-bfd4-8fc88937ec40,2026-03-30,organic,free,UK,Tech
713a0c09-bd27-4b26-893e-6e0f45a82753,2026-01-18,organic,free,FR,Tech
358435e5-dcc9-4d32-a175-41e612b6f6db,2025-08-15,organic,free,US,Education
177ade29-f8b2-4e20-b134-b2b80a840a07,2026-04-24,referral,basic,US,Healthcare
31b3a7d1-562c-4975-b067-23a457cb78ea,2026-05-11,organic,basic,CA,Healthcare
926c549d-863a-46ac-a09d-953c50367a9d,2026-03-29,paid_facebook,free,US,Healthcare
23925884-0208-448b-98ea-0b95131b8f16,2026-03-16,organic,free,US,Healthcare
482f3d0f-89d5-47c1-8e8b-c4f7860e8910,2025-06-01,referral,basic,IN,Retail
3494f0d5-834c-415e-b2de-fe24709162c6,2025-10-25,paid_google,free,US,Finance
144e1ef9-92bb-4943-9395-13a114a624dc,2026-03-14,organic,free,IN,Retail
4c395d7d-6ca6-4f77-8a4f-4b6aac0e8bf9,2025-10-20,organic,basic,US,Finance
5c1d45a4-5a40-4bcc-81ba-c359adc9e5b5,2025-07-23,organic,free,FR,Retail
b81ad274-dbb8-4340-b43a-29ad60eae6cc,2026-03-31,paid_facebook,free,AU,Education
8316f62c-402d-4da4-b269-43af4abf80cd,2025-08-08,paid_facebook,free,CA,Finance
7fd622ce-1e68-4a50-a9c3-8386b32ac819,2026-05-27,organic,free,US,Healthcare
45173300-624a-4373-b6f1-5bf21500e16a,2025-08-29,paid_google,pro,FR,Finance
120be893-22e8-46e8-a7b7-382b640e08d2,2026-01-06,organic,enterprise,US,Healthcare
7a5c8503-1990-4432-b6eb-ddd8568aaeac,2025-12-09,referral,pro,US,Education
dd123870-917e-4cfe-bb21-66b81da0e301,2025-08-02,organic,basic,US,Finance
ef5a7206-4eff-459b-8ad6-eed2c3a1eab5,2025-08-12,referral,free,FR,Tech
3e811737-7574-4fb8-bef5-111c6bd9e474,2025-11-08,paid_google,basic,DE,Healthcare
33bc6151-16f8-4e75-9c56-1a7286c10798,2025-11-16,paid_google,pro,FR,Finance
a70b28b3-1b64-4100-a4c8-bf56f9730c4c,2025-08-28,organic,free,IN,Retail
821e4d44-fb8b-4984-9584-07860267b27e,2025-11-23,organic,free,US,Finance
2542da02-d76b-4900-a822-b4e60e80dfd9,2026-02-24,paid_google,basic,FR,Healthcare
4684379c-d2d7-4638-bd90-e1f38a0ea09a,2025-08-12,paid_google,basic,US,Tech
7eec481f-b41b-4f93-8f92-8be4804061af,2026-01-31,organic,free,US,Tech
2db03bd6-978b-4876-aff1-6874fa143f0f,2025-08-16,referral,free,US,Retail
a1d63b7d-dfa5-4aab-8676-376abc65e0db,2025-11-06,paid_google,basic,US,Education
fb386212-9853-418f-b33b-88e71f881eb2,2026-04-20,organic,free,AU,Tech
ba085467-45da-4d1e-8237-29779c423aff,2025-09-06,paid_facebook,basic,US,Education
e2afab05-10a8-43dd-a936-f5bb55ec3e4b,2025-09-10,direct,free,US,Healthcare
151596d5-721e-4a7e-bce3-49791c216f3d,2025-10-10,organic,pro,CA,Finance
14f597d5-e851-4860-b6b8-13e7ce51157a,2025-09-10,paid_facebook,free,US,Education
28016e51-bbb9-4aa6-9314-478dda0c3859,2025-06-19,paid_facebook,free,US,Healthcare
ea023247-d7fd-42d3-80c1-1bbb7b8477e0,2025-08-21,direct,free,FR,Healthcare
09df95c4-7a9b-4376-8d8f-e49192bd93af,2026-03-06,organic,free,US,Healthcare
c8a744d2-9170-4083-826b-8558f8624d85,2026-05-05,direct,basic,IN,Retail
13c82935-573a-478e-a456-1a18f8525cc6,2026-04-27,organic,free,UK,Retail
37fdf014-2ccf-4312-b837-28060651395d,2025-10-07,paid_google,free,US,Education
41d3ad89-78e4-4088-b64a-d4d87a81485c,2026-05-10,organic,free,CA,Healthcare
7b687624-c91d-4d3d-a19c-bfaf6c35debc,2026-04-06,organic,basic,US,Education
ca281de9-5325-4181-9147-21b398a102e0,2025-08-28,paid_facebook,basic,US,Tech
8c7e8174-32f8-45e3-bf64-ab06fc220ee0,2025-12-30,paid_google,free,US,Education
5d9a18c2-3313-464a-aa93-302c29101c25,2025-10-21,organic,basic,US,Finance
4dadee7c-ea7a-476f-9d8a-72cac957f963,2025-08-04,organic,basic,UK,Healthcare
031e62f2-8a95-4a01-af4b-8561945a147b,2025-08-15,organic,basic,US,Education
5e1e20c7-a528-43a5-93f2-b30db0806cb9,2025-12-16,organic,free,US,Retail
a31f70b6-c280-4376-ab57-370077029d7c,2025-10-21,organic,basic,FR,Finance
1a7c0e39-38cd-403c-a259-5d1428110b48,2026-04-12,organic,free,US,Education
a5bdde1e-251b-4522-b252-4dab5256c57a,2025-09-01,organic,free,US,Education
f108c292-a016-451c-862b-ff8fe3695bb4,2026-04-01,paid_google,free,IN,Education
8f17bf20-8e0a-4a32-8c44-439aafecc274,2026-01-10,referral,free,DE,Retail
3a3aa3e1-a158-4d6b-96cf-bf17ac0a24a8,2026-03-18,organic,free,US,Education
fea4b483-6089-424c-b9b7-4c09fbe2df6e,2025-09-10,organic,pro,US,Tech
4d3ca282-622e-4e77-b4a8-e783530bc646,2026-02-22,paid_google,free,US,Tech
6dfe5352-7f90-4f78-a10f-83c5b724c2e5,2026-05-21,organic,free,US,Tech
f37a2cc2-7ecd-4598-83b9-e9d708ce9761,2025-09-18,paid_google,free,US,Education
68062a90-4368-48de-97b5-424e47e9c841,2026-04-26,direct,free,US,Finance
30e664f4-85f9-4ce8-848b-9766782fe514,2026-02-20,paid_facebook,free,US,Retail
6732f684-be8d-4fdc-8b76-75447f691572,2025-06-03,paid_facebook,free,US,Tech
bbb8e16b-7e96-46b1-b204-392ac00de64f,2025-08-24,paid_google,free,US,Tech
bb062f8b-341c-4ca9-8a40-ac56bbb60521,2026-03-09,organic,free,CA,Finance
24da7c7e-6ff0-4976-8c2e-ea43594ec0d4,2026-04-24,paid_google,free,US,Tech
7307a03d-d2d7-42b7-b5a9-efbf42a206e2,2026-03-31,referral,free,US,Retail
7af6bc51-93fc-4ac9-bff7-cc31cfe07a04,2025-09-25,referral,basic,US,Finance
c3a0f210-593d-454b-a13f-8a8c5143ecc5,2026-01-07,paid_google,basic,US,Healthcare
e2e31bfa-8748-475e-9dd3-794651cb73c4,2025-11-01,organic,basic,AU,Retail
fac4e33d-8652-4fa9-be7e-1e2f025eb94c,2025-10-31,organic,free,FR,Retail
0eb40102-041c-43fb-b75a-73e63d35e62d,2025-06-12,organic,free,US,Education
9d2a24e2-652b-4d88-99f9-bcfb6598bfc2,2025-10-11,referral,pro,US,Healthcare
ae1d6a70-cfff-4580-9a2b-121e7075853d,2026-03-31,organic,free,CA,Healthcare
1593308b-3056-4606-b72d-2abed00e4e62,2026-03-20,organic,free,US,Finance
c2269622-108d-42fa-ad87-bec700bab57f,2026-03-27,referral,free,FR,Tech
ddd30bbb-0654-4863-8d93-2a46c2795c7e,2026-01-14,organic,free,US,Healthcare
57a71fdd-d348-4adb-b2dc-dae7247d3859,2026-02-26,paid_google,free,IN,Finance
c60d9cee-4b01-44aa-b566-f00972490577,2025-07-13,organic,basic,US,Healthcare
5206d0dc-bb26-4d2e-8d18-bc711b943150,2026-05-09,paid_google,free,US,Retail
53680389-abdf-4f5b-aca6-2b5f45ac2364,2026-04-22,organic,enterprise,US,Healthcare
743ee843-817b-43ea-b1ac-2241d7558566,2026-03-29,paid_google,free,CA,Tech
bba59eac-6476-4596-be02-4197d614a939,2026-05-30,paid_facebook,free,IN,Finance
f2ed1c4c-5deb-40a6-a97e-772b797fed39,2025-06-21,paid_facebook,enterprise,FR,Tech
36074416-cdf3-41ac-af31-3e883f3874e4,2025-09-15,paid_google,basic,US,Education
175d98dd-e04f-4885-aff2-26908849d5c2,2026-05-02,referral,free,CA,Tech
9e72a2b4-7848-4b39-8a93-5282799e0145,2026-03-30,organic,free,US,Tech
e4b41eb9-c12b-4e65-8125-cbff540e7237,2025-09-25,referral,basic,UK,Finance
a691eacf-676d-4c1a-a3dd-0bdc3d5babe8,2025-10-02,organic,free,US,Retail
fed1d742-7252-45e7-b70c-dfd7e0557890,2026-03-08,organic,free,UK,Healthcare
d118c921-82f9-4221-b02d-b3e895de653e,2026-03-19,organic,basic,AU,Healthcare
191b3e56-58d4-4883-9ee5-52f5397e3aaa,2025-12-20,organic,free,DE,Finance
dc88b7ce-bf19-46d7-9c52-d8069141a5bb,2025-07-21,direct,free,UK,Finance
2c174f57-d22f-465b-8a30-1f7f8b6a28a5,2026-02-26,organic,free,US,Retail
728594dd-d4ec-4fb9-a17a-0760825149f5,2026-04-20,organic,free,AU,Retail
63818459-09a1-4d92-835f-0db3a3e413a8,2026-03-04,paid_google,pro,FR,Education
836caafc-2fae-439a-b600-b1915e8159d7,2025-10-19,organic,free,US,Healthcare
028d3364-ab93-4a87-a521-a1398df742d6,2026-03-02,referral,pro,FR,Healthcare
832096d0-a1db-42c1-ba52-2886415a22cd,2026-03-17,direct,free,FR,Education
d062f013-3d5f-4cf7-8d01-97903a8cc15e,2026-04-30,organic,free,US,Finance
7d1669cb-14ce-4b53-9a67-8f0f67d98de6,2025-07-22,organic,free,IN,Healthcare
473deb0c-5094-4566-b2f9-2e6813bb4cf5,2025-06-27,organic,basic,UK,Tech
0cc7d141-0aa8-490a-93c0-81df714bff69,2025-11-04,paid_google,pro,IN,Finance
008259c6-bd74-4803-8c5f-317f4fe57398,2026-01-25,organic,free,US,Finance
2e4b4f66-529c-4ca0-b760-a0faee6a0141,2025-11-03,paid_google,free,US,Retail
3debf286-4d03-4e14-92cb-e5d2249d4447,2026-03-18,paid_facebook,free,US,Education
4b36c531-60a5-4cca-82ba-4306d60801b6,2025-10-14,paid_google,basic,CA,Finance
447c5826-50fd-481a-b9a3-db78197dd4ee,2025-10-22,organic,free,FR,Retail
8e58b0b3-eed4-4a01-b643-e8fbeb42ae9e,2025-09-14,organic,basic,UK,Tech
a3a00469-9a51-4626-b991-dac138e48b82,2025-11-05,paid_facebook,free,US,Tech
dc424368-5328-48c4-8999-972c754e3d4b,2025-10-24,paid_google,free,FR,Healthcare
53f5e626-4ca9-41c1-a124-ab309214d46e,2025-06-02,organic,free,US,Education
9dc38ce5-6359-4f5b-a91c-daa665f4ccee,2025-08-16,paid_google,free,DE,Education
4d410868-81e0-4689-8f65-1fb9a7e7cf28,2025-10-10,paid_google,basic,IN,Retail
16b51b13-d8fb-461d-a902-c3fd73e0fca2,2025-08-29,organic,basic,CA,Healthcare
d265181e-49bf-47c0-9a3c-bcb1f3665b66,2026-05-11,direct,free,UK,Education
18d2fd93-0a5c-4e33-a6a0-7985ecca2c7d,2026-05-16,paid_facebook,free,US,Healthcare
52c81978-75af-4fa8-baff-fd2cf4156bd2,2026-02-18,paid_facebook,free,UK,Retail
559b9878-48aa-4bfa-b4bb-568b891a405b,2026-05-17,referral,basic,US,Healthcare
4ea60d8a-8de2-4892-b1f7-4acb44da2601,2025-09-16,paid_facebook,free,UK,Finance
9a96ab63-a37e-48e8-b71b-eecd9cf30263,2025-08-13,paid_facebook,free,US,Finance
1d34e8b2-850d-4e8a-8dcb-2313e4ceb5e2,2025-07-09,paid_google,free,CA,Finance
f93abac5-125c-4bec-8357-c54555caba34,2025-11-06,paid_google,free,FR,Finance
b8806232-4e71-4a05-8e73-c3fc6f277dfb,2025-08-10,organic,free,US,Tech
6ca813d8-c229-4d60-96db-a1ae1903aea3,2026-04-08,organic,free,CA,Tech
29213f33-5950-4d41-a9ef-44c20b633b74,2026-01-27,organic,free,DE,Education
df585e15-4854-4139-8070-8fa0b48958d6,2026-03-25,paid_google,basic,US,Tech
055577fa-7c62-45e6-88e4-627de61c7186,2025-07-06,paid_google,free,AU,Healthcare
5c7a5fc1-7404-408a-a4b9-4f537c518094,2025-08-23,paid_google,free,US,Healthcare
6a0cf81d-8a08-4e1d-b87c-819529666fc7,2026-02-18,paid_facebook,basic,UK,Tech
3b3c5e0b-ac7b-4b79-942f-d290f1ad557a,2026-04-06,organic,free,FR,Healthcare
d80a293a-ce9e-41ff-bb4b-66a978ad8f41,2025-11-19,organic,basic,FR,Education
9cc2ed15-7753-468c-9a0d-5ff7e16f36cb,2025-11-20,organic,free,US,Retail
012d103f-5707-49ad-af9c-4582d859db45,2026-05-28,organic,free,US,Tech
221af271-0ee5-4452-a25d-5dd7e36a36ab,2025-07-17,paid_google,free,FR,Finance
5abbf8d1-2370-4163-b678-f2b5a95e700e,2025-10-19,paid_facebook,free,DE,Healthcare
58a99c8b-5a75-4a15-ba4c-2e682cb3d02e,2025-09-26,organic,basic,CA,Healthcare
b0144daa-9e0c-4262-b7a8-3fdf6a715829,2026-03-04,referral,free,US,Retail
f11c60b6-dd70-4ad2-8f51-ed69fa299350,2025-12-31,referral,free,IN,Education
10c5917e-0ad0-4e17-a010-dd87bba879b0,2026-01-06,organic,free,US,Healthcare
b19d3516-6a67-4c08-b507-6811b2b4df7c,2025-06-26,paid_facebook,free,FR,Finance
623332b5-38c6-4d35-b3f9-503a181d11cf,2025-06-09,organic,free,US,Retail
896c1633-6fec-439c-b853-1407f7237a9c,2026-02-26,paid_facebook,free,CA,Healthcare
c6163f12-ccd3-4cc2-9fca-622d180c43b9,2025-06-10,organic,free,US,Finance
d3efe89a-5131-412f-8a1a-f409057cc0ec,2025-09-29,paid_facebook,basic,UK,Healthcare
6bc75266-a01b-4aee-a7b7-28bd5a981f50,2025-10-03,paid_google,free,IN,Finance
29059350-9ffa-4fc2-8003-bf273f7ff978,2025-11-17,direct,basic,UK,Retail
d1eb03e0-69b2-4d1f-9fed-89612c001e1d,2025-08-11,paid_google,pro,AU,Education
8032e7a9-6cf8-43a9-9b7f-8d1537c9359d,2025-10-30,organic,free,IN,Tech
d0ef56b4-d5f3-4a79-9a66-ed25de09a11e,2025-12-25,paid_google,basic,US,Tech
789f2cad-37aa-4d25-8153-25e54fd9227b,2025-07-19,paid_facebook,basic,CA,Education
8629ec22-e41c-4282-8cb1-b9fda830faa0,2025-11-01,paid_google,free,CA,Healthcare
f09b75a4-d93c-4487-84c8-feaa65a616cb,2026-05-13,direct,enterprise,US,Retail
71d13bd8-3674-48f9-8629-85a15684e2b8,2026-03-20,referral,free,US,Finance
b6c08f47-6187-416e-b880-157843c7052f,2025-08-07,paid_google,free,US,Retail
26471122-1f3b-489b-a7f5-8befa4603265,2025-07-20,organic,basic,US,Education
21adf7ee-3e25-452d-b8bf-e6e3ce591ad9,2025-10-30,organic,free,US,Healthcare
d9cd72cf-975b-41ec-ba87-5a9b8750afb0,2025-06-19,direct,free,FR,Healthcare
07d9a235-baa3-424d-af36-c8d531230d41,2025-09-08,direct,free,CA,Education
f0e3de9a-a6a5-4def-9c77-e5c243109c47,2025-07-30,organic,basic,UK,Retail
a062d160-da39-4f60-b42c-af2d69fc4b72,2025-11-14,paid_google,basic,IN,Tech
3cc54809-6102-49c3-b699-a77d4ccaf33b,2025-12-19,paid_facebook,free,IN,Retail
dd4be6fb-75e5-44cb-a7ab-d38595583263,2026-05-11,paid_google,enterprise,UK,Healthcare
8bf6be3f-cdc3-4a11-b18e-2cedc9fbb667,2025-10-24,referral,free,US,Healthcare
5d97050c-bc04-481e-ba43-ac599521ff88,2025-11-11,organic,free,IN,Education
fa6a2382-c354-45cd-92e3-b0f0c6c15903,2026-01-28,referral,basic,US,Retail
0d2cc0f9-3341-45f6-9b70-eda209b1292f,2025-08-08,organic,basic,AU,Tech
a945d907-2dde-48c5-9857-11f111b1962f,2025-11-22,paid_google,free,US,Retail
0ea2b5d2-e464-4466-907c-2bab02172354,2025-07-19,paid_google,free,CA,Healthcare
ed970149-e04f-4bd9-9bb6-6a6b93bdb73a,2025-09-16,paid_google,basic,IN,Retail
275fb877-ddb3-43f6-8aec-1956b156e1c8,2026-01-12,paid_google,enterprise,US,Healthcare
57701f95-fada-4217-986e-f38ce8fab2e3,2025-11-08,paid_facebook,basic,US,Healthcare
b8cedfe4-4bc8-454b-82ef-a654be3db96a,2025-09-27,paid_google,free,CA,Finance
657e129c-74d6-4ffd-9545-14df0dada02b,2025-10-27,paid_facebook,enterprise,AU,Tech
66fc0b70-893c-4598-a63f-3832c2aef258,2025-10-28,organic,pro,IN,Education
17a05b73-f3d8-48e3-828a-5bb4de0e049f,2026-03-20,direct,free,DE,Tech
5afdbb65-53ae-4381-a623-4c53e7bb829f,2025-10-21,organic,basic,US,Retail
9bffe75c-d1a5-48b0-a3fa-e65482076359,2025-11-07,paid_google,basic,US,Finance
5a65cb3a-f662-4bb8-ba3b-1f0b19b8fde6,2025-06-11,organic,pro,IN,Healthcare
f3f6c350-cf67-4d93-a4c3-e1dedd4c5a3a,2025-10-16,paid_google,basic,US,Tech
1370a355-119e-4064-a96c-fc7c589fe873,2025-08-17,organic,basic,UK,Healthcare
e9ae5a6a-4afe-495c-bab8-179918b8c323,2025-08-16,direct,basic,CA,Healthcare
5b1217ca-f71d-4595-b67f-0989b3bcfdc2,2026-02-09,organic,free,FR,Finance
1ff9b35c-987f-4a5e-8723-093b217c9964,2026-02-13,organic,basic,US,Tech
500472bc-6a3b-45d5-83f9-4a6068368084,2026-04-16,paid_facebook,basic,US,Finance
0b6f823b-769b-44d9-8384-0ab65ad22f4b,2026-03-18,organic,enterprise,AU,Healthcare
9a31d5e4-af60-4a91-a186-3819b8069abf,2026-02-18,referral,free,US,Tech
513e18e9-3c2a-4ada-9547-7db35ac65776,2025-08-24,referral,free,UK,Healthcare
4425cbf8-84c2-486a-b625-cba46e444463,2025-10-24,paid_facebook,free,IN,Healthcare
d9fc8674-818e-4d95-bab0-6da4f779f611,2026-04-19,organic,basic,US,Tech
51497939-2773-4099-8f58-bbc94af0051c,2025-07-12,organic,basic,US,Education
71178c0f-9316-4b62-8bf5-50c0c60f668a,2025-10-03,organic,free,US,Finance
8396dfba-0054-4ea3-972d-99e82fdbcfc3,2025-11-14,organic,free,US,Retail
aa526635-7c2f-46d9-b3c1-e3add031aa9e,2026-01-27,organic,free,CA,Healthcare
a5b57ab4-0f1a-4780-91a8-056499a996ab,2026-03-07,referral,free,US,Finance
ab2272d1-1326-4dda-a4d8-ccfac2c5db0b,2025-12-05,paid_google,basic,US,Finance
36f68e18-2b93-47bb-8627-039aaccc79cd,2026-03-29,organic,free,UK,Tech
ea0fe823-dd20-4cd9-af17-c01f4cd68654,2025-06-19,organic,free,FR,Tech
2ba97570-472e-4f97-b74b-49684b2a29ee,2025-08-07,paid_google,free,FR,Tech
9d9cca27-fe16-426b-a54d-f468ce489ec5,2026-01-04,organic,free,DE,Finance
d20489c1-05c3-4104-b88e-56cb8d460c9e,2025-09-10,referral,basic,UK,Tech
990de448-c6ca-4083-bfa5-9a3b4e277514,2025-07-12,organic,free,US,Retail
4d549608-1223-4d5b-bb72-d074d775db74,2026-03-15,referral,pro,IN,Finance
fa7802c9-ec6b-4819-91cd-25ec748a891b,2025-11-14,paid_facebook,free,US,Tech
e395f96c-aecc-447e-9b7e-b12b1aa7562c,2025-09-17,direct,free,IN,Healthcare
bebd47eb-6dad-475a-9b1d-fd0c5558bf89,2025-07-06,organic,free,US,Finance
42d5ef93-c71b-422c-9b82-c7ac9732f7eb,2026-01-18,organic,basic,UK,Education
1cd31fb1-11af-42d6-9646-211bf32f1c86,2026-01-15,paid_google,free,US,Education
a31966a7-629f-4a58-b75e-77802922d707,2026-05-19,direct,pro,US,Finance
19ea1d18-e076-4a0f-9f6f-d488748f8aad,2025-11-11,paid_facebook,basic,CA,Finance
fa4bec49-69f2-45ff-a9b5-ef2d8f13d365,2025-08-12,paid_google,free,CA,Education
cb181481-7fe7-4c07-af88-3ec65d19098e,2025-10-14,organic,basic,US,Healthcare
4d3e6255-ac22-4825-b350-c1dc876b9116,2026-05-19,organic,pro,FR,Healthcare
0403e9a7-66d5-4663-8502-84b0a464ce35,2025-08-09,organic,free,US,Healthcare
e96a327f-776d-455e-a4cb-cf6154dd6078,2025-12-13,paid_google,free,FR,Retail
add1d172-cd7d-450f-87d2-676161046839,2026-02-24,organic,basic,UK,Retail
26a03d7d-baaa-42ca-81e2-fd651e81c76e,2025-07-19,organic,free,CA,Healthcare
54befef4-ae60-438a-bb13-0d0752aa7f90,2026-04-12,paid_google,enterprise,FR,Education
cb93ba67-546b-481b-bd19-a76041bfc17a,2025-10-08,direct,free,AU,Retail
0229df2a-b1c1-4a08-9717-019fbdb90795,2025-06-05,paid_facebook,free,US,Tech
63867941-6d67-4a8b-b53f-913095f7bf28,2025-06-27,paid_facebook,enterprise,US,Retail
61c3cd21-2dd8-44c6-b9ef-1e90c65a77f5,2025-11-07,direct,basic,US,Education
e255899a-7368-41ab-9162-65de2e803126,2025-10-27,organic,free,UK,Education
953313de-8b61-449b-b620-dc0fd28ee004,2026-02-19,organic,pro,IN,Finance
ca746b6f-83d1-424c-91b1-070d255aef28,2026-01-16,paid_facebook,free,CA,Education
9717d4ec-69a6-45e7-97cc-08ed3d867552,2025-12-17,paid_google,free,US,Healthcare
75f239a7-28a3-4e62-b48f-3efa5dc1aa90,2025-07-20,paid_google,pro,UK,Education
eddcd7e5-8e1d-4f1f-81de-55ef341761c8,2025-08-06,organic,free,CA,Retail
ccb36966-71a7-425d-81d6-3269823e4482,2026-03-27,paid_google,free,UK,Retail
1b7af3f8-571a-4b7c-aba8-2c132b9419e6,2025-07-28,paid_google,free,CA,Retail
8f9e0369-ae97-4c89-ba15-6063c91e9a2d,2026-02-14,organic,basic,UK,Education
58182b50-208b-4aab-84e3-7b4d88c5da8b,2026-05-08,paid_google,free,UK,Healthcare
9b75f6ef-6efe-42a7-815a-120aef9dfaa3,2026-04-22,organic,free,FR,Healthcare
4c997286-d2c5-433d-ac6b-243a9847b076,2025-10-08,direct,basic,US,Finance
7bc4fac5-4bc2-47a8-bee1-c2438dd7ca4f,2026-01-01,direct,free,IN,Tech
6f0f7d73-0836-4fb0-b76e-9768ea6852b0,2025-11-19,referral,basic,US,Healthcare
981b5e45-0e8d-46c7-8ce6-6fd1e63d40d8,2026-02-13,direct,pro,US,Retail
7f120ebe-ea55-451e-b3ff-d18fc5ecafbe,2025-09-10,organic,free,FR,Finance
45063549-8a43-4dfb-840f-c7a0bf2f8ca8,2025-12-26,referral,free,CA,Healthcare
c2a4d6b2-053e-4306-8580-d5439fbd5917,2026-03-18,paid_google,free,FR,Healthcare
199464f2-ecf0-4c1a-a27b-24d52e522e3b,2026-05-20,paid_facebook,basic,FR,Tech
2e644b18-683a-4e79-8e67-5ebdadbb3a9a,2026-03-13,organic,pro,US,Tech
678423e3-63e1-486e-802c-ec01f7c30e00,2025-09-24,referral,free,FR,Tech
edac3cb7-b3c0-4561-92d6-08d4c37954ae,2026-02-19,organic,free,US,Healthcare
67f090f5-e98f-48c6-b882-efccfc35a5b6,2025-10-28,organic,free,US,Healthcare
2a91b375-3326-41d3-9f49-a58e40e75922,2026-03-27,referral,free,IN,Retail
9bd523cb-3375-41ec-9a58-24d4c847096c,2025-07-06,paid_facebook,free,US,Education
50a09fe2-4270-47f5-b2c8-4959d9dc07dc,2026-04-29,paid_google,basic,FR,Tech
7e5abeed-acfa-4a64-aebc-14c212eecae4,2026-03-14,paid_facebook,free,UK,Retail
14f926ca-c4c4-44a9-a9c3-023d477f366b,2026-03-30,organic,basic,US,Retail
c6b66dc4-8645-4eea-9ebc-7f3c9c98ad39,2026-04-07,paid_facebook,free,US,Finance
7389a886-854b-423c-9e8c-58bfb54d0f7b,2025-12-25,organic,free,UK,Retail
c12f75be-1207-4ca8-9f65-d582b20b6a25,2025-09-14,referral,free,US,Tech
cebb001e-d906-47a0-bd29-3267f84b47ff,2025-11-05,paid_google,basic,US,Education
5e045c5e-4eaa-4418-8cd0-6a1f7a8010a6,2025-09-29,direct,free,CA,Retail
3b4a3b71-b007-49f7-98f6-852afb37f503,2025-07-25,paid_google,free,FR,Healthcare
7f402116-6842-46d0-b111-305f429c7c71,2025-06-12,paid_google,free,US,Healthcare
756e2b37-811a-481a-9f5b-8f942b022c68,2025-10-23,paid_google,basic,US,Retail
0c0e3603-4d7a-41c2-8925-c60530d22b36,2025-10-14,organic,free,US,Tech
194b934f-77fa-4db4-9b8f-a2485dbbc97f,2025-06-03,organic,free,US,Education
32115fe6-8a6a-4f63-86fc-3e819b8088d1,2025-10-22,referral,basic,US,Education
4052959f-9df5-4fb2-88b9-10d251867a1c,2025-06-30,organic,basic,US,Tech
4a6a1891-db36-4c74-a6a3-135bab331b3c,2026-01-23,paid_google,free,CA,Healthcare
b00dba4b-d59c-4264-87b9-38328bb173be,2026-03-06,organic,basic,US,Healthcare
88f42ec1-0dec-4f2a-8e7b-95335c92f1fc,2026-05-14,organic,free,US,Finance
0111c32f-bf67-443e-8db5-e5b817759be9,2025-09-23,paid_google,basic,FR,Retail
19613508-715b-475b-b7f3-1ad0e409c70d,2025-09-12,referral,pro,IN,Retail
08536f71-565c-4408-9515-4a2c78d2573f,2025-09-26,paid_google,free,US,Healthcare
ee6a3b52-2aca-4bb6-bbf9-5a6d818ff0ee,2025-06-05,organic,basic,CA,Retail
d57bd2e5-e5e1-45c3-bcf7-facd7b951a9c,2026-05-26,organic,free,UK,Tech
3eb107b0-68e3-44d9-bf22-2ef75bab2f55,2026-02-03,referral,free,IN,Education
8601d99d-174d-40e4-aa68-8c594375b2df,2026-05-30,paid_facebook,basic,DE,Finance
539c5bbe-972d-41d9-a633-326bc0da790b,2026-04-17,direct,pro,US,Tech
4835a1dc-cdf3-4a0b-8346-cb11b697d7bc,2025-09-29,organic,free,CA,Tech
f79e25e1-a1d5-485d-b030-30b6dc77abfa,2026-03-13,direct,free,AU,Tech
cf436b29-6402-4e74-9f68-f7cf80bffa0c,2025-10-27,referral,free,CA,Retail
e01ca86b-4800-47f1-89df-7778c4d0e35c,2025-08-23,referral,enterprise,FR,Education
431a6e60-0815-4078-bdab-3293460c6da7,2026-01-17,organic,basic,UK,Finance
47d0d063-12b8-4225-a7db-6881b3d23281,2026-03-15,paid_facebook,basic,AU,Healthcare
f117f19d-1c17-4f3d-a806-cc43a2da54ab,2025-11-08,paid_google,free,FR,Tech
55c0a9f2-cf66-4986-987f-d387df3845c5,2026-02-27,paid_google,pro,UK,Tech
59d05b82-4080-4f2b-845c-7eb2134de938,2025-07-08,paid_google,basic,US,Tech
4497a687-9593-4453-94ed-fb2fc33d854e,2026-01-12,paid_facebook,basic,AU,Healthcare
f5206621-6ec9-4f3c-b7e6-6fddcdf914ea,2025-10-20,direct,free,AU,Retail
414e9cbd-a3d0-41f9-957a-e019837f30bb,2026-03-19,paid_facebook,free,US,Retail
a5a8abe5-4bf1-46cf-b521-f7e09bfbd379,2025-10-29,paid_facebook,free,US,Education
717be30d-fa5d-4031-95aa-809b5e072f3b,2025-09-22,paid_facebook,basic,FR,Retail
156c9a71-2bb4-4757-94b7-88181383f71c,2026-01-23,paid_facebook,free,UK,Retail
4938e11c-2db9-4ae2-ab53-54146dea1c04,2025-08-05,organic,basic,UK,Finance
c9495eca-dcbc-455e-8023-5786af8ae1f9,2026-05-27,organic,free,FR,Finance
9f56ab3a-0ea0-4d98-ae2f-7735061e1fab,2026-05-07,paid_facebook,basic,US,Retail
89870dfd-7601-40cc-b408-cc8a5ba8aba6,2026-02-13,organic,free,AU,Finance
2d68573c-62a9-4686-8d7a-5f6ff39ff135,2026-02-04,paid_facebook,free,IN,Education
76a676d1-de42-4887-924e-fa5f1f03c4bf,2026-04-27,referral,free,FR,Retail
395e499a-05b7-4f33-8c95-631e7e2529d4,2026-04-19,paid_google,free,US,Finance
9ac2ecff-341d-48ac-816f-5784f03fe146,2025-11-27,direct,free,FR,Healthcare
39fb953a-7c98-4a14-b018-f06d617f3995,2025-12-07,paid_google,basic,UK,Finance
93fd88ce-3fe9-4126-a117-0f5c16d224cb,2025-11-01,organic,free,UK,Finance
a45bc838-3344-4ff2-9f8c-a486750896f3,2025-12-13,organic,free,US,Healthcare
bbff513b-15bf-4d1d-8ba2-00c672bebd75,2026-04-07,direct,free,UK,Education
d197152d-242c-42c5-b4ad-fb204c58de8f,2026-02-17,direct,free,UK,Healthcare
f5c1a0df-b5e0-41a5-85c6-b6af2dc57081,2025-10-21,paid_google,free,DE,Education
44bbaae9-da8b-4fd3-8527-e66f4f98a754,2026-05-08,organic,free,IN,Healthcare
b3ee2b31-926b-425c-b4ed-e1c51c111b54,2026-04-12,organic,free,AU,Education
f38d3c8c-e687-4e49-8241-62bd457c5250,2025-09-09,paid_google,free,IN,Education
713ff781-fdb6-4b31-b300-83bb3dac3f0c,2026-01-30,paid_google,basic,US,Tech
aebb484e-4755-4eaf-a3fb-9c88bab170a3,2025-06-12,paid_google,free,US,Tech
6a2461c7-c0ba-45c1-829a-604a90df4d5b,2026-01-25,referral,free,US,Finance
9b897e41-e8a5-418f-8334-8165c27a778b,2025-07-19,paid_facebook,free,US,Healthcare
6811ff5c-c3d2-4bb2-9918-6cb47376b135,2025-07-12,organic,pro,US,Education
12815c14-e2aa-4329-afc5-53d26d782056,2025-11-13,organic,basic,CA,Tech
18e9cb94-cf6e-4d3d-898e-1280bea5ec10,2025-08-21,referral,basic,UK,Finance
07854bf3-3587-4bae-bcb5-a963af2f7089,2026-03-18,paid_google,free,CA,Finance
20e5b59d-a58f-493f-a49b-13d4433b940a,2025-11-05,organic,basic,US,Finance
db354201-dcbb-406d-bfeb-a27abbbfe4ba,2026-01-02,organic,free,US,Tech
a3015d5a-a28a-436d-8c7d-d2a43ee393a0,2025-11-05,paid_facebook,free,US,Retail
5e1acdca-694f-4ff1-ad0c-67b00558a34a,2025-10-12,organic,basic,CA,Finance
6604ed82-7a59-4ee6-be68-bb91501e7dfd,2025-08-06,paid_facebook,free,US,Retail
25a33d78-fff4-4063-b5ce-190dabb4d1d5,2026-05-02,paid_google,enterprise,US,Retail
dffc40a7-2272-47e0-800b-c4bfff832f27,2025-06-07,organic,free,US,Retail
6e3467c5-622f-4b1b-a8e0-10fc51df7fb6,2025-06-14,paid_facebook,enterprise,CA,Finance
0aea371f-838d-4a3f-9696-afde62bcee7a,2025-08-12,organic,basic,CA,Education
af806ee4-5141-4fb0-9f0d-786db6e4c139,2025-11-10,organic,free,US,Retail
5ed29a42-6928-4471-9d6b-5cf580935995,2025-08-05,organic,free,US,Tech
97ff7cb6-3464-4232-9257-dc0d80071170,2026-05-13,paid_facebook,free,US,Tech
a64002d2-f89e-4e24-99b3-3d6313e8bf28,2025-10-08,paid_facebook,pro,UK,Retail
b63deaee-e868-4bb6-9171-301db93e652c,2025-12-23,organic,free,FR,Retail
a2babb1f-9078-4cd5-a79c-6c0753125598,2026-03-03,referral,basic,US,Retail
c846ae8b-6493-48d8-be8a-8e3a7e8d80c6,2026-02-11,organic,enterprise,US,Tech
401120e8-195e-406b-aafc-9a4ec48f115d,2026-02-21,paid_google,free,US,Healthcare
1386c1c0-4ada-4dda-b0c5-45aa244a2444,2025-06-25,paid_google,free,IN,Education
8bbbfd8c-17a6-46d8-b029-fbdf14d96eea,2026-03-08,paid_google,basic,FR,Healthcare
483bf54f-910a-4fd5-8a92-1600bde29dce,2026-02-08,organic,free,US,Tech
93882a62-f5c9-44e2-bee0-c43e698de897,2026-04-06,organic,free,IN,Tech
d1903e34-1561-4881-88a2-8a32f6ff6c7b,2026-03-16,paid_google,free,UK,Finance
63d62a96-20e1-44dc-b905-b9d93e9e78f0,2025-11-11,organic,free,AU,Healthcare
43677328-945b-4155-b4bf-d099a59fc9b3,2025-09-03,referral,basic,US,Retail
80eacbb2-3a93-44b9-ae26-c7231bdf3ca1,2026-02-25,organic,free,US,Retail
86c7bc8f-b58e-46ad-a7a3-b2fa02a2f6b3,2026-04-17,paid_google,enterprise,CA,Tech
c6fa05d6-f246-4452-9aa8-bdff2a8ebd46,2025-09-18,paid_google,free,AU,Finance
22aaf364-150c-4bd3-b424-f9e7c4ea24bb,2026-05-02,paid_google,basic,FR,Healthcare
6a5b86c9-46f1-4aaa-bca4-7a99fff7d326,2026-04-06,paid_facebook,free,UK,Finance
19d79c9d-e7ae-4606-8609-410eee252605,2026-01-24,paid_google,free,US,Education
f52cd549-37f2-4570-8c6c-fb55d3a8254d,2025-06-25,organic,free,US,Finance
af44a539-4a8b-468e-8224-cfdf60b0f69c,2025-10-19,paid_facebook,basic,IN,Education
e5d7666c-1a1c-4980-9f51-e8466c722815,2025-09-25,organic,pro,UK,Healthcare
97c924ca-b0ad-4b99-bea9-26ab487a144b,2025-06-25,paid_google,free,CA,Retail
8578c0c3-9034-44f8-b0a7-335a06bd931a,2025-08-18,referral,free,US,Education
36222be3-26f0-4962-9d88-8277398cd932,2025-08-07,organic,free,US,Retail
d20a3bd9-0d3c-4a27-b86e-180cd7641b90,2025-11-20,paid_google,free,CA,Finance
f3a4693b-3759-4815-acaf-5a55c9f01968,2025-06-12,organic,basic,US,Finance
792c668d-0081-4c15-b0a8-8202da8a3171,2026-03-15,referral,basic,US,Healthcare
99a83cd2-7b5b-4726-a936-33907da80030,2025-10-06,paid_facebook,free,CA,Retail
de6e5d51-75ed-4927-9ae5-9c4813b01370,2025-09-04,organic,enterprise,US,Healthcare
72b7d615-7663-4202-8a1c-fae40575d923,2025-08-31,organic,free,AU,Education
36af1185-902e-422f-ac17-f4d92215e435,2025-10-19,paid_facebook,basic,US,Finance
f5d42472-46f4-47ca-8450-7a577f76bfc2,2025-07-01,organic,free,IN,Finance
ced366ba-f490-4dfb-848d-8db57b7d6746,2026-04-30,organic,free,US,Finance
0b2372f9-ea3b-4063-9615-ab1a97b4eb02,2025-06-20,paid_google,free,US,Finance
fa543b46-8845-4bab-977e-15612c5a2a8f,2025-10-24,paid_facebook,free,AU,Finance
b3a4c19e-b47b-47f4-a4fb-5cac929d1a97,2026-04-12,organic,basic,UK,Education
4cf2d285-a59b-48d4-84e0-3caf08765996,2025-11-07,organic,basic,US,Education
05cb50cf-c7b7-4496-86b6-40f9f4efd944,2026-05-15,referral,free,US,Healthcare
7f5fc612-6cc4-43a1-ae86-d271be2609dd,2025-07-13,organic,basic,FR,Tech
19be4c6c-00a3-4dbb-ac0b-35b169859b6f,2026-02-09,paid_google,free,US,Finance
1169e3ca-4218-4c9a-9df9-cd8149214d6a,2025-10-08,paid_facebook,basic,US,Finance
9e82d744-edf0-413a-ad2b-9354ff3fccaf,2025-07-30,organic,free,US,Tech
afc6c8cb-001f-4578-baf4-0c510a6ed4a1,2025-10-29,paid_google,free,DE,Healthcare
e6600e06-fc73-475a-9c21-406168bcebc3,2026-03-14,paid_google,free,US,Education
9cd032f1-70cf-4a19-b655-95773e714c40,2025-06-05,paid_google,free,US,Finance
bdc6f915-230d-44fa-9746-2efc17eee007,2026-02-21,paid_google,basic,US,Healthcare
63e9a4b8-0088-482d-9925-ee3e8b858f04,2026-05-11,referral,free,AU,Tech
8e0d479c-442e-426a-830c-58b8dd8223ba,2025-10-08,paid_facebook,free,US,Education
773e15ee-7049-4cde-bc92-c7f7d7876108,2026-02-22,organic,free,UK,Education
adf6395b-d3e2-4055-9794-9a190b4834d2,2025-11-25,organic,basic,US,Healthcare
e24903c2-9973-499e-bda1-e2d8d4b428ce,2026-02-08,organic,basic,US,Retail
7e159662-1d46-47b3-a504-38ce648b8f5e,2025-07-26,direct,free,FR,Retail
f1252ed7-9346-42ee-a8b5-6627d35081eb,2025-08-22,direct,free,IN,Retail
dc615389-a93e-42b2-ac58-7fb1c2450765,2025-09-07,organic,basic,US,Tech
a79e82e9-faca-4805-a0cf-058bcdb4a407,2025-10-27,paid_google,free,UK,Retail
835f017c-504d-4373-8507-21b110b87b88,2026-04-25,organic,free,IN,Healthcare
4433ff2f-6fc2-4b6a-bb48-1b598ac3c625,2025-11-03,direct,free,UK,Education
634d1d88-13db-4e54-9caf-13d340d8f10b,2025-12-07,organic,free,UK,Healthcare
c1e36b0a-4a63-4c90-98df-636e0d5c56e3,2026-02-18,paid_google,free,US,Healthcare
8ac9907a-022e-4cb5-ace6-322a9092910e,2025-08-19,organic,basic,US,Finance
2fc66683-60da-4b69-ac48-e992001a737c,2026-02-07,organic,free,US,Tech
a62ff34a-fae9-408d-aaa9-92b985d055ea,2025-09-05,organic,basic,UK,Education
e3d900ea-4c0d-4bea-ade2-78f3bfc5d440,2026-02-15,paid_google,free,FR,Finance
575bfa71-cdc1-41df-a0d6-9669b1b31245,2026-02-15,paid_google,basic,AU,Tech
bbe4dbdf-a9f1-4fc8-9bcb-3d521d328006,2025-09-11,organic,free,US,Education
d44e98bd-9c74-41b9-8424-2db41f7eb281,2025-07-10,organic,free,IN,Finance
53bb5129-459b-41a4-ad73-0824adb00335,2026-02-28,paid_google,free,AU,Retail
2363b552-8eed-46b1-8831-497b1d85b4bc,2025-09-09,referral,free,US,Healthcare
ca732068-37b5-4958-97fc-ea708a0acad2,2026-05-25,paid_facebook,free,US,Retail
f925c107-bce6-44bd-bda7-b02231ab2bc5,2026-04-04,paid_facebook,basic,UK,Education
acdaf8d2-c821-4d01-8285-78fc2e64db60,2026-01-07,organic,free,UK,Finance
14b46ed5-5616-4783-b7d6-e542a88d23da,2026-04-04,paid_facebook,enterprise,US,Finance
17146f9d-f0a5-45b6-90e0-58e11224b281,2025-10-02,paid_google,enterprise,US,Finance
adc2d6c7-468f-4f0a-a616-2be073c8d44c,2026-01-17,organic,free,UK,Healthcare
03dadb8d-6d25-4b29-ac67-43fe27f17748,2025-11-25,paid_google,enterprise,UK,Finance
c7c8fdf4-0656-4908-9ed7-dd215ee5d38a,2025-08-02,organic,free,UK,Tech
89632b9c-286e-4ff5-927b-3f90a6758305,2025-09-24,organic,free,AU,Tech
c9fb4cf3-59a6-45f3-8d44-17f8d2de9bdc,2025-12-08,organic,free,US,Tech
588b6d5e-a789-4764-89e4-33eb7ea861c2,2025-08-01,organic,free,US,Retail
4c8ec85c-a4fb-4e0d-9b91-5f8f9589a074,2026-02-11,organic,free,IN,Education
b260c61a-990f-4547-a486-2ec34e754e2c,2025-06-07,paid_facebook,enterprise,CA,Retail
cafbc526-2ac6-43ed-b7f9-30fb83b61937,2025-11-02,paid_google,free,FR,Retail
b024692b-f6c4-45e8-8c05-8ed92628a4ac,2025-08-31,referral,free,UK,Healthcare
94456539-0a4d-4df7-ad84-612cff9fc09d,2025-06-14,organic,basic,CA,Retail
bee709fc-a660-4a85-9afb-928706a23a33,2026-01-15,organic,free,IN,Healthcare
c7da7153-4c2e-4742-96b4-cb8bd1b9649d,2025-08-25,direct,free,US,Tech
856059c1-04be-4b16-8d08-99f60a1be763,2025-10-11,paid_google,basic,IN,Tech
fb1d8e10-c15a-4653-a3bf-2ba716470262,2025-11-30,paid_facebook,free,US,Retail
a4abe138-b537-4ded-a858-7e9cd1428e69,2025-08-01,paid_google,free,US,Retail
550354dd-0b92-4e64-8ce2-88fd89496a34,2026-01-05,paid_google,free,US,Tech
4981518b-1b27-4b2f-9721-fa8ab934d8bb,2026-02-01,organic,free,AU,Finance
93542ffe-b63f-477e-8f11-8c11d06bbef5,2026-01-16,referral,enterprise,FR,Tech
b3778ec1-1415-4c3d-984c-6900ebe1769d,2025-08-18,organic,basic,US,Finance
3dfe1cee-8779-4c1a-8931-b0b23cd4c549,2025-10-27,organic,free,CA,Tech
12721bf2-599e-4df7-986a-990ac9aeb224,2025-10-16,paid_facebook,free,FR,Education
f582ced3-3b09-4450-97a9-8609f537a420,2026-04-10,paid_google,free,CA,Healthcare
dc83952b-4ed3-4c9b-91ae-1a27d3809aaf,2025-08-04,referral,enterprise,IN,Healthcare
40bfcb25-5132-4d1b-a29e-1cf2e0e4e0cb,2025-06-13,organic,free,US,Education
ccf1b1ea-2472-45b4-8211-6eed37a35459,2025-12-30,paid_google,free,US,Finance
90ba844f-84ea-4bba-ae14-a01038f51dca,2026-01-28,paid_google,basic,US,Retail
50d10b16-1f21-4d57-b21c-a667b4dff4ea,2025-12-30,organic,enterprise,FR,Retail
307a89be-1ee6-4e7a-b867-056fdd920a81,2025-11-28,paid_facebook,free,IN,Healthcare
6290b979-7a74-4a89-9fdb-a3eb89b809cb,2026-05-04,paid_google,free,DE,Retail
b12e1b8c-6f46-46ed-9d36-8e85a78508c7,2025-11-20,paid_google,free,UK,Finance
268c8427-7d74-468c-90d6-1391e6421a4a,2025-11-07,direct,free,IN,Retail
67cf5819-b95d-4ef6-a7ca-bb185e039025,2025-11-11,paid_google,basic,IN,Tech
324b2616-ecb1-421f-887c-9e0d957f982c,2025-12-05,referral,basic,UK,Education
c032386d-ca24-4a61-89c4-47cc6b67163b,2025-12-08,paid_facebook,basic,DE,Healthcare
4311d9d1-0a3e-4ee0-a99f-5bdcd64d5628,2026-04-04,paid_facebook,free,US,Retail
e3b4021f-2852-4a18-8bd6-c9501b48f706,2026-02-11,referral,free,US,Finance
5d86dce5-e2e2-431e-9b5f-eaeb19902f9b,2025-11-30,organic,free,US,Retail
86640e77-7eae-4b9d-bdc3-84f4a41a220d,2025-09-25,referral,free,US,Education
bfafa2e1-5387-4800-bd06-503aa588ee47,2026-03-09,organic,basic,US,Tech
fff83cb3-f82f-429a-a9fa-9e8e27e5c7a9,2025-12-13,referral,free,US,Healthcare
41b9bdf4-50a8-41d5-bd41-d73098533383,2025-07-04,paid_google,free,US,Healthcare
b5b60bd4-6d91-4c9b-a43e-6b9227cd820c,2025-07-22,referral,free,IN,Finance
134dffc1-ba9c-434e-a1a0-d3db32b43415,2025-09-20,referral,free,UK,Tech
ef52f7c0-a137-42e0-aa9d-fe577f55c6f7,2026-02-07,paid_google,free,US,Retail
887aaed6-c6cc-494c-9c43-59fe64a9c43d,2025-08-21,paid_google,basic,US,Retail
b3dc7964-742d-4b44-95ab-6307ba25735f,2026-01-18,paid_facebook,free,UK,Finance
72a8d1f7-39dd-47ab-8a03-ff547c9c5f72,2026-01-13,organic,basic,US,Tech
cdf3e8d7-cdd5-42c1-852b-a7b608bfafa8,2026-01-19,organic,free,US,Finance
0a2d8550-bc1b-4585-be89-6cd65212ed7b,2026-01-07,paid_google,free,CA,Education
08828fd8-5f15-4e25-b39d-56f3ee21416e,2025-07-12,paid_google,pro,UK,Education
048da133-302b-4f9f-994c-28a6d9dc358f,2025-06-21,organic,free,US,Retail
3b9eee9f-27b8-438c-aeb9-4c7275de8437,2025-07-12,organic,basic,US,Education
f8ca2288-d9fc-406d-8fcf-ed307543b930,2025-09-21,organic,free,UK,Finance
3ba5433b-ad98-4f0f-8c74-a91f92ae3e31,2025-09-13,organic,free,AU,Healthcare
93c0edcd-0fb7-47cb-952f-034ac0d17f29,2025-12-09,organic,basic,US,Education
2204eca7-adbb-4ccd-8cfa-af9b2d643360,2025-06-17,organic,pro,AU,Finance
92a0689c-c168-40d9-a6b7-1c9c01a07fd1,2025-09-28,organic,basic,US,Healthcare
8de1cf86-7d0e-4233-b394-fffb857a69cb,2025-10-07,paid_google,free,AU,Healthcare
25451898-a41f-444d-914e-3aabd8bd8fbc,2025-10-08,organic,free,FR,Education
8a4daf37-7fdf-425a-9964-5533b14ad871,2025-07-30,direct,basic,US,Tech
4d1fc64c-a274-4a2f-b943-49b49a3180df,2025-07-18,paid_google,basic,US,Education
d422c61c-a406-4525-a8e6-2d2008257870,2025-06-29,organic,free,US,Education
15c734e3-3123-466e-9d80-f80285eefd6a,2025-09-05,organic,free,US,Tech
dd87dc51-135f-411d-a55c-5340c9af4b60,2025-06-10,paid_facebook,basic,UK,Education
3b79fff0-c2d8-4b4f-925f-a4b9f73b86c2,2026-01-28,organic,free,IN,Finance
97a3469f-21fb-4973-a352-f331121dc330,2026-04-10,direct,free,FR,Tech
302f5699-f7c7-4d4a-b1f6-0ff240f77e13,2026-01-18,paid_google,pro,US,Finance
543b845f-1ed5-4484-bd7a-1ed3df7df4df,2026-03-04,paid_google,free,CA,Healthcare
75058eed-e2ad-43ef-b6a6-45dc69901617,2026-03-11,direct,free,CA,Tech
b774898f-ba36-40a5-8e38-c0df5a2c5af4,2025-12-20,paid_google,basic,US,Healthcare
fadb5c7f-16a8-4722-ab18-06361fd38f32,2026-02-02,direct,free,IN,Retail
847c713a-8a54-4430-b06c-217635da7da7,2026-03-17,direct,basic,UK,Retail
3160a078-a583-44cc-b3d6-846caadbdfb4,2026-02-19,direct,free,IN,Finance
424426d9-abdc-46bd-8bb7-c8440d53ead9,2025-12-31,referral,free,US,Healthcare
b3b53c18-09f9-4e42-8586-d2a8b08117b8,2025-12-17,organic,free,US,Healthcare
440080f5-0f4c-4d9c-bdd9-c909fdc020d2,2025-08-18,organic,enterprise,CA,Tech
c96350fd-c584-4ece-bd32-d8960636d712,2026-05-09,organic,free,US,Retail
6a63e089-d0b7-4bcd-875f-a8e3539333c9,2026-05-10,direct,free,IN,Finance
e4f9789b-ff66-48d5-9cb0-b6557008e053,2025-11-20,organic,free,US,Finance
babe272b-43da-4a69-932e-218c3e644716,2025-08-08,organic,free,US,Tech
9d07cc9f-4e10-41a3-87a2-bd1eccc992f6,2025-08-26,paid_facebook,free,US,Tech
f86e1d28-edc6-4395-a03f-710295631ccd,2025-09-09,organic,free,US,Finance
a02922bf-4d79-48de-935d-05c26916ed0f,2025-06-08,paid_google,free,US,Tech
0017f06e-122d-4163-beaf-8b46753d2b40,2026-04-29,direct,free,FR,Healthcare
98654991-d1da-4f1c-b573-e73151f92aa2,2025-12-17,paid_google,basic,US,Finance
72c103df-0398-4cea-a2b4-b00822e9c0ca,2025-08-26,paid_google,basic,US,Education
8940fd15-d02b-4788-b2a3-7cd858f2e25d,2025-07-13,paid_google,free,IN,Retail
e34a0feb-53d7-42f1-9ced-e70d102fc959,2025-09-17,paid_google,free,US,Retail
2889d6a3-e134-4d5c-bef6-7979fd4df5e1,2025-10-30,organic,basic,US,Education
c010e47f-8907-4fd3-9a89-25f5a046b664,2025-06-17,paid_google,basic,UK,Education
7f2b67d3-5e31-4634-82cd-27e628709e7f,2025-10-11,organic,free,US,Healthcare
16b9324d-3399-450c-ab60-737a36e24a8d,2025-10-26,paid_google,pro,US,Finance
09074725-f777-4649-b306-e0d26dac4ad5,2026-03-04,paid_google,free,IN,Tech
f873936d-4413-4268-b2a6-f824915c4e2d,2026-01-18,organic,free,US,Retail
5c37de2e-75e1-45f8-9141-725f5e635a41,2026-04-10,paid_google,free,FR,Education
6ae8460c-6549-4301-9538-a976986b4029,2026-01-14,paid_google,pro,US,Finance
dc611579-d91b-460c-be5b-628d3775a710,2025-10-17,organic,free,AU,Tech
2fe55adb-812d-4729-a399-a0b75686c476,2025-12-28,organic,basic,IN,Retail
9acb677b-ad99-4af6-a082-6d2aeabd11c7,2025-06-28,paid_facebook,free,US,Finance
c4f24943-f171-4ab1-a18f-a88aaf0ec383,2025-07-21,paid_facebook,free,US,Retail
b57469c1-7c3b-41ef-a6d3-7a75bb753d84,2026-02-16,paid_google,free,DE,Healthcare
617eb7d7-479a-447d-b40f-ac43e3e215fc,2026-02-16,paid_facebook,basic,CA,Retail
a1057f82-5430-4df8-b55d-85cd83554965,2026-05-16,paid_google,free,US,Healthcare
8c3e6e1e-4467-4e3f-98e5-b56db89754d7,2026-05-18,referral,free,US,Healthcare
b36410b8-e6a0-4341-9e1a-f3c5a2f569d3,2025-06-08,organic,free,FR,Healthcare
5f2778de-e420-4be6-a488-88de3e807590,2026-04-16,direct,pro,US,Tech
875a1901-cbe9-4bb8-867f-526beb71ee78,2025-10-16,paid_google,free,US,Tech
01dc37e3-7d6c-4ed3-85ab-98e0b1e78680,2025-07-08,paid_google,free,FR,Healthcare
7f489c49-b971-4666-8de6-e0af9c333b13,2025-09-19,paid_facebook,free,US,Finance
810a350f-9f73-41d6-8795-a8567f397d01,2026-01-06,organic,enterprise,UK,Healthcare
e8ade44f-c57b-4234-a3aa-f1ba46710e1e,2026-05-03,paid_facebook,pro,CA,Finance
3aa43248-478c-466a-9dfb-59e3c78b9042,2026-01-09,organic,basic,AU,Retail
ab09146e-a137-4eed-bc8d-373bb801be58,2025-10-14,organic,free,US,Tech
1279168d-3624-4681-9f6c-f967b8a96a63,2026-02-11,paid_facebook,free,DE,Finance
2fd927b2-af05-42de-9b0b-71675fb44e2c,2026-05-26,organic,pro,FR,Finance
df44595d-3b69-4fb6-8cd7-9a56cfa42008,2026-04-25,organic,free,US,Finance
6a1f9cc6-b025-4e22-9aaa-eea9210ca11a,2025-07-19,referral,free,UK,Education
16b79be0-d110-43f4-8be5-cf064d1854ce,2026-03-19,direct,free,DE,Tech
bb7f0c22-e47f-4aac-86e6-3978b693002c,2026-04-20,paid_google,pro,UK,Education
ef3a9a97-f6f6-4d4f-bc62-1eb46f496810,2025-08-17,referral,free,UK,Retail
9529e086-354c-449d-a415-e29883ebcf3b,2025-09-13,direct,free,CA,Finance
5d8f12de-ec0a-41ae-9283-7d0315e81dd8,2025-11-16,paid_google,basic,IN,Tech
70233fb2-9804-4b71-964e-505c5f5f3acb,2026-01-03,direct,free,CA,Tech
c6a7639a-3409-452d-aa65-c340ebb75911,2025-09-27,organic,free,CA,Tech
9f807475-b68b-4707-af02-7a0e58f6881b,2025-12-07,paid_facebook,enterprise,US,Finance
4080db5a-2677-48b9-bb64-72cbfec941de,2026-02-10,organic,enterprise,CA,Healthcare
7e344208-cf7e-4bb5-9181-e2a46a68e0e5,2026-02-21,paid_facebook,basic,US,Healthcare
08190580-1aa2-444c-b85c-24de9a12b146,2025-10-27,referral,basic,US,Healthcare
99116626-6df6-45bf-8554-18b6425f66a3,2025-11-11,paid_google,free,US,Education
44dc2488-549b-4f60-9950-3975de27d520,2025-10-18,paid_google,pro,UK,Finance
9d53df26-2e50-4d1f-9f5f-6b68aa9baf9d,2026-05-13,referral,free,US,Retail
990e59fe-0ef3-4169-b47b-71a2dde69ff3,2026-02-13,referral,basic,UK,Education
49b823f8-af25-411a-8b4a-42a71f9f9594,2026-02-24,organic,pro,IN,Tech
950903fc-0efe-421e-932c-dce89f37261f,2025-11-28,referral,basic,US,Healthcare
a7d5fe07-784c-4bae-bad2-676a162c236f,2025-11-07,organic,basic,US,Tech
ed53a488-1d6b-461b-b18b-55a33670e032,2026-05-17,paid_facebook,basic,US,Education
dbacff44-42f4-4899-b2ac-14ee122d97db,2026-03-15,organic,free,FR,Healthcare
ceb2c54e-0e8a-477f-8e3f-a0f22cb60a3f,2026-03-15,organic,basic,IN,Finance
b2d24a18-128e-46e4-9c2c-3579fbbe8e21,2026-01-12,organic,free,US,Healthcare
de3abf78-c912-43cf-9018-b05b86544333,2025-06-11,paid_google,free,FR,Healthcare
f570c45d-7e19-4091-a879-4d8b5984b9fb,2025-06-10,paid_facebook,free,US,Healthcare
39dd8861-db89-44de-a7d9-a46791c69910,2026-02-26,organic,free,CA,Education
691fb025-9907-43b9-b313-429dfd0e916f,2026-02-28,referral,basic,UK,Healthcare
a867d2c4-aec3-4b10-afe9-cfc860cafbc8,2025-11-30,direct,enterprise,US,Education
45a7c58e-3346-4323-81ed-6447777dee6a,2025-10-31,paid_facebook,free,US,Tech
a05359c9-219c-4fc2-93b2-eccec0de0e84,2026-04-11,paid_google,free,IN,Finance
75841754-b9d2-4a4d-8e9c-40dd38c18358,2026-04-30,paid_google,free,US,Healthcare
74b6a4a1-421a-4496-a164-e3c3524a7eae,2025-10-02,organic,enterprise,UK,Education
b99608d8-c09e-4ccc-934e-aed5a9d17314,2025-09-22,organic,free,CA,Healthcare
ba9f8dec-3f8a-4fb3-9b61-813cdbcf1ca2,2026-03-05,referral,basic,US,Healthcare
e7bd7ca9-a9eb-4fb8-a618-85c815278fca,2025-12-30,organic,pro,AU,Healthcare
94db9d6f-526c-41c3-945e-5220fcbed6b4,2025-11-19,direct,free,US,Retail
8a55ba53-6a9b-49ec-9a6f-fb246946bb46,2026-03-15,organic,pro,US,Finance
5ae8bb9c-4d2e-4cca-acef-c2b6593cbc1b,2025-11-21,organic,pro,IN,Finance
3b4e95d4-27c2-4e72-8b25-6f83df3715af,2025-09-21,organic,pro,FR,Education
a79733a1-6b2b-4c81-9d93-2c5dc1988fd6,2025-09-30,paid_facebook,free,IN,Tech
44f4f374-dfa0-48b4-bfda-0653af4b9c0f,2025-07-02,paid_google,free,US,Tech
5d542f05-3c74-4d42-882b-65816f3d8f89,2026-01-08,organic,pro,FR,Tech
dba2bd7b-be03-46bd-8e33-b183a0e1e5a4,2025-09-27,paid_facebook,free,US,Healthcare
0542e548-30ae-4ad7-a9fd-dcd6d8b19505,2025-07-09,direct,basic,US,Education
4337630a-73f3-49df-924e-2e73b0663a35,2026-02-23,paid_google,free,DE,Healthcare
ca0a9a4f-f897-4c63-b7b5-08be07b68413,2026-01-19,organic,free,US,Retail
a48d98e9-3492-4473-9805-201448a5cb42,2025-06-18,organic,free,UK,Education
bad03f02-ecf7-43ce-b470-4372aecc01d7,2025-10-27,paid_facebook,free,FR,Education
1f529910-99d4-4b58-8446-0404011d80e6,2025-10-27,paid_google,free,US,Education
2ddc9f14-e94e-4414-a836-d9d6149bbbd2,2025-10-04,direct,free,UK,Retail
ef5cca9c-0de4-4b25-a115-8e90808ae76e,2026-03-29,paid_google,free,US,Education
1fe0d847-f016-4f40-8289-a557fc6ca558,2026-05-26,organic,basic,DE,Retail
744e8a21-9d22-421e-993e-6b2be3c200e7,2026-01-24,paid_google,basic,UK,Tech
47ba1b98-0995-480b-bc0e-96826a0b96a7,2025-10-13,paid_facebook,free,US,Education
c9e7905a-818f-4632-9577-1f43e07614b9,2025-10-29,organic,free,US,Healthcare
73d0d89a-9497-4c6a-b617-2feb8dc8f562,2026-01-22,direct,free,UK,Finance
1cd00d7b-2b65-4e0e-840f-6ce6fb905312,2026-01-10,paid_google,free,IN,Retail
c98489d4-5cb5-4331-952a-def48f01b88f,2025-12-20,paid_google,free,UK,Tech
28545579-e7ba-4df1-9553-55ea41eaa01f,2026-02-11,organic,free,US,Tech
6e5b799b-146d-4eea-9a2a-0bf4919cbeee,2025-08-25,organic,free,IN,Finance
3e292ff1-bbbd-4d16-bd89-31e29c6c7f99,2025-10-28,paid_google,basic,US,Education
bb47d2d8-4527-4332-b0ef-a81b9dfaf1d7,2026-01-21,paid_google,free,AU,Healthcare
4a7965fc-3928-41a6-8503-c351a6f7baa4,2026-05-11,organic,pro,US,Finance
6aa8d415-12ea-4fcd-96e3-e84dad4f6159,2025-06-22,organic,free,CA,Education
c18a8ae7-53d3-4bf6-b9c2-456ce1266a53,2026-05-14,paid_google,enterprise,US,Education
114713bb-906a-4dfa-895a-abcfccaed677,2026-03-12,referral,free,CA,Retail
f6732ef8-8ed8-489d-bb61-c07f97236138,2026-02-24,organic,free,DE,Healthcare
c1a3826c-09f9-4895-bb8d-87dcebf2d197,2026-02-13,paid_google,free,IN,Healthcare
8ee0ab0c-3b37-4448-a3b9-e92bde40dd1f,2025-06-29,organic,free,CA,Retail
f6271db4-21c0-4737-8a7a-d9ddea100262,2025-12-30,paid_facebook,free,IN,Education
25007b3b-6826-47cf-97ae-8d00c766f827,2026-03-10,paid_facebook,free,UK,Education
2ec18a88-c115-4993-8997-cc7742e2e8fa,2025-07-20,organic,basic,US,Healthcare
4760bce3-6a81-4a61-a4c8-7ea8a4345679,2025-09-03,paid_facebook,free,AU,Healthcare
214e3d01-bcbd-46aa-b614-b9818866b71b,2025-08-27,organic,basic,CA,Healthcare
82543018-b141-48f7-bda5-66bc478fb398,2025-07-14,organic,free,US,Healthcare
6ce21775-38bc-46ec-ba85-c2efe90be4c5,2026-03-05,paid_google,pro,US,Education
2215d644-d65d-48de-b99b-ff19751abc22,2025-11-18,paid_google,free,UK,Healthcare
9364236e-8a82-4a10-aed9-0bbaab5d034c,2025-12-06,paid_facebook,free,US,Education
fec9bac4-0987-470e-8a48-5369a68e4905,2026-05-19,organic,free,DE,Retail
cc7cb82b-d020-4af3-92ec-108da3f3a2d6,2025-12-01,paid_facebook,free,IN,Tech
862b8899-8841-4d07-a264-6eff50574fc6,2025-06-03,organic,free,US,Retail
fe0889e0-cdeb-483c-862c-7ff5b3d5d923,2025-12-08,organic,free,US,Retail
216b9cae-65ee-42ba-b9f7-eb4548eed8a1,2025-09-26,paid_google,basic,US,Finance
109cf3c6-0a3f-43ec-aac7-1e838cf1b4f6,2025-06-19,paid_google,pro,US,Retail
623349c6-8dcf-4627-b195-9005bb6b3526,2025-06-23,direct,free,US,Finance
78b8cd04-ad81-4202-a96b-7148131d2657,2025-06-30,paid_google,enterprise,DE,Finance
8f1a2d37-aca8-45ea-a7db-ea5dd59dd1bf,2026-03-22,organic,pro,US,Finance
ac3e2173-607e-4f31-95b0-19f3252ddd5f,2025-09-16,direct,pro,US,Retail
a376c820-4319-4e7f-b2de-7d3dbf0d60a9,2026-03-08,organic,free,US,Tech
f3e118bc-bf9f-47d3-b7f1-d6c4810da5dd,2025-10-06,organic,free,AU,Finance
e893bee0-6786-46cc-8a0a-7de9375964e8,2026-01-15,paid_google,free,IN,Healthcare
b4f46df4-e5ba-4423-8e0b-119f0e92e16a,2025-09-19,direct,basic,US,Healthcare
7a762f4e-ea80-4ecb-9412-272e4bda6e54,2025-10-14,paid_facebook,free,US,Education
25321443-0501-4c60-b713-2c1c678577e5,2026-05-28,paid_facebook,free,FR,Healthcare
5e4b0996-5912-440b-ba5e-54d774f43901,2025-12-03,paid_facebook,free,US,Healthcare
03796234-cf14-44be-86eb-c49fb426771f,2025-10-22,paid_facebook,free,IN,Finance
7fd888f3-ef11-4c58-9f5c-720dcc730b13,2025-08-11,paid_facebook,basic,UK,Retail
e312787d-5c56-49fc-a678-b4d0bb0bfdff,2025-10-07,organic,free,IN,Healthcare
be1d38a1-82fc-4f65-a33b-498a6f0704a8,2026-05-30,organic,basic,UK,Retail
e5957b14-963f-438b-bf11-60506df7ab88,2026-02-16,organic,basic,FR,Tech
f4b86015-6905-44ab-b118-12af195225b4,2025-06-03,referral,free,AU,Healthcare
4e85f839-a2af-4f1c-a21f-3cacf803ba70,2025-09-12,paid_facebook,free,US,Tech
371c0ba6-e6a8-47d7-b436-04e9a44210ed,2026-01-10,paid_google,basic,US,Tech
b2f4a9a7-2847-4ea8-9a69-359d5c052c3d,2026-04-16,organic,free,US,Education
e2eeb36c-1b69-449e-9741-c375ffade076,2026-05-28,organic,free,FR,Retail
d0a77c8b-14cb-4bdb-be55-8c95124cf617,2026-05-20,referral,free,US,Retail
054b683e-3f9f-438f-8f2a-ab650c6aee13,2025-06-10,organic,free,US,Education
6cd264f5-ca28-4c3b-ad94-daa9f3968742,2026-03-29,paid_facebook,free,UK,Finance
652a8175-aadc-4274-8d07-0d94b6cd38e2,2026-01-17,organic,free,CA,Education
cc044578-60c9-45ec-9297-9846de70ef2b,2026-01-05,paid_google,free,US,Education
fa3d6f62-b3ff-4c28-8b15-ba401e5479e8,2025-08-05,paid_google,free,UK,Education
b3d660d8-2103-43eb-b754-a6abbe4d6488,2025-09-20,paid_facebook,basic,DE,Tech
781454fc-50fb-49e7-b819-7d92e3397a89,2025-06-13,paid_google,free,CA,Retail
946cdff7-6719-4640-b9c2-b0cdc44f5bd2,2025-08-25,paid_google,basic,UK,Finance
7b5c681a-4564-44b3-b0c6-a5a02af8084c,2026-01-20,paid_google,free,US,Healthcare
c0df512c-2fcd-4798-b965-8310480b3d25,2025-08-29,direct,basic,US,Healthcare
1baaac9c-9e13-425e-aa5b-9278414cc9fa,2026-04-10,paid_google,free,UK,Healthcare
dd4dfbdd-ef32-44fc-8ca6-1cdbefc3afbf,2025-07-24,organic,basic,UK,Finance
389b490b-27d9-4f7c-adaf-b37647afdaa7,2025-06-12,paid_facebook,free,UK,Healthcare
c0ac46e7-3d4d-4c58-a390-db83bdc0ab12,2025-12-26,paid_google,basic,UK,Finance
df469e48-fe4b-43ec-b8ef-c5b017cedb49,2025-06-14,referral,free,US,Healthcare
e7f34098-9eb9-42e2-a12a-c9a8f1bb1afb,2025-09-29,organic,free,CA,Healthcare
3e52d192-3b2e-4c99-b245-9cb6c8e81682,2025-06-20,organic,free,US,Finance
82fee341-d259-42d0-b4d3-8d171cf92934,2025-08-14,direct,basic,DE,Retail
c4a7022a-9217-4e77-ae58-9d01d9e7bad9,2026-01-29,direct,basic,US,Finance
331fb61a-8b17-4237-b598-5f1db74d58a3,2026-01-09,paid_google,free,US,Finance
7139af15-80ae-4eae-a41c-1f47787609ea,2025-08-09,organic,basic,US,Education
ea534c14-0e93-4ab7-a19a-caeb3ef6f437,2026-04-08,organic,basic,CA,Tech
ef1da0a2-880e-47e3-990c-e4ba1ed233a0,2025-12-28,organic,pro,UK,Tech
5da88846-fad3-4980-bb27-8fa78be87a0f,2025-09-09,paid_google,basic,US,Retail
a24b73b5-b82c-4718-84b9-4f630065273c,2025-12-03,organic,basic,UK,Retail
33b49d99-50c6-4199-a0bd-36fb92cf7191,2025-10-10,referral,free,US,Retail
08c8c7d7-2e7a-4274-bb06-9d99fb6953a3,2025-09-19,organic,basic,DE,Tech
7b2da6b4-4c38-4928-9ad1-d6e3a44ef924,2025-10-10,paid_google,free,US,Retail
54bdf364-2b03-463d-bda8-64c346c0eda7,2025-06-20,paid_facebook,enterprise,IN,Retail
b19fab9e-e18e-48e7-b926-4b0c3f5b3046,2025-06-24,paid_facebook,free,CA,Finance
d279991c-308f-49b9-908f-b60e1570f967,2026-01-13,paid_google,free,US,Finance
81f8146f-3188-458a-a418-93db45e1d36e,2025-11-01,paid_google,free,FR,Tech
6facf291-7393-4b5a-a450-88caae50a7d6,2026-03-20,referral,basic,US,Finance
2edad9a2-92d2-4f2b-8a4f-7bd3da0d6d6c,2026-01-16,paid_facebook,pro,US,Retail
0cb5933d-fbd1-43e8-a321-98a9a06b59e3,2026-04-06,organic,free,US,Finance
0ab72285-d9af-46af-bfd5-ea4ce860137b,2026-05-25,organic,basic,CA,Education
f765336e-8440-4dc5-beea-be7113f9c5ad,2025-12-19,referral,basic,FR,Finance
5aa04f2e-d199-4930-93e6-cba38f218bba,2025-07-08,paid_google,basic,UK,Tech
42a00448-2116-49b9-be5c-96ff0e1d5d48,2026-02-15,direct,free,DE,Retail
2156a56e-f8e1-4b2b-82fe-5e4f034fa69e,2025-12-05,paid_google,basic,FR,Retail
be07aea9-32d2-43d1-a28c-d36c136190cc,2025-07-27,organic,free,UK,Tech
e3de5d35-1638-410b-ba03-f406a054efab,2025-06-20,paid_google,basic,UK,Finance
86dc9a96-fd00-4698-bbe2-bb12ec844485,2026-02-28,paid_google,free,US,Retail
54cc4062-21ec-4631-a08f-4979bae9b317,2025-09-27,paid_google,free,CA,Retail
8706d879-939c-4781-832c-11fda3e0fe12,2025-08-10,referral,basic,US,Education
0fab526a-5ba8-4472-b751-8f9c4d141128,2025-06-04,paid_facebook,free,CA,Tech
5d88a67c-82ad-43b5-aad6-d5b7c032be12,2026-01-07,organic,free,DE,Finance
7f624999-7a85-4834-bb5f-b99c94142da6,2025-06-14,paid_facebook,basic,IN,Finance
663e185b-9f80-40a4-8415-9a2fbca401d5,2025-06-03,paid_google,free,CA,Retail
52b06fb3-bd40-45ca-b2d5-8b77ed600223,2026-01-02,paid_google,free,AU,Healthcare
8e26abbf-8b1c-4813-80f4-1f0c7f458dee,2026-01-15,paid_facebook,free,IN,Education
00651523-b73c-4751-a6b2-4b2ebf44995a,2026-05-02,paid_google,free,UK,Education
65998588-5a26-479e-b38b-5838578ff752,2025-12-03,paid_google,free,UK,Education
edd26320-6490-4922-a12c-1350e0bc9c4d,2025-07-25,paid_google,free,US,Retail
547bb67e-57d0-4397-b93f-35605e4fe368,2026-02-09,paid_facebook,pro,US,Tech
f02cb995-0de5-4231-b97a-24e83ffa6503,2025-06-24,organic,free,UK,Tech
99e0cd62-c3fc-4539-b7c1-c0cec017c1f5,2025-11-09,paid_google,free,UK,Education
ebbe4658-db30-472f-9bbb-2c85e5f83f6e,2025-11-05,paid_google,free,IN,Healthcare
90eac011-0704-438e-86a0-af1e9dea95d2,2025-08-21,organic,free,US,Healthcare
8e2425b3-39ed-4410-8af1-2750ce5f42d6,2025-11-06,referral,basic,IN,Finance
91183200-04cd-4c71-9a96-13b1c3d91c10,2025-12-05,organic,basic,IN,Healthcare
2bbc7fc3-7298-4a00-a3f8-5bdb4bd7cf31,2025-07-30,organic,free,FR,Education
d3deb5b6-ca38-49fb-9142-65294debd7ec,2026-04-01,paid_google,free,US,Finance
a4eda9c6-c562-49a9-bac0-71876eb0fe18,2026-04-15,organic,free,US,Education
445b04dc-71d4-4799-b7b5-6625f2b39e8f,2025-12-28,paid_facebook,basic,IN,Tech
0f4e4650-dbc5-4646-a6b0-303fb549e669,2025-10-30,paid_google,free,UK,Education
71383ca1-a804-4c62-8f41-43c4ac360bbf,2025-09-17,organic,free,IN,Finance
6325bb78-4154-4b42-a708-5b9730fd8c78,2025-08-15,direct,free,FR,Education
1cb955a4-c94c-4e8d-846f-73988f306ba8,2025-06-30,organic,basic,US,Retail
83404832-8df5-49e8-8f44-8dccec8a9e48,2026-04-10,paid_google,pro,US,Finance
099b962b-cbaf-4a26-8370-59e929ae913b,2025-09-25,referral,pro,US,Healthcare
bf3a2afc-de5d-4eac-b72a-48c964e584ca,2026-05-22,paid_google,free,DE,Tech
20c12afb-c02b-43bd-8f56-02674fb54de8,2025-12-09,direct,free,US,Healthcare
f622c978-4c85-402e-8a44-848ac4c1e11a,2025-06-19,referral,free,US,Education
a611e090-a0cc-4361-b861-ce4b52788901,2025-11-20,direct,basic,US,Healthcare
398b5104-ffbc-4a75-8263-c4e508b02c13,2026-01-14,organic,enterprise,IN,Finance
9391d188-ab50-4c1c-8625-05c9621cac6f,2026-05-16,paid_google,free,CA,Retail
9c736162-d9cc-446e-91ab-ab6b5cdce48e,2025-11-30,referral,free,US,Healthcare
3668310d-72db-40d2-b6e5-800d44c7e671,2025-09-21,direct,free,US,Education
7a9a238d-f0d3-49b7-b039-939023a372c4,2025-11-30,direct,free,US,Healthcare
13e273bc-5bc6-47d1-905c-12b145f6f8dc,2025-10-24,referral,free,IN,Healthcare
4f757c9b-7dd4-4b18-a5fa-35854c3b9301,2026-04-15,paid_facebook,free,US,Finance
2c32db03-84c4-4ff1-bffb-0cfc9aaac8ad,2025-09-24,organic,free,UK,Education
b14e8dce-b4df-483d-b78a-8ae17efbe692,2025-09-21,organic,free,CA,Education
c771eee5-fa9b-46b5-b31e-62d68e3f2b6a,2026-02-06,organic,basic,FR,Retail
8794dae8-fe88-48aa-ad13-b9d2a4ad57ac,2026-02-06,organic,free,US,Finance
035135d3-5df5-44c6-817f-b89120935641,2026-03-30,organic,free,US,Finance
479fa5ac-9bc6-41f3-92fd-7db6c46a8108,2026-04-09,organic,free,US,Tech
eb16d88b-b6cd-4ba0-be9f-0cf631748f42,2025-09-26,organic,pro,UK,Retail
53e00e44-0559-48b5-803a-289eb95dfcfe,2026-03-28,direct,basic,CA,Retail
642f2d30-8931-458f-957a-35c9c646cba0,2025-11-08,organic,free,UK,Education
faaa1d3a-1bff-4447-bfbf-bc9634b78212,2025-12-15,organic,free,AU,Education
c9391859-e80c-41ce-b416-11ebaeb24ce0,2026-02-15,paid_facebook,free,UK,Retail
d0e6f7f9-6a6e-4621-af14-920df1aa3794,2025-10-26,referral,basic,US,Finance
ef27f823-68be-4464-a4ed-784c5d569d84,2026-01-26,organic,basic,IN,Tech
a85f8f30-c6c8-4d8c-8399-bd88ac6632df,2025-07-17,organic,pro,US,Education
a2e10573-fbad-4afe-be6d-9ae3341dc8c3,2025-12-15,organic,free,UK,Tech
ab817efc-4e7b-405c-9bf0-f23cc45ab7ab,2025-07-17,organic,enterprise,FR,Retail
d6a1a165-d379-4b95-a2c3-e12bf3500ee3,2025-08-17,organic,enterprise,IN,Finance
0277f0a6-7e58-40d3-a529-6c61aeb61833,2025-10-02,paid_facebook,pro,DE,Tech
3db45580-7b28-4a06-b139-c31ceaf0c3bb,2025-08-14,referral,free,UK,Healthcare
392f1dd3-8649-48c7-8ba1-444cd0a680d1,2026-05-25,paid_facebook,free,US,Retail
4cbfe049-b5ac-4088-a8b8-ccf5bd2d5bb4,2025-10-15,paid_google,free,FR,Finance
af437e31-b48e-44c1-b65a-ac7349dcb040,2025-08-29,organic,free,US,Retail
2b185f1a-a426-4383-8aa6-af2b558c9a2f,2026-04-21,paid_google,free,DE,Retail
5fa636d3-081e-4d2a-9449-a69631e38b15,2025-07-31,paid_google,basic,FR,Tech
a9a6ebb9-2b0e-4cf7-ad54-fd9cf39ce88a,2025-10-16,paid_facebook,basic,AU,Tech
bdad28e9-fbb0-42da-94f6-7e8211448150,2025-07-20,direct,pro,US,Healthcare
bc54fa44-866c-4731-b1e3-2343f6849a37,2026-02-14,organic,free,DE,Education
e5239329-aaa8-4e00-a34a-605fd1429c17,2025-09-15,direct,free,CA,Healthcare
5621acd9-56a6-46b2-b11e-8a7e325cb780,2025-09-21,direct,basic,CA,Finance
18887a69-1535-447d-8362-a8339a7c69c0,2026-05-16,organic,free,IN,Finance
ed5075ba-52d6-478b-9779-a6f88187d064,2026-02-09,organic,free,UK,Retail
f3a67def-6408-40b8-a065-9c80c7b61dec,2025-09-26,organic,enterprise,US,Tech
8869e3db-8b54-4216-a8b4-d69091f5cb09,2025-12-15,paid_google,basic,UK,Retail
f21ddbfb-4449-471d-ab51-c17a669896e2,2026-05-03,organic,free,US,Education
9d6a0a33-c51f-4e56-a107-a96ae0de80ad,2025-07-21,organic,basic,CA,Retail
cb18c7c8-ffbd-49ab-886e-38d87aed0b59,2026-01-31,direct,basic,UK,Finance
a5a5181c-a63b-4255-8bda-13e4fdfe94b7,2025-07-05,organic,basic,UK,Finance
3b2b32bd-46fe-4966-819f-fef72dc5d36a,2026-03-29,organic,basic,US,Healthcare
ec079a04-31f7-4f44-9187-f8a3fa76bd93,2025-08-08,paid_facebook,free,US,Retail
39e21edc-3fd9-4933-8854-b8a68ee04f90,2026-05-15,referral,basic,CA,Tech
69b10565-f06e-4a69-9ba7-88a39df227fc,2026-04-16,organic,free,CA,Education
1ddfd05e-70fa-4463-934b-063b09be355e,2025-07-19,organic,free,UK,Education
7f24bbd6-d6bb-481e-be59-24e028538403,2025-08-13,paid_facebook,pro,IN,Tech
6a53e087-b248-4baf-8f07-0e17c27a71f1,2025-12-09,paid_facebook,free,UK,Education
ae340409-9f5d-40dc-aab9-9029e153ba08,2026-02-16,direct,basic,AU,Tech
aacd2d1d-7061-4c7b-9158-69d1408d149e,2026-05-22,organic,basic,US,Tech
5c8af337-06af-43ab-a5cf-2ea1ece2a4ea,2025-08-09,paid_facebook,pro,US,Healthcare
de7b3b45-7232-40ea-8453-393164ef1e24,2025-08-29,paid_google,pro,US,Retail
e920859c-d8a3-4713-9409-c0bfaefd7791,2026-02-15,direct,free,US,Finance
2b71eaa2-6287-4d91-be7d-879e405959f5,2025-10-04,paid_google,free,FR,Finance
4ad88f28-4635-4f6f-90d8-9c9f3f2eda5e,2026-01-17,paid_google,free,FR,Retail
e40515b3-9a2b-4678-9714-f2c89a4f6b5b,2026-03-22,organic,free,AU,Education
780a5095-63f8-4397-a7d7-edb5f4f472a1,2025-10-07,organic,free,US,Tech
5b38ae4d-ccb1-4a1f-9a2e-3a6effcf5404,2026-03-07,paid_google,free,US,Finance
5d793db1-41ae-4ad8-a4ca-0bd2337cdee1,2026-04-09,organic,basic,IN,Healthcare
282d6d28-8344-4280-8036-cc04dfeaa54f,2025-09-08,paid_google,enterprise,UK,Education
d235f49c-e2b1-43b9-982a-7e86c3f21690,2026-04-22,organic,basic,FR,Healthcare
c1723bd2-093b-4bee-9412-ddf69f0d8ccf,2026-03-24,referral,basic,US,Finance
928ceece-cf83-4c2a-9ab7-1baeda3539f6,2025-11-29,organic,free,US,Retail
42d5458c-ed91-411e-a2e7-cc14cdcb557e,2025-11-21,paid_facebook,free,FR,Retail
68a7dc08-d1a8-406e-930b-93c6b62e57f1,2026-04-12,paid_facebook,free,FR,Healthcare
9bc60cb2-cf35-413e-9a11-2c4716a6b8f5,2026-05-30,organic,basic,DE,Education
fe0068bd-03a6-44c7-907d-6fb5b0e0610a,2025-12-05,organic,free,US,Finance
c987a4bc-4a4e-45b9-8cf1-a9204d4e45c8,2025-07-27,referral,basic,AU,Tech
61f43090-7d8a-474d-b35f-3bf30686704f,2025-07-01,organic,free,US,Retail
1024a114-1cbe-43f8-96a3-bce7b0171a0d,2025-08-23,organic,free,US,Healthcare
ebb39987-1d3e-4e3f-b1c1-881d4a3ddb75,2025-10-30,organic,free,UK,Finance
262bdace-ab4c-431d-80ba-4b65f3ad03c8,2025-07-06,paid_google,free,DE,Education
7b4a899b-a3ac-4f3c-bbdd-e362b4353def,2025-12-30,organic,free,US,Tech
ad470713-07bc-4296-abae-f990417aec6c,2026-05-30,direct,basic,UK,Tech
d8fa775a-b8b1-44dc-924a-acf987c2a3bc,2025-09-14,referral,basic,CA,Retail
85652c76-21d1-494d-9cca-de51a96cafe3,2026-05-08,referral,free,UK,Tech
a26b8cf3-84b6-4095-8193-90185016a1ec,2026-01-06,organic,basic,US,Finance
39bb4935-d7d3-4561-b876-2d8829686569,2025-11-10,direct,free,US,Retail
fc75e8a6-985f-46f6-9fcc-cfe2fb37e1f7,2026-01-06,paid_facebook,enterprise,DE,Retail
15399514-80a3-467f-97be-07d311fad12c,2026-02-25,referral,free,UK,Retail
c546efb7-c081-4ee7-9fad-95958e5c4da7,2025-09-28,paid_google,basic,IN,Finance
3218a4f5-2ebc-49aa-984a-95c890d54096,2026-05-02,organic,free,US,Healthcare
d97e43cb-7036-40c6-b075-03b48fd5c4a1,2025-11-29,referral,free,US,Tech
687e9582-6353-477a-b547-989b956463c0,2025-09-14,paid_google,free,US,Tech
515c7636-4a60-45f9-91e3-31a6199b4952,2026-01-03,direct,free,US,Healthcare
b7f09148-408f-44be-9da7-31a000dd7619,2025-12-22,organic,free,US,Retail
a64c404b-2c7a-4499-865a-3efb37cca6bb,2025-08-09,direct,free,US,Education
53605c11-67c6-4f27-ac82-e1f2d0a34416,2025-07-14,organic,enterprise,CA,Finance
26697aa4-1fd5-4ea2-933b-454181bf1d27,2026-04-25,organic,basic,AU,Retail
9536f14f-3428-4084-9993-fc1092fb2eb7,2026-03-28,paid_google,basic,AU,Retail
284e67ca-04dc-470c-ae72-5ef48727eacd,2026-01-14,paid_facebook,basic,FR,Retail
7a32e357-9572-4a18-a372-18461107e933,2025-12-01,paid_facebook,enterprise,CA,Tech
c65bd126-8f4a-4a01-82a9-b225cc991de3,2025-09-15,paid_google,free,US,Tech
4cec1ecc-5ada-4a05-af6b-1f6a6d0239a0,2025-08-23,organic,free,US,Education
c5e4b912-99c1-4c64-9806-b0f5d63ca0b2,2026-05-04,paid_google,pro,US,Finance
98acaab2-544d-4d1c-8d90-62330fdc4291,2026-02-05,organic,basic,IN,Retail
94ac5bc7-8fa5-4600-a15f-b8731e2cc950,2026-05-29,paid_facebook,free,US,Tech
20ace003-9708-4132-8901-d3c0819baa23,2025-06-21,organic,free,US,Healthcare
2a321eb2-f3ec-4cac-b029-eed536f9aa8b,2025-12-13,organic,free,US,Tech
2397e6e5-9c59-43c6-9114-2df7efccc723,2025-11-25,direct,pro,FR,Retail
63be9954-dcef-4578-868b-3f78182d9731,2025-06-07,organic,free,IN,Retail
b287e145-8cff-4d76-beb4-0f1fb4de2df2,2025-08-09,paid_google,enterprise,US,Tech
e4e0c023-46c6-4f63-b275-69592883c47f,2025-10-05,organic,pro,US,Healthcare
9f8533ec-a80b-4f39-a245-416040806e76,2025-11-07,organic,basic,US,Healthcare
4bd3dfb3-f31b-40d5-8995-cf9b61372a6e,2026-02-03,paid_google,free,US,Retail
8b3f4e80-b98f-4018-9e41-71fab06691b7,2025-12-20,paid_google,free,US,Tech
a53f6b6f-a1e4-468f-b106-a760bd46d809,2025-10-26,paid_google,free,US,Finance
68604770-3133-4692-89bc-6d61f1494458,2025-10-21,referral,free,CA,Finance
5751fd10-da8e-46c3-8b48-a0702ca22b39,2025-12-16,referral,basic,US,Retail
3908b279-d718-4ba2-9e64-58640d0b4f3b,2025-11-01,referral,free,FR,Healthcare
080390b4-fb89-41e6-84e1-8f8934c00353,2025-10-20,paid_google,free,US,Finance
dfc3bf3e-7b75-4c9c-9abf-5987aa0cbf90,2026-04-09,paid_google,free,FR,Tech
874fcc20-8535-498c-b0ad-ceb606477359,2025-11-12,paid_google,pro,IN,Education
df09003f-cde5-49c1-acb4-9996ca15e832,2026-04-10,paid_facebook,free,DE,Education
2f369c2f-f1ea-4e8b-9566-b312e38c4364,2025-06-21,paid_google,pro,IN,Healthcare
984f219c-321d-41ad-8cd1-50df6c1715da,2025-08-21,organic,free,UK,Education
88a0e551-e940-4294-80eb-3ce72e0fa9d5,2025-08-08,organic,free,UK,Tech
c70b9525-9116-44a8-a4b5-9ffda7a83d4c,2025-10-09,organic,free,US,Retail
535ec0de-a6a1-4ba9-be81-cac6b64488b5,2025-08-26,organic,free,US,Retail
9cb19789-1c48-451d-85a0-5c190c4e2af8,2026-01-04,organic,basic,US,Tech
03e08d6b-e892-4f7f-904b-0b2aeb5aeee9,2026-04-01,paid_facebook,free,US,Retail
dcfc93f8-150c-45cb-8e15-2d2f8ba50a18,2026-05-11,organic,free,US,Tech
4dc0802e-c2dc-4de7-a307-b2a38abe0331,2026-05-07,paid_google,basic,US,Tech
37521eb1-48d6-4207-9ecd-1eddc44823d3,2025-11-08,paid_facebook,basic,AU,Education
56689c19-7c05-48b4-b3e5-1f1f88366f1f,2025-11-25,organic,basic,DE,Education
7c3068ea-bd7f-4769-8400-c1d521d4b66b,2025-09-25,organic,free,CA,Healthcare
0389537c-85d5-49d8-80a0-aa11039c1bc0,2025-12-13,organic,free,US,Education
d28d5f1b-dfea-4024-af81-6ea6c1cd4f51,2026-04-23,paid_google,enterprise,US,Retail
9503c152-c974-49af-9850-59a0cfe69009,2025-08-25,paid_facebook,pro,US,Education
a48448bc-eb19-4ace-8b88-a1e9e3e83904,2026-03-16,paid_google,enterprise,UK,Tech
bc5af7ba-49a8-457c-a6af-2c48dcb0c3f4,2025-08-20,organic,free,FR,Education
4bbe5354-3651-4909-a113-014e381510c4,2025-10-30,paid_google,basic,US,Retail
581c4f3d-97b0-4227-a053-44738377dcff,2025-07-31,paid_facebook,basic,UK,Healthcare
401f7ee4-2ce9-4a5a-970a-820ae1d18a06,2025-07-31,organic,free,CA,Finance
19cadc55-aca6-4447-a7db-0e13805f6f62,2026-05-20,paid_facebook,basic,US,Tech
84bd2d3a-b3fb-41e7-b08b-7708cd33741a,2025-06-28,paid_facebook,basic,FR,Retail
ef75140a-01aa-4119-b40d-a2446a45ad22,2025-07-13,organic,free,US,Retail
6addbacc-2e5a-49a6-9268-d12163c4259e,2025-11-16,paid_google,free,FR,Finance
98991b76-2731-458b-8989-b3d19db0352f,2025-08-25,organic,basic,UK,Healthcare
44e007b3-178e-4aee-8e8a-9c188ed3c3a1,2025-11-24,organic,free,US,Tech
83ee6730-f56d-4521-b6e4-4c39419c0e15,2025-06-17,organic,free,US,Healthcare
da98fb9a-f0a7-45bf-9447-1cf5525ddde6,2025-09-06,organic,free,US,Finance
72104559-1e6a-421e-992f-a3f02a532efb,2025-12-15,organic,free,US,Tech
674b3b8e-cb64-4731-98da-70e6c9b8b2a9,2025-09-06,paid_facebook,pro,FR,Education
ea59654b-c284-4d33-890d-e6fa79610903,2025-08-04,direct,free,IN,Healthcare
a0bc647a-0b66-4662-9a8f-360d2fa46f43,2026-04-26,paid_facebook,free,CA,Education
18e88810-1998-42bb-8136-48d150f4e632,2026-05-07,paid_google,pro,UK,Tech
77f1cfb3-b9c7-4623-a433-417beec055cf,2025-06-05,direct,free,US,Finance
eb70f380-7c5d-4c89-af55-a03823e724e7,2025-06-02,organic,free,US,Education
4789611a-c0b9-4740-aeee-ba4239c799ce,2025-06-22,organic,basic,US,Education
af64aa11-16ec-4159-9c83-f93652781027,2025-09-20,paid_google,free,US,Retail
e8282635-0c54-4506-82f3-d184892c1a7b,2025-07-27,paid_google,free,US,Tech
17510331-af75-4c1a-8886-4a15f0611799,2025-08-05,organic,basic,UK,Finance
e5fc5e62-88cb-40b3-a96f-1e39911c1dcc,2026-04-26,paid_facebook,basic,US,Retail
4398c90a-f579-4d3d-88a3-072d46f1225f,2025-09-06,organic,basic,FR,Healthcare
6e0352f1-b3d7-425a-8263-4c19036d05e0,2025-10-22,paid_google,enterprise,US,Finance
ed1c85ea-d0fd-4579-a298-778eca40b86c,2025-10-03,paid_google,basic,US,Retail
bbe3b30b-e941-4e91-981d-653f568309d6,2025-11-14,referral,basic,CA,Healthcare
796c2a66-2eb3-46b6-a800-9ddd22f9c77d,2025-08-25,direct,pro,IN,Finance
eb2b355f-8986-410a-83f9-835fd6115191,2025-08-15,paid_facebook,free,FR,Retail
92d530b8-0ded-4ede-89af-646351c5a15d,2026-05-10,organic,free,UK,Finance
eebc4a8d-c49a-4f66-acd8-8ac283d6ef24,2026-03-21,paid_facebook,basic,US,Education
e9a8b54f-fbeb-4256-9209-6ecdbfa0a5be,2025-07-29,organic,free,FR,Retail
1ad51d1d-bccd-4576-9749-e7fe83d1ba3a,2025-10-16,direct,free,FR,Education
406f0b8a-ee07-479f-8189-07e2e9297352,2025-09-07,referral,free,FR,Retail
b647bc70-cc1f-46a1-a983-bceb1c16f2d3,2025-12-09,paid_google,free,DE,Education
25530f06-b6b3-4efb-b352-ddfce112fb5d,2026-01-29,paid_facebook,free,US,Tech
e2e8790a-6a0b-4f80-ada6-a42a2d5e9c68,2026-04-15,paid_google,basic,DE,Education
8ea70537-0e3b-4763-86d7-3d82fac95c4c,2025-07-19,organic,pro,FR,Tech
a0419123-ee5e-4ea3-8229-7bb2cf9e7327,2025-07-02,paid_facebook,basic,UK,Finance
13daa2e8-3741-4fc2-9816-dd9e31fdcd09,2026-03-04,paid_google,basic,IN,Healthcare
b75046b8-358e-4a15-a93b-45b34129fdbc,2025-06-20,direct,free,CA,Healthcare
d9047ddd-634d-46aa-99c6-4b6ec38f19ab,2025-11-01,organic,free,US,Healthcare
0a59289a-1549-48e1-a58f-5cf16e2e233a,2025-08-07,referral,free,UK,Tech
cd69ef8b-5c7e-45e6-9b45-4302549a3e04,2025-12-31,paid_facebook,basic,DE,Healthcare
0659b363-9e6e-4b9c-9c8d-6f2f4759053f,2025-10-21,referral,free,UK,Healthcare
18becf99-2dd2-4c53-8a5c-43fab552f02f,2026-01-18,organic,free,UK,Education
2a717b74-031e-4d85-80ef-a2918db72788,2025-12-30,paid_google,basic,UK,Healthcare
b249e2e5-01e9-43da-b701-577ac38fd59d,2025-08-18,referral,free,US,Tech
9919d84c-1ebc-496d-82b8-3b0db556c7f0,2025-12-31,paid_google,enterprise,CA,Education
dd7643b1-ca73-4040-8648-b5a9d01cc87d,2025-09-24,organic,basic,UK,Tech
2e29c2b1-85dc-46c5-80fb-cfe9fa00010c,2025-08-31,paid_google,free,US,Retail
ee4a4abc-b875-4db6-8871-51060fe80718,2026-02-25,direct,free,DE,Healthcare
4f6c4784-2730-418d-bcef-cd5fd69bfa11,2025-11-15,paid_facebook,basic,FR,Tech
9c8be3ce-3473-4cfa-b355-6771f40cd42c,2025-07-28,paid_google,free,US,Tech
3a8998da-d332-43f3-92ae-85fe65363366,2026-03-11,referral,free,CA,Education
27757d58-8942-4cd8-ad9a-e4a91b47153d,2025-06-26,paid_google,free,US,Retail
d0046d2e-3f1e-4dbe-9141-4eb4f83336dd,2025-08-05,direct,pro,UK,Retail
20f1b4b0-0f14-4b4e-b9d8-b96f13673388,2026-02-03,paid_google,free,US,Healthcare
aa250d31-9069-4769-a837-494f4a38133e,2026-02-09,organic,pro,UK,Finance
18516de3-4a83-4ba2-9039-d876dbefb72a,2025-07-14,organic,basic,US,Finance
690efc1d-db8e-48f1-a81d-8b973ad10b02,2025-09-05,organic,free,US,Education
4a799658-8c24-4372-9c1e-5e43b5876827,2025-07-12,paid_google,basic,US,Healthcare
300a4b5c-067f-42bd-b481-545037c99141,2026-01-13,paid_facebook,free,CA,Education
96fdd475-7a20-44f9-801f-c07ef21a4759,2026-02-17,referral,free,US,Healthcare
761c14dd-7e41-4bcb-b674-9d5d52dafc9b,2025-11-14,direct,basic,US,Retail
7b54c391-b0ae-4f75-9ba2-1d7904df76a5,2026-03-06,organic,basic,US,Finance
e1032f94-2185-4e09-b5fe-1996dfdafedb,2025-08-28,paid_google,free,US,Tech
4d1ceb08-b95a-4939-a32c-a96b1d6b1c1a,2025-11-25,paid_facebook,pro,US,Finance
31e838d5-d7cb-4905-8bc8-bba1045945ed,2025-12-14,organic,basic,US,Healthcare
c707d2bc-e349-4b53-8d71-a677c6fb7b5b,2026-04-03,paid_google,pro,AU,Finance
ec8dbfd7-9276-446e-ad3d-ffb91fa8f1d1,2026-02-22,organic,free,CA,Tech
85f59c64-6e74-4ee8-86f9-f34bdc3ff603,2026-02-23,organic,pro,CA,Retail
451f5971-5534-4a58-8de7-f6e3516e9407,2025-08-13,organic,free,UK,Retail
6ec78ede-12ff-4177-808f-b7dea38a03d5,2025-06-08,paid_facebook,free,FR,Healthcare
a3384fc0-79b6-47cc-b0d4-66cbc08f1773,2026-03-24,paid_google,basic,UK,Finance
b583d795-b26c-40de-a214-11931b6d7238,2025-11-11,paid_facebook,basic,US,Healthcare
117d221e-05d7-4081-9b9f-d086767aa52f,2025-08-24,paid_facebook,free,FR,Finance
b4459b77-1a91-4cc0-98c4-9f08757583df,2025-08-11,organic,free,US,Education
cf15cf90-f798-45f7-86e4-dfc0a970d0ca,2025-07-25,organic,free,FR,Healthcare
85576be8-0663-46ab-8f0f-38c39234ccd2,2025-07-17,organic,basic,US,Finance
f1138fcd-f3ab-47b3-8f8a-b4823bc5c5ea,2026-01-24,organic,free,US,Education
379e068d-f523-4e4c-a6fe-52a312d5901f,2025-09-12,direct,free,DE,Healthcare
58493f32-d37c-441e-bfc2-c2e3a0561e55,2025-12-27,paid_facebook,free,US,Retail
3cc7cc9d-efc3-478f-9a17-7c3fa5db17ad,2025-07-12,organic,enterprise,US,Education
54a62325-9859-4d6e-8809-292bc3bd4fef,2026-04-12,organic,basic,US,Healthcare
737b12c7-ec13-4406-96a4-10438bbf4289,2026-02-23,paid_facebook,basic,CA,Tech
45a484c5-8d48-4b3e-96f9-9d47042e6a7f,2026-02-18,paid_google,pro,US,Retail
9d7867b2-77f7-4c57-8953-e78e7f5d7302,2026-05-02,paid_facebook,free,CA,Education
850f2eb5-a112-4d39-9487-a5d2d892a377,2026-02-14,organic,free,IN,Finance
c7dc53cc-8126-4648-81f3-33c240693825,2026-03-10,paid_google,free,US,Tech
50b3dc35-ff6d-4ff7-9afc-eeb33cd44508,2025-09-22,organic,basic,CA,Finance
3547fe72-fdf8-4b84-a889-529edbfaffcd,2026-05-29,referral,free,FR,Tech
2b946b70-82c2-432f-b8a6-750a5499509d,2025-07-10,organic,free,FR,Healthcare
73c9eb1a-f5b2-484e-bf7a-d8b5a88a0a2b,2026-01-06,organic,free,US,Healthcare
838fa35c-be2c-43fc-bd3b-08eb7d8e750a,2025-10-07,paid_google,free,IN,Finance
1e7304e6-af95-456b-a78c-1d694b23cbe2,2025-06-08,organic,free,AU,Finance
9f3e6005-72ce-4b0d-978e-e8650057cde9,2025-09-09,paid_facebook,enterprise,DE,Finance
b3210070-fb89-479a-8ff0-2a61b0734583,2025-11-23,organic,basic,US,Education
80fdeb91-8263-486e-b314-641c82e4b823,2025-09-15,organic,pro,US,Retail
8f343744-5217-45d3-a213-82b65a7443df,2025-09-09,referral,enterprise,US,Finance
2194ac5c-4f1f-4ba2-b0c3-e1a903494767,2026-02-15,organic,free,US,Healthcare
de2e218e-0f42-4ed5-885d-7633a94dafc3,2026-02-01,organic,free,US,Healthcare
d5604451-6df1-482e-84e0-5bc29223e369,2026-03-02,organic,basic,IN,Finance
837354a0-500a-4f29-8f5d-87f41ead28b2,2025-07-02,referral,pro,US,Finance
a20484a4-9862-413e-82ed-4aa74eb2a81d,2025-10-15,paid_facebook,free,AU,Healthcare
a1807214-3598-4c09-be74-836a91a32c42,2025-06-12,direct,enterprise,US,Education
71079bee-d06d-455d-93ef-3aa54d964f0f,2026-03-29,referral,free,UK,Tech
11ebbe97-8d7b-4d73-b7af-a3e402202b2e,2025-06-16,paid_facebook,free,US,Healthcare
2e9230cf-d894-4fc7-86ef-88f3ac3bc0ce,2025-10-07,paid_google,basic,CA,Tech
6ddbb30d-8621-45e6-832b-5ad4c47b4384,2025-08-02,referral,free,UK,Finance
ec11cb74-5634-43cc-86a8-23d4d73a863f,2025-09-17,paid_google,free,UK,Retail
fc8c4e01-c21c-470d-8098-fdc58a0011d8,2025-06-21,referral,free,US,Finance
67deecef-5165-48ed-8b78-bf4bd50a1152,2025-11-05,paid_facebook,free,US,Finance
fe8af453-25a9-4d19-86f4-a1ed0fe7959b,2026-02-24,paid_facebook,basic,UK,Finance
62831dfe-a2cb-4658-b4ed-46f0348582d2,2025-11-09,organic,pro,US,Healthcare
fd112b8d-ca4c-4960-bf28-44aa665791b3,2026-02-15,paid_google,pro,US,Healthcare
70565a46-138c-4fcd-b89b-4b2ca0d345aa,2025-09-10,paid_google,basic,US,Retail
37d37b0a-b604-4564-8822-c0f6e7a2eb12,2026-01-09,paid_google,free,IN,Tech
01ead5a1-6e08-49b6-a291-8d0ce1f55e69,2025-07-29,direct,free,UK,Tech
47e513ac-e42b-46ff-af17-b67fe6fcb6f8,2026-02-02,paid_google,free,US,Tech
fcbfe894-d022-40dd-a444-4e6d5ac98088,2025-10-06,organic,free,US,Finance
88930d51-0d35-4e39-9869-15fe2a4cfbb4,2026-03-10,paid_google,free,US,Retail
6ea9f9ce-5f12-43f3-8206-b270e19cce17,2026-04-21,paid_facebook,basic,US,Finance
ca17b3d5-2e46-4efe-9464-272df01b26f6,2025-06-25,referral,pro,IN,Retail
d422af12-b138-40d3-af8d-1df5a3e88258,2025-10-09,paid_google,free,FR,Education
68a8a2fd-637e-49ac-811e-4ad30b24bc6a,2026-05-19,organic,basic,US,Healthcare
1eea73f2-738b-4867-a29a-3d05e825d286,2025-12-13,organic,free,CA,Finance
62a4dab0-3bf9-42d0-b5b1-d720ffaaa9c5,2026-03-08,organic,basic,CA,Education
6d2b5afa-d5de-4614-9bd3-6bdf975a9e6e,2025-11-01,organic,basic,US,Tech
2aa582b6-80b3-47b1-8e5b-4d58cb6f744f,2025-10-11,paid_facebook,free,US,Education
97f78ba4-619e-4168-957c-9b5af8e90626,2026-01-13,organic,free,UK,Healthcare
c7df55f4-8ab5-4a9f-a3ae-6c9079840b7c,2025-12-06,organic,pro,US,Healthcare
480136b0-9833-4f95-8219-2e765c032b76,2026-02-20,paid_facebook,basic,UK,Healthcare
ca9e2628-d3de-480f-a261-57d178a149d2,2025-10-12,paid_google,pro,US,Education
be6102c6-9615-4e26-bfbb-dfc5f7ee6362,2025-12-28,organic,basic,IN,Tech
0e8bb4fc-4167-4a8e-9fd5-e3913bedffb4,2025-07-30,paid_google,enterprise,IN,Finance
5f514a4a-539b-4c4d-93e2-07e7e5360aa5,2026-05-30,organic,free,US,Tech
9c3de15c-ceed-48ad-9b8f-430bf016cbb5,2026-05-30,paid_google,free,US,Retail
5f9d0d09-1b24-4fc2-a270-b86bb9649f84,2025-12-30,paid_facebook,free,CA,Retail
63cf67ba-2cef-47f2-b92c-7f459d03c725,2026-01-02,direct,free,FR,Finance
ed0f54ec-c7f5-469a-a823-487bf47ec000,2026-01-12,organic,free,IN,Healthcare
8ae9447b-75e6-4147-a652-e4161eb443b1,2025-10-09,organic,basic,US,Finance
71a57eba-6964-42f3-8c90-3ad4c81f4f7e,2025-08-15,paid_facebook,free,US,Education
53eb2787-0bff-4e83-bce5-174fbec871dc,2026-03-13,organic,free,FR,Healthcare
72de96a4-fb12-4c4d-96e1-50eb13d07f5a,2026-03-04,paid_google,pro,CA,Finance
511b1a7d-a208-4a33-8e41-f45fa295c6bc,2025-11-03,organic,free,US,Finance
ba28c9fc-8f83-445e-84cd-f0b3ffa8b5ee,2026-02-03,paid_facebook,free,IN,Education
9dde497a-8353-45ae-b297-a89dc7689f6e,2026-01-04,referral,basic,US,Education
378cb58c-69b3-486d-a65f-779d57f6a9d1,2025-12-07,direct,basic,UK,Tech
ba744547-0882-47d9-8c00-2ee45a6a3e1a,2025-11-10,referral,free,US,Retail
365c8fa4-e0aa-402a-8dfa-3a3d4c017612,2025-11-27,organic,free,IN,Finance
d37b0c27-6089-4724-ba32-d3a811ff882b,2025-07-04,paid_facebook,basic,US,Tech
0f63cb4b-d817-420a-bd45-073d3130da77,2025-07-11,paid_google,free,US,Healthcare
0cd7410a-689e-4c37-bb95-d58a6041a498,2026-04-03,direct,free,IN,Healthcare
a37137c8-013d-418d-81cb-65eed528aeb9,2026-05-04,direct,basic,IN,Retail
3bcdc497-624a-4409-b96d-f56d94f1b85c,2026-04-10,direct,free,US,Healthcare
a7e87dd7-5b02-4aa0-b726-55fdca98a4b3,2025-08-14,referral,free,US,Retail
14f9be36-b187-427f-b7f7-0f035c1d4954,2026-03-06,paid_google,free,US,Healthcare
c67f44b8-683d-47ad-a6bd-4fbb0dc287c2,2025-11-23,paid_facebook,enterprise,UK,Healthcare
4b2eb548-8e00-4f9d-98c7-a4d715da9e4d,2025-10-28,direct,enterprise,US,Finance
db78aa9b-b118-4ab4-9570-70f342a032e1,2026-02-28,paid_google,free,US,Education
8c35b1c3-46ac-45bc-aacb-c89115dd9253,2026-04-21,referral,free,US,Finance
4d1dd96c-2956-4402-a256-35d4ef1391ec,2025-09-16,direct,free,FR,Tech
4b6f3771-c0f0-43fb-9940-c32a57ecdc91,2025-10-17,paid_google,free,FR,Education
57099ce6-771f-4990-9991-bf316d9df826,2026-05-16,organic,free,US,Finance
831d179d-2eb2-4a35-bdb5-5709676860ad,2026-02-26,organic,basic,US,Education
24bf184c-5821-4cd1-b668-9c36fe0de0f0,2026-05-13,organic,free,US,Education
921716f1-3f61-40f5-8c71-1e6cc1264a9e,2026-03-16,paid_google,free,US,Education
9d8606ea-9821-4f4c-9891-2b001838bdb6,2025-12-29,paid_google,free,CA,Healthcare
abca09d4-dffa-4ed1-b64d-8a51c5ae548b,2026-02-27,paid_google,free,AU,Education
e71813a6-83dd-49f3-949d-f608c0bc8d31,2025-08-05,paid_google,free,DE,Healthcare
96e644a6-284e-4ba6-905c-0c60e1675860,2026-02-03,direct,free,FR,Education
a2e97370-dec9-4302-aef6-4780b285d0aa,2025-11-03,organic,basic,FR,Healthcare
ebebb240-e7cb-49c0-a474-e6d9083e1c3b,2025-07-17,referral,basic,US,Education
036caf62-de50-41f2-8ea4-2c9095b93528,2025-12-18,organic,free,FR,Tech
d5989cd9-053c-4cfb-adb5-aae7cd6b7af5,2025-10-26,paid_google,free,US,Finance
421e5419-641c-4ec7-b6f0-0600d00a4d39,2025-10-02,paid_google,free,DE,Education
a7e95120-1c5c-48d3-a379-1c484b65de36,2025-06-01,paid_facebook,free,US,Tech
5ce0729a-8b11-4659-902c-c477fb835a89,2026-02-02,paid_google,basic,US,Finance
119cc547-f0cf-4b2a-b911-d986819da390,2026-05-09,organic,free,US,Retail
a8c1eb77-9b39-449f-b2f5-078842385cd3,2025-10-06,organic,basic,US,Education
a8e868da-99be-4496-a8e7-45146e1b1c54,2025-12-08,organic,basic,CA,Retail
70b0f64b-8a41-4a98-ad1a-f8afb375cb30,2025-08-06,paid_google,pro,FR,Finance
5951cf7a-c579-4175-b8cd-081466f46d85,2025-06-04,paid_google,enterprise,US,Finance
3bc97a97-0b0a-4f8f-a50a-5cfc5d4a0eca,2026-03-30,paid_google,free,US,Education
77badd49-3b8b-46c5-b61c-a43c77e989ac,2026-03-21,referral,enterprise,US,Tech
0a2de21f-523a-4cf3-9d28-456ebe413451,2025-10-21,direct,basic,US,Education
5249373e-2179-4c89-933f-034d24901011,2025-12-08,paid_google,basic,US,Tech
9332d333-faf2-4551-a10f-00335dd66004,2025-06-21,organic,free,US,Education
f7e21e48-58b2-485b-b0a0-3a2d6d4af1da,2026-01-13,paid_facebook,pro,US,Tech
29deef49-9728-480e-80ea-a7c90f7e1f0e,2026-04-09,paid_google,free,FR,Healthcare
78164386-6796-4d28-b23a-3b52b9d680c5,2025-09-25,paid_google,basic,DE,Tech
e9edf433-8d24-420c-9a91-cde4693f7839,2026-03-29,paid_google,free,US,Tech
4a8f3c12-8815-445e-9b9a-ff66ded33d54,2025-10-20,paid_facebook,basic,FR,Finance
6d34f99b-ec12-4195-a0dc-064a0874606c,2025-07-09,referral,free,US,Retail
aa8ae94b-92ef-489c-a7bb-25bebd9ea03d,2026-05-21,direct,free,IN,Education
3c0250bf-3cd5-4547-b749-5a037b6b372d,2026-02-07,direct,free,CA,Finance
b245d442-6c13-4cb8-8952-88ac34da39d1,2026-04-29,referral,free,US,Retail
dcd78cc0-e42a-40bf-a6cd-32c053c4c3e4,2025-12-24,referral,free,US,Finance
ad452321-47d0-4e9c-be43-5211e7df03df,2025-12-27,organic,free,FR,Finance
138544b7-513e-48a5-86dd-ca2c17ae2354,2025-09-23,referral,basic,US,Education
7b17d3b8-9277-4e56-bfc7-8a5dc7b5c391,2026-01-11,organic,basic,US,Healthcare
71d8d8b7-56ee-4b83-9245-7bc9d8e1d709,2025-10-12,paid_facebook,basic,FR,Finance
b89e787b-dd5c-4cd4-bcf9-3cfa7b933105,2026-02-06,organic,free,US,Education
725bf70a-d9ef-4611-98c4-89a7658c2bb6,2026-01-05,organic,free,US,Tech
427376c6-9364-4919-b695-cde12c042831,2025-08-30,organic,free,FR,Retail
e4f3b31d-2190-4516-8e7a-2d96ef38f375,2026-05-20,paid_google,pro,FR,Education
993ac24c-c863-4d80-af81-d24ef707a67c,2025-07-16,paid_google,pro,FR,Healthcare
1409e70d-5462-49e4-bb7e-7c990f9cffd1,2025-07-08,organic,free,UK,Education
d9558963-09e0-4a58-9174-7ab7ecf74ce9,2025-10-20,referral,free,US,Education
b3a24482-f049-460d-8bea-24484be583c6,2025-09-08,referral,pro,IN,Tech
3bc04b83-1b58-47eb-96df-d70514cb31e3,2026-04-24,paid_facebook,pro,IN,Retail
b3c7632b-7727-41ee-82a6-375b4aba1a47,2025-12-07,referral,pro,UK,Retail
9e46c955-3cc9-4de5-b399-98595239f7d9,2025-07-05,paid_facebook,basic,DE,Healthcare
6398a884-fdd3-4913-9126-c112a161ebc8,2025-10-25,direct,free,FR,Retail
0d1d449b-75c0-4369-9e12-3775dd6fd258,2025-06-30,paid_google,free,CA,Tech
16c6f2f0-3a6d-4a1c-b430-ce0caef3de84,2026-04-30,paid_google,free,US,Healthcare
03c1ad12-264f-46d0-99c8-a8cb3bb50bad,2025-08-23,referral,free,US,Tech
60f2da6a-0d74-4100-a7ae-dd43db88f19d,2026-03-08,organic,free,US,Tech
0dd41e4f-b9f7-4010-92d9-dd5317d3733d,2026-05-10,organic,free,US,Education
3610e121-6514-4551-acda-8eefdb1256b9,2026-02-25,paid_facebook,free,US,Education
a2e08b67-79fb-4fff-af73-8acff79e9020,2025-11-01,organic,free,CA,Education
f81c5cc4-8179-45c3-8a14-94dab759949c,2025-09-10,paid_google,free,CA,Finance
75dcd7bc-ac05-4c82-8726-61aeca23bf9c,2026-01-01,organic,free,CA,Tech
27cf569b-7853-448d-ab95-6cf1bde2e9f9,2025-10-28,referral,free,US,Retail
d743f0a4-719e-46cc-940d-bf4cbb655d00,2025-08-22,direct,basic,US,Healthcare
97b007bf-d90c-4ba5-8cac-d4e4dc707a97,2025-09-18,organic,basic,US,Finance
d84f5efc-5bfd-4442-a19e-1e262d87db88,2026-03-02,organic,free,CA,Education
949385af-915d-4093-880d-3e019368267d,2025-12-18,organic,free,UK,Finance
c7c2e9e0-9441-4bc9-b400-6b302e31228e,2026-03-11,paid_facebook,free,UK,Finance
9d05509f-5cc8-4494-bff6-dbddbc1dd49a,2025-11-20,paid_google,basic,US,Tech
1ff9f1cf-84bc-4e8a-8869-6ae7dad70f8e,2026-04-23,paid_google,free,US,Tech
3429ec29-cdf1-4ddb-b168-cda090e4066a,2025-12-23,organic,free,DE,Retail
8f3348f8-8839-4848-94fd-6731a3d2cdc7,2025-08-02,paid_google,pro,US,Healthcare
78a6f5a7-db8a-447d-9bb2-cc197e6c5db5,2025-08-12,organic,free,CA,Healthcare
0299b9ca-e36c-4ec5-a7a2-0d1f973db334,2026-02-06,paid_google,free,US,Education
3b980f70-21d6-4d6b-a76c-789e4f4acb7a,2025-10-02,organic,free,US,Retail
bc4f8553-5ca0-482d-91b9-5334789b5dd3,2025-09-29,paid_google,free,US,Healthcare
a87717fa-e453-4a51-9a7f-d1ac77f99781,2026-03-02,organic,free,DE,Finance
7164dad9-0ca3-4548-9cf4-46d88055d65b,2025-09-28,organic,pro,US,Finance
b5150b3c-8080-4b7a-83bf-fab32c42c4dc,2026-04-13,organic,free,FR,Healthcare
74fc8827-2f99-4291-a4c0-77c07a18e47b,2025-11-11,paid_facebook,basic,AU,Finance
cf7c275d-88de-460c-9518-c98f970c0365,2026-03-13,paid_google,free,CA,Finance
187d4999-e56b-4649-9c89-cb40a179a92f,2026-02-20,referral,free,US,Education
082db91d-4252-432c-a489-dc3ecfef58aa,2026-04-16,organic,free,FR,Finance
90abef08-c179-4d73-8ed5-efb813200a6e,2025-11-08,organic,free,UK,Healthcare
4eaaf12e-fc1d-4c33-b273-9142206c199b,2026-04-04,organic,free,US,Tech
b433ba7b-016b-4168-b513-4381fe78c700,2025-08-28,organic,free,UK,Finance
a30aa5c9-65ed-4a42-9989-f7cd7aa4841b,2025-10-20,organic,pro,US,Healthcare
3c38d44a-a89d-423c-8674-63e2b7159f45,2025-12-20,organic,free,US,Finance
6e9c18a7-2a50-4a2f-b12a-d1c19a4689ca,2026-04-05,paid_google,free,FR,Retail
dc2dcd1d-3003-4801-8196-ddf0f1f1f76c,2026-01-13,paid_facebook,free,IN,Education
f05b7560-294a-493b-b3b1-aa73686c07b4,2026-04-30,paid_facebook,free,UK,Tech
0f88ddbc-2bd9-408b-87d2-848c23388bf8,2026-01-08,organic,free,US,Finance
04e75573-fa7d-4f86-93e9-96d477f7227d,2025-07-11,paid_google,free,AU,Healthcare
5ccaaa89-30da-4a19-b576-a2c656f077cf,2025-12-13,paid_facebook,free,UK,Tech
a5b3920e-49e9-410c-bebc-6d3cb19a22f6,2025-08-07,organic,free,US,Finance
bf5f676d-698a-40fe-80b9-76bf845d8cea,2026-02-19,paid_facebook,basic,UK,Retail
9032570b-1680-41a5-8dd6-ec57f7a3230d,2025-06-02,direct,free,US,Healthcare
1d12de61-4887-4331-828d-5692ecafa1ce,2026-05-27,referral,free,US,Education
ee75b7e5-f467-4021-bd92-48edc3b6c95e,2025-10-03,paid_google,basic,FR,Finance
2331b233-3584-4372-9935-df5622e5417c,2025-09-18,paid_google,enterprise,FR,Healthcare
b840099b-2e18-4af2-b550-79a2c5d847fb,2025-08-25,paid_facebook,basic,US,Finance
9c853bc9-02c2-42f4-bd61-4d6cae0382d3,2025-09-28,organic,free,UK,Education
1be48167-088f-403d-b8ba-9b869ade8016,2025-10-05,paid_facebook,basic,AU,Retail
67cd9a88-8a84-44bf-8b61-05f27015878d,2026-02-10,paid_google,free,IN,Education
ac568ee4-d919-4a98-a50a-610d93cf501a,2025-11-30,referral,free,US,Education
8ebdfedf-eb67-4bdd-b6bd-acfbe9de07d1,2025-06-16,organic,pro,US,Education
46f0ed21-4892-4545-9441-5cad49e2fa5a,2025-08-01,organic,free,US,Tech
9540fb81-8fc7-4a0e-85d7-8cd4c2ae8d88,2025-11-05,paid_google,enterprise,FR,Healthcare
eb51bb13-75bc-4055-affe-f9dbcb7aaeb7,2026-02-23,paid_google,basic,IN,Finance
98a9ca60-ae06-4817-b168-2cb2402531d9,2025-07-05,organic,basic,US,Retail
d04e7db4-f4b8-4f13-b3da-26e342b60a7b,2026-02-22,paid_google,basic,FR,Finance
96a1d423-2327-428e-8498-2eacbfd1b30f,2025-08-03,organic,free,FR,Tech
f68c784b-2b4a-45f2-8b8a-7f2aedaf8b29,2025-07-20,paid_google,free,US,Retail
f63cd34f-d529-4796-ab48-0906d939659f,2026-02-10,paid_google,pro,CA,Tech
dd822412-d545-47f8-9a24-b80b01489b92,2025-10-27,organic,basic,CA,Finance
e580655f-b774-439b-9cd9-e9f6bbf436c3,2026-04-21,paid_google,pro,IN,Retail
2d0182ae-9aee-46e5-b3b5-ce79d569bfa8,2026-03-31,organic,pro,CA,Finance
19357ff1-6fcb-459d-9f8e-9164cf59c0ee,2026-03-03,paid_facebook,enterprise,UK,Healthcare
1d3706a1-ed85-4532-9a3b-8498374cbb74,2026-05-23,organic,basic,FR,Tech
c11cee68-b9b0-42e5-9166-ac454b778d18,2025-11-19,referral,free,UK,Healthcare
aaaeff30-ab70-49bc-97ac-dc8a8931e467,2025-12-18,organic,free,US,Healthcare
547be0f3-b739-44a7-823c-253cd660c0f2,2026-04-20,paid_google,basic,US,Finance
9f0bd4b4-8485-441a-be9f-e461ee05c263,2025-07-05,paid_google,free,US,Finance
eaf4c47a-d0cc-4465-afe7-794f967ced75,2026-01-02,organic,free,US,Education
cf6632f3-061c-408b-b30a-5c883d50c85c,2025-08-04,organic,free,US,Education
1722d15a-a7bc-4af6-a22c-1127e5a48233,2025-06-08,organic,pro,DE,Retail
47ac207d-dffd-4b58-bcf6-4421fe01a771,2026-03-28,organic,pro,DE,Finance
d24c36fa-60f1-457b-8ab5-f0a76b202a4d,2026-05-09,paid_google,basic,AU,Tech
77b1386b-cfaf-4c3e-bc4c-b4e68cefefac,2026-04-28,paid_google,free,DE,Finance
8a12f634-149f-4c07-aa97-9b17a74c8989,2025-08-15,organic,basic,US,Finance
834b3648-41b7-45d3-8967-d51c8abc2a9c,2025-11-21,paid_google,basic,US,Healthcare
bb7893e2-42c2-43d8-8702-b9c47c9ed80c,2025-07-17,direct,free,US,Healthcare
7a27c514-91fd-4409-89a6-7b6abe518b93,2025-06-15,referral,free,US,Education
e1580711-1ef9-4ac7-86a2-65f83b804d2a,2026-05-27,organic,free,FR,Retail
1ac83147-c59d-4f20-ba76-8bd0102e6e53,2025-10-25,organic,free,CA,Retail
b727a92c-e590-468f-b01e-9e1a011b7ca0,2025-06-26,paid_google,basic,US,Finance
cbcf548b-ea33-4d21-91a7-61ea1f922a5a,2026-04-04,organic,free,US,Tech
08e3ccd7-d3e9-4931-9eba-fa717d66cb1e,2025-09-01,organic,enterprise,UK,Healthcare
27b49b3b-2430-48a5-8d5a-779adf4398f6,2026-01-18,organic,free,US,Tech
95daab43-065c-47b8-b2bf-09d5a5c68995,2025-06-21,organic,free,US,Healthcare
c21f0b3f-9b9f-48df-89a9-493f7dcf0866,2026-04-03,paid_google,free,IN,Finance
f1c49897-04fd-4172-b721-659fe8978c11,2025-07-08,paid_google,free,FR,Retail
dbd08027-deba-4db1-b70e-307d0dea1764,2026-03-03,organic,free,FR,Finance
ae77467a-238f-4352-bb7a-2e08e5963f19,2025-11-04,paid_google,free,UK,Healthcare
0b94f2d0-6f1d-4185-ad73-0efe61400f19,2025-11-26,paid_google,free,US,Retail
4194c999-8c3b-4dcc-b338-6bee0016bc94,2025-10-10,paid_google,free,FR,Tech
858c1387-f786-491e-96fe-fec853ccee4c,2026-04-07,direct,basic,IN,Tech
da729701-196e-42dd-a3c8-c2a4166be1cd,2026-05-14,direct,free,UK,Education
7641593d-55f3-4489-9f9c-5fb06cca4b08,2025-06-28,paid_google,free,AU,Tech
ed40402b-8fff-4418-baa9-47515367b658,2026-02-15,referral,basic,UK,Education
1a91c580-99fd-4096-b9c9-4754bcc4ec4a,2025-08-15,organic,free,US,Retail
71fde382-b62a-4212-a218-95ff312b7442,2025-08-06,paid_google,basic,FR,Finance
15f32351-1c0d-4f48-b48b-d5263b4da7b0,2026-05-08,paid_facebook,pro,UK,Finance
43569d33-511f-4271-8f9e-8ae2b3542d79,2025-12-11,paid_google,free,CA,Retail
fb00a578-5045-4a32-8783-b719d0915a0b,2025-11-09,organic,pro,US,Retail
0c5c6885-e689-4e5c-80fd-117ff7d9267c,2026-05-13,organic,basic,US,Healthcare
2d6541c4-805b-481b-8c2c-86b9d43210a6,2026-05-27,organic,pro,US,Tech
357bc91c-ce5a-4182-9a72-5d3f0fcf5c50,2026-02-12,paid_google,basic,US,Tech
8b2e0539-9dd2-4ba2-9232-8935bb3c18e1,2025-08-11,direct,free,US,Tech
f2e2f544-e564-4951-b0e7-2f72008d4ea1,2025-08-26,organic,pro,US,Education
e2fd92c2-dfe0-463e-837d-ad0cb3c8dadc,2026-02-17,direct,free,UK,Tech
40724e0e-bd88-47e2-b2bf-2b2049ba8b9f,2025-12-31,organic,free,FR,Healthcare
828251ee-a42a-41f0-b766-27ca81bbd302,2025-10-31,direct,free,AU,Finance
b63704ab-ce1a-4a80-99e5-cb97205074a5,2025-12-27,referral,free,US,Finance
5fa6a669-0924-4c47-8d72-c1b97e7d3075,2025-07-31,organic,free,AU,Education
66cc2fd0-0dca-4089-bc3a-61ecaf16b93c,2026-02-23,organic,basic,UK,Healthcare
26e0e2f8-79b7-4c19-8b71-3e86112c2554,2026-02-17,organic,pro,CA,Retail
9b596bbd-e0d3-4fd3-8e9d-5d25c4fb05ff,2026-01-04,direct,free,US,Finance
2cad0700-6bd3-4f26-8951-96021efc6d0f,2026-03-10,paid_google,enterprise,US,Healthcare
dcec71c0-36a0-459b-a749-19b28a33e07f,2025-10-14,paid_facebook,pro,DE,Retail
56d9d6fa-dd2c-479d-8761-0a363b6371d1,2026-05-28,organic,free,US,Education
e08be9fb-868d-4e88-8daf-496bdc6af456,2025-09-01,direct,free,US,Tech
31115b38-7555-45d1-b37c-2ce605545981,2025-09-17,organic,basic,US,Healthcare
bffec79d-dd8b-4f27-8d4f-89f28afae054,2026-01-27,organic,basic,US,Finance
50b3b9fe-2c47-4669-98e5-38f1aa0a9f0d,2026-05-21,organic,basic,CA,Education
051c6413-b61f-4d42-8e90-92b92c285758,2025-10-20,paid_google,basic,FR,Healthcare
c29b73ce-2428-46ef-82b4-36b4b72ae89c,2026-03-18,organic,free,IN,Education
89d23a2a-0785-45a4-a79c-c3b3d4d3176a,2026-01-23,paid_google,free,AU,Retail
bfb0c947-3149-4654-9907-c1d35310579b,2026-05-06,organic,free,AU,Healthcare
023525e5-5cf6-4588-83ed-756153fecc6d,2026-04-08,paid_google,free,US,Tech
348d361c-de0f-461f-9bcb-8337c94d46b9,2025-11-24,paid_google,basic,US,Retail
faa592a2-c407-4e48-b473-92ad63d923ef,2025-10-19,organic,basic,US,Tech
af6e7aa2-b606-4601-b31f-24ab16d15043,2025-12-06,organic,free,US,Education
c2b6c170-7e37-4a62-af6d-6b64d987f346,2025-07-19,paid_facebook,enterprise,IN,Tech
28081b77-ef05-4fdc-b725-b6b8525ef2ff,2026-03-29,organic,free,US,Retail
c0c51819-a4dd-45d8-8d84-9540b7b4c29a,2025-12-07,organic,basic,US,Retail
c3c74ef4-e91f-4731-803d-626a2b28df6c,2025-10-14,paid_facebook,basic,US,Retail
0d220177-3bdb-4ddd-b26a-8220571030cd,2025-07-13,organic,enterprise,UK,Education
baa7e311-7633-4e83-9951-95f66e535edc,2026-05-19,paid_google,basic,CA,Finance
9236ec11-b3bb-40d8-aa75-2c03a9e304f8,2025-08-29,organic,free,FR,Education
102e02b4-7bab-4fa4-98b0-2d2b5e97a203,2026-03-22,organic,enterprise,US,Retail
1e5cf2a2-5a7a-4046-b204-4fa5523ef7d5,2026-05-07,paid_facebook,basic,CA,Education
6993f294-bdae-4dde-9de1-f742b4d04b89,2026-01-31,organic,free,US,Healthcare
d6953ccc-5536-442c-96bf-ec79ab9e89ec,2025-12-09,organic,basic,US,Healthcare
3b6985f5-7c95-425d-822d-e486c03a6556,2026-04-14,paid_facebook,pro,US,Finance
c0d9d39e-63c7-4277-b367-9f2cde59eecc,2025-09-14,organic,free,US,Education
4a3fb944-9005-4116-bb0f-d0361a7648a3,2026-05-29,paid_google,free,UK,Education
42e76970-5e4b-4627-bebf-1baae89b0026,2026-04-06,direct,basic,US,Healthcare
41767860-21fb-46d4-91a0-4d8b9a794fea,2026-01-19,paid_google,basic,US,Retail
a8865ab0-3a34-4563-b641-773e79311d10,2026-02-20,organic,free,US,Tech
a4b1d074-bb36-4551-9d18-9345da867993,2026-05-10,paid_google,free,CA,Retail
8f2c9588-8117-4a9b-be66-2a636931bdb4,2025-07-07,organic,free,CA,Finance
e96593d1-3175-4fd2-a974-f5ae032c8b0e,2026-04-01,organic,basic,IN,Tech
6e6d860c-09b0-47fe-b6a7-9fdcf6330695,2025-07-11,referral,basic,UK,Retail
3c72281a-0f62-4d41-b9ce-04e2ed0d5656,2025-06-17,organic,free,CA,Education
54f9f2da-d246-4c8e-8f02-2e59452824fa,2026-05-10,organic,free,US,Education
22b79d4d-1cdf-4aaf-b9c8-eb5be0ae2b67,2026-03-04,organic,free,US,Healthcare
eb5134dd-a807-4bfd-ae42-cc56b6e543d3,2026-04-03,direct,basic,IN,Education
2f4141dc-71c0-4de2-864e-191ae889da80,2025-07-29,organic,free,CA,Education
24480de3-0041-43e9-8c5b-532649bdb87f,2025-11-30,organic,free,FR,Finance
78af874f-1c6f-4dfb-9450-8904b51e9b46,2025-07-11,paid_google,free,FR,Tech
c5e1c120-e2b4-403a-8d0f-a8a2f306d8ba,2025-07-09,paid_google,basic,AU,Retail
0eb07a9e-e278-44a9-ac36-281a6f20b889,2025-12-09,paid_google,free,FR,Retail
f44592c6-3d0c-48c9-8880-be8bf40ce24a,2026-02-22,direct,free,CA,Finance
1a72bf58-630e-4629-9209-cb36fceeb3a0,2025-10-25,organic,pro,US,Tech
198dc7e5-c99d-4b8f-9352-6bd4b2707992,2026-04-29,organic,free,US,Education
83651716-ca38-4f70-8a45-957575f3a021,2025-10-05,organic,free,AU,Finance
ee6ad299-a762-4ee0-8d9c-ee746afbab51,2025-07-16,paid_facebook,pro,US,Education
8fbd6dd7-a8b7-4238-9951-a4cf08aa5960,2025-07-15,organic,free,US,Retail
e7d11950-02db-4138-810c-51426c2ca78b,2025-06-01,referral,free,UK,Finance
427cde99-8515-46ba-9c8f-d7df1d728b47,2025-11-15,direct,free,US,Finance
f09f9cca-19b8-4823-89d3-48ffe576c463,2025-09-16,organic,basic,UK,Finance
ac736527-eeda-40ae-b5f1-71caddbf11c5,2025-06-19,direct,free,CA,Retail
f28806dc-33ba-4eb5-ad6d-7b04f0b119e7,2026-04-28,organic,basic,CA,Retail
2043d6ce-724a-4e6b-9a37-e04c1614a6fd,2025-08-11,paid_google,free,UK,Healthcare
356b03e4-d6d9-4acc-ab27-34fd3f9fb2bc,2025-09-17,paid_facebook,free,US,Retail
0c864758-a1f7-4159-8334-21b4250d50a6,2026-02-23,paid_facebook,basic,US,Retail
009808f7-9b0e-49ee-bc0b-e31bbd3c3c67,2026-01-26,paid_facebook,enterprise,FR,Education
65632081-338a-4824-ba42-d52da299b367,2026-03-28,paid_google,free,US,Retail
5451bd79-ece1-48a3-ab35-5389e4e5150b,2025-08-29,direct,basic,UK,Tech
809950ba-49a9-4c17-88c0-398f1edaec32,2025-09-11,paid_facebook,free,UK,Education
1089cd3b-059e-4dbc-8fb5-33f7255b9e74,2026-02-05,organic,free,US,Healthcare
aceaf89e-183d-4a32-a2c9-1a8f680da798,2025-06-08,direct,free,US,Tech
5cf86ef5-850e-4ac0-bc99-e3dc343705af,2025-10-31,direct,basic,US,Healthcare
138954fb-77a5-4713-b5a4-4fb5e200985e,2026-05-13,paid_google,free,US,Finance
2f48c0ed-c989-4059-be60-d863840b7b4c,2025-11-21,paid_facebook,free,US,Finance
6c44e62d-de77-4cfe-a861-56df2652da4a,2026-05-09,referral,free,FR,Finance
7b91a9cd-2e9f-4233-9c47-8ee45271afdf,2025-11-05,referral,free,UK,Retail
04249559-1f4a-4aeb-b6d7-90e22e5f75c3,2026-01-01,organic,pro,US,Retail
e1126946-45cb-4d1a-9407-9413a06377df,2025-11-24,paid_google,enterprise,UK,Education
d65310fc-c295-420c-b30f-9351551fe79d,2025-11-22,direct,basic,US,Tech
4b62c7ae-4b65-46f8-90d8-4d66477e7400,2026-05-06,organic,free,US,Tech
f58b78fd-3a4e-4165-99c8-6949214fa83c,2026-05-04,paid_facebook,free,AU,Finance
f5ead6ac-8a2f-4927-a8a4-1abb6e7942c8,2025-10-24,paid_google,basic,DE,Finance
3cc5f6f0-810e-4a58-a315-d66a5c5cc4c3,2026-04-20,organic,enterprise,CA,Retail
f5e64119-067f-4578-a8ba-e614cfdcbae6,2025-11-08,organic,free,FR,Healthcare
4cfd00ff-0fdd-4da2-a179-2ab72436ee7c,2025-10-05,paid_facebook,basic,FR,Tech
d40e3b53-f27c-4e03-bc7a-c11c58bbaaf0,2025-08-21,organic,enterprise,UK,Tech
c41ce351-60e4-4848-889b-e73b1c264e17,2025-10-25,organic,pro,FR,Healthcare
9c6f0466-7d74-4095-b710-3458e7b627ea,2026-01-25,paid_google,free,UK,Tech
21f9ad46-f154-40d6-9ac1-589bd6f2d31b,2025-08-23,paid_google,free,US,Tech
bbebf700-987a-44d1-9140-9c02a0ed2eb5,2025-09-21,organic,free,AU,Retail
2c21d843-504f-4a18-994d-840e08cfb684,2026-01-11,paid_facebook,free,US,Tech
ac7c307f-cd4f-4ad3-9ec0-af2a8f261034,2026-04-28,paid_facebook,free,US,Finance
f438f0f0-39b8-447f-9227-74b33f0a07aa,2026-01-29,organic,free,US,Finance
203a62bb-802f-40ed-892d-b49ab0fe6d3a,2025-10-21,paid_google,basic,AU,Education
9c632bc8-5613-4f92-b61b-c6bc24b36eeb,2025-07-11,paid_google,free,US,Retail
62c8f335-d979-4a07-9bc8-3a30fc6b7c8b,2026-02-13,organic,free,US,Retail
07618568-559d-4856-9717-33255fc5ec2b,2026-03-12,referral,basic,US,Finance
58e42de4-9f6b-4594-864f-1195683b6750,2025-09-13,paid_google,basic,UK,Retail
3d861c9f-af53-4665-82ef-8f1ffa4a2d42,2025-12-19,organic,basic,US,Retail
9f7681f7-6585-4cdf-ac59-aab755aa7343,2026-04-03,organic,free,UK,Education
1bce08ea-9485-482d-ac00-5c75e92c7678,2026-04-27,paid_google,basic,FR,Healthcare
3df610ec-9e30-4ece-be59-33c9cdd465c3,2026-02-21,organic,free,US,Tech
3865f2c8-7023-4109-9529-7a39a6eb3d03,2025-12-27,organic,free,DE,Education
b08f1556-3c7c-4683-ac15-2723e72b2ac4,2025-07-21,organic,basic,US,Healthcare
3dd65164-0999-4c2e-be37-b98c885c2861,2025-09-26,paid_google,free,UK,Tech
d07abf03-ff54-4a1d-bce0-ab617103b242,2025-12-18,organic,free,IN,Finance
303f9d35-71b0-47f0-8531-4d7fcbb0bc1a,2025-07-09,referral,free,FR,Healthcare
575763b0-56fb-4db0-9382-db3ccd2adb92,2025-06-28,paid_google,free,US,Tech
ebb7701b-98aa-48e3-ac43-9484d159693c,2026-02-14,paid_facebook,free,CA,Education
4d7a1d86-baa8-446f-9dae-8ece0d2defcf,2025-08-23,paid_facebook,basic,US,Tech
379bfce9-414b-4385-9232-3e0a37a22f6a,2025-11-02,paid_google,free,UK,Retail
a234d798-f247-40e9-a4f0-fbc449b1bc0b,2025-09-25,paid_facebook,enterprise,IN,Tech
c28a781f-a455-4e65-9e9c-9374bd8c8698,2025-06-02,paid_google,free,US,Finance
45d3f217-76c2-4840-9d60-43732e72215f,2025-09-01,organic,free,IN,Education
1bb7eea4-16e1-4e0d-9295-a2eab706236e,2025-11-13,paid_google,free,US,Healthcare
79bf208c-e4c5-4cad-87a3-8a11ad311a85,2026-05-16,referral,free,CA,Tech
a5f96522-cb8f-4d1f-b28e-595735e4ee68,2026-03-23,paid_google,basic,CA,Education
d7740483-66ac-4c51-8de6-a48ba3e1c417,2026-02-13,organic,free,CA,Finance
7dc76f8f-37a5-4d3f-ad18-2584ffc189a5,2025-08-20,organic,free,US,Healthcare
cf66b964-8116-4476-a837-b770a03ac8b6,2026-02-23,paid_google,basic,US,Tech
63957813-52b7-4326-8650-9929e537eb35,2026-01-21,organic,free,DE,Finance
d34f63a8-67ed-4acf-859f-553a23c5bbca,2026-04-17,direct,pro,FR,Retail
5a29fb37-4d38-4b73-93ed-c42030e16358,2026-04-07,paid_google,basic,UK,Education
30ca6450-ab29-415f-a9b5-b00094963700,2026-03-28,organic,free,UK,Education
c757cf66-7cbf-4738-88de-c38ea9c242a7,2026-05-23,organic,free,IN,Tech
4f543f68-6adc-43eb-aa84-608bf0893328,2025-12-30,organic,free,US,Finance
780af2a8-6e4b-473e-b67e-3c7828ca99cc,2025-08-01,organic,basic,US,Healthcare
d68d46a9-8ad3-4610-a4a7-0b20329cdc78,2025-07-19,referral,free,IN,Healthcare
41ee9ead-cf2c-4a13-8921-5229a74895bb,2025-10-05,referral,free,US,Healthcare
09705772-1f8c-4a0e-867d-79707edb7d1a,2026-01-09,direct,free,DE,Healthcare
59f66044-ee73-4f3d-9777-a8217ed6b64c,2026-03-06,paid_facebook,free,US,Tech
6e58b7b0-7c67-47a6-9ef1-945f27a10c7c,2026-03-21,paid_google,free,UK,Tech
86c68d00-c596-4460-9640-f05c6c148c96,2026-03-11,direct,basic,CA,Education
270f8edc-c45a-43c4-a0c3-383a0fbe5981,2026-03-04,direct,free,US,Finance
6dd2cc15-0f15-4fba-9d0f-81df60120bf6,2025-09-15,referral,pro,UK,Retail
db27c191-b262-49ac-b0a8-2744873c5bc6,2025-10-24,referral,basic,CA,Tech
1dc536ee-3a95-4ff3-b95e-c7ca744a0866,2025-09-07,paid_facebook,free,US,Healthcare
eb0c0598-596d-48c6-a39c-cc9f5a78e3d3,2025-08-12,organic,free,UK,Retail
8fd3bd78-37a0-4189-aad0-1377820072c4,2025-09-30,paid_google,free,US,Education
ac4c1904-4e94-4c65-8873-aca07bac39eb,2025-06-30,paid_google,basic,UK,Healthcare
40b4a963-e612-43b4-aa3a-e318a2ef7476,2025-12-05,paid_google,free,US,Finance
be465ebb-7b09-4d07-aef7-a0376e128865,2026-05-30,referral,enterprise,IN,Retail
9457f456-adbc-4aa1-a05c-aabdd7de6c69,2026-05-20,referral,basic,US,Education
0938f9be-d178-4320-8a03-ed70ef13d133,2026-03-15,paid_google,free,CA,Tech
1e38891d-5896-4c8b-b706-0120db8fb8df,2025-12-12,organic,basic,IN,Finance
9fb80131-d81c-41d8-805d-a9378e860f5f,2025-11-03,organic,free,IN,Healthcare
0c7b5ad9-bbe1-4f61-894f-b75e407fcc67,2025-11-19,organic,basic,AU,Retail
ed96bebf-5287-4d47-8d46-a3dfa222c078,2026-05-01,organic,free,US,Education
a48bb399-359f-4a83-9569-ea750dfddc6a,2025-07-11,paid_google,free,FR,Retail
23dcb284-a84b-405e-8bee-f9b57c3ae9a9,2025-08-02,organic,free,US,Finance
fc634509-bf8c-4064-b02a-0b477b8a39db,2025-06-23,organic,pro,UK,Tech
7a99cff2-3358-4fe9-b5dc-81f12ef0cfa6,2026-05-26,paid_google,free,US,Tech
ac93d665-d431-4514-86aa-2b5847395c2c,2025-08-14,paid_facebook,enterprise,IN,Finance
af05a7bf-1595-4e47-8437-ac1a6d64c6e7,2025-07-18,organic,free,AU,Healthcare
10bd0351-488b-45fa-83dd-c0c79daea6fb,2025-11-07,referral,free,AU,Retail
3fcdfa29-9dfe-4ad9-8f08-bc38770bf5a0,2026-04-09,organic,free,US,Healthcare
691d32c3-ff18-41a7-821f-0aa359608d73,2025-09-26,organic,free,US,Education
758fa348-367b-49de-af10-1efe91854bcb,2025-09-08,paid_google,free,CA,Healthcare
af9a1b7e-b87e-4c3f-a7f4-bf49340b86b3,2025-11-14,direct,free,FR,Finance
d844321c-0503-4c4d-974c-f662c698440a,2026-03-17,paid_google,basic,US,Tech
7203aa34-e00c-4d30-8869-dd01f0ef48f0,2025-11-03,paid_facebook,free,FR,Finance
d489314c-6f75-4438-867d-cbb08441cd50,2025-06-07,referral,free,UK,Finance
fec1e139-3334-4357-ae6d-4cf368f33b9d,2025-12-13,paid_facebook,free,IN,Retail
e03ed0a0-f16b-47ea-a96c-e6a7b167b7e2,2025-07-26,organic,basic,US,Finance
ef28ad48-3436-4cd7-8de8-af1438a7ebb4,2026-04-17,paid_facebook,free,AU,Education
4aea27f8-36f6-463f-b7a8-be26a861c69d,2025-12-10,direct,free,FR,Retail
403a1220-9b25-42d3-9ccd-28f4feb36d54,2025-07-17,paid_facebook,free,US,Retail
e63c78fe-5988-4b16-821b-2170d72f6032,2025-10-26,referral,basic,US,Healthcare
5ae4da78-a3ea-41db-b22c-09c9789965de,2026-03-02,paid_google,basic,DE,Finance
6ba09041-425a-44e6-bafb-edc01eba143d,2025-11-04,organic,free,US,Healthcare
68a4fd57-4d97-498f-938f-19fc00ddbea8,2025-12-19,paid_facebook,free,US,Healthcare
2d074324-99bf-4fd4-823f-fd161684859e,2025-10-04,paid_google,pro,US,Retail
45cf3a4a-78b9-4bf2-a40e-35fbc8637ff7,2026-04-01,referral,enterprise,CA,Healthcare
a748345c-9e62-49b5-b174-0feba9f6bcb3,2026-03-21,direct,basic,US,Healthcare
5d654fbf-2296-44ff-b47e-0505ae5f7f1f,2025-08-03,referral,enterprise,US,Retail
03a37024-87ec-4505-a588-324f023243c5,2026-04-21,direct,basic,UK,Retail
c5fa9d38-f8b8-4ed5-9d15-17abe3603755,2025-11-23,organic,basic,US,Tech
965f5b3f-3e95-49bd-8821-f755400681eb,2025-09-24,referral,free,CA,Finance
8ceb7b75-f92e-4580-81be-7fac51a2f49a,2025-12-21,organic,free,US,Tech
c6f0c6b1-2f15-4d97-b895-286b07ad2ac4,2026-04-17,organic,free,DE,Retail
1d8ab9b7-2791-4342-a668-447f10396576,2025-07-01,paid_google,basic,UK,Education
aedb94f0-ca46-4011-9502-e8e968323a9e,2025-09-21,paid_google,pro,UK,Healthcare
2c263bca-2207-433a-bdba-863c9cc9390f,2026-04-21,direct,basic,CA,Healthcare
44519bed-ca61-4b95-a9ac-423da99eff00,2026-05-10,paid_google,free,US,Retail
b51d59cc-5b46-452e-9745-f8b05c94133f,2025-08-06,direct,free,IN,Healthcare
8dabe4de-cd4d-4bc5-8794-90349f74a28a,2025-08-14,organic,free,FR,Tech
d6bf9c40-0eaa-482f-8c05-317c8a234743,2025-07-15,referral,free,UK,Healthcare
7755e7dd-4ecb-487a-be37-ffabe5a4bff6,2026-02-15,paid_facebook,basic,US,Education
d856ed1f-f422-4ec2-b1e7-e07d9e2f2680,2025-11-01,paid_facebook,pro,IN,Finance
9951b167-1c86-4c71-8dc8-7fdd4cfd8785,2025-11-02,organic,free,IN,Tech
07a7648e-0fb8-4cb9-9701-262f88fc6058,2026-05-29,paid_facebook,free,CA,Finance
7ad0025d-7816-4404-bfae-2f74f30a6005,2026-01-20,paid_google,basic,FR,Finance
714cc097-9e94-4234-8ee8-787a201029ea,2025-07-21,paid_facebook,free,UK,Education
a26bdf6b-0d09-4b94-88d5-424e467dc8d5,2026-04-02,paid_google,pro,US,Education
39f9e403-e670-4147-9446-2e64b4f2e58f,2026-02-17,organic,free,US,Education
63877a05-6c52-40e6-9f7e-4371fff3f87a,2026-04-11,organic,free,UK,Education
22a19695-aed2-4847-8205-181de86f76b2,2025-10-03,organic,free,CA,Tech
d7506338-84e8-414c-b19e-8641a52a59f0,2026-01-31,direct,free,US,Education
c75b8275-8344-4944-b414-36201d37c646,2025-06-30,paid_google,free,US,Tech
47118879-a3b8-4c34-a875-776e94d71ecb,2025-09-30,referral,free,FR,Healthcare
92e319ec-9440-4131-aba7-1cfebd23a731,2025-10-03,paid_google,free,US,Finance
bc4d40a4-2fa9-4343-b55e-2ca105d79da3,2025-07-07,direct,free,UK,Healthcare
512a966d-31c0-4e2e-bdda-834ce120605f,2025-11-17,organic,free,US,Healthcare
462bb751-f298-451c-9449-2479c75787a6,2025-10-02,organic,free,US,Retail
59bbb11e-6090-4fb7-8858-60c853a3384d,2026-05-23,paid_facebook,free,US,Healthcare
a44d0adf-1fb1-4e0c-a9b2-6b8c20f27170,2025-07-05,paid_facebook,basic,FR,Healthcare
e6b2fa34-dbc3-4323-8c2f-a75986995a44,2025-08-26,paid_google,pro,DE,Retail
6a4ed40d-c41a-434d-b8ee-799806229668,2025-10-12,organic,free,US,Healthcare
907ca240-b7c1-47b9-b48a-54e97273156e,2025-12-13,organic,free,UK,Retail
2edb97c7-45fd-4f55-83b8-a53b5594ba72,2026-03-01,paid_google,free,IN,Tech
bab52189-a8cd-4236-8489-4dc15095daec,2025-12-18,paid_facebook,free,US,Finance
05940ee1-e97d-44bb-a8dc-d51c39fc2bf6,2026-03-12,paid_google,basic,US,Education
f0d605f1-77ea-4a5b-bc93-f17fd7dfe65a,2025-08-16,paid_google,basic,FR,Healthcare
820fdd51-686b-4871-b883-1dfa682c537a,2025-07-29,paid_google,basic,IN,Tech
df67fc3e-77fb-449a-bab1-318c5caa4211,2025-10-04,organic,free,US,Finance
86fbb130-b240-4204-b9d0-b654d427aa78,2025-09-17,paid_facebook,free,UK,Tech
71770b2c-a987-4c9e-a16c-b27088d23577,2026-01-10,paid_facebook,pro,CA,Retail
a33862bb-dd7a-48cc-a4dd-8f7050a607b8,2026-03-05,organic,free,UK,Tech
3455637b-11b2-4e0c-a970-c3990cea5edd,2025-08-07,organic,free,US,Healthcare
e2205607-f88c-4aa6-92ea-22d2394efe5a,2025-08-08,organic,enterprise,US,Healthcare
de55b5b6-85a4-45c4-b9cc-cbea7eb40011,2025-11-12,direct,basic,US,Education
a6c44625-07d4-4f19-8fb6-91bfec1e5cd8,2026-04-01,paid_google,basic,FR,Education
efda2921-8248-4390-8038-c60656ac7941,2025-11-09,paid_google,free,US,Healthcare
d95a8a7f-e9e2-42b9-93f2-652a8c6c0f9a,2026-05-08,paid_google,free,CA,Tech
1e9523e5-4b89-478a-959e-cf53646313e1,2026-04-05,direct,free,FR,Healthcare
ede8cfbb-149c-4070-a4e7-8a38f38b5ce9,2026-05-09,paid_facebook,basic,US,Tech
5bf6216a-d678-4f6d-9986-79a355992eca,2025-07-12,organic,free,US,Healthcare
8918eda8-28bd-4649-b9ce-6ef4b01aa259,2026-05-20,paid_google,basic,FR,Finance
4efd874a-d4c5-45c9-b697-61bf0517d338,2025-09-17,paid_facebook,basic,AU,Tech
24317a05-8ee3-490d-b810-14c82a24684e,2025-07-21,paid_google,free,CA,Retail
cb376cb5-71b9-4ce8-b752-a5e4727a5b4a,2026-02-05,organic,free,CA,Retail
9c6a5bb0-313a-4218-b81d-38f06abba52a,2026-05-07,direct,free,US,Education
b317f369-b2fb-45c4-bc34-2967ec3c9737,2025-06-21,direct,basic,CA,Finance
5b5f2ed3-94f4-4a57-b2f0-71c265adade0,2026-03-27,direct,basic,IN,Retail
0e3902ad-65c7-419b-8411-4ada494805ff,2025-10-17,organic,basic,US,Healthcare
1a48ea97-f565-43b4-a215-1070e8d56735,2026-05-25,organic,free,US,Retail
7688f3fe-161e-4da7-b2a5-670b5364abc7,2026-04-20,paid_google,free,US,Healthcare
a819ffb1-da36-420b-9258-ffcf274a01f8,2025-08-31,referral,basic,US,Finance
1ff3a697-9a40-4833-8376-d6e5fec24858,2026-03-07,paid_facebook,free,FR,Education
d07b4840-f920-4942-9d55-7db083b82eb3,2025-10-03,referral,basic,CA,Retail
5a676da8-a69c-4d00-8c0f-a8bc9435a440,2025-09-19,direct,basic,US,Education
c589ecef-6e46-455a-aa34-830a401019fd,2026-05-20,paid_facebook,free,AU,Finance
3a48f9f9-ecd8-4a0f-af95-73a4e0c9fca2,2025-10-17,organic,free,US,Tech
171ded99-1265-4c21-acb0-9139d4aaee54,2026-02-28,organic,free,FR,Finance
53899c64-1de0-47d3-b2ca-967492075488,2025-09-07,organic,free,IN,Finance
686d4470-b204-4a30-b633-f32814906f75,2026-02-07,organic,basic,AU,Finance
5db8a67e-a42f-4a69-b9b3-a0750b436a68,2026-05-04,organic,basic,US,Tech
73c80097-71f2-4025-9727-5c735168a1a2,2025-09-12,paid_facebook,pro,US,Tech
2de62153-55c9-45df-8494-cece0ce9a331,2025-12-31,organic,basic,US,Finance
c78d71da-2cac-42c7-85b3-a6927aff41ff,2026-02-04,paid_facebook,free,US,Tech
85996cc4-4dba-4602-9eb5-8a1dbf8ac289,2025-10-30,referral,free,IN,Healthcare
747641b0-b8ea-4de6-b4f4-3c41b6ab1844,2026-02-05,organic,basic,US,Finance
0451f32c-425f-4a55-8260-59496e682bc2,2026-03-02,organic,free,UK,Retail
30877a06-3155-4696-9b7c-9509983968f0,2025-11-12,organic,basic,CA,Healthcare
d41e4905-16f3-4904-8237-2df96445b91b,2026-05-07,organic,basic,US,Finance
964755ca-3381-496f-9f7c-bb1539557f4e,2025-06-08,paid_google,free,US,Retail
97ffd0f3-944d-40a3-8eb7-684d9b1c91ed,2026-03-11,paid_facebook,free,DE,Retail
3f5350e8-5759-45c7-9f38-09e5982db729,2025-06-05,paid_google,free,US,Education
68ff68b5-99ce-493e-b3d8-476d59caecae,2025-10-23,organic,pro,US,Education
883d888e-dca5-4cae-b773-4b2d8d99d56f,2025-09-09,paid_google,free,IN,Retail
00b7509a-d1c7-421e-996e-c12407afdc9a,2025-11-11,paid_google,pro,CA,Finance
b60b10d6-7280-4e26-a47a-007666a19f0e,2025-10-25,organic,free,IN,Finance
cedd5119-f6e2-4f45-9ec1-f4aafd452f3f,2025-08-03,organic,enterprise,AU,Finance
7047cad9-7685-4333-83f2-c4ff19d895f8,2025-08-30,referral,free,DE,Finance
4b651cdb-c894-442e-8699-cff9abeac644,2025-09-25,organic,free,US,Retail
05b96e8b-0487-41c0-aef4-023550fd956f,2026-05-20,referral,basic,UK,Tech
52325791-40bc-4815-b421-128b66426f13,2026-02-22,organic,pro,CA,Tech
adff0f76-b0c9-477b-8c6e-bcc221b151e6,2026-04-06,organic,free,IN,Finance
e02023d5-0c7d-4932-a5a8-9baf73e20c17,2025-11-20,paid_google,basic,UK,Education
e0321978-8601-485e-b20b-8d660315db56,2025-07-17,referral,pro,UK,Retail
db16d3f8-8281-46a6-9028-73d83124d5c8,2025-10-18,referral,free,CA,Tech
82206c83-b5cd-4415-aa13-968c94ff5978,2026-02-01,organic,free,US,Retail
48d0e029-b629-4001-9701-ec5a50f48319,2025-10-27,direct,pro,DE,Education
a9c2becc-cf6b-41a4-951d-79510cc7ab2b,2026-02-01,paid_google,free,US,Retail
8e0538f5-71d2-4507-b259-ca41539e036a,2025-06-05,organic,free,DE,Education
f40f9231-2a7d-4986-9557-f85df2fd7b39,2025-12-01,organic,basic,CA,Education
db6eb884-e389-4ec3-8967-04bbc4afd68f,2025-06-20,paid_google,free,CA,Healthcare
c85dfa16-2025-473e-af6b-eda25dbaddff,2025-07-16,paid_google,free,UK,Education
c0248abf-4b53-4a9c-8bd8-9ee28d35b248,2025-06-12,organic,enterprise,US,Healthcare
48a9ecd8-1383-4ae0-9b4a-6150311b6b3d,2025-08-09,direct,free,DE,Education
c9571a83-7945-4f4f-b200-59d1af30f018,2025-06-17,paid_facebook,basic,US,Education
6afb9d4d-7164-4697-8bfd-52b185e8c065,2025-10-25,referral,basic,US,Retail
83df0186-2650-491f-87f0-1cace1b33280,2025-11-01,paid_google,free,US,Healthcare
56b1e2f9-48f5-46a2-9821-bab902fe44d6,2026-03-31,paid_facebook,free,US,Tech
9a296a1a-94cc-4b42-a2e0-f0c1809444f9,2025-09-16,organic,free,US,Tech
b2efdccb-1719-4266-8c9c-ab6e33598b26,2026-01-22,paid_facebook,free,US,Retail
0c945a73-e395-42dd-a969-05acb9b6fe7d,2026-04-04,direct,basic,UK,Tech
e4877fe0-75b4-4a58-b131-56d63abc145e,2026-05-18,paid_google,basic,CA,Tech
4cb48b0b-0d95-4a5a-89b5-d5e4af6c94db,2025-08-09,organic,free,DE,Education
bef63e8c-da02-45c7-8e54-1110a9db800e,2025-11-30,organic,free,US,Finance
3b4b113a-10f8-4d15-bfee-5077c28af633,2026-02-05,direct,free,US,Finance
228333f8-b925-425d-908a-c00773c10d91,2026-01-14,organic,free,US,Tech
d49d50e7-56de-46f3-96c1-a59e76e2d829,2025-09-10,referral,free,IN,Retail
16f654b7-725f-4850-973b-be0612204901,2025-08-14,paid_google,free,US,Retail
fa76b69a-180c-4c96-aa6a-66fb26329331,2026-01-02,paid_google,basic,UK,Healthcare
c6bfba1d-4166-40b0-977f-5ed6b17d62c7,2025-12-20,paid_facebook,free,US,Retail
2613f8d4-aadd-4a59-94b9-3c1365b37052,2025-12-09,organic,free,US,Retail
4d13068e-6195-4867-87f8-4ff719456514,2026-02-04,paid_google,basic,US,Education
a24fa60e-5acd-4c0c-bafe-4d46876995d1,2026-01-28,organic,free,DE,Education
1dc315da-a67c-459f-80d3-518185f99e5b,2025-11-26,paid_facebook,free,US,Tech
9169a3c4-fde5-43fa-8cec-c58b1d878afc,2026-01-05,organic,free,FR,Retail
e7e4d85e-e5b1-4bfc-befe-bec7d9acbc35,2025-08-21,organic,free,FR,Finance
f647569d-584e-44e8-b528-c87493838c31,2025-08-31,referral,free,UK,Retail
d635d82a-63a3-4e4a-bfd3-29d7ab5cfa7a,2025-11-22,paid_google,pro,FR,Retail
d0043bf5-4ae0-435b-b98d-c5142af3c0c5,2026-01-25,organic,free,US,Tech
9c9a3a67-729f-46d2-9093-2967d884de7b,2026-02-15,paid_google,enterprise,US,Finance
0a06112c-24c9-459a-a8e1-fdf08b67e71f,2025-11-10,paid_google,free,US,Tech
93842a65-65a3-4e83-85fd-c2860709efc7,2025-07-18,paid_google,free,US,Retail
7840fafb-6970-4c1e-bafa-bfb2d9ca42d5,2026-04-25,direct,free,US,Finance
814d8617-2350-4868-bc4f-8716a4c52ed7,2026-04-24,paid_facebook,free,UK,Retail
9010ac62-a41c-4786-81d1-2beaee0c4aee,2025-09-24,organic,free,US,Tech
bb046a63-9ad2-4dfe-8db8-effcd5efc22a,2026-05-03,paid_google,free,UK,Tech
27788091-a079-47c6-b4c9-b495e227f099,2026-05-03,organic,free,US,Education
2c0f4a59-e858-4db6-9302-0caf7f051053,2026-01-11,organic,free,US,Finance
5a0d2223-bfe5-418d-a949-9224ac2db7ee,2026-05-18,direct,free,IN,Education
d100791f-f60c-4934-8fa6-cfa0311a1e42,2026-04-24,paid_google,free,CA,Finance
37fbadef-c3c4-4b51-8e91-e9f154979bd4,2025-10-25,referral,free,IN,Healthcare
7bd8f24b-5429-422b-bc3c-74303de031c1,2025-08-02,organic,basic,FR,Finance
e58edaf0-1496-4006-a2e9-592ddef58307,2026-03-21,organic,pro,UK,Retail
50cf6452-9eb9-47f9-af0b-4db409f0fb81,2026-04-19,organic,free,IN,Finance
165e99e0-2695-4c69-8b56-341ae13460e2,2026-04-21,organic,free,US,Education
4c152098-8d95-41f1-95d1-cedecb119fa1,2025-06-13,paid_facebook,free,US,Tech
8489e877-487f-4823-b6c0-cb62db6ea21b,2025-12-06,paid_google,pro,UK,Tech
548e2996-c026-41a0-ba66-117605a2bd81,2026-03-14,paid_google,free,UK,Finance
e57da74f-bb23-4172-801b-7e6adf7bfcce,2025-12-25,paid_google,basic,IN,Healthcare
e85594ec-1e8d-4f1e-b042-6709c48b0ece,2025-09-22,paid_facebook,free,IN,Tech
43df1e9d-c2b7-4d8f-9168-f691901fc2f6,2025-06-22,referral,free,CA,Tech
f630130b-082e-44ae-86f2-2873c0d05150,2026-05-15,paid_google,free,US,Tech
15183d81-8200-429a-ba12-bf15c26e0799,2025-12-31,referral,free,US,Healthcare
a87bc6e7-47b6-4019-b0f9-db4ad3e54e10,2025-11-18,paid_google,pro,UK,Education
d8eae481-6b79-4ce9-806f-389cdebcf881,2026-04-19,paid_facebook,free,UK,Finance
4afde82c-9ec6-436e-99cb-68fce6d726aa,2025-07-24,referral,free,US,Healthcare
a079d74b-8cfe-4bd8-892b-e35692317bcd,2026-03-25,organic,free,FR,Finance
3c4bc51f-711c-4171-9717-12b28cddf7b1,2026-04-16,paid_google,basic,FR,Retail
00749081-7889-4f95-a32d-0fef86d24540,2025-10-04,direct,free,IN,Finance
26eeb9f3-cb39-4691-8b46-7093cd711f78,2026-03-04,paid_google,free,US,Tech
ceff864a-3857-46ed-a916-f5be272bb0a2,2025-12-21,referral,free,US,Healthcare
fa85b193-7426-45d0-9730-71f86df1de37,2025-12-11,organic,free,US,Healthcare
cb1b9763-f0fb-4f57-ae61-4e62e99a8b4b,2025-11-16,paid_google,basic,UK,Education
4836853b-7737-4e33-bdf7-273e194b9bb5,2025-10-30,referral,free,US,Retail
e754fef0-f298-4b8a-883a-55644a9d38db,2025-07-05,paid_google,free,US,Education
03d9bbec-9fc0-4a2e-a26b-649a88ba3303,2025-12-01,paid_google,free,IN,Education
fff9a208-a00b-41fb-916b-f78e1aa048c8,2026-03-13,organic,pro,FR,Retail
49040f47-dc16-4dc7-927c-2f650e7e988b,2025-07-27,organic,free,UK,Tech
77736fc6-4170-4175-868d-d1c93e3a7679,2026-01-08,paid_google,free,FR,Healthcare
4ef561d9-2b68-4a96-b5d7-f375788290c0,2026-03-30,referral,pro,FR,Finance
999e9e5b-d9ab-4c23-acd8-5e2faf880d49,2025-11-10,direct,free,US,Retail
2fbdc82b-aa85-41d8-9e10-1216ec52efa2,2025-06-19,paid_facebook,enterprise,CA,Education
feec38a0-55ea-4b65-9c06-2137ce6bfff5,2026-02-19,referral,free,US,Finance
cc857ad7-8308-4d59-a387-dcec51c5335f,2026-03-09,paid_facebook,free,UK,Retail
418487c1-c37a-46f1-8fa6-51d670b866a3,2025-09-21,paid_facebook,basic,US,Retail
e871bcfa-15cc-4314-8d07-994cf42d37a3,2026-04-23,paid_facebook,pro,US,Tech
d2cc9210-135f-4ec4-a2c7-d78c546d6ec2,2025-06-30,paid_google,free,DE,Tech
556e9475-96b9-4646-803d-0b456cdbb69d,2025-10-13,paid_google,pro,DE,Healthcare
ee27d25e-8993-4ba1-a53c-b49bea4156f6,2025-08-06,organic,free,US,Healthcare
e3853e6c-9b87-43d7-a556-72a7d87cb349,2025-08-04,referral,basic,UK,Finance
50e00a2d-11c4-4cd3-b6b4-a978b2ada777,2026-03-19,organic,free,UK,Healthcare
4abffe01-35e5-4bb1-84f2-70b57206e17f,2025-06-25,organic,free,UK,Retail
8a2e985f-c00d-49cb-8a9d-bf6a251f4752,2025-07-07,paid_google,pro,US,Retail
443046a8-2a26-4c32-bef7-3e0d2a950624,2025-06-01,direct,pro,IN,Retail
9853e36e-0908-4e92-a3c0-890d3bdbe175,2025-07-07,paid_facebook,free,US,Retail
1d726d84-5f98-4ea1-bbb4-c82ea1e5ff55,2025-10-19,organic,free,US,Tech
32005f1a-68d3-4113-954d-52653e2d8cd2,2026-01-18,paid_facebook,free,CA,Retail
690757a3-be39-4daf-a9eb-30b91ead7668,2025-10-14,direct,free,AU,Retail
2fef9db6-4f58-482f-9632-5bb6ea94dff6,2025-12-05,paid_google,free,FR,Retail
0c939a10-fc9e-4d81-b04a-75cc3e96180d,2025-10-06,paid_google,free,CA,Education
1c485a07-9c8a-47b4-8b0a-d51839a27b8a,2025-12-18,paid_google,free,US,Finance
ec333626-4135-48ec-b3fc-0669d72930a2,2025-10-05,organic,basic,UK,Finance
25b48e40-92c6-40ca-8615-7f98df1ad0e9,2026-02-12,direct,free,FR,Retail
61b58c5b-4404-418b-9315-d2ee7bc63291,2025-11-11,paid_facebook,free,US,Retail
96681179-f82d-4ae5-83fb-4296eeaa1d76,2025-07-05,paid_facebook,free,FR,Finance
f167dfdf-22f7-49a2-92a1-7e0bea56d134,2025-12-11,paid_google,basic,US,Healthcare
6687de30-abaa-4017-a810-0c1018a8b89e,2025-12-08,direct,free,IN,Education
0c8cdff2-508e-465f-85d1-12d7fe22ed26,2025-09-12,organic,free,US,Education
227c27ec-4fb2-4629-a03a-40fc1c010d4f,2025-06-23,organic,basic,IN,Healthcare
bfa6ae33-57d4-432f-ac33-53bbadc91522,2026-02-20,organic,basic,US,Retail
c0af21b1-fa63-4315-a11f-8fceecd7bbbc,2026-03-17,paid_facebook,basic,US,Finance
62ca053e-bf5f-4837-9f1f-6c14f7952873,2026-02-15,paid_facebook,pro,IN,Education
172a3f99-5312-4823-ae8a-ecb41811e5de,2026-05-24,paid_google,basic,UK,Healthcare
d8a3f771-8f90-4b24-aa93-9417d7b5b85f,2025-08-14,paid_facebook,basic,DE,Healthcare
8150caf2-7029-4358-8a2d-a464526af3fd,2026-05-21,organic,free,US,Tech
6223b4f1-505b-4233-b314-70537ef55de2,2025-08-11,organic,free,FR,Healthcare
6308e729-7081-4655-b123-6d5b988f6b3d,2026-02-14,organic,free,US,Tech
10a5d9b4-435e-4789-8e44-35473637295f,2025-12-05,paid_google,free,CA,Tech
691dfcf0-c88a-4a45-a105-369c2939e03f,2025-11-20,referral,free,FR,Education
219cd4d4-8297-4b16-80f7-1a0d9959b411,2026-03-17,paid_facebook,free,UK,Retail
ad5e448b-f366-4ee4-bcac-070bf72970de,2025-07-15,organic,basic,FR,Retail
0189da6a-1ba2-4c75-a67b-514ed85337be,2025-07-31,organic,free,IN,Healthcare
b37874a5-40be-41ff-a335-ec521b98fec1,2025-08-22,referral,free,US,Finance
2b9c2883-c743-4b90-b621-cec55a780527,2025-10-01,organic,enterprise,UK,Finance
7df153a3-9afa-4bc1-b028-06d8b63205ec,2026-05-24,organic,free,DE,Tech
f4e05d84-c4ca-45b7-83d2-a3f2077d3b1d,2025-06-16,organic,free,FR,Healthcare
1d9195e1-620a-4419-8d3f-86f9882af4f4,2025-08-05,paid_google,free,UK,Healthcare
06d55973-437b-410f-a11c-6d536df1856d,2025-10-23,organic,pro,US,Retail
ac71f7c5-50f6-4637-95f6-ab286e9fdbf7,2025-11-09,organic,free,US,Finance
71491b3d-07c9-4bb3-880e-3accf48987f9,2026-01-20,paid_google,basic,UK,Education
98119599-daa5-4aa7-ae2e-124c9a168c9b,2025-10-22,organic,free,US,Healthcare
e04140b2-01b8-4228-b1ca-879bac93da96,2026-05-24,organic,free,US,Healthcare
20b4c61f-8cd9-42af-acce-4f11c49339bf,2025-12-05,paid_facebook,free,AU,Retail
d63b7e72-8f81-4b2f-9702-2fae5ceaa95c,2026-04-18,referral,basic,UK,Education
27b88039-ab37-49b5-8bb1-a35dd06e63aa,2025-06-13,organic,basic,CA,Education
68c3a24f-c243-45b9-a90b-af14fef59ae8,2025-12-01,organic,basic,US,Education
20c9eaf2-c6ca-4c1c-96f2-4594a9a36654,2025-09-19,organic,basic,IN,Education
c852bee0-ca78-44f1-91a5-f92da1ec238a,2026-03-17,paid_google,free,UK,Finance
93caff62-57e8-4c81-9427-7deefc08689b,2026-03-22,referral,basic,US,Tech
1999c73d-83a6-42e0-9bd9-f2b44d0b52f5,2026-01-01,organic,free,CA,Education
748c22b9-660b-454b-9285-4f0478e188f6,2025-09-28,paid_google,basic,US,Tech
d7461549-80fe-4ca1-b5a8-fdfb6fae8fa7,2025-07-25,organic,free,US,Tech
5a507de8-db7a-416b-a830-749cd2ac1f96,2025-06-27,paid_google,free,AU,Retail
3ed6aaea-c15e-4f25-bb1e-053cc3966f2f,2025-09-26,organic,free,US,Education
c85b7569-a5a6-48c7-befc-1261fa9d5d62,2026-01-07,direct,free,FR,Finance
f02bdd37-50ce-4b15-ba35-f603162e6360,2026-01-17,paid_facebook,free,CA,Retail
df0d355c-a0cd-4105-b7d6-de79612cf307,2025-07-23,organic,basic,UK,Retail
353c327a-010e-4ad2-9035-8a226d412905,2026-03-22,referral,free,US,Tech
5df4e5fe-7966-44af-88eb-b3b29b53c00a,2026-04-17,organic,free,IN,Healthcare
61faba64-0f5a-4ff4-856a-3134bb3be713,2026-01-19,organic,basic,UK,Finance
98736492-1f04-482f-bd09-ed84ddc65394,2025-11-05,direct,free,IN,Education
402820fd-2cef-41c0-96aa-a800c882273b,2026-02-24,organic,basic,US,Education
7db0d6c4-9c6c-4fa2-b5a9-ef3ff58f1b0b,2025-06-21,direct,free,IN,Finance
aaea9d85-6d04-43f6-99cc-20462a0fdae9,2025-07-23,paid_google,enterprise,FR,Education
d4792c05-eba2-4699-886a-0501a46daa10,2026-03-02,direct,free,US,Healthcare
6c63ba6f-4a16-4312-9ee8-f863aca1ce1e,2026-04-09,paid_facebook,free,FR,Healthcare
bce2d7d8-5efc-4cf3-b159-5f27c8e302d8,2026-03-08,organic,free,US,Education
dde3b947-0b92-4258-bf9e-03195cce1ad3,2025-12-31,referral,free,US,Retail
d1ef6199-c51c-468a-aaa1-12e1ded63e8d,2025-07-01,organic,pro,US,Education
55c7d7c2-f2bb-4e1b-85db-81b843665d94,2026-05-03,paid_facebook,free,US,Education
30494d67-9a24-4918-81c3-871f36ff51cf,2025-11-30,paid_google,free,US,Finance
20f584af-1d75-4273-bf56-174cc74c5241,2025-06-23,paid_facebook,free,US,Healthcare
e8f3dfa2-940e-467d-a2d2-a99ef942ce36,2025-07-02,paid_facebook,basic,US,Retail
93c95adc-1dfa-4664-9fab-3c7e8c9f9035,2025-08-13,referral,free,US,Finance
4c4d3016-8ea5-4f2a-8c5e-f0d53ef6fc8b,2025-06-10,referral,enterprise,US,Finance
6e854757-de76-4fac-ab0d-7015ed09000a,2025-07-24,referral,free,US,Retail
04f93d1e-fbfb-41d8-aad6-01ff6f7f38f2,2025-07-22,paid_google,free,FR,Retail
747929f2-a900-4295-86d7-1c549671de49,2025-10-26,referral,free,FR,Finance
6d77e534-82c9-470d-a6c4-7a6d2f16a3a6,2025-11-07,paid_facebook,basic,AU,Education
7f6ffad7-e7aa-4879-ac10-97b42dfe39d8,2025-06-14,referral,pro,US,Retail
2edd8a75-7fb3-4a11-8ddf-ed5c40ef6966,2025-11-25,direct,free,US,Tech
3a6d2163-50ed-4a46-9001-a67c6c1563e5,2025-07-23,organic,free,US,Retail
461c72a8-7916-4ddb-b0d8-c9b444210b9f,2026-05-01,organic,basic,US,Finance
7f4ea302-119c-4a6d-951b-fe989fea6fdd,2025-06-22,referral,free,FR,Tech
984373b0-2727-4d34-aac7-7b5437d681a2,2025-06-30,organic,free,DE,Finance
39c223bd-7436-4c1d-9564-af5cb139defe,2025-12-08,paid_google,free,US,Healthcare
57554eed-27e3-45fe-aa33-c2b704b0b782,2026-02-15,referral,free,US,Healthcare
81592f86-859d-4a6e-abe9-b01749a31187,2025-12-22,organic,free,AU,Education
76fec8bf-12fe-4f39-89d0-4f32d7cc5ff9,2025-07-29,direct,free,IN,Retail
3fcadb12-b8d3-46e1-a524-585620a7f5be,2026-02-19,direct,free,US,Finance
3d927323-e7c6-43be-b29c-6892abdbb830,2025-06-12,organic,basic,US,Tech
6c0c8ede-d33c-493a-b7c7-0fffcfd75c03,2025-09-27,paid_facebook,free,UK,Retail
fbec73f2-087d-4676-afb1-ae7dda5b24d2,2026-03-17,organic,basic,US,Education
fda00da7-4f1e-474a-91ee-632d9b4f673d,2026-05-04,paid_facebook,free,AU,Finance
9825010f-ceb6-49ea-b5f0-abd9286b2997,2026-02-03,paid_google,basic,US,Finance
4266e4f5-4844-4ada-abb9-5a0c9e1f8a3f,2026-05-20,referral,free,US,Healthcare
6bc51dd4-3604-4e69-86f8-6379751df4f8,2025-10-05,organic,basic,US,Education
dcc8f1f5-fae9-4aec-ba5b-f39197da839e,2025-08-14,paid_facebook,free,US,Finance
da7e7752-ee58-4454-a9e6-6c87d2dc6730,2026-05-27,paid_facebook,pro,CA,Healthcare
fc11ecb7-4ae9-4174-b31b-bf22657ff4db,2025-12-21,organic,free,US,Healthcare
591a529d-67d2-46ff-ae8c-67016f4acb2e,2025-07-19,referral,free,US,Tech
4521d6f1-9bda-4c6b-a040-dffb1ff19799,2025-08-18,direct,enterprise,IN,Education
83462be8-c817-45e7-beb8-3b25a48fcf82,2026-01-27,paid_google,free,US,Education
dbe82b8e-3c4f-4566-b8ac-768bb76e1108,2026-05-15,paid_facebook,free,US,Finance
1bd22cf8-4643-4913-aa00-cf506f2e1646,2025-11-01,paid_google,pro,US,Tech
db4f8b8e-4dc9-43ee-a442-d87894d9db07,2026-03-01,paid_google,free,US,Retail
449ff028-487d-4fd3-ba55-20bc66130c89,2025-09-04,organic,free,UK,Finance
dcddc077-bf38-4773-b83d-828e10100a5c,2025-12-31,paid_google,enterprise,US,Healthcare
c76ac010-373a-41d2-bb7d-e0946bdf6015,2026-03-21,paid_google,free,CA,Retail
51c9e9ab-0bab-4de6-ba68-95aaff893b68,2025-12-26,paid_facebook,pro,UK,Retail
b8a03c7a-831b-4000-a42e-4162fb7f9cb3,2026-05-09,organic,free,CA,Finance
6afbcb7d-ac7e-4ecd-99e7-10527af10fdb,2025-08-27,organic,basic,FR,Tech
4b701068-f7fa-49c4-a5be-c3eefdcff7ec,2026-04-02,paid_facebook,free,US,Education
c482f1b5-655a-4098-bbba-a4d1132a8619,2026-02-19,organic,enterprise,CA,Tech
2bc9e88e-7a6e-4e91-b334-330680ac8bff,2026-04-21,paid_google,free,AU,Finance
46046f5d-a9ee-441b-9b1e-8e758777b54e,2026-04-16,organic,free,FR,Education
5ae8b558-ae0b-4b33-9ba0-2bf652e15e4d,2025-11-04,paid_google,basic,CA,Retail
dfb47aa8-a112-4a3c-bf01-6ddd1ded83c5,2025-11-03,direct,free,US,Healthcare
d3bce51a-c443-4f60-9423-518e97ac2bb1,2025-10-17,referral,basic,US,Tech
6a644748-cd24-4ee3-b122-0acc9387da1a,2025-09-29,organic,pro,US,Education
62ab3e62-64f6-41ca-b5c1-99e7a665fc42,2025-08-04,organic,free,FR,Tech
b4758642-6a16-4843-901a-e0eb57937ee3,2025-09-15,direct,basic,UK,Education
8a3bd185-6b83-4363-bf07-fe4a61b413fb,2025-10-25,referral,free,UK,Healthcare
2808812b-1cb6-4925-99c7-930b9294dd77,2025-10-15,organic,free,CA,Finance
4a321f57-e2e8-4f58-8c82-bbd0552cb477,2025-11-09,referral,free,US,Finance
0205b7c6-5622-4156-926e-d42f92f3c642,2025-09-08,organic,basic,US,Education
130416eb-3806-4d8a-9a5d-d39a113b942b,2026-05-04,paid_google,free,FR,Education
89627c21-a949-4f2c-956c-3a8b874f9522,2026-04-03,organic,basic,IN,Finance
41dfdfac-f96d-410b-abc2-c395d23eec61,2025-10-19,direct,free,UK,Retail
3bbd5b7a-ae52-4d1f-b07d-00ffecf651ab,2025-08-22,paid_facebook,basic,US,Retail
780d1ebf-885e-4bd6-8ba5-67f865cd1829,2025-11-24,organic,free,UK,Retail
c9c1e1d3-b8e9-43e9-bb68-2af312760f31,2025-12-15,paid_facebook,basic,US,Healthcare
5d5ecb03-3df5-4856-ad8b-8fc0f0ba6a7a,2025-09-20,organic,free,US,Education
a434325d-54a7-4223-8d7d-e23bfe5ff37a,2025-07-26,organic,free,US,Tech
fb0e4ee7-7514-4421-bc21-7a51bc845ace,2025-11-26,paid_google,free,US,Tech
1299171e-86f5-410f-aa28-0e17be82c193,2025-12-03,paid_google,basic,US,Education
a06a0327-bfa9-499a-9f2f-e6477b258cc8,2026-01-04,organic,free,US,Finance
7c786f88-0d0c-4821-852a-2a97a0ca0e05,2026-04-12,paid_google,basic,IN,Education
806e0a93-e192-408c-a69a-f305af2f6e1a,2026-01-03,paid_google,free,DE,Retail
6d34c7f0-4636-4bcf-9e9e-9ae92cb0e22f,2025-09-28,paid_google,basic,US,Retail
eb1a09ff-d3d9-42ab-bdd8-c8ebc43e9949,2025-11-22,organic,free,US,Tech
8a1b0666-0ba9-4f16-91e4-df0c51df978d,2025-06-23,organic,free,IN,Education
9668271d-2845-4ec0-8b22-1b0dddf46480,2025-12-30,organic,free,AU,Tech
0aafcd70-d0a5-4edc-b214-7ae2efc66153,2026-01-21,organic,free,UK,Finance
c52d9a71-6dda-4e4e-aa9a-f0cc2fd29168,2025-06-13,paid_google,free,CA,Healthcare
cadcf945-1c4d-4a70-a789-386a5e651ae2,2025-09-09,direct,pro,US,Healthcare
d6486ced-2821-448b-bd24-ce3b8fbf4ef4,2025-06-24,organic,enterprise,AU,Finance
2f73265f-470f-4018-a0cc-99017e6ab56e,2026-05-30,paid_facebook,basic,AU,Retail
2f17b1c6-0799-41a9-8844-f48d9f2303bc,2025-06-11,organic,free,CA,Retail
3bc9921a-869b-4f30-87b7-69da0a6768bb,2026-02-28,organic,free,FR,Retail
a36609bd-5b5a-4cd8-a3e9-86d2d73deb7c,2026-03-08,paid_google,basic,US,Tech
3edc4fc7-0832-4c71-ab17-052955efd8e4,2025-09-02,paid_facebook,free,US,Tech
ec33acd4-5cf7-406b-a969-82f6a950fff7,2025-12-18,referral,pro,US,Healthcare
74cac90d-2b18-4e20-9899-0f8e7f4a0a6e,2025-06-21,paid_facebook,free,US,Retail
907343fa-1ad2-40d1-8d93-b5cf5c0d5295,2026-05-06,organic,enterprise,AU,Retail
77069f8c-56fb-4dec-9bbb-ed0768a8dcb0,2025-12-28,paid_facebook,free,IN,Finance
f3f5144f-e9c6-46d4-966b-1cd0176dee0f,2025-10-18,referral,basic,IN,Healthcare
52b10033-7c1e-434e-8172-de1dd8e596c3,2026-03-20,paid_google,free,US,Tech
e5dc3678-0009-4836-b437-7d7cf4f77cf8,2026-03-25,direct,pro,IN,Healthcare
e5d1528a-d754-43bf-bf62-99e45e54e74a,2025-09-09,organic,free,US,Retail
409e744d-aa30-41b4-9a3a-c6a35ff1d31f,2026-03-31,referral,basic,US,Retail
e4768bd3-25a2-42f7-a1f5-909a49735d1e,2026-05-25,organic,basic,UK,Tech
8d8b45c5-b9d7-42f1-8f74-fada93972990,2025-06-28,paid_facebook,free,US,Tech
5dd79fa6-e4e9-47e2-b16a-c03857fa2a41,2025-07-11,paid_facebook,free,FR,Healthcare
55744f77-cd62-4015-9fd4-3af35dc0d479,2026-05-21,organic,free,US,Education
af001aac-de0d-4e33-8c9c-bb4b00ebdd88,2026-03-30,direct,free,UK,Retail
9bd73a5e-fcc5-4061-ac6d-aa0cff9c182f,2025-10-24,organic,free,AU,Retail
c2cb4175-4820-4338-871f-3fe6fa578562,2026-02-11,organic,free,US,Education
e651a8ba-9077-4e90-9a6d-23f12d59da4d,2026-01-13,referral,free,US,Healthcare
6005a1d4-ca4a-4c73-b9b9-c2307141da53,2026-01-22,organic,basic,US,Finance
f2a708e5-a60e-409f-8e95-86dc6d4b2752,2026-05-27,organic,basic,US,Finance
1e1ef9cd-ae4c-42b5-9a4b-7b013005ebf0,2025-06-13,paid_facebook,free,UK,Retail
fbe62fcb-583b-43e0-825d-0c904a11689c,2025-12-27,paid_facebook,pro,FR,Finance
274063fd-6da1-48e0-b704-5d64b25e6001,2026-01-15,direct,pro,FR,Healthcare
2bdce56b-ed0c-4611-9f7e-71981beb2f78,2025-09-08,paid_facebook,free,UK,Finance
fd057398-98c2-4bbd-8f9d-3b3d81ea6032,2025-07-01,referral,free,UK,Tech
747cf41c-46d7-45a9-b6d6-9b357801088b,2025-06-16,direct,free,AU,Healthcare
f2b65b34-8a23-4d13-810e-7a346ff3cfc6,2025-10-15,paid_google,basic,CA,Education
5008528e-9cbe-4187-9b46-f738cffaeae0,2026-04-25,organic,basic,DE,Retail
2eff0f72-4345-43a1-8907-ce284ff74915,2025-11-13,paid_facebook,free,IN,Healthcare
946a00fc-2cf2-4d77-8f0f-16a2fd29d303,2026-04-06,organic,basic,FR,Finance
a3c2c40f-4943-4a54-9855-c5d6cf44ec8a,2025-09-08,organic,free,DE,Healthcare
e2c6538d-f774-4b48-a86e-65f263bf70d5,2025-09-17,paid_facebook,free,DE,Education
717de8fe-23fb-4f33-ad01-4604f502cb73,2026-05-09,direct,basic,US,Healthcare
577b4264-e6d0-4e74-940a-4f900404533b,2025-11-20,paid_google,basic,US,Education
40d4fe56-b162-40ac-b8f5-9c82c018ef2f,2026-01-23,organic,free,IN,Education
faad937e-c670-47be-952e-8b6cb8cd96eb,2025-11-09,paid_google,free,US,Healthcare
2c913cd4-e872-4646-8312-d1e08d7e8720,2026-01-02,organic,pro,US,Retail
5cf8f093-678b-4655-9ba2-0f9661aee4b1,2026-02-19,organic,free,FR,Retail
bb61eeaf-bb0e-4f00-ab88-1c005ff428a7,2026-02-18,paid_google,basic,UK,Finance
75f8863e-2fca-469e-9801-3b7a61186664,2026-03-19,organic,free,US,Healthcare
cb200e8e-a7a4-4273-b6f0-9784da239947,2026-03-01,organic,free,UK,Healthcare
42eff48e-85ea-4504-bfd7-7580a5baa561,2025-06-03,referral,free,US,Tech
42b1f7aa-e1f3-4399-bb7d-0972585c25ca,2025-06-28,paid_facebook,free,IN,Retail
c8143d11-4965-4a27-accf-54dd569f2ec9,2026-04-22,organic,basic,DE,Education
041de93a-10ee-45e4-95b5-b9b596b749f5,2025-10-27,paid_google,free,IN,Tech
06e17819-cf41-406e-bec8-8a4a4f58158e,2025-06-28,organic,free,US,Healthcare
51031ae6-dd78-457c-8855-f525af23dd89,2026-04-06,direct,free,US,Tech
f3d559a3-247f-4e60-be96-3b93e28be614,2025-08-04,organic,free,US,Retail
170cabb8-fc20-4562-93f6-f5fd1132afd4,2026-05-22,direct,pro,US,Healthcare
423a00de-f353-41e0-ba5b-88972b0d8350,2025-06-21,referral,basic,IN,Retail
dc08e2d8-25f5-4840-b01f-983af9d6ee65,2026-02-07,paid_google,free,US,Tech
7e254451-097d-4234-959c-cdb27d72f165,2026-01-21,organic,basic,US,Finance
e93d8356-ae52-49d1-9f80-88f765daa5c2,2026-01-13,referral,basic,US,Education
dca32e2f-7f4c-4b43-99b5-1e1b4adb6402,2025-06-13,organic,basic,US,Education
3a07e110-ac50-4d35-b1c2-9bba3e5f62ab,2026-04-09,organic,free,AU,Finance
18e4706b-54d6-4506-a7fb-b33282d1591b,2025-07-19,organic,free,US,Finance
4515e774-c930-43c3-b861-e273fab8dfc7,2025-09-26,paid_google,free,US,Finance
5b68b930-83e8-474b-837c-320eba304ede,2025-07-24,organic,basic,US,Retail
18b34d1f-e0f6-4c7e-adb7-aadfd483e561,2025-10-16,direct,basic,US,Healthcare
311efdd9-7ed4-4570-a8f8-33f3ecb0da21,2025-07-23,organic,free,US,Finance
72100444-0e5f-4dbb-84fc-2a4037c14770,2025-07-14,referral,free,IN,Retail
a46e1c30-899c-43ef-9860-6334d746fe9d,2026-03-30,organic,free,IN,Tech
a5473fe3-cbdc-4325-891c-f7d638d5dbcf,2025-07-23,organic,free,US,Tech
3e2adbc0-9c07-4845-b704-b64a5eb7043f,2025-08-13,organic,enterprise,US,Finance
bdaf54fc-65d3-4c26-89a7-3dd115aebc24,2025-07-16,direct,free,FR,Tech
7450fc72-a218-4403-a19a-7c8d513a29ce,2025-06-13,organic,free,IN,Finance
e73f7297-970b-486c-ad9a-d44c21df83db,2025-11-12,paid_facebook,enterprise,US,Tech
e538daf9-703d-447a-9f0b-e08afe1e0621,2025-09-10,organic,free,US,Tech
5a6902d2-50ee-458d-a54e-bd30beb0d6f3,2026-03-07,referral,basic,US,Healthcare
d243111f-06cd-4067-9baf-05334f98ce9f,2026-02-13,organic,free,CA,Healthcare
3a4ca1eb-d884-4673-ba47-226862365183,2026-05-03,organic,free,FR,Tech
2c303498-d9fc-4f35-b40e-336f9acee54b,2026-05-22,paid_facebook,free,CA,Healthcare
4b3937f1-75b4-495e-8be6-e076c731ebdc,2025-10-16,organic,basic,US,Finance
c4b449cf-442c-4174-ae2d-ce5f67a7a877,2025-11-10,paid_google,free,CA,Education
71b399cd-24bf-489c-b292-ada5cc696b04,2025-09-19,organic,free,FR,Finance
7d1dee79-cdde-43a0-a39e-50a48e99bff5,2025-09-10,paid_facebook,basic,US,Healthcare
44b619cc-5f53-4736-9690-a6f50e14172d,2025-06-17,paid_google,free,FR,Retail
e8917295-6b5e-4132-95ef-11411cb8eb59,2026-02-23,organic,free,CA,Tech
a3d0b18a-3358-4a2e-8424-128d147ef9ef,2025-11-29,paid_facebook,free,US,Healthcare
c3ae4dbb-5c0b-43e2-9fca-39dc72956ea5,2025-06-24,organic,free,US,Healthcare
3df7815d-d43c-4daa-9c87-c627efbe0f33,2025-06-29,paid_google,basic,US,Healthcare
3979c6e2-57d1-4e15-8ff7-333b063b47bb,2025-11-18,paid_google,basic,CA,Finance
504db6fb-64ee-499e-8ef5-eaa1f535b1e2,2026-01-14,direct,enterprise,UK,Tech
09d1a342-eecb-4ced-8756-b44514201b21,2025-12-05,organic,basic,UK,Education
262aa027-5854-4ba9-99b8-5abc499e5092,2026-05-12,paid_facebook,free,US,Healthcare
97fd1cac-b0d7-406c-b7ab-21a76bdbf54c,2026-01-16,organic,pro,FR,Retail
7cd3db25-8880-4a99-8dc2-c0e2153c136e,2026-04-17,paid_google,free,US,Tech
80adfc80-1248-4253-8bdc-ce193bf98677,2026-05-06,paid_google,free,US,Education
3b1f23f7-4f70-408e-a0f0-a9ec8e59153b,2025-09-27,organic,free,US,Retail
7451064c-0fe4-4aa4-ae5f-07ab50b51b78,2025-11-03,paid_google,free,US,Education
19285333-9293-4287-a380-7ddf843d7c16,2026-02-27,paid_facebook,basic,FR,Education
0616e12f-617e-4ec7-b5c5-f9d121a9e77a,2025-11-22,paid_google,free,US,Tech
64e5a7cf-9263-47cc-9f12-3f3a39a52c21,2025-09-12,organic,free,US,Finance
6e5d691c-0b30-4893-9693-35febd37d86c,2025-08-31,organic,free,UK,Retail
9584bb34-9b31-48cb-8891-d04c2351afd2,2025-12-03,organic,free,UK,Healthcare
fd9eb549-3efc-42ec-bace-1ebf2926e145,2026-03-10,organic,free,US,Education
93595630-9906-4ff3-a8b6-2a6111bb7132,2025-11-28,organic,basic,US,Retail
1159ba0a-29ec-4e1e-baf8-105af308c447,2025-11-17,paid_google,free,US,Tech
1c6a09c2-fa94-4fff-ba69-34dc47174819,2025-12-04,paid_facebook,basic,DE,Retail
07db66fc-1b8d-48bf-9d8b-89f0a377dbe7,2025-11-22,organic,free,CA,Healthcare
c08e3d72-01c3-4e0a-a26f-48214136084d,2026-01-08,paid_facebook,free,FR,Healthcare
66d87bc8-3b5f-4b71-a369-e4f3bd8b5055,2026-01-19,direct,basic,US,Tech
6e9a9045-6f6e-47fb-b9c9-03db120d972f,2025-11-09,organic,basic,UK,Retail
1223d44f-d792-4422-8262-067ad0cb5c85,2025-10-12,organic,free,IN,Finance
e544d124-4b78-43a5-b353-aff7a03a0461,2026-01-10,paid_google,basic,US,Finance
70e4bba6-d7c4-4c4e-aca5-0fe8d4c01622,2025-10-31,organic,enterprise,CA,Education
edc9826f-b44c-48a0-8e11-70ee694ae76d,2025-07-03,paid_facebook,enterprise,UK,Education
e9729860-b66f-4682-9e69-2ac1c8b9bdcb,2025-07-25,organic,basic,US,Retail
fdcd6942-cae0-42eb-b2cf-6a847205ac1d,2025-06-07,organic,basic,CA,Education
59e9e38d-921b-4051-a7b0-bef36df1034a,2026-01-30,organic,free,UK,Healthcare
2d33041e-6f4e-4a29-bb6d-6b6598ee09d9,2026-04-09,organic,basic,AU,Tech
d5f8572c-2000-450c-a0de-45cf0f39febb,2025-10-04,organic,free,FR,Education
64d7f640-3ba3-4a70-a4f7-0a83a65fa4ab,2025-06-12,organic,enterprise,UK,Finance
f7a0ae48-67a9-4fea-91e2-6f25b5cd72f7,2025-06-16,organic,free,US,Healthcare
6bbedfb9-c0b8-493d-b972-fa662d91f424,2025-12-25,paid_google,free,IN,Finance
383c492a-887f-4f63-9938-4b7bc7ab119c,2025-07-13,organic,free,US,Education
af2c3dc5-e024-42ec-b689-e470c6ffb264,2025-10-13,referral,free,US,Education
b7a3a002-b58e-49ff-abae-cbd22203f700,2026-01-14,organic,free,UK,Healthcare
8e570a65-8f22-47d4-b84f-cdb00d8a249f,2025-09-19,organic,free,CA,Finance
732e7ff7-92d5-4318-ba90-7e5a423a347c,2026-04-03,organic,basic,AU,Tech
d5b3b7c4-b30f-4deb-8df9-6dfee3a3e9eb,2025-11-07,paid_facebook,basic,FR,Tech
687a879e-b309-4996-89d0-d45b94d01e46,2026-04-27,paid_google,free,DE,Healthcare
4eebce49-1cfc-4f22-bab2-28d34d54042d,2026-02-19,organic,basic,FR,Education
f4058398-e481-4678-be53-a88309d42999,2026-01-11,organic,free,UK,Healthcare
17c36296-3e23-46e3-8ea3-68a4d582610b,2026-01-03,direct,free,US,Finance
b3d7a9fd-c4d0-4824-af9d-8b86cef6d3f6,2025-07-15,referral,basic,UK,Tech
fd066ef1-9d99-4799-8e3f-69ab195a47b2,2025-12-31,organic,basic,CA,Education
61e3e76f-f68c-4f92-b089-2bd3f2fba63d,2025-07-29,paid_google,free,UK,Finance
867ca0f3-1ec3-4a0c-9879-37a2d7dfbe4f,2025-10-10,paid_google,free,CA,Tech
d4294aa6-2556-44fa-a6ca-7ff36165f9f1,2025-09-12,organic,free,DE,Tech
d92b09d7-cd81-4cd8-928b-012873f3aca5,2025-12-12,paid_facebook,free,US,Retail
d812fcf6-1eca-4d12-8c38-f75583fbde79,2025-11-04,paid_facebook,free,US,Education
7ed7b80f-5ec9-4f0b-ae30-c1eb599d78b5,2025-09-06,paid_google,enterprise,UK,Healthcare
256c5b8b-8246-46f5-a302-aeafdd3f42ee,2026-01-12,referral,basic,FR,Retail
5360d07b-003d-49a1-aac5-a35eeb9134a1,2025-12-22,paid_google,basic,US,Tech
e663f76b-fdfb-490f-ba3b-3bbb47c42f25,2025-08-18,organic,free,FR,Education
3a7b761a-52cf-4610-b004-e2317f8cd381,2025-10-02,organic,basic,FR,Education
41167d5f-416c-4faf-9fef-58f2e864c3e4,2026-01-04,paid_google,free,US,Retail
4fdcddc7-e782-4ea0-b2a5-19c6d7d3e95e,2025-06-04,organic,free,DE,Finance
236ad7dd-5f9f-4b27-a574-1347722933eb,2025-08-29,paid_google,free,US,Finance
c790dc42-9738-4504-819f-8b5f5b3cad7d,2025-09-12,organic,basic,UK,Healthcare
e4c08a16-70a3-4122-90cc-287677eafdf4,2025-09-27,organic,pro,US,Education
d83fa449-7c6d-4dd0-81e1-037d3baf8498,2025-10-11,referral,free,FR,Retail
d0b27778-940f-4257-8fdd-fffc70d07f04,2026-04-08,direct,free,UK,Tech
b1768b81-ccca-478c-9b10-daf5ca07b7e8,2025-09-04,paid_google,free,US,Finance
c1d0b412-1102-45b5-8c3c-b2d29918f6bd,2026-04-27,paid_google,basic,CA,Retail
cc027279-5d92-48c5-9595-e3d061ce3a07,2025-10-21,paid_facebook,free,US,Healthcare
2fb22d0c-8267-415c-bf9c-44afd9d4e5c1,2026-03-15,paid_facebook,free,UK,Healthcare
444b6d42-afa3-435b-ab58-6267c6a3f0f7,2025-06-28,organic,basic,FR,Education
b51eeb38-5d7c-41b6-9389-09bd438e9f14,2026-03-05,paid_google,free,US,Healthcare
f6a036f4-3849-409a-aaa8-aeb5451cff5b,2026-01-19,paid_google,free,UK,Healthcare
bbe8fa4f-f9ac-4344-ac18-28cd3e1f378c,2025-06-17,organic,free,US,Finance
e1bc44c0-85bc-4003-98e9-00f9c533a2cc,2025-07-29,organic,basic,AU,Finance
bb21c66a-e320-4c24-8a19-ebc57d732360,2025-08-29,paid_facebook,free,US,Healthcare
c3dc2df3-15e8-40b5-bb53-6eb74fc8ee79,2025-12-16,organic,enterprise,US,Education
e0172e23-45b9-4567-922a-0f7ff62d27d6,2026-05-28,organic,basic,DE,Finance
957e5607-abb3-4d8f-af0a-73d6b71171c3,2025-06-26,organic,free,US,Finance
76ae12c7-738d-46d5-9496-d50ae1e2cccd,2025-06-25,organic,free,CA,Healthcare
d0756fd9-cdc6-41c3-bf83-414b70e618b4,2026-03-28,referral,free,DE,Education
8cfd5bed-83a8-4bab-a178-d7ffc182c74c,2026-05-05,paid_google,free,US,Healthcare
27bc580b-4c3d-4aa1-a166-f63006416453,2026-02-22,referral,pro,US,Tech
f646d471-8b0e-4255-990a-ec64f28fec9a,2025-11-28,paid_google,basic,US,Tech
c3f7bc8e-4882-444c-8dad-f1f97ae23d98,2026-05-26,paid_google,free,CA,Education
81196a62-85cb-4046-9c06-3c205b630743,2025-08-07,paid_google,free,US,Tech
9b9936f7-ba21-409b-8251-c5db3edfd3f1,2026-05-17,organic,free,CA,Education
8c12c4b4-43bf-4318-ad4c-01e26946ed32,2026-04-17,paid_google,free,US,Tech
e309e4d8-1331-4c87-bd33-426f787f2730,2025-07-19,paid_google,free,US,Retail
aca04837-4a43-48a0-864e-facaa2d7c345,2025-11-22,direct,free,US,Finance
a4af0bf7-2448-416e-a749-396ae93e283f,2025-07-22,referral,enterprise,US,Healthcare
15e42f5c-22eb-4ea6-b184-d0b2badd830c,2025-09-10,organic,free,US,Education
681889c0-9b1a-4a12-9066-4961b7032062,2026-01-02,organic,free,US,Tech
3055b90e-591b-4866-a780-0332517c63ab,2025-12-05,paid_facebook,pro,IN,Retail
a7148b20-971c-4166-948c-dae197f567bf,2025-07-27,organic,free,US,Tech
81d00110-60aa-4e9a-a3e1-d84db4e18164,2025-07-17,organic,free,FR,Retail
f7add49a-983f-42de-bac1-26d50daaeaed,2025-11-06,organic,free,UK,Healthcare
fe09ede6-d096-4754-81ad-bb88678314f6,2025-11-21,organic,free,US,Finance
7802ed4c-fb71-430d-8db6-2d9792b02f16,2026-01-28,paid_google,enterprise,FR,Finance
d686edc0-e43d-4a5b-ab61-2f6207b6ebad,2026-03-09,paid_google,pro,UK,Retail
ca641a84-26a2-4347-a982-0c498494dce4,2026-01-27,direct,pro,UK,Tech
b15ffef7-9d15-479c-97ba-dd31613ee995,2025-06-05,organic,basic,US,Finance
14247a3c-780a-47b1-86ad-0ddc18690155,2025-08-23,organic,free,US,Tech
937c2e31-e82b-48e7-9737-c9f533aa448e,2026-04-04,paid_google,pro,IN,Education
a4983ce9-65de-41b8-9a34-bdfbd622ad6f,2026-05-27,organic,enterprise,US,Tech
65dfa229-eb23-468c-8290-9274693c1036,2026-02-03,direct,free,UK,Education
2c42ffff-f774-431b-a69f-40809f55deb9,2025-07-24,organic,free,CA,Education
fd6a73c4-9770-4bd8-a3be-f909bb8f881f,2025-11-08,direct,free,US,Finance
f3359876-6296-4768-a7e7-f41b8c9fe34c,2026-01-12,paid_google,free,AU,Education
d49f1e99-20c6-45a6-bd26-0d5be7af2755,2025-06-15,referral,free,US,Tech
fd80767f-9636-4ec9-8e29-f9a26d019ae5,2026-01-10,paid_google,pro,US,Healthcare
46b4237b-e1bc-498b-960f-6aea1f655664,2025-07-31,direct,pro,FR,Tech
bcebf907-95a0-4c2a-8e8d-3d2e1cccf627,2025-09-30,paid_google,free,US,Retail
9a439e2c-403b-44c3-8ed9-720fe184022a,2026-03-04,paid_google,free,AU,Retail
281bb6d8-3b2d-4c1d-ac19-8321d38c204f,2025-07-16,paid_facebook,basic,CA,Tech
459c193e-50c8-413d-a8f4-cb91820c13a0,2026-03-21,paid_facebook,basic,UK,Retail
af216343-eab5-4762-b127-d8428534e6e0,2025-08-01,referral,free,UK,Healthcare
bd1cf8fc-9af3-46c5-9a69-a1b942240b1c,2025-08-25,organic,basic,US,Retail
c02dedca-2d71-456b-b07a-c82b43c1b4c5,2025-12-27,organic,pro,CA,Finance
7c8cb9c3-cb93-4eba-acd4-b40175d2f733,2025-08-17,organic,pro,FR,Healthcare
9a23e6bb-32f9-48ae-8ae4-3669f3997b85,2025-12-19,organic,free,US,Finance
f3c997b5-ab6d-4532-a03a-4eb6e2fb2ee3,2026-03-29,referral,free,US,Finance
b191606e-2bc8-4683-9e2d-04501aff6b46,2026-01-09,organic,pro,UK,Healthcare
f1d5862e-bc28-46c4-941d-f1e137cbaab0,2026-01-08,paid_google,free,US,Finance
5d060e27-eba6-46c7-8b04-219e4e283cbd,2025-06-03,paid_facebook,basic,IN,Retail
d1ca6503-43c7-43d0-ada2-d52fcda6b6c0,2025-06-06,referral,free,CA,Tech
cf5a0c59-44d6-492d-b3df-40a85e24a025,2025-09-01,paid_google,free,US,Healthcare
5bfa1cee-04da-4cd6-bfb9-19dc94f85ef4,2025-06-08,organic,free,UK,Tech
a7525a1f-48be-4017-bcb3-a84a16358321,2026-01-21,direct,free,US,Healthcare
2cfed44a-5714-4cb9-813d-79b8008ce6cb,2025-09-16,organic,pro,US,Healthcare
6a8180ac-d1ff-4836-aef7-9150367dc62e,2025-11-08,paid_facebook,free,AU,Finance
07a1a910-1412-4153-9092-2e829faa7b94,2025-12-26,organic,pro,US,Tech
ce010237-dcd1-49ad-88a2-1992a1d416c7,2026-01-26,organic,pro,UK,Retail
201c37bc-db82-421b-a28c-e171b9838426,2026-04-27,referral,free,UK,Tech
5cb7d916-8cf6-4d05-976e-a1acb6c83ebd,2026-04-29,paid_facebook,basic,UK,Healthcare
31c4f1df-d19a-49a0-af06-28d217da0a3b,2025-07-20,organic,free,US,Retail
ce6e9bfb-8c9a-417a-bcc6-ec83d2e5e968,2025-06-11,paid_google,basic,DE,Finance
3c4d39a1-4cd0-4ef5-8e68-2e20257a0e9a,2026-05-17,paid_google,free,FR,Retail
e84faeb3-7f4a-4a37-9991-e90c922cb4c5,2025-11-03,organic,free,UK,Retail
c493b304-a40a-4e53-8b33-eed4ae8868f3,2025-08-09,paid_facebook,free,US,Tech
08e63f80-4009-402b-a330-5196cb692443,2025-11-16,paid_facebook,basic,DE,Healthcare
e83c83a0-44b1-4676-b0e8-9313caff9695,2026-02-27,referral,pro,FR,Healthcare
74a68c95-65fd-4732-bf13-19ee009f2a7e,2025-08-07,paid_google,free,IN,Healthcare
15594b38-bb7e-4903-86ba-f3e252c64e8c,2026-05-21,paid_facebook,free,US,Education
3f82f9b4-cfe8-4031-bd47-f4fb58921194,2026-02-07,paid_google,free,US,Finance
e0baa406-582b-4cef-b9a2-0899782de848,2025-07-18,organic,basic,US,Tech
530c55e4-7974-4d75-9c77-ee051c3ed5d5,2025-12-01,paid_google,free,US,Healthcare
13f25c96-f1fb-48fc-8709-cddabaadaaee,2026-04-16,direct,basic,US,Retail
9627e096-41c9-4f63-89b5-0f34df90c5c1,2025-12-04,organic,free,FR,Education
ff07af51-3d5e-4813-a13e-d42658fcd9c4,2025-08-29,organic,free,CA,Finance
d7b10ba9-ee25-4040-bc7c-a7bee1f806a2,2026-04-28,paid_google,basic,US,Healthcare
e20ddfe1-6adb-4765-90b9-0494768df1c0,2025-10-17,organic,basic,UK,Education
220b0a41-908f-40aa-a099-e11cf9ffffa2,2026-05-23,referral,basic,US,Finance
ded7b381-62ed-4662-a52e-44a4b059a6bc,2025-08-28,organic,free,CA,Retail
f5857036-a660-443a-a621-742fb47dbd40,2026-03-01,paid_facebook,pro,US,Education
bb17aebd-3a19-4f46-9074-eed69e05147e,2025-06-19,organic,free,US,Tech
1ccf97d4-201c-4f00-ac77-dc52da62944c,2026-04-07,organic,pro,US,Finance
9ec5db83-caa8-4e5f-a43e-803526304f92,2026-05-24,referral,free,CA,Education
26d6c211-9518-4936-be34-3f11fe840b69,2025-11-01,paid_google,free,US,Education
d1a7efa4-bec1-433a-bc14-e12467eb2be8,2026-02-15,organic,free,UK,Finance
f02aff2f-65ba-4468-a556-d7e7e5127270,2025-09-16,organic,free,AU,Education
c7af0ca2-8c17-4028-bd93-5ee6bf274d70,2026-03-12,organic,free,CA,Education
769cc725-6eb4-45dc-b78f-95f75275834c,2025-07-29,organic,pro,UK,Finance
b2ea9919-0555-4768-bb50-df19af0babbd,2025-10-03,paid_google,basic,FR,Retail
acd3272d-b2a2-4966-b794-946804cb95c3,2026-05-20,paid_google,enterprise,US,Tech
55a66ee5-c61a-446a-aeaa-18fe7d6a78d7,2026-02-28,organic,free,US,Finance
e819ac26-dd27-4726-b25f-2d7be8d554a7,2025-09-15,organic,free,FR,Healthcare
25233a36-82b5-48a2-9343-ae84a3d499fd,2026-03-26,paid_google,pro,DE,Education
6fba9f8a-15aa-4ab4-a84e-da5bd71a34f1,2026-01-31,organic,free,US,Tech
abfa115d-b533-4879-bd66-4e61ec523bba,2026-05-02,paid_google,free,FR,Tech
513eff82-10c9-459b-8e68-714e6b99e9ad,2026-02-02,paid_google,pro,US,Finance
b6f4404c-2654-4ba5-90e8-6e0f7da518f3,2025-06-08,organic,free,AU,Healthcare
9d595f6d-070e-41e4-806d-914b33c016a0,2025-10-19,organic,free,US,Healthcare
13c4d478-ff6b-438f-b6c6-398f875a4e4e,2026-05-28,organic,pro,US,Retail
4774b819-cafe-4600-8506-a845816dde14,2025-06-08,paid_google,free,US,Healthcare
4a5deb5e-4ed8-4d85-beb0-774d092a957a,2026-05-18,paid_google,pro,DE,Finance
f14b13a8-fdfd-4bcb-a8d0-4f1e116ca65a,2025-09-02,paid_google,free,IN,Tech
8122c3b3-784b-4fe1-9810-00ccc9a2c65a,2026-04-17,direct,basic,FR,Tech
afc4a57e-794a-4bfd-bd52-9538e94eccea,2025-07-09,paid_google,free,UK,Healthcare
9600c95c-1df1-4c2d-b9ed-01beb818982b,2025-08-20,paid_facebook,basic,UK,Education
3a356a2e-add2-49c9-a891-4ce61360ff44,2025-12-04,organic,free,US,Retail
72f6ea85-9e9c-4cf1-90cf-1344fbe37953,2025-08-23,organic,basic,US,Healthcare
4f9d455a-dba4-4a8f-8eb5-1a2e89b51d67,2025-08-27,organic,free,UK,Finance
6beefa7a-45e3-46e1-bff3-87407c56aeb7,2026-01-28,paid_google,free,IN,Retail
2a4ea2a1-7093-45a1-bd19-929c5028403e,2026-05-08,organic,basic,AU,Healthcare
730cdef3-d839-4e8f-a823-de0e9b4b0cac,2025-09-01,paid_google,free,US,Retail
ab289184-5979-4723-a455-91cd95c4ca0f,2025-08-25,paid_facebook,free,IN,Education
1cc8db9a-6001-48e0-873a-dcd82253b7c6,2025-07-14,organic,free,AU,Finance
31702dae-c15e-4b04-b8df-dbf43eae9411,2025-10-15,paid_google,free,US,Healthcare
581b05a6-a328-46b2-afe8-29317169739a,2025-08-13,organic,free,CA,Tech
9242fd2c-b595-4527-81c9-50bfb2a997ab,2025-07-06,paid_google,free,US,Finance
add688c9-d1e3-4337-a7ca-5ba0b66e4014,2025-09-09,paid_facebook,free,FR,Education
068ac7bc-7fa5-43fa-876e-2a31a918174c,2025-11-03,paid_facebook,basic,US,Education
cedce91c-aa82-4e5e-b57c-7c2283151a98,2026-02-10,organic,free,US,Tech
062918b3-284d-4061-ab43-dfd6cb9236ca,2025-11-18,organic,free,US,Finance
a6ab8241-b93e-400d-8fa9-53c6df3a3a19,2026-01-02,paid_google,enterprise,AU,Healthcare
219d5c3b-eaf2-42e0-a8ef-1c9ac85c471b,2025-11-17,organic,pro,US,Tech
949a3c2c-c65d-4c2d-9caa-1d9a3cc1dea5,2026-02-07,direct,free,UK,Healthcare
bece5fec-69ef-4665-9c6a-2ee449ec2f6e,2026-05-26,organic,free,IN,Retail
0cda3dff-4142-4de4-b8cb-af336c595680,2026-04-18,direct,pro,UK,Healthcare
20c6e102-4295-48de-99a0-51b8f13bc60e,2025-07-25,direct,free,US,Retail
41fef402-9bf5-4f86-9e28-f741c45f5f3b,2025-08-30,organic,free,US,Healthcare
cb0d6d97-51bc-4471-8add-e9f1c725aaec,2026-03-05,organic,free,US,Retail
6599f5f4-a712-4188-947c-d5894c77a100,2025-09-09,paid_facebook,basic,FR,Finance
f61a6bab-be66-47e6-90f1-ff782878427a,2025-11-02,organic,free,CA,Education
d7af8373-51a2-483b-9d0e-93f1df385f07,2026-05-15,paid_google,basic,AU,Finance
f9c48e74-e3b1-46a5-a310-4535ab7180ca,2026-05-30,organic,basic,UK,Tech
123e49bf-276e-42d7-98e7-70502988f189,2025-10-19,organic,free,US,Finance
0577e822-5be8-4a99-83df-3f0f283a2a4d,2025-11-20,organic,pro,US,Finance
58b11353-6f35-40a8-ab7d-0dec70c62883,2025-06-10,organic,free,US,Education
08eb834d-b751-4756-ba29-118f3c871cc7,2026-01-14,paid_facebook,free,IN,Finance
7eb16976-ce00-4c1b-97ee-a79ecef549ff,2026-02-20,direct,free,UK,Tech
88aed35a-3d8a-4d42-bb6e-9def2a16bf51,2026-02-03,organic,free,UK,Finance
4b4faa08-fa82-4fe3-aaa1-e3bb8c39fe74,2026-02-02,paid_google,free,DE,Finance
1497e8b2-6284-41f9-b3c9-5cda42029be1,2025-11-02,paid_google,free,US,Finance
992c1448-ef47-4711-a76d-480aeded77ec,2025-07-04,organic,free,FR,Finance
fbc67660-c3e6-4200-9e3b-18d148cc6e2f,2025-10-07,paid_google,free,US,Education
1314fdb2-1ef5-472a-aea8-d40b4c442345,2025-11-07,paid_facebook,free,FR,Education
ec889e27-541c-421f-96db-05025554b91f,2025-08-28,organic,basic,AU,Tech
69e7dd12-b7cd-48a5-8bf3-302f6da46fb6,2025-09-01,paid_facebook,free,US,Tech
23818ac5-36d1-4450-8152-667b3d399102,2026-04-23,paid_facebook,basic,UK,Tech
c0315972-1954-41e7-bd4a-50a682a210da,2026-01-27,organic,free,DE,Finance
802305d8-86de-4dd6-8f30-35c85f75d06f,2026-04-19,paid_google,free,UK,Healthcare
7aca4efe-5b53-4882-940b-b0d4f5fefa55,2025-09-25,organic,free,US,Finance
606fe679-212d-41ed-aab5-ab985a385891,2025-09-02,paid_facebook,free,FR,Healthcare
1227bbe5-82c1-4103-b72e-5daf20e1d724,2025-11-10,paid_google,free,UK,Tech
ff39a9fc-24eb-419b-9562-3e475fa99cd5,2025-09-07,organic,free,UK,Finance
7af70245-a587-4305-b18a-9bb56d1eac32,2025-09-21,paid_facebook,enterprise,US,Tech
93af2017-b8b5-4384-8f6b-9456ca3dee21,2026-05-25,paid_google,enterprise,US,Education
2c12003a-8099-4ebf-b73c-b3765a87beaa,2025-08-30,paid_facebook,free,IN,Tech
caae31fe-58d4-4926-82a1-02fc963cbe3f,2026-05-12,organic,basic,US,Finance
8f3260a4-820c-444d-9db3-5a62fff682b9,2025-12-23,paid_facebook,free,FR,Education
ff15b1ca-301b-421b-876a-79ae4a2c3067,2025-06-17,paid_google,free,CA,Education
ea4c3666-afca-4572-bf99-6b8934bc2337,2026-03-01,paid_facebook,basic,FR,Healthcare
f448cd53-aef5-4784-894d-469cf43e75c4,2025-11-20,paid_google,free,US,Retail
aa182a7e-71f7-40fc-85c6-3e61f03cc6de,2025-09-24,organic,free,US,Education
30af49c9-0e3d-4e56-9147-88a69ef307e0,2026-05-15,organic,free,US,Retail
bab3beab-e04e-42ff-ba0a-9084b0242815,2025-11-28,referral,free,US,Tech
976c1257-f1d5-4fc0-a882-a27ae67aae18,2025-08-30,paid_google,free,CA,Tech
3a2636a2-2827-491c-98ea-cd4f9e42cef5,2025-08-21,direct,free,IN,Education
48d7cc01-2e60-484a-8d30-318bdd682a88,2026-04-20,organic,free,US,Healthcare
4fe173d2-0936-418a-b550-3b80f5dd1980,2025-09-22,paid_facebook,free,US,Tech
e368761c-c848-4b23-a444-bcee3cb12021,2026-02-12,paid_google,basic,US,Retail
690fa4d2-716d-4258-805b-7eaeab0598a8,2025-07-28,paid_google,free,US,Education
2a248e16-3bf9-4527-8daa-1c8d9aba0b78,2025-11-01,paid_facebook,basic,IN,Education
34c606fb-3640-4d9f-8532-fa1b529cdcfb,2025-09-24,organic,basic,US,Healthcare
b0009619-6b49-4e91-919c-e35a132a8822,2026-05-09,paid_google,basic,FR,Education
98d792b3-79fd-487c-afd8-3dceb3f89b55,2026-02-21,paid_google,basic,CA,Finance
a89dc444-7d2e-4568-a491-fedff4cdc708,2026-04-11,organic,free,DE,Retail
2efc37b5-6054-49b1-9358-e07a0e7cc836,2025-12-20,paid_google,free,US,Finance
aa52dff8-c13f-4f8b-b744-c1593c517b24,2025-07-11,paid_google,free,FR,Finance
4723c392-7c98-4c42-bbce-b129e4a34120,2025-09-13,organic,enterprise,CA,Retail
51f6727f-d5e7-42df-8272-b75798eb764b,2025-12-10,organic,free,US,Education
88cd398b-5eee-4ef9-86c9-ce2e8cc08958,2026-03-05,paid_facebook,free,US,Education
92f40791-d8e7-4d6c-a440-13ee7ec7d6e8,2026-05-20,organic,free,DE,Finance
d4c4e667-e813-4f8b-969b-f1741710a4ba,2026-01-23,organic,enterprise,US,Retail
acc52d82-7124-4d46-bc69-c1186e110d0e,2026-01-07,paid_facebook,free,US,Tech
f5456031-7046-4349-a73a-e10791961563,2025-08-07,organic,free,US,Retail
8229262b-8480-475b-a872-b3079d29bc7d,2025-12-14,paid_google,free,US,Finance
49a3a70e-e30c-463e-81d0-91ca037a825c,2026-02-11,organic,enterprise,US,Retail
2543d30c-ce63-417c-a14e-b579c48b725a,2025-10-17,referral,free,CA,Retail
8c1b1907-7640-45a4-8358-e5f87ddf13d0,2026-04-08,organic,free,UK,Tech
a03ac236-5882-41b2-b9c0-6594cb9a33e3,2025-10-27,organic,basic,IN,Healthcare
d3b957fc-ca35-4f02-bd24-87a6ba094142,2025-09-07,paid_google,free,US,Healthcare
a14dc154-8b15-424a-80a1-5ec1d155c0fa,2025-08-15,organic,pro,US,Tech
7db7076e-7dd3-45f9-9e49-2b3b68173ecd,2026-03-09,paid_facebook,free,US,Retail
1b0327f4-6799-4da8-88f5-43646351a105,2025-09-17,paid_facebook,free,IN,Finance
7eb498ac-d36d-4eab-a731-0261b0b60d5d,2025-12-05,paid_facebook,pro,US,Tech
8961f61e-d6df-424a-b79f-a7fd97dd03df,2025-12-16,organic,enterprise,IN,Healthcare
d466e838-a4c6-4ef1-9c03-77c09e84ea91,2026-03-30,referral,free,US,Healthcare
cf29fd16-a2af-449e-92e9-7ec45bef32a0,2026-04-23,paid_google,free,CA,Tech
e6791aa1-d8f2-44d4-a466-bfbe086c73a9,2025-11-01,organic,basic,CA,Retail
cec6a76a-0525-4bb9-a188-47bd2e6dff1c,2025-07-10,organic,free,US,Education
1ce5f66d-b1a3-495f-bb7c-bef074d007a2,2025-10-11,paid_facebook,pro,CA,Finance
184829eb-e0cb-4b54-926e-f62a099f8f53,2025-10-10,referral,pro,US,Education
8ff7dcb9-5d2d-4dec-b193-406d569bb28a,2026-03-06,organic,free,IN,Finance
c948f86c-ece5-43f6-89da-32b3dccb9b59,2026-05-28,referral,enterprise,AU,Education
a9caa5be-ec52-498a-ac17-ebb2166e7d0b,2025-08-23,paid_facebook,free,US,Education
fed428cf-671c-4e65-b30c-5ca586b01c0b,2026-01-28,organic,basic,CA,Finance
4a8872cc-a73d-4caa-941b-559b2054aaae,2025-09-24,paid_facebook,free,US,Finance
8bc47d7a-bbf0-4e93-8a1b-81e989304d58,2025-09-17,organic,pro,US,Healthcare
19012c78-773e-4892-862f-a26557d3fb67,2026-01-07,referral,basic,US,Retail
739f348b-1449-4a88-9649-f0cfc92cd3de,2025-07-11,paid_facebook,basic,US,Retail
1d6edfdd-8351-474e-9178-a2cf16252baf,2025-10-25,paid_google,pro,US,Healthcare
6e3c79e9-fdb3-45df-9d76-83e9703e1e17,2025-09-20,referral,free,UK,Education
03161617-ae17-4e3d-b919-164af7121ca7,2025-09-11,organic,free,UK,Finance
1fa49d2c-1dac-4829-b0b8-abdcc0c260dc,2025-07-16,referral,pro,IN,Tech
ae7ccb3f-53c6-4468-88f1-179546ea26ac,2026-04-20,organic,basic,CA,Education
a41b63a9-bc56-4a5f-9c19-c360b97122c6,2026-02-26,paid_facebook,pro,IN,Retail
572e4e09-399d-4e1a-8291-3775a6b84bc8,2025-12-12,paid_google,pro,US,Finance
878b6f96-b48f-480e-bc2f-1aa1c5911d4d,2026-03-07,paid_facebook,free,US,Healthcare
9b5aa40b-2f25-4ae0-b6c9-4995ba77297a,2026-03-10,paid_google,free,FR,Education
342ba7f0-5686-499a-aff2-c9157ae98c09,2025-07-10,referral,free,US,Tech
a8e5660d-2122-41fd-99cd-2fbd84dabc34,2025-12-06,organic,basic,US,Education
95aaffcd-6ce3-4655-b7c3-2b8e360b7f08,2025-11-11,organic,free,US,Healthcare
d7074744-c243-423d-8954-c320be41d3d6,2025-06-24,organic,basic,US,Tech
b6d60f3f-7146-425a-ad62-7bc0a34801f6,2025-06-24,paid_facebook,free,FR,Education
2d4eb55c-9378-4a03-8d22-1e1b21ea5b7c,2025-06-04,paid_google,free,CA,Healthcare
502f2f85-d569-4c05-bff0-ead1aa26945f,2026-04-19,paid_google,free,US,Education
6bf488df-794b-4ed9-b202-dc7e88450ba3,2026-03-17,referral,free,FR,Finance
bf5e1d9a-0f5f-4596-ae92-b6f119cd8a14,2025-11-28,referral,basic,UK,Education
f344cbbf-c7ff-47f4-a050-ef3d48b07c01,2026-02-03,organic,free,IN,Healthcare
236a9e0a-1092-4375-8e88-522d3818de1e,2025-09-24,paid_google,free,US,Retail
de63f7f0-6883-4952-8dff-f3c96f3c1d6e,2026-03-06,organic,free,US,Healthcare
b70b00fb-a20d-4724-b9a1-5749a80a8fa1,2025-08-08,referral,basic,US,Education
4fc28b90-5399-4b90-a630-69f3ab32296c,2026-05-17,referral,basic,IN,Finance
c98d80e3-eef1-4079-94c9-9f0d29fc6411,2026-02-09,referral,free,US,Retail
36f9c4d7-db1d-4739-ae6a-89129f6531fb,2025-11-28,paid_facebook,basic,IN,Healthcare
30385273-5a7d-4b87-8fc3-5c54cdb8e315,2026-04-14,paid_google,free,US,Retail
41d632d7-9209-4247-9df8-fb430e9ab5b1,2025-11-16,paid_google,free,US,Finance
cad10821-0532-4122-9500-cffc1122afdc,2026-04-09,organic,basic,FR,Tech
047039c2-199c-4246-905f-61c525df104a,2026-02-04,organic,free,UK,Retail
a68a9dc0-2cfd-457a-8233-8f1725941a8b,2025-12-05,direct,basic,US,Healthcare
73891674-5c0a-4b0f-822e-2d69f158bdfd,2025-07-24,paid_google,free,FR,Finance
6af1d799-c331-43b2-8411-e3b92f92eeb8,2026-04-22,direct,enterprise,UK,Healthcare
8457ea6b-7c08-42c8-9f4d-ba198895eab4,2026-05-23,referral,free,US,Finance
35bf7910-76a6-4a30-8d57-29d10785991c,2026-04-09,referral,free,US,Healthcare
c577b2ff-cb01-4944-81ba-f1460f20afc6,2025-10-16,paid_google,pro,UK,Finance
415297ca-8f46-4e0e-9f84-7e896c8d43a0,2025-11-15,organic,free,US,Education
1cd179af-1606-44bb-b7ee-9e604272f845,2025-09-11,organic,free,FR,Healthcare
7c51a14b-7af8-4805-9e93-ff9bac33a613,2025-08-24,paid_google,free,US,Finance
e40e75f1-3c84-4444-9d5a-3ac49051c0b3,2026-04-13,organic,free,US,Tech
55f071c7-feca-4cbf-9349-61f392dbea9a,2025-12-29,organic,free,US,Finance
67283e50-b698-45ad-8ec3-74203beea2ac,2025-06-03,paid_facebook,free,US,Tech
dee08e1b-caab-4155-aafc-761dfa27865c,2025-11-26,referral,basic,UK,Retail
66903ebd-d2f8-45da-803f-e128946f7e56,2026-05-08,referral,free,DE,Finance
d40f8f56-0be0-458f-ac61-11081dd54575,2026-03-30,organic,basic,US,Retail
ce17f102-1e84-45bf-b23a-9d14a1c0c43b,2026-04-28,direct,free,US,Retail
0a6d3e36-5ca4-406a-9566-52768dace24c,2025-07-08,paid_facebook,free,AU,Education
b02f28d8-3c1a-4565-a10a-0b000709837c,2026-01-25,paid_facebook,free,US,Finance
8d988d65-4a44-497d-b3ae-2a319f5b1483,2025-11-16,organic,free,UK,Education
02e49e69-bc4f-4054-8c0d-e3348690f6d7,2026-05-09,paid_facebook,free,US,Education
07f07452-61b7-43d4-9961-cebc37246e2f,2026-04-10,paid_facebook,free,US,Retail
c0e09f6d-d51e-4bbf-b1dd-699a57b63d04,2026-04-02,paid_google,free,US,Healthcare
1cc16e1b-aa26-478f-88d7-33217bd83ba1,2025-06-30,organic,free,US,Retail
0b464b9b-805b-4ee7-808d-194281fc9dec,2025-12-07,referral,free,US,Retail
b7aa52ac-4df8-4751-9bd4-e69f7008b36c,2026-05-23,direct,free,US,Tech
f1815105-d67d-4700-9f35-a1b21388c206,2025-06-25,referral,basic,US,Healthcare
f6b908d8-ea27-4133-8b86-1d50df6f9168,2025-09-20,organic,free,UK,Retail
fd49316f-5305-4cee-a62d-56f5b4f4fc11,2025-12-23,paid_google,free,IN,Healthcare
349fe857-3ed7-45b1-9f6b-ee092c54e7c2,2025-12-02,organic,free,IN,Tech
b54949c1-2328-47f3-a98f-1f9921c4e329,2025-07-17,paid_facebook,free,US,Healthcare
e056d0e1-f13d-4320-8a8b-dbf7a6f71cc4,2026-01-14,referral,free,US,Finance
611e0758-4330-4622-b863-167547abe9b7,2025-07-09,organic,pro,IN,Tech
2eda3867-9f99-49f7-968c-055de1207994,2025-06-16,direct,basic,UK,Healthcare
6337a3c7-d4a4-4906-8dbd-4eb19950bfbb,2025-06-22,paid_facebook,basic,IN,Education
dbf1b01b-8f7a-4073-8b52-6b14c8fdd16c,2025-12-30,organic,basic,US,Healthcare
67336470-0935-493d-a11a-1265a7c89628,2026-04-06,organic,free,US,Tech
0d702539-df58-485f-82e2-ea231e06316e,2025-10-27,organic,free,AU,Education
b329ff95-4282-43a0-9847-846134fdc038,2026-01-27,paid_google,basic,DE,Healthcare
889927d9-b9eb-4537-b59f-41b683afa742,2026-02-27,organic,free,US,Healthcare
88c0043e-685e-41e0-aa65-b14cbe483d11,2025-07-29,paid_facebook,free,FR,Tech
d3862a55-e9ab-4d16-ab36-728ded64f8c1,2026-03-14,paid_facebook,basic,US,Education
be6aef5c-e2c6-408e-a612-5a72b41fd23b,2025-12-19,paid_google,basic,DE,Education
c9c98b9b-94a2-4486-b0da-610ab8ac4901,2025-07-02,organic,free,US,Healthcare
bc88175d-71cb-4390-b45e-a5b4c3bd4472,2025-11-09,paid_google,free,UK,Finance
7fe96b48-3c49-4ddc-aaf0-3d48d6cd11b8,2026-02-10,organic,basic,CA,Tech
488b5ccb-2194-4316-991e-c57be836e71a,2026-02-09,direct,basic,US,Tech
08a34429-1b10-48a1-9359-9735ce3f1df8,2025-06-09,paid_google,basic,US,Retail
889a6e1d-eed3-495e-9afa-1cc889ef8a4f,2025-10-17,organic,enterprise,US,Education
38c82f23-acae-4de4-9aa7-b7face6368c8,2025-06-10,paid_google,free,US,Education
813a0492-6f1f-4fb7-9b63-98a66af2923b,2025-12-31,paid_facebook,free,UK,Retail
b66e4fd1-a8b0-4414-95b6-208ff96fab54,2026-02-28,organic,free,UK,Healthcare
cd23a7d6-6981-42cb-93a4-60cf1cfb1367,2026-04-20,paid_google,free,US,Healthcare
3df035a9-f5c6-4788-a31c-773d0a6a486c,2025-07-18,paid_facebook,pro,CA,Tech
4aa7e0c5-651a-49c3-8f3a-6d2313df6a81,2025-09-19,organic,enterprise,US,Healthcare
b3e3b517-fa2d-441a-8acb-cff4a5631b6b,2025-10-31,organic,free,US,Finance
acb923d4-07c3-4589-bd59-7b470e438698,2025-10-01,paid_facebook,free,IN,Finance
43d047ae-b3db-49c3-a790-b867e6e3736a,2026-05-23,paid_facebook,free,UK,Finance
f0de4c93-8a59-42ec-bafe-eec76f6ce2d0,2025-09-10,referral,basic,US,Retail
80479542-e7f9-455d-b3f3-837c91077a1f,2026-01-27,organic,free,US,Finance
d311fb3e-407f-45ea-bb96-26aa7ab2df42,2026-04-17,organic,free,CA,Retail
8f25d98d-1113-434c-85ff-eb2b931f9e76,2025-12-08,paid_google,free,US,Tech
8812680d-5235-45ff-afea-ce4a83ffe18f,2026-01-03,paid_facebook,free,FR,Tech
d27f7574-44db-403c-8c91-78c9769562e9,2025-07-21,paid_google,pro,DE,Finance
6a9138e9-cd3b-42f3-a7f0-f7188aa1bda7,2026-03-19,organic,free,US,Retail
0cc81000-14ea-4e53-a9e4-8126ec7cdf8b,2025-08-20,organic,free,DE,Finance
89769360-37d8-4ca7-9c87-1987a95a4303,2025-08-27,paid_facebook,free,US,Healthcare
b26c26f1-ed7a-47c9-a9a0-ca8d0a261912,2025-12-11,paid_google,free,UK,Retail
85b1a3fd-f9a8-409d-8f68-94ed6517f963,2025-09-12,organic,basic,US,Retail
f940839b-26fa-4350-81a9-1a79971328ab,2026-02-26,organic,free,US,Retail
a50f5615-bbdb-4eb7-8556-42da0e38cebe,2025-09-04,referral,free,DE,Retail
7ddea25a-83dd-47fa-b827-037e58b76514,2025-12-15,direct,basic,CA,Healthcare
46cb9651-01de-4444-ae69-2520b2af9007,2025-06-01,organic,free,UK,Finance
48c1bb4d-ffe6-4621-945a-afaaaf1dcee8,2025-11-14,organic,basic,US,Tech
2be974b4-3fe2-417f-b84a-997ad15ffe2a,2025-10-04,organic,free,FR,Education
da6aebe8-f9b3-4c49-9ba6-a9125c1a7c50,2026-04-09,organic,free,US,Education
ff9a8957-35a2-490c-881c-b449ee33ea5e,2025-08-20,paid_google,basic,US,Retail
9316a02f-48c9-4c1b-86b0-84f78eddb7f6,2026-02-06,organic,basic,US,Retail
10eef7dc-1797-4016-8f53-d055c74da6de,2025-11-16,paid_facebook,free,DE,Tech
29c7e369-40b1-4562-8e26-ba8555407f5d,2025-08-12,paid_google,free,US,Education
e283a4bc-2b7b-4547-8398-cb1613f5ada1,2025-10-19,referral,free,US,Retail
c0372e18-6851-46b5-b060-1b8f1582e64d,2025-08-09,paid_facebook,free,UK,Healthcare
1540612b-d6dc-4f44-b3a7-ce0c8c0b13fa,2026-02-17,organic,free,IN,Education
2a5273e7-328e-4e4e-b2ac-9d1ebc89e6fc,2026-05-06,organic,basic,US,Healthcare
27d73213-8f88-491a-9329-4b9473a98e86,2026-04-04,referral,free,CA,Tech
39fa3445-3870-4eba-bb22-0cb4db51f2d4,2026-01-31,referral,free,US,Tech
8d134998-563b-4ec2-a452-9c8e18c1ec5a,2025-06-03,paid_google,free,IN,Education
26574537-2c0a-4268-8cb1-5f152dd2d4c5,2026-05-03,organic,free,CA,Finance
ba3eefeb-0505-47fc-b10a-9c9b6b7e3d0b,2025-08-02,referral,basic,CA,Education
3588382b-883c-46a9-aeed-1ed32da5a158,2025-07-19,organic,free,CA,Healthcare
a88320d7-c961-47ba-9fc5-ec0167eb56ef,2025-08-15,organic,free,US,Finance
76c2d217-0346-4b04-9c54-97c592ab6948,2025-11-22,direct,enterprise,DE,Healthcare
78205046-af3f-4d68-8a02-5f17f50256ec,2025-09-17,referral,free,UK,Healthcare
e366c3c4-99d1-43c2-b524-c5a272e5ccfb,2025-11-30,paid_facebook,free,US,Healthcare
c19b7471-e341-4483-a13b-2fb7c81a69ae,2025-12-09,organic,free,US,Retail
4ca3950a-cee5-4867-85c6-7379e7478d70,2025-08-04,paid_google,enterprise,IN,Finance
5647b42a-3c29-48fa-9be3-a26cbfb9809e,2026-05-03,paid_facebook,enterprise,UK,Retail
dc42ca51-9ec6-485f-b537-8258c5713601,2026-02-26,paid_facebook,free,US,Retail
6334c07e-77a0-4944-9959-dc3e2007503c,2025-09-08,paid_google,free,FR,Healthcare
ec098508-8a2e-490a-9e18-ed26c17208a5,2025-07-02,direct,pro,US,Tech
75f73db0-4643-49ef-acb9-3f3f1e8e459f,2026-05-18,organic,free,UK,Education
cbc6914e-80a5-44b5-bf86-c55e3d19364b,2025-10-06,organic,free,CA,Tech
2c6c04e3-c594-4f32-9d74-3875b532eab2,2026-05-05,organic,basic,FR,Healthcare
5a89ef46-53d6-408c-bcf6-bd57b493d285,2025-07-13,paid_facebook,free,US,Education
88153f8e-08f0-49c0-b520-7e986eae3592,2025-08-17,paid_facebook,free,CA,Education
aee188e7-218a-47ff-9bb6-711cef2ea998,2026-04-10,paid_facebook,basic,UK,Healthcare
24e6a37c-2174-4d95-a2ac-ca814dac1bd6,2026-03-16,organic,free,US,Retail
f98642ba-011d-4067-bd2d-13fdde1deb0c,2026-02-25,referral,free,FR,Education
9e79da90-529c-4a89-80af-83511203fa6a,2025-11-09,organic,free,IN,Education
70c4e442-1900-4296-a95c-ca212fd9e14f,2025-12-06,organic,free,IN,Education
3ec0d88d-25a5-464a-bc0b-c079818b4148,2026-02-02,paid_google,free,DE,Education
54666cdc-4409-4f2f-b287-5977c5ae21b6,2026-01-02,organic,free,IN,Finance
e8e3c2b4-ab7c-429c-8c1f-688e32c59c5f,2026-04-11,paid_google,basic,UK,Retail
9fe29ba2-12cd-46be-adfe-845c6b076b99,2026-05-05,paid_google,pro,US,Finance
d8c3218c-5f01-4f60-834e-5ff8576b7648,2025-11-15,organic,free,IN,Finance
0a7e743a-5c0a-4205-a5b8-053a7b6a46ca,2026-05-05,organic,basic,CA,Healthcare
7b0ab95b-bb94-4cde-8378-ba8d318ba88a,2025-12-10,paid_google,basic,UK,Retail
01b4bd6a-0b79-44f2-8e95-917ebd211c73,2026-03-10,organic,basic,UK,Tech
c0bc0529-89b1-4c69-9b0f-475f583b78c0,2026-05-02,organic,free,CA,Retail
bef2e586-bf93-4929-99a9-608a440489dd,2025-06-13,paid_facebook,pro,FR,Tech
da1f5948-0213-40f5-9efd-b718c0e0f348,2026-01-26,organic,free,IN,Education
e596ad1f-86a6-4f54-974d-e4240e49679d,2026-04-16,paid_google,free,US,Tech
e2d4b947-8d34-4146-928a-692c2d430773,2025-10-25,paid_facebook,free,UK,Tech
c7a7d59c-a840-4b50-807d-50e0bb7683c4,2025-12-21,referral,basic,CA,Tech
25e431af-4967-4b59-8181-3129377f32eb,2025-08-19,referral,free,US,Education
4be701f3-ab0e-461f-ae41-7564420ae7ea,2025-07-13,organic,free,FR,Education
a7b334a7-355f-4df3-a994-bb9d9e506ef6,2025-08-28,organic,basic,US,Finance
e401e023-7871-42ed-9e26-ae2d032978ab,2025-10-26,paid_google,pro,CA,Tech
71fe599a-0779-4755-a211-3022dee44d41,2025-09-03,paid_facebook,basic,FR,Retail
9a4c98fc-5418-47c3-a776-a3d47ae2b2bb,2025-10-29,organic,free,IN,Healthcare
faeb657e-431f-436b-a935-97088edf820f,2025-06-02,paid_google,free,CA,Finance
f4f87674-2af4-4235-9bf7-3fd9303a2c92,2025-06-22,paid_facebook,basic,FR,Tech
b20f92c1-197c-413b-8604-ad5711e4a9b3,2026-04-09,paid_facebook,free,IN,Finance
d466fa7e-e8cb-427e-9cd2-f9808a299599,2026-04-24,paid_facebook,basic,FR,Tech
324c61c4-545e-4737-9a07-6a67018d80b3,2025-06-07,organic,free,CA,Tech
b551d922-aa87-4fe2-80f1-f1ea3eba7427,2025-12-23,organic,pro,CA,Finance
bc5e9387-ec67-4617-bd40-bcd249e3c1ec,2025-09-22,organic,free,IN,Tech
0ba73401-a92b-4446-84a2-20ff879c9924,2026-02-27,organic,free,US,Tech
a74acd6e-1101-4288-aa8e-0415c78c7497,2025-08-22,direct,pro,AU,Healthcare
8f35f388-b1a8-4cde-849e-9e5f592a3dac,2025-11-26,organic,free,FR,Retail
17d3e748-60d3-43e1-a258-513b25f36e4a,2025-12-27,organic,free,CA,Education
ec6ea120-be82-46f8-a249-4874c124caec,2026-04-24,organic,basic,US,Healthcare
561a1f34-e6cf-4501-b190-4d8a940c5094,2025-10-02,paid_google,free,US,Education
02b0a747-7087-4862-9aa9-473f9d3c28cd,2025-09-21,paid_google,free,US,Education
d57969a4-84f5-404d-a36a-546fcf9887f6,2025-06-12,paid_facebook,free,UK,Retail
d2538169-7e91-430d-a229-2fa45545af1a,2025-10-04,referral,free,US,Healthcare
dce857b6-8847-4d44-bd99-0db480666b86,2025-07-23,paid_google,free,FR,Tech
993282dd-2b9b-4556-abdb-7caca773be25,2026-04-27,organic,basic,FR,Retail
9b4e35d4-ccb9-4a4f-b3be-3e962e5d49f6,2026-03-10,paid_facebook,basic,US,Tech
67c9669c-5c92-4651-a1f2-2754245314c6,2025-10-18,referral,free,IN,Tech
5b3d305e-928d-4b78-8a56-ce88e3543b97,2025-09-05,organic,free,CA,Tech
f78ab87b-dd4b-4f99-9bfb-5bbe2e343b7e,2025-06-05,organic,pro,US,Tech
3b5452b4-44cf-422a-804f-331630879327,2025-07-27,paid_facebook,enterprise,FR,Healthcare
96b0d65a-c71f-4989-9347-0bea3e364259,2026-04-30,organic,free,US,Education
db0ef983-792b-4e65-b984-c7ea32926070,2025-08-08,paid_google,basic,DE,Education
f805e0f5-df45-4b3d-a5c6-a4eac156a129,2025-09-26,referral,basic,CA,Healthcare
7a97a4ae-d33b-46ac-b252-97bbfc0159b7,2025-07-29,organic,free,CA,Education
73e66746-8987-4a14-ad24-bab541fcc4ec,2025-07-03,paid_facebook,free,AU,Retail
69464cec-7e8c-4d1f-a1f1-2f600f541e1a,2026-04-14,organic,free,UK,Tech
40d74f13-6405-46eb-802b-b9ffe005cf4e,2025-07-20,organic,basic,DE,Tech
dd38ce8e-7024-4491-a75b-11b30c915228,2025-06-19,paid_facebook,basic,UK,Tech
4b0a247f-c529-4e45-a675-386c2da8dc14,2025-12-31,organic,basic,FR,Finance
3e1bcb66-8971-423a-bc4b-49a0ff4aa62c,2025-12-14,paid_facebook,free,CA,Retail
c7ae91a5-3d01-4f30-96ab-f0f735e691e1,2025-07-17,organic,basic,US,Finance
fe9024c8-638b-4c05-9f1e-1b6e8b1ed2b3,2025-11-14,organic,basic,IN,Healthcare
8b2a41f2-f9b7-44f0-a258-e759d9d85857,2026-03-16,organic,pro,UK,Finance
cc44fd30-37aa-4828-ac4e-0ecc31d037b2,2025-10-19,referral,free,AU,Education
0b94dd09-901a-4e9b-b923-00d2c362126b,2025-08-23,organic,basic,AU,Education
1b410d6d-1fbb-4cf4-881a-48ff01d3aaea,2025-11-29,organic,free,CA,Retail
a69df098-607b-4fae-b9f8-f18b318f3498,2025-08-18,paid_google,basic,DE,Finance
a47a7a69-5647-4ff4-815b-36e6495edc01,2026-01-01,paid_google,basic,US,Finance
f7d9a586-4778-4471-9fae-7204d1291b42,2025-06-14,organic,free,US,Tech
7f2d514d-7a75-41db-9360-2187eb966afc,2026-01-01,referral,basic,CA,Retail
04ffee8d-1e55-4470-a553-700ea26ce291,2025-10-06,direct,free,IN,Tech
afe8a2a9-8508-4320-b801-94b5e81182a3,2026-04-06,paid_google,basic,US,Retail
32afd488-efd1-4860-9f32-50c3e1b2c143,2026-02-03,paid_google,free,IN,Retail
850a1a7d-e15e-49bd-8da1-2ed9cda3d45e,2025-06-29,referral,basic,CA,Finance
2a29b4dc-efd8-4f9a-9b93-b2a52e9fe46f,2026-03-07,paid_google,pro,US,Tech
c3b7a687-22c5-4e56-b644-32abcfbd7d69,2026-05-04,referral,free,UK,Healthcare
fb123283-a172-4964-b244-031e3b2f44ed,2026-04-15,organic,free,US,Tech
30e52b15-5a43-4d7e-a797-48b1ff98d45c,2025-12-19,paid_google,free,US,Healthcare
9ea22ac9-2ccc-43da-ad3f-c6a5860fdba3,2026-05-27,direct,free,AU,Education
1f9a9193-9c3d-4fb3-ab27-58a2df1a88cc,2025-07-27,organic,free,US,Retail
0798493b-3db9-4769-91ac-d4fb6d26358d,2026-01-04,organic,basic,UK,Tech
2622e796-208e-4dd4-8ad4-0eebcd8637fa,2025-08-01,paid_google,pro,CA,Retail
a3a3456f-ab82-4b16-a1e2-29b9f39a788c,2025-11-04,direct,pro,FR,Tech
0a8c8379-aa13-460c-9a26-42aa8b71deb0,2025-12-19,organic,free,IN,Education
bb9978d0-5e1a-4e28-9921-69e9709d0007,2025-06-17,direct,basic,US,Tech
8abd3b19-1d6f-407d-9c49-609a56b763d1,2026-04-18,paid_facebook,basic,FR,Education
d46a461c-afed-408e-955d-8710638393cf,2025-06-06,direct,free,UK,Retail
3b94d51e-70da-4502-aac7-494960763a3d,2025-07-28,paid_facebook,free,US,Finance
c346c2ae-0735-44e1-b3d1-d53f41ea3f8e,2026-04-21,paid_facebook,free,US,Healthcare
b665b45a-cb5b-4864-8a47-57acd274f5c2,2026-04-14,referral,basic,FR,Retail
ad44f0e0-5868-4f70-b808-7fb6c705d77b,2025-11-16,organic,free,UK,Finance
87d26ee3-fec0-45eb-82b8-8df28e2cd563,2025-08-21,direct,basic,FR,Retail
6852d208-96a5-4993-b970-4c2e240c9133,2026-01-05,organic,free,US,Retail
1ecb071f-32e4-4542-82fe-ddadbbdae49b,2025-11-24,organic,enterprise,UK,Tech
129241ba-1ddd-486d-8536-48a5bc945644,2025-12-21,paid_facebook,free,US,Education
42debfff-7c25-4fa8-917d-132a1ba995d5,2025-08-10,organic,basic,UK,Education
6521b166-74ee-4ae5-b4b1-9dc1794827bc,2026-02-21,paid_facebook,free,DE,Tech
fba39859-4d78-4e86-a8d8-5d3465de8cd5,2025-09-06,paid_facebook,free,US,Tech
48276bb6-098a-4db2-b5f2-8a8ad8e2a14f,2026-05-11,organic,basic,US,Retail
e046f802-bed3-49da-ad72-2a00c22fdeec,2026-03-18,organic,enterprise,CA,Education
30b0c691-b4ae-4c6b-82fc-0af5a7eb305b,2025-12-25,paid_google,free,US,Retail
62164e2f-6fd4-4b5a-91b2-06a95b186ce7,2025-06-02,referral,free,UK,Finance
c02f1804-c5c2-4f36-908f-924f9eb4fb6c,2025-10-02,referral,free,US,Finance
61595e3f-e8c5-44bb-809b-bca1fc651a25,2026-03-07,organic,free,AU,Tech
684d62f6-db75-4783-bc87-b1d914839e38,2025-08-13,direct,free,US,Education
94ff35be-a7c2-479e-8add-853546d67cf9,2025-11-13,organic,basic,DE,Finance
fdf0cec4-e2ea-4410-90f3-252657d77a2b,2025-06-22,organic,pro,IN,Education
3d85a071-eb0a-47e2-960f-2c5738d7e5dd,2025-11-01,organic,free,US,Education
4d80a7ae-6de6-41b9-83fc-2b3e9de9d7d7,2026-03-22,organic,free,US,Healthcare
9851b50f-6aa3-444a-9c35-ec63eb97e6aa,2026-01-05,paid_google,free,FR,Finance
fd191e7b-4e3d-40bb-a6da-fc59065b9be5,2025-11-04,paid_google,free,UK,Finance
d576b9f9-5358-49d0-ba97-3b688bfbd9e1,2026-01-16,referral,free,US,Retail
39ae3eb9-0e5f-47b6-8a6c-35cc046f8b03,2025-06-20,paid_google,free,US,Retail
ba022b48-1dde-4404-97e2-ca1ed32c9008,2025-07-11,organic,free,US,Education
c98ae220-56b5-4c0c-978f-2b672eb46f90,2025-10-26,paid_google,free,UK,Tech
7d6141b6-097b-4d7a-9162-70d1c0131857,2025-09-16,organic,free,UK,Retail
1fc27e39-fc83-4cd5-8eb6-d372e8b8f2d6,2025-08-23,paid_google,free,IN,Retail
65059a33-13d1-4f5e-a5ed-5b9909c169e0,2026-04-18,organic,free,AU,Education
d5b63af2-06dc-4a77-9a0a-9fc0707c9e3a,2026-04-05,organic,pro,US,Finance
1fc40d69-60c8-41a6-a3f5-6a40c71a57b5,2026-03-17,organic,basic,US,Retail
38a15fc0-b1a2-4521-ba46-1d1c43597bae,2026-04-19,referral,pro,IN,Tech
cb2b61fa-6a73-4a85-9671-546f00f1fe72,2025-10-12,paid_google,free,UK,Education
f576b41b-e087-4f50-a2e5-92c8ec592ee3,2025-12-24,direct,free,FR,Finance
3d67fa64-adff-448a-9566-c16a46def717,2026-03-10,paid_google,free,IN,Healthcare
7a5beb2f-943b-42f9-9a99-fd3e0f22e215,2026-02-21,direct,free,US,Tech
9b862548-2f3a-4764-b358-73e5f0cea76e,2025-08-12,organic,basic,US,Finance
1cc67f53-44c9-485c-aefb-ef25bc1be0d3,2026-05-18,paid_facebook,free,US,Education
92699d1e-568d-489c-8a27-7e589a53ce6e,2025-07-18,organic,free,UK,Healthcare
6fc974da-8981-4000-bd18-898116773091,2026-04-22,organic,free,IN,Tech
ca2feb97-1d6f-4629-b00c-3219f4707aa8,2026-01-19,referral,free,CA,Retail
fee73f3a-0412-428a-8067-e1a7e25e8432,2025-09-08,paid_facebook,enterprise,US,Retail
9ff54dca-d754-47ae-9c55-17145fb898e9,2025-07-29,referral,free,AU,Tech
9614a06a-950d-4a90-9cf7-8ffcacbad101,2026-02-13,organic,basic,US,Retail
fedaaf7f-0eb5-4c78-b9f7-429336677155,2025-08-04,paid_facebook,free,US,Education
07b21bae-80a3-4fea-84b2-a41c97f808f3,2025-08-22,organic,enterprise,US,Tech
d8410217-2ffe-4ae2-9a45-9facb8d811bb,2025-11-01,organic,free,IN,Tech
e6852318-c26a-4151-8ec4-77d1d9c572ef,2026-02-21,referral,basic,CA,Retail
04387a72-5bee-4405-8ce5-23a472a94e78,2026-04-05,paid_google,free,US,Tech
1a4dd7ac-c0e9-40f0-a0fb-b7c0f0dc2634,2025-08-18,direct,basic,CA,Healthcare
334fe948-e2a6-4dda-95e8-81fa3af2da32,2026-04-11,organic,free,US,Tech
0dfda0c1-75fe-46da-a4c1-6c6c7aead8f5,2025-10-28,direct,free,US,Retail
d34553da-5207-40bd-80c9-b512868dc154,2025-07-18,paid_google,pro,CA,Retail
0d2d856a-4d0c-4756-b71c-61a11cf1bb7d,2026-02-03,paid_google,enterprise,US,Retail
55871fd8-d4e2-4aca-aeec-03a531c31885,2026-03-05,organic,free,US,Retail
dc538254-3d92-4ec1-a36e-1ed667425fba,2026-05-22,referral,basic,US,Education
f15af8b3-0de2-492d-bc44-60a62d34174b,2025-09-06,referral,free,US,Retail
8806d9f5-f9e6-4d51-a6fb-b9735a5321d9,2025-06-25,paid_google,basic,AU,Healthcare
5db5fa1a-a56b-400c-b14e-46c382b06003,2026-03-11,paid_facebook,basic,AU,Tech
65cf969a-b740-48db-ba02-342330b6d081,2026-03-28,paid_google,free,DE,Finance
9735feab-9bfb-4793-9bce-c2021b995d24,2025-08-07,paid_facebook,pro,US,Finance
00a3585a-f154-411b-83a5-90196cfa3c74,2025-06-07,direct,basic,FR,Education
0a9c595b-9502-40de-b782-fe022a2f9a2c,2026-04-01,organic,free,UK,Finance
533cbfa8-5f19-4468-ac34-f6b7fb2c3dd5,2025-10-15,paid_google,basic,DE,Retail
6468bd2e-7517-44cc-8bfc-efaf0c6326e2,2025-11-11,organic,free,FR,Finance
dab67774-c727-494e-b94f-7524b618b184,2025-08-22,paid_google,basic,UK,Healthcare
a0dcb03a-e890-4809-8225-c335b0697b60,2025-10-16,referral,basic,US,Retail
d5b66a49-e095-46f8-8d63-a6fb60075e26,2025-08-12,organic,free,UK,Finance
03a7865e-870e-4b9a-9327-b564f28ab719,2026-01-23,organic,basic,US,Retail
4fad0a0e-2458-42c7-a0f5-6f1b4b5ae564,2025-07-16,paid_facebook,free,US,Education
c5a2f5a6-8516-4798-909f-c411a74e36e1,2025-09-14,paid_google,free,US,Healthcare
183fbff5-1229-409a-a6c8-64d5fef79d82,2026-03-15,paid_google,free,UK,Tech
ca83ff20-9784-4b39-b239-58fc4ff40bef,2026-02-17,organic,free,US,Retail
47e12808-6569-44a6-afcf-237b797800be,2025-11-23,organic,basic,AU,Healthcare
f378aeeb-186d-49a4-9608-3b355831b9ce,2025-11-13,organic,free,US,Education
fdc6cbad-b05c-4501-b72a-c14ee55dfaba,2025-10-23,paid_facebook,free,UK,Education
ebdd7ebf-873f-4c4d-950d-3e82097b2d8b,2026-04-26,paid_google,basic,US,Healthcare
3d892861-8f30-447a-8de6-398fe93b7293,2026-03-10,paid_google,free,DE,Finance
38fb82b9-2a00-4f68-949a-af339fc852d7,2025-07-24,organic,free,CA,Healthcare
4ffc02e6-edf6-418b-8d04-9dd5b09dbe2c,2025-11-25,organic,free,US,Finance
b1e86061-ea25-4769-b4a1-1847701fa35d,2026-01-30,organic,basic,IN,Finance
6471c846-4803-4a91-929f-64e030ebf3e3,2026-05-07,paid_facebook,free,US,Healthcare
9765e262-0731-4ea1-95fe-4e79836f5234,2025-10-05,organic,free,IN,Education
638b4640-1aa1-4a3a-a6eb-7ff9e2b5ecc9,2026-02-26,direct,free,UK,Tech
ee86026a-93b2-4d66-a665-38847303eb16,2025-10-10,organic,basic,US,Tech
ea1738f8-0ac6-4a8c-8fb6-9515042ec01e,2025-09-01,organic,free,UK,Healthcare
8794049e-02f6-446e-a5f0-a714c1cbee6b,2025-08-12,paid_google,enterprise,US,Retail
4fac3718-ba3b-47a2-bb44-0269457fd0a7,2026-02-03,organic,basic,CA,Healthcare
956306ce-7654-4075-b2cb-acef2a4d99e2,2026-05-14,referral,pro,IN,Tech
c32e41d6-896a-4535-aceb-4fba06b50da0,2026-02-28,referral,free,IN,Healthcare
177e8175-ad60-4353-a30d-7368cc408bf9,2025-07-13,organic,free,DE,Education
eddb6536-5663-4436-a218-16e02d2a44c0,2025-07-11,paid_facebook,pro,CA,Tech
f385a6b5-3eeb-4e39-b0df-1a42e5404f7f,2025-11-17,paid_facebook,free,UK,Tech
69831bd5-b1d6-451d-834f-bc9bab5c4116,2025-12-29,direct,free,DE,Tech
e07a47a2-3ce3-4687-83d5-d744646af44e,2025-11-15,organic,free,DE,Education
01e68bdb-0426-45bc-933a-b3f30f4f9999,2025-07-09,organic,enterprise,IN,Tech
159f1659-35cb-4476-a09a-578bad91a1fe,2026-01-31,paid_google,basic,FR,Retail
8876fece-8b22-477e-9f9a-0489ab6a3a45,2025-10-29,paid_google,free,FR,Tech
4b9516cb-cfb4-4462-b84b-5f5a7e10f5c7,2025-09-19,paid_facebook,basic,US,Healthcare
dab96923-8ace-4fef-80fd-74b30b86abfb,2025-07-17,direct,free,US,Retail
97068b5e-d83d-4fb1-8a7c-b0b9c4df1b46,2025-08-02,organic,basic,US,Finance
6bce6021-5e1e-443b-924f-7c2e372a6d94,2026-01-11,referral,free,FR,Tech
9ba05ea5-13ce-47f3-8b7c-3aefcd681aa8,2025-08-08,direct,basic,US,Finance
b62407bb-e5e9-4915-b069-e274b066216c,2026-03-26,direct,free,IN,Finance
dc2cc730-2db4-4d1a-85be-faaddc5822c3,2026-03-17,paid_facebook,free,DE,Education
e94ed23c-973f-487f-b1f9-c2a8c4465c52,2026-03-23,paid_facebook,free,FR,Healthcare
09fb725d-3fc4-45ac-a6f8-ccfee5dae933,2025-12-20,organic,free,CA,Healthcare
0171fcda-3882-4155-8dc1-65dca5cde941,2025-07-31,direct,basic,US,Finance
1e613397-612a-4e21-b93e-79c70b9b663d,2026-04-14,organic,free,US,Education
24f6507a-c312-4adb-b32c-ead7f5c3794f,2026-04-10,organic,free,FR,Retail
e2b42a53-670b-42ff-a326-2537abb1f281,2025-11-08,paid_google,free,FR,Tech
c40eda25-f6cb-4504-916c-783bb040eebf,2026-04-27,paid_facebook,free,AU,Retail
b6ea1b26-3b3b-4706-a239-487981f75773,2025-06-16,paid_google,free,FR,Tech
132adfdb-3943-4f79-aacb-32a30d32d018,2026-05-04,paid_facebook,free,US,Finance
c045a742-64be-4825-b30a-ec24ab89c255,2025-09-02,paid_google,free,CA,Education
32183289-6cec-4653-8e99-45e8822629c9,2026-03-31,organic,free,US,Education
2831888c-edaa-49b2-95ff-8e5b97487138,2025-10-16,organic,free,IN,Healthcare
8a4ed33e-e23e-446a-905a-7c7271ac1bd6,2026-05-04,paid_google,pro,US,Healthcare
3b01aa71-90ca-45f7-a810-ecb784ee89a9,2025-07-08,organic,basic,US,Retail
fd2defdd-8d30-4a26-b824-9f41c31b4b65,2025-10-05,paid_google,free,DE,Healthcare
5141564d-b5d1-4358-aa39-cbbfdb085c26,2026-03-02,organic,basic,IN,Tech
51d7daa3-3314-46b0-b283-e6c84ecdb8c8,2025-11-11,referral,basic,FR,Education
a3b029b6-bf64-4374-9271-34c03e6885ad,2026-04-15,paid_google,free,CA,Education
b9bff7df-8cff-4a40-9e67-bd503ebd1539,2025-08-16,paid_google,basic,US,Finance
ce14e47a-a8b2-4b71-8a40-e17a471c90fb,2025-11-21,organic,free,UK,Finance
a1336903-1086-4d72-83a6-a2a6069100a0,2026-05-24,organic,basic,FR,Retail
b17d240b-a21e-41eb-8561-a9a26fbd0cb0,2026-04-17,paid_facebook,free,CA,Finance
960cd032-00b5-4db3-b0bb-fcdefe3ebfc4,2025-08-30,paid_facebook,free,DE,Tech
81de7620-db14-401a-b940-a66046909323,2026-01-24,organic,free,US,Healthcare
6b040224-c3ba-4573-bb64-3b394477c2a1,2026-02-19,organic,enterprise,US,Healthcare
09b0e942-a03a-44a9-91c2-adf54c75a3d0,2025-11-26,direct,basic,FR,Retail
926e888c-ee62-45c8-a2ff-c1cfcb07d8e9,2025-12-26,organic,free,US,Healthcare
dad41198-a385-4c44-8a49-7120070d4348,2025-08-12,organic,free,UK,Education
85c0251a-037c-40b8-b56f-226fa3ac13ae,2025-09-15,organic,free,US,Healthcare
f30e48f4-18b0-4549-ad5b-a02f865fdd3d,2026-05-11,paid_facebook,free,CA,Finance
39484e41-40bd-4138-9231-de9c8d4f69f6,2026-03-22,paid_facebook,free,US,Education
98a3141e-570e-48cf-88c0-618ed6b269bc,2026-03-11,organic,free,CA,Finance
307dcb0f-85c4-4813-bc04-fd0c95e3ccb0,2026-05-19,organic,pro,FR,Finance
ccbff397-5670-43c6-98d7-508bdba92f0f,2025-11-29,paid_google,basic,US,Retail
ab1cbb19-eeb3-452e-9f05-0a4e02a827b1,2025-07-07,organic,free,UK,Retail
7cbc9f41-a38b-4e90-9bcf-ff9b3fbf13ee,2025-10-15,organic,free,US,Education
b7814f19-ce61-49c3-a045-96b8fcf090e9,2026-05-04,organic,pro,US,Healthcare
3ee68b09-d486-40e5-93e3-62c56a33c710,2025-07-26,organic,basic,US,Tech
dfcb90b3-7be8-43db-aa5b-b301d9d4c150,2025-12-04,paid_facebook,basic,UK,Healthcare
97f5cec3-c712-4348-8e85-fd8d26cfa2bb,2026-05-07,paid_google,enterprise,US,Education
fcc5f0d6-2ad4-4c5f-abd5-6cbd9ce11af3,2026-02-13,referral,basic,US,Tech
d694623a-bb50-4745-9d62-a8150ee9ee32,2025-07-28,paid_google,free,CA,Finance
255c9faa-cb3e-46b7-a4dd-ec5accdc7d66,2026-05-29,direct,free,FR,Finance
efbdeea3-394c-4a11-a57c-41efaa4c3ecb,2025-10-01,direct,enterprise,US,Tech
03d1cc7b-d448-4e1a-8fc4-cd2f21a251d9,2025-12-05,organic,free,CA,Finance
f6933c37-4cd6-4408-a951-1bc44758e510,2026-01-16,organic,free,UK,Healthcare
147049bf-ea55-442c-95e5-46ab689c588d,2025-11-15,paid_facebook,free,US,Retail
89bf511f-e12e-4dd4-8055-c03348153696,2025-09-22,paid_facebook,basic,UK,Healthcare
4f7ca8e9-5c09-4657-b22a-4d997c271c76,2026-02-07,direct,enterprise,IN,Finance
89098722-1494-4da6-a57e-338e5f62e3ed,2025-09-15,paid_facebook,free,UK,Retail
3404d318-84bf-49f3-a877-b31131e306da,2025-07-07,paid_google,free,US,Healthcare
6cc85b40-0e19-4e44-820c-ef1051bcd770,2026-05-01,organic,pro,DE,Finance
37fd7ef1-f2f0-47af-8645-3523bf34c07a,2025-08-31,paid_google,free,US,Healthcare
b7248eae-822d-4a0b-9f82-c1bfc05ff6b0,2025-06-18,referral,free,US,Finance
49c840a8-d8ba-45b7-8957-ed9265850e63,2026-05-20,direct,pro,CA,Education
ed3f8ed8-66bd-4f8f-9569-584ef062aa7f,2025-08-02,organic,free,US,Tech
52f73102-231b-467f-94bd-c20870d29848,2025-10-28,paid_google,free,US,Finance
1b744ac6-0f74-4365-8f38-a44ff7d484e6,2025-10-17,paid_google,basic,UK,Healthcare
49d96b5f-a3d2-4e19-b94c-42a98fe8e932,2025-12-03,organic,free,IN,Finance
18c7b854-8f0d-43d2-9b70-85d9b443ce35,2025-12-02,referral,pro,US,Finance
e5f02ffa-10ea-40a0-9ea8-cf554932533a,2025-12-22,paid_google,free,CA,Healthcare
d7d0e540-6c29-4a0c-ad48-b81e54b0a64c,2026-02-15,organic,free,DE,Healthcare
31ccdb26-065a-49db-9236-d619db885d7d,2025-12-31,paid_google,free,FR,Retail
d6e500c3-dea4-451c-b4fd-cec4339a6ca4,2026-02-11,organic,free,US,Finance
657b5ba0-0ccc-448e-90fa-fe9637c6ab2a,2025-10-13,paid_google,basic,CA,Education
1d66ee3d-f48f-4968-b699-775657c99752,2025-07-31,organic,basic,US,Tech
b132d8ac-4e01-4b45-a24c-27779ebad3e7,2026-05-29,organic,pro,DE,Finance
b23476f9-7492-410a-a856-237b345c7c26,2026-04-06,paid_google,free,DE,Healthcare
c0c915a6-5406-43f2-bbf0-7591ca6876a1,2025-08-27,paid_facebook,basic,US,Retail
8f92693b-a6d1-4b5c-81df-3c6c915325aa,2026-04-20,paid_google,free,CA,Finance
de6bbdbe-93a4-47bd-98b8-ce744be5ac5b,2025-12-24,paid_facebook,basic,DE,Education
9a653c4c-0930-48b1-ad84-da841e59abda,2025-10-07,direct,basic,UK,Healthcare
05ec0d81-b3d1-414f-805f-6180fa89bb40,2026-04-07,referral,free,IN,Education
bc25aa4e-6dcd-48c1-8cfe-8e70c2dd6f24,2025-06-03,paid_google,free,AU,Education
f0788812-542b-4d39-9187-5b05af371fe3,2026-01-28,organic,free,DE,Tech
1344cebe-8a54-4b78-8389-9000894adae5,2025-09-29,organic,free,UK,Tech
bd400063-b1f1-4ebb-ab96-ba75be35732a,2025-09-10,paid_google,enterprise,FR,Finance
6853f31a-5c75-44ba-8090-658902902808,2025-07-08,referral,free,CA,Tech
2c511087-bfbe-4edb-8f2b-a491630aaef2,2026-05-07,paid_facebook,free,US,Finance
ccf2c860-5445-4b22-ade5-f4b9a41d656d,2025-10-11,paid_google,free,CA,Finance
d020b90c-7a87-4082-bba5-fe724778588f,2025-12-19,paid_google,basic,US,Healthcare
e48d4eb9-637f-49f9-8847-760b1e163931,2026-05-14,paid_google,free,US,Healthcare
b57a7190-6d1e-4441-8ab1-7dd459c2e232,2025-06-21,direct,free,AU,Retail
09786854-edf2-4932-b4d0-5e00e0b27759,2026-01-28,referral,free,FR,Tech
b7277e44-9d65-4159-83cf-c59eab1ba675,2025-09-17,paid_facebook,basic,DE,Retail
f8f035fd-aae3-4410-902c-9d332f7f8f98,2026-03-30,paid_google,free,US,Education
1a3854ed-166a-4a2e-9ed7-4a8e612c88d1,2025-08-23,organic,basic,UK,Finance
fdf9b1a3-a7ad-4f6c-b7b6-ba7f3caf9afe,2025-08-22,organic,free,FR,Finance
4d0cde0b-8d8c-4c0c-9b43-7f3509792460,2026-03-18,organic,free,FR,Healthcare
032543ce-a5b7-4409-aada-956731add31d,2025-08-08,organic,free,FR,Education
cf60ce88-400c-4f51-9c76-e3e0f3c3b0d2,2025-10-07,direct,free,US,Finance
de51d604-92ee-4b73-9da9-e18666cea631,2025-12-13,organic,free,AU,Finance
3a3e3b13-ca9b-4547-9e6f-50742a17c996,2025-10-18,organic,free,DE,Education
fb9e24fd-f88a-4b36-b54c-c596156d7619,2026-03-10,paid_google,basic,US,Education
47b55ab8-ad61-4b2b-8c10-b9db88952932,2026-04-08,paid_google,free,US,Finance
73ec01c5-2559-412e-bddc-d3c9594de1cf,2026-01-20,direct,free,DE,Education
52ece68b-6483-4cb7-83a1-f93af604c6a2,2025-06-23,organic,pro,US,Tech
b326ea07-c0a3-4bd2-be05-8401eb7b8bbb,2025-10-31,direct,free,US,Education
59d2e0ba-22e8-4474-b3e2-c91bc15adc75,2026-03-04,organic,basic,US,Retail
00a86b4a-f522-45f8-b646-6110d3564731,2025-07-31,direct,basic,US,Retail
ccd5c5c0-70be-48fa-b909-4769a053a21e,2026-04-15,paid_google,free,US,Finance
666ff270-5127-4bf8-9b5f-0c6c38ff84b5,2025-07-22,paid_facebook,basic,US,Finance
d2280fd4-d04f-4e73-ab53-0aa37eafa371,2026-05-10,organic,free,US,Healthcare
8f89cf2b-5a49-4939-bee7-961e6c715a41,2025-10-31,paid_google,free,DE,Education
91e7a20a-5fce-4bc4-9607-e1fb12f00318,2026-01-23,paid_facebook,free,US,Retail
db95cdba-df8a-4734-9544-181d7b2fe65c,2026-04-07,organic,free,US,Healthcare
213e3e62-6896-4de9-86ab-81d4068365a6,2026-03-29,organic,free,UK,Finance
f313b57a-23ef-4a0f-9ba3-ae249efc825d,2025-07-02,direct,free,IN,Tech
a403c808-12c3-4126-b099-25e95eb9a240,2025-07-25,paid_google,free,US,Education
27a85f25-405c-427e-ab7c-a3f925b8b6ab,2026-05-18,direct,free,US,Healthcare
3455f8fc-0f89-4415-b217-415eb90f6024,2025-07-06,paid_facebook,free,US,Tech
a6af70c3-41e7-4d64-8392-10134e763d1c,2025-09-18,organic,free,FR,Finance
e69874f5-8665-4123-a953-5c960cd30526,2025-11-24,organic,free,CA,Retail
0beb3117-572e-4e73-a601-cdeb58ff8967,2026-05-28,direct,free,US,Healthcare
dfeb9e6a-7541-450a-8798-3168a2c2e355,2026-04-10,paid_google,free,DE,Healthcare
9f24862c-e0f3-4f38-932c-ab53595cca45,2026-03-22,organic,free,US,Finance
1c3212e5-b366-4ad3-9b9b-f51c77a9f35c,2026-05-02,paid_facebook,pro,US,Finance
0408097a-06d6-4472-bec0-994dc1718519,2025-09-05,organic,basic,UK,Retail
ec1b72f0-3af6-4c68-aab9-e3d1f31bc240,2025-12-30,referral,free,UK,Retail
c129ee7d-c1f1-41e8-8307-fa64ef214b81,2026-04-13,organic,basic,CA,Retail
9f86e76e-48a9-4a0e-ad15-82cb2225949d,2025-10-15,organic,free,US,Tech
c7bc76c3-c3d4-4392-a51e-a6cec34e857e,2025-06-06,organic,free,IN,Tech
3b19b151-90ef-496b-8580-8422e7704766,2025-09-17,organic,pro,US,Finance
009eff02-e071-41e3-97b9-87b543a34a14,2025-07-05,paid_google,free,US,Healthcare
1b7757f1-ef6c-4bb2-bb2f-022629018ee3,2025-07-09,paid_facebook,pro,IN,Tech
41a78a3b-2777-4774-9cc0-1a2d099f755a,2025-10-28,paid_facebook,free,FR,Finance
a903dcb1-3062-41c3-85eb-af62dc4f297d,2025-09-26,paid_facebook,free,US,Tech
32f42532-15ea-4aea-b98a-8c11e25ac712,2026-02-16,organic,free,UK,Retail
4bbf6c99-1a87-4a45-b113-0c3b44e39e3b,2025-08-26,paid_google,free,CA,Finance
d79e5802-8227-46e6-831f-3c13c7106fc6,2025-08-15,direct,free,AU,Retail
38dad4ea-46d2-494d-a822-2b092b832ba1,2026-04-09,organic,free,US,Education
46ff1217-6a85-4b98-bfac-0d20cd6006b5,2025-12-31,organic,basic,UK,Healthcare
f6a2cb62-ce8a-4ec2-95e4-794d1806ea9a,2026-03-12,paid_google,free,IN,Retail
a98729ec-f83d-4fdd-8f37-d14602603ab6,2026-01-25,organic,free,US,Healthcare
970f2949-ec3f-43b4-9d3a-b5c1947cc19e,2025-11-12,organic,free,UK,Finance
a9072044-cd2e-4785-8d5b-8ffcba18deb1,2025-08-26,paid_facebook,pro,UK,Education
ee2a6fee-47de-45b7-84dc-0c061871621f,2025-10-19,referral,free,AU,Healthcare
a8d764ef-0863-444a-820f-ab3e32a9a22f,2025-11-07,paid_google,free,IN,Tech
9deda545-ea6f-4c38-bd39-dc8bdd7e8ea7,2025-07-16,paid_facebook,enterprise,US,Finance
ba5185f5-2814-4d72-8399-792d78355015,2025-09-20,organic,free,US,Education
c6d8ad7c-3119-4aad-b318-085d1d04dae4,2025-07-15,paid_google,free,IN,Tech
9d17a2b5-d062-4a18-8008-5f08aad4e021,2026-02-02,paid_google,basic,IN,Tech
233bc321-732b-4a63-884b-d570fc4719a7,2025-09-12,paid_google,basic,US,Education
d9bf1b34-4827-475e-8342-a4ac60d4c251,2025-08-24,organic,free,US,Retail
7164074f-b47e-4726-92dc-07294900af5c,2025-10-12,paid_facebook,free,AU,Education
2eed98ae-c970-4917-a0cb-e68a8fd5d94c,2025-09-16,referral,basic,US,Education
44841721-2811-4cc8-9015-c59fb0a070c2,2025-06-18,paid_google,free,US,Education
98146a3e-774a-4723-88eb-b4fb47693f2e,2025-09-02,organic,pro,CA,Healthcare
4ad488e1-43f6-4198-af7b-bcc0e6a88eda,2025-10-28,organic,free,IN,Retail
dac9642d-bc95-4546-a5cb-03948e1873f9,2026-02-01,organic,free,CA,Finance
6f606834-f1a3-4d16-bde5-b8769ca0602a,2026-03-16,organic,free,US,Tech
eb065d9b-6199-4d0d-916f-7becf7ceb5ab,2025-12-26,referral,basic,FR,Healthcare
7e71fbcf-2f9b-479c-a666-1337435b44d1,2025-10-04,paid_facebook,pro,US,Retail
65103a89-6717-42e7-89d9-583e57ad463b,2026-01-21,paid_google,basic,UK,Education
c1a1cf92-eecb-49d9-a940-820fc0f14a5c,2025-09-30,referral,pro,UK,Healthcare
8899024b-047c-4667-971c-22b42360ee4e,2025-10-16,organic,free,US,Healthcare
c8bb74d2-8d03-436c-a7a4-593a653439f1,2025-09-23,paid_facebook,free,UK,Tech
7c24ad65-0b17-4fce-908b-e3953099df70,2025-11-09,organic,basic,US,Finance
5a1c11bf-d687-4e19-a15e-1cec59927a84,2025-12-18,organic,pro,US,Retail
d46ae54e-3fa0-42c1-b28e-d5298560a86c,2026-01-20,organic,basic,US,Retail
e3824461-ce46-4561-ba4d-8f155d3776ab,2025-06-28,direct,basic,IN,Retail
99b699dc-34e6-4760-b8d8-480bb63ef8c0,2025-06-11,paid_google,free,FR,Education
961ef671-720c-498c-8ccb-424e2dbd987b,2025-12-23,organic,free,US,Education
1b5286e5-a2e9-4cc3-9123-909d4dd58be6,2025-11-14,paid_google,pro,FR,Healthcare
e32a6484-a576-408e-9f92-2189d974ab04,2026-02-02,organic,free,FR,Finance
18b47ee2-aede-4485-accb-0a13a1b2fd8c,2025-07-17,organic,free,US,Tech
8ce0bba6-b164-48ae-aa8a-55c9bfe432da,2026-02-01,paid_facebook,basic,FR,Tech
c69997c5-1f3d-4ef3-b488-48dff2fff2a4,2025-10-05,organic,free,UK,Finance
3a8cb122-b06e-4928-a0a4-ff1490aea0bb,2025-10-25,direct,basic,DE,Retail
a0e09cd3-8190-45d5-9a0b-021961da8506,2025-09-26,paid_google,free,FR,Finance
ec37fc35-5fc0-4611-9a09-5ba4854fbbf8,2025-10-30,organic,basic,DE,Tech
255bdcb4-39ca-4642-9e4b-4b597fc6427a,2025-08-11,organic,basic,US,Education
bc66f42b-ae41-41c7-a682-874cac4c7bc8,2026-05-29,paid_google,free,CA,Finance
90bd4372-9c0a-457a-a710-a7629fb0ad69,2025-10-15,organic,free,UK,Healthcare
78185bcc-d2b1-4edd-bcd4-08d1a6a6244a,2025-11-22,paid_google,free,US,Education
a8a3fa65-973d-44c0-92fa-c08622b7b48b,2026-03-16,paid_facebook,free,US,Healthcare
3fac0fab-6080-4119-b9c2-69149022461c,2025-06-19,paid_facebook,free,US,Healthcare
979451c1-76ab-4277-82fe-f48c82b5c603,2025-12-12,paid_facebook,free,AU,Finance
288462d9-5cf7-4ab9-b58e-452db21a4e73,2026-04-26,referral,free,AU,Healthcare
958df803-4d7b-4084-b5ce-87db8f8c5d75,2025-11-22,organic,free,FR,Retail
f87664b9-dbe1-4391-bd13-e03bde3d2f73,2026-05-20,organic,free,US,Finance
b55ad42d-cb0d-4afe-b8da-b880b6fe50cd,2025-10-19,paid_facebook,basic,CA,Tech
debc0674-c9a1-4024-b92f-461877c659c1,2026-02-01,organic,free,CA,Retail
e101701d-bd66-476b-8711-6fb827c88ff6,2025-09-01,paid_google,pro,US,Education
cd6a6826-8446-44ee-8d7d-cef403e94db8,2026-01-25,paid_facebook,basic,US,Finance
98093395-202d-44cf-ab34-3bad13b78ec8,2025-12-22,organic,basic,US,Tech
87605864-3669-4a25-bb89-67d173005403,2025-07-18,organic,basic,FR,Tech
8d60db44-9a6e-4847-8649-884a655007b0,2026-01-31,paid_facebook,free,FR,Finance
4b5071de-dbe7-4847-aba3-eb4de8c80ec3,2026-04-16,referral,basic,AU,Retail
96221510-5e82-4849-bd78-3e88c7717bc3,2026-04-13,organic,free,UK,Tech
67bbfb2a-a8db-42f9-b124-69b5279dcb62,2026-03-22,paid_google,pro,US,Finance
5087814f-0c81-4ee0-a3c0-bfa9e34fae3f,2025-10-06,paid_google,pro,FR,Finance
0fc74652-4d34-46ff-8533-0b4f840d6b35,2026-05-10,organic,free,US,Healthcare
2f08cd1a-3986-4a5f-9237-e411a6d909cd,2026-03-09,organic,free,UK,Finance
049eb188-ba52-49f9-a5f0-371857b1b7eb,2025-06-17,organic,free,US,Tech
ce180ebc-2b77-4b66-a04f-b9280305066e,2025-08-10,paid_facebook,basic,FR,Healthcare
8aadff47-dde2-4277-8c2d-0cf000177077,2026-02-24,paid_google,free,US,Tech
6a2232d5-6893-414f-b964-5493428f399c,2026-04-21,direct,free,US,Retail
57bcf6c1-1650-4798-bf0d-18a90d18c0a2,2026-03-09,organic,free,IN,Retail
6b8d313e-43c7-4029-852e-1f1ae8313fcf,2026-04-01,direct,free,US,Tech
60123fac-2928-435d-8e00-7ada562dff22,2025-06-07,paid_google,enterprise,FR,Education
f9941f4d-550d-4109-b9bf-9de02ffd3982,2026-04-10,organic,basic,US,Education
152155fa-09a0-4cb1-9453-d0829d8b1656,2026-04-01,organic,free,FR,Education
4e35f46d-68ea-4d07-80db-039a7efd0066,2025-09-11,paid_google,free,CA,Tech
e0a17d4a-8435-4985-922a-f1ccbdf3db7a,2026-04-05,referral,free,CA,Finance
8f61a278-a815-43dc-8aac-c6c8d80b7e5d,2025-12-10,paid_facebook,free,FR,Healthcare
ec61b352-2991-4ed4-ac4a-9cd479d3455d,2026-01-27,paid_facebook,basic,UK,Finance
e47e89ef-84d0-490c-9900-5fd82a4691cd,2025-08-01,organic,free,US,Tech
cb003e61-2063-413f-8b3e-8437db3bd65c,2025-06-17,organic,free,US,Finance
3a570386-a852-4fb0-ba24-a20107fa5484,2025-11-18,organic,pro,US,Retail
abf0a244-02af-4777-af23-37f7f1105c25,2025-06-25,organic,pro,IN,Healthcare
15eaea0c-5e98-43e6-91c8-b8de90825493,2026-02-06,paid_facebook,free,US,Tech
d493bca0-3977-4314-bfea-e739268c5374,2026-02-08,referral,free,US,Healthcare
01554d8f-bbfd-44ac-bdfe-e141835f36cc,2025-12-24,organic,free,US,Education
80b4d1fb-f9c5-4708-9f94-d8d9fa377747,2025-06-29,paid_facebook,basic,CA,Education
ecd288da-31f0-44b9-b671-28a24ae7b7b4,2025-09-25,organic,enterprise,US,Retail
1dc9b983-15e1-43b5-8efd-c5a3629b74f2,2026-03-09,organic,free,AU,Tech
c03df059-dae1-46a6-b317-3e17b83511d9,2025-10-22,organic,free,US,Education
650b9ced-6bd2-4b84-a0ff-c514d0f3b926,2025-06-25,organic,pro,IN,Healthcare
b1082639-8aee-42bd-a996-f5b31511f24b,2026-04-06,organic,basic,AU,Healthcare
9b8e9780-cf31-4ed8-8b8b-0696177d9cc8,2025-11-03,organic,enterprise,US,Retail
6550561a-5252-4a36-8429-1af63cce0add,2025-08-12,paid_google,free,AU,Education
e9c28afc-5372-4ded-b69c-3c0cbb04cc7a,2025-09-28,organic,free,IN,Finance
43b57394-4929-4534-a8b7-d122909a6007,2026-04-08,paid_google,free,DE,Education
0c13fc48-a0a4-462c-9663-483ea51e6fc0,2026-04-17,organic,free,UK,Retail
bfa7d47a-0029-46ca-a896-d90c6f2305b8,2025-09-01,direct,free,US,Education
f1c66320-842f-4a8c-afdb-c51b9503ab7e,2025-08-25,referral,free,FR,Tech
6addc6ad-5410-4e58-82ee-ebd966cada70,2026-05-02,direct,free,IN,Retail
3397006d-b12c-45b0-8832-4a648fde1a11,2026-05-30,paid_google,pro,US,Finance
96e6e64b-2ced-4853-aa40-507c62606612,2025-09-26,paid_facebook,free,FR,Healthcare
85d15997-8ac7-4886-9f3d-2e5fcd907c6f,2026-01-19,organic,basic,FR,Education
d29f0988-f9d9-4f39-afa8-8c69a8b15e20,2025-12-16,paid_facebook,free,US,Healthcare
c89ce7e8-7a08-4fd0-8ab9-7e454c48d8f1,2025-12-23,organic,basic,US,Retail
714ad573-7cea-4387-a9e3-9fcdf5b1a283,2026-05-05,organic,free,UK,Healthcare
43244df4-06f5-440f-b8fe-7e1b5be16a59,2025-10-25,organic,basic,FR,Tech
47bfd27e-260a-4f29-80f7-aa2244637f71,2026-02-26,paid_google,free,US,Retail
f87a85a3-721a-4f66-b2ba-63282cbf68bf,2025-10-17,organic,free,UK,Retail
310924fd-8d15-409b-9a1e-834731073b4f,2025-11-28,direct,basic,IN,Education
11d237f4-5781-4be5-9d1d-f2981eb6374c,2025-06-30,organic,free,US,Retail
029cb608-30c9-464b-9fad-e4a71bb5d4f0,2025-07-27,referral,free,UK,Tech
e9489671-7f9f-4d9a-93b3-e6c8652a1bd2,2026-01-18,organic,pro,US,Education
1e7d58f3-cc27-4670-a34c-ba07f5566494,2025-10-24,paid_facebook,pro,UK,Tech
b68eb252-ff7e-4fc3-ad1e-305aa9e34acc,2025-07-18,paid_facebook,free,US,Finance
51600747-5aae-4264-836f-418b1d4b543b,2025-12-11,paid_google,free,US,Education
02f5f559-b98a-4660-a717-06049bc662b6,2026-01-10,paid_google,free,DE,Retail
b658847d-6ddd-4628-adb8-fc0b7a4b1c14,2025-10-14,paid_facebook,free,US,Retail
0c0ae8a1-3c71-4b05-be74-7f622f825a46,2025-06-22,paid_google,enterprise,CA,Retail
1cda1a92-aa17-46e9-90b2-5a9acf9bd9c3,2025-06-06,paid_google,free,IN,Finance
f24dda2f-353b-4e26-9956-48ee0583870e,2025-12-21,paid_google,free,US,Tech
55e753ac-fec8-41c8-bc76-eb8e1e6e26a0,2026-01-25,organic,enterprise,US,Retail
a86303ad-e1ba-4d91-b4c1-57a0b6023854,2025-12-02,organic,free,US,Healthcare
8f4ef476-3a30-4b1f-8b59-90107e2969c4,2026-05-26,organic,basic,US,Retail
a128cb4a-70dd-445b-8e8e-6be3ce5e51fa,2026-03-19,referral,free,AU,Education
7845d470-2543-4d40-8972-223e8d01f95f,2026-05-01,paid_facebook,free,IN,Education
86f3f9bd-7f3a-4ed2-bdfd-4bf2aa948288,2026-01-06,organic,free,DE,Healthcare
6f723a66-e8c0-45e6-bda8-4aac9af0fdf3,2025-09-24,organic,free,IN,Finance
ecc1f0dd-a8ac-424f-acf5-8d299ad13e8a,2026-04-09,paid_google,free,US,Education
d9013785-b6f8-4fbc-a534-7223bdd482e3,2025-07-19,organic,free,US,Finance
fe567b7c-8f77-4c09-a3ba-602042c1365d,2025-11-20,paid_facebook,free,US,Finance
5c3a02d9-ca78-4fc5-83eb-77bd63c16ba4,2025-08-21,paid_facebook,free,US,Healthcare
22d216e8-eeb9-427a-9075-1dfc229c8faf,2026-04-18,paid_facebook,free,UK,Education
f21d936d-9a0a-49d9-8516-3d81df23594b,2026-04-29,direct,free,US,Retail
b85bbdad-b8fd-45f0-8410-c61f8d4c7807,2025-07-15,paid_google,free,UK,Finance
eedf648f-6046-4c3b-8c9a-0d05ceaf631c,2026-05-01,paid_google,basic,US,Finance
a6a22398-ac69-4318-95e3-ad46de722c1c,2025-06-20,paid_facebook,free,UK,Education
f266c39d-06c3-4676-b0f8-3fddb24d8074,2026-01-07,paid_facebook,free,US,Education
232dbc9e-8188-430f-8077-cac007b0fd60,2025-10-01,referral,basic,US,Healthcare
75dc983b-544b-457e-83ba-73f61c308590,2026-01-20,paid_facebook,free,US,Tech
b8702597-4bbf-4384-956d-d3c2ffebdc8f,2026-01-07,organic,basic,US,Tech
c4323587-9184-4417-bdaa-b8b74892b897,2026-04-19,direct,basic,US,Tech
e4f478ea-64fa-4246-bae6-2a602a8f3d25,2026-05-05,paid_facebook,free,US,Finance
87e7c244-bb8f-4027-a7d8-04b42eb146b0,2025-06-03,organic,free,US,Healthcare
61bfea8d-57fc-4422-b44a-8ffa1bc11a68,2025-11-29,paid_facebook,enterprise,US,Tech
35a5d288-2850-46ec-9539-da22c5f4c6f6,2025-12-23,organic,free,FR,Education
8917d503-595e-4f93-ac15-4bef6bdab0ed,2026-04-16,referral,basic,US,Finance
61623579-5115-4d9e-810a-b267427b9abf,2025-07-10,direct,free,FR,Finance
427657e9-5499-477b-97b5-75873200fa1d,2025-07-29,organic,free,UK,Education
eb542f76-dce9-420e-a0a0-bb6701e3971a,2025-08-01,referral,free,UK,Healthcare
ef026682-408b-434d-9337-458090f4106e,2025-10-10,paid_facebook,free,IN,Healthcare
6ded0920-4aec-4c24-8632-c7e0709b0679,2025-07-30,paid_facebook,free,CA,Tech
de22bc60-540a-45e0-b1e1-a5f8f614f775,2026-04-27,organic,basic,US,Education
f8d8a63f-2cbe-44a9-986b-6368d17ff86a,2025-09-30,organic,pro,US,Retail
27572569-309c-4599-bd11-c22132276456,2025-09-15,paid_google,basic,IN,Healthcare
89a6769e-8ae6-454c-99fc-4c0fcf392950,2025-09-04,organic,free,US,Tech
6b89e5d7-fe8f-4b34-b624-a243d1143be2,2026-05-13,paid_google,pro,UK,Finance
095695a7-520d-4766-9ddc-1b87d2d9b7d1,2026-01-21,referral,basic,FR,Healthcare
47ad6f4b-44a1-4751-9d2c-c5d1f91b71a6,2025-08-01,direct,pro,UK,Retail
3ba3ab86-a4eb-4be5-b9c4-127a023f22b1,2026-02-11,organic,free,US,Finance
a723fd96-ba5f-430f-b9bf-a38465757677,2025-07-19,organic,basic,US,Finance
1a704a2b-7f31-4133-9e32-1281babbfdb4,2026-05-14,referral,free,US,Education
4f9a22de-4c9c-4591-b902-8ac4be8dab5c,2025-11-06,paid_google,free,CA,Education
c4e5a77a-01da-40bd-bac4-6359edbe564b,2025-10-02,direct,enterprise,UK,Healthcare
0ce0ff74-16d1-48a7-8522-2806b2797d88,2026-04-13,paid_facebook,free,UK,Retail
5ad5d7c0-5b14-4386-bfb4-fe2cc2ba1e3d,2025-12-24,paid_facebook,free,US,Education
505037a1-8fcc-4dad-a7eb-248ef450c1be,2025-07-18,organic,pro,US,Tech
35f6894c-1ac0-4455-9f92-19fb2f11b7a6,2025-10-14,organic,free,FR,Finance
d983e907-57c6-454f-bb64-d9b8b13820e0,2025-12-18,organic,pro,US,Tech
a64dd3dd-de5f-406b-9f8d-2c597c6ff485,2026-02-05,organic,basic,US,Finance
e417ca03-0254-4ccb-90b1-723d96e11a8d,2026-04-10,paid_facebook,free,US,Tech
86e2c0f2-91b0-4b48-92d6-94e4fb59424b,2026-05-23,paid_google,free,US,Finance
572d3208-2840-4df8-b2b0-f9b625869660,2026-04-14,paid_google,basic,FR,Education
eef7ebaa-78a7-4a80-9481-8d4df8d3021d,2026-03-22,referral,free,US,Tech
9637faf3-03b4-48f9-b154-dfccef85d770,2026-04-10,paid_google,pro,CA,Healthcare
25017f4d-f9a0-476a-9959-34c9554a33e1,2025-12-26,paid_google,pro,US,Healthcare
3c49a3ab-2143-477a-8e97-57e928736de8,2026-05-21,referral,free,CA,Retail
60853bf4-c68b-4109-a609-ced8930f1f0a,2025-12-28,paid_google,free,DE,Retail
a1c101f3-6060-43fb-aaea-bed36418940b,2025-12-09,organic,pro,US,Retail
dc513a77-c741-48c7-8561-eecdf06e8c45,2025-07-14,paid_google,free,US,Tech
cb238d52-5cb6-41fd-a525-79705be41785,2025-06-29,paid_google,free,US,Finance
78100c82-fd80-4eb1-8690-8050e048e1a3,2025-07-29,paid_google,basic,US,Retail
f6a2d0c8-5b2d-4aa2-aa17-17fe711ee0f9,2025-08-10,organic,pro,UK,Education
402184b2-6751-4b42-be2a-6059f3b3d679,2025-08-31,organic,basic,FR,Healthcare
7441b3e9-4197-4d96-92eb-6de64294b5ce,2026-02-20,organic,free,US,Healthcare
63902590-ab0c-4bdd-84c5-f33bb69b8433,2026-01-06,organic,basic,IN,Education
161261c9-aafa-4f27-ab8d-328a955a0bb7,2026-01-01,paid_facebook,basic,US,Healthcare
6ddea654-6ee7-4692-9518-00ca9e0d7237,2026-03-04,paid_google,pro,US,Tech
94f722b8-941a-4182-bddb-b13294e07966,2025-08-03,paid_google,enterprise,CA,Education
db2c4ecd-599c-499f-b8c1-9e03fc6e5988,2026-05-12,organic,free,FR,Tech
0527d38b-4849-4889-8f25-5f0cb0faf335,2026-03-19,organic,basic,US,Healthcare
210e7133-50ac-43ac-8331-296d39c4c8b6,2026-01-31,paid_facebook,enterprise,US,Education
1c79f10c-1201-4735-8bf6-358993987b20,2025-08-01,paid_facebook,free,CA,Education
5ca947a4-3142-4bc1-9b3f-822fd064850d,2026-04-28,referral,free,IN,Education
0e6ed341-af8b-4daa-93be-c4ac2094f430,2025-11-17,paid_google,pro,DE,Healthcare
1a971996-a092-42e9-95f1-c155b8f24a4b,2026-02-24,paid_google,free,US,Healthcare
1dde0440-54b9-4e1a-a6d3-74fd40a79904,2026-02-22,paid_facebook,free,IN,Healthcare
8e991cb1-af5c-4849-ae33-36f47ea88695,2025-07-24,direct,free,US,Retail
c953f3ab-9818-4fcb-86d2-3f446e33d258,2025-06-16,direct,free,UK,Retail
df563cf4-b8c3-4a78-a4d6-d5ab64483cea,2025-06-08,direct,free,US,Finance
b9a0fdae-beba-42ee-afe3-3325dd75b146,2025-09-12,referral,free,US,Education
318a9a48-8aa6-4977-9a35-fd105e9f8633,2025-07-29,paid_google,enterprise,FR,Healthcare
73e136e2-d41c-456a-a43d-b99822ef5b18,2026-04-09,organic,basic,UK,Education
ceb4b663-43b2-4f09-9179-7f6f7c3c4107,2025-07-10,paid_facebook,basic,US,Tech
4e3f96e5-ddac-45fe-8aac-a86ceb450b35,2026-01-23,organic,free,IN,Tech
516847c3-99a7-4e7f-bc76-1cd92a4112f6,2025-09-02,organic,basic,CA,Healthcare
f19615f0-088b-44ea-bb73-33f889017ba3,2026-01-08,paid_facebook,basic,US,Retail
efd4e335-fefd-4c19-903c-eba23737607c,2025-12-21,paid_facebook,basic,UK,Finance
7a3b0f1e-f3ee-4a97-b8dd-0a64d136313f,2025-10-16,paid_facebook,free,US,Retail
5620cc8a-a3b2-4c7a-8638-8bfa8cbb3fc4,2026-03-27,organic,free,US,Education
62dae965-8ed0-4a42-a649-789c9ed0f547,2025-12-24,paid_google,basic,FR,Retail
ea5740d9-70eb-47ad-bba7-e3e018342925,2026-05-02,direct,basic,UK,Healthcare
4b04fff9-f9cb-4c76-ba51-2dd2fe5c6025,2025-08-20,paid_facebook,basic,DE,Retail
a2eb22cc-0167-4b2b-a0b3-d2aa1315ae45,2026-01-04,paid_google,free,UK,Tech
f6e1660d-99af-4914-b18b-1e7068fb4e66,2025-06-02,paid_google,free,CA,Healthcare
6e118c53-082a-4f7e-bd90-ac2333f8be2f,2025-11-25,direct,basic,US,Healthcare
3bb5004a-9197-48fe-bc48-95bd8b88a89f,2026-05-12,organic,free,UK,Healthcare
4bbc90df-8724-4484-83e6-09b0aed82359,2026-03-06,organic,basic,IN,Retail
879217a0-d5cc-4211-8d15-5057d8ecae12,2025-10-24,organic,enterprise,US,Tech
c47065ef-1450-47c2-b5e8-998f9dcc74b4,2026-04-14,paid_google,basic,CA,Retail
ed6367ee-ca8d-44b0-90ed-74c5e008ca97,2026-01-10,organic,free,US,Education
f36fb11a-2555-4561-acf2-6c171866b613,2025-08-01,paid_google,free,AU,Finance
9d8c2001-b2ff-4aff-be58-f1e135894075,2026-03-21,organic,basic,FR,Finance
5f62e873-6e8c-44b4-b651-72e2fb7586d5,2026-01-25,organic,pro,CA,Finance
77649435-e2e5-4a56-b4a5-53b52d49cd87,2025-12-12,organic,free,US,Education
c0265b25-1537-4101-994b-42c701d425e3,2025-11-13,direct,free,UK,Education
62cab9ed-7fa7-4ff9-a00f-66e3f565ac9c,2026-01-08,paid_google,free,IN,Education
02cec222-6563-454c-8c17-4f97b0bf21a3,2025-07-31,organic,basic,FR,Tech
eab0fa71-5fbd-4da4-9818-383a9e10e2b3,2025-10-07,organic,basic,US,Healthcare
8755451e-e39f-41aa-a407-a2128816ad90,2025-11-20,paid_google,enterprise,IN,Education
b6eb736a-a5c9-4e9d-9589-6b7064766bea,2025-11-03,paid_facebook,free,US,Finance
856fdbd9-75de-46f8-b263-296d53d60004,2025-09-18,paid_google,basic,IN,Finance
5a895b4f-f88d-4eba-8471-65a54dbc6007,2026-02-24,direct,free,DE,Retail
e7efd051-298a-4216-91c6-81d5153cf164,2026-05-22,paid_google,free,DE,Healthcare
5311d746-3568-4df8-991a-f66cfa1e6b35,2026-03-05,direct,basic,CA,Education
84d63c5d-40c4-45a6-be83-9930d4415d08,2025-08-13,organic,free,UK,Healthcare
d99c29eb-9cca-4398-a829-57cd6c84385d,2025-12-24,referral,free,DE,Education
82104010-8b5c-4c35-8fee-c76269af3319,2026-03-06,paid_facebook,basic,UK,Finance
1f35e9a1-dee9-46db-9051-750e9ac2c92b,2026-04-22,organic,free,US,Healthcare
4d98ef1c-e793-49e1-bfc3-a78659884be4,2026-05-06,organic,free,FR,Healthcare
bc7033e3-31c4-45c3-a36c-e1092f1e47ee,2026-05-23,paid_google,free,US,Education
8e8db1b3-5344-4c44-afc5-546f62f500d0,2026-05-06,organic,free,CA,Education
987ef887-ebe2-4c59-9fb6-ce678c43a84c,2025-12-21,paid_facebook,pro,US,Healthcare
19ba985c-4f9b-449f-9908-778986baa308,2025-11-08,paid_facebook,free,US,Education
f269f6f3-3bd4-43cb-9508-b0468ba61c3d,2025-06-28,organic,basic,UK,Healthcare
8d9100c9-f952-4753-b415-53ba75e5b574,2026-02-12,organic,free,UK,Retail
d0b8c0ab-9f12-4ea1-9d3f-86c87b4a0e47,2025-11-12,direct,free,US,Healthcare
1a3f41fd-1d39-49e8-9dab-322fb869ad62,2025-08-02,organic,free,US,Tech
dec1a8fe-4802-4828-9a2d-0ced0430da61,2025-06-22,organic,pro,US,Healthcare
6681a27d-fd44-43a6-a838-0e639fbd7614,2025-08-09,organic,free,IN,Retail
d35cfa22-f3ad-4f9e-9091-4ca69d5c9142,2025-09-04,direct,basic,US,Retail
75d524c8-599b-49bd-962b-6cb2ce839c1b,2025-11-10,paid_facebook,free,FR,Finance
144e8977-84a3-4e26-b474-42996a0a784a,2025-08-18,paid_google,enterprise,US,Finance
0446e17b-b181-4f70-baa4-cccfd6e1c2bb,2025-06-05,organic,basic,FR,Tech
d0d39880-8edc-422f-8739-548f81c9c82b,2026-04-12,paid_google,basic,CA,Education
9f6d4a75-b31d-44ac-bea7-f14def0d1415,2025-09-28,organic,pro,US,Education
5075c39a-eb75-4362-b484-c2cf259e1ced,2026-03-29,paid_facebook,basic,US,Retail
6a55a5af-6713-47b3-b6f7-6a87bf414091,2025-11-25,organic,basic,AU,Retail
4979ce72-c732-432e-9680-0ca9ac0eecfb,2025-11-23,paid_google,free,FR,Finance
0e001635-a14c-41c6-9074-6b7ae6ff6627,2026-01-03,paid_google,free,FR,Retail
0d84b8fe-503b-49c5-a53e-17258fce20e2,2025-07-26,organic,basic,US,Healthcare
1e2eb4cd-f724-4b7c-bd2a-9d2737923dd3,2025-12-04,direct,free,US,Healthcare
e8d37885-821e-4cf7-8f02-99c011bfae56,2026-01-18,organic,free,US,Tech
caf78845-79fb-4a89-a0c6-e85334727382,2026-02-10,organic,free,US,Healthcare
443caf2e-519e-4d10-94d3-ffa8ed3f0b97,2025-09-12,referral,free,US,Tech
aa6fc9cd-d04d-43ae-9ce1-b1f88d4f0713,2025-08-16,organic,basic,UK,Finance
d23f9ff4-b1d0-4307-8224-8bc1e665a83c,2026-01-16,organic,free,CA,Healthcare
a76d004c-ceeb-42c2-b926-26c2a1a9f058,2026-02-13,paid_google,enterprise,IN,Tech
dcb7518d-9b52-45ee-9909-978e506c0258,2026-02-19,organic,pro,US,Education
6f2b0cb0-4ee7-44a7-853c-b36230aa92c3,2026-04-27,direct,pro,US,Tech
c69b0175-fd67-4c9c-8fc6-06875cddd9d0,2025-11-29,organic,free,US,Healthcare
6329d62e-5995-4b4d-a44f-90419ff5044c,2026-02-11,organic,free,DE,Tech
dfa9add4-e582-435e-a092-186c0f536322,2025-07-08,referral,enterprise,FR,Finance
1fa344e3-ecb6-47ff-9a4d-33427121ad67,2025-11-23,organic,pro,US,Retail
8cfb5cda-ad86-45bb-8c3d-3a675fd93b36,2025-06-27,direct,basic,UK,Education
e3cfcfd8-f562-4405-a9ad-18a3520ed863,2026-03-03,organic,free,US,Finance
681d1d04-e1da-4989-8470-d59e990f8328,2025-10-18,organic,free,UK,Education
991ed0aa-eceb-4aef-8b64-1deb9c512c93,2026-03-26,organic,basic,US,Education
00cec0bc-6929-44ec-af32-fd030436410a,2026-03-14,organic,free,UK,Tech
2eed2571-caa7-4abb-8167-4da7b100232c,2025-08-30,paid_google,basic,US,Retail
4fa23d05-6704-4ee0-a08d-c6388f085e97,2025-07-31,organic,basic,IN,Tech
2e2e6db8-0e04-40a6-8573-c32aef3cfbcb,2026-05-13,paid_google,basic,US,Tech
e8a6627f-aa42-4247-9f36-15e27c9206a7,2025-11-10,organic,free,UK,Healthcare
6512a284-cf79-4a67-bfd9-d91cbc76969e,2026-05-17,organic,free,CA,Tech
13890240-1d7a-400d-a360-54d2cb3b2b42,2025-10-21,organic,enterprise,AU,Retail
dc9d177d-6b4c-49dd-bc74-f4ea27292f78,2026-02-08,paid_google,basic,US,Finance
aeea2856-a5c2-4481-a827-4a12f800465c,2026-02-24,organic,basic,UK,Tech
b53b460e-b6d7-4a33-ab9b-74f86ddb5482,2026-03-18,organic,basic,DE,Retail
5101eb94-a96e-49a7-b5f5-1607e7e35a80,2025-12-04,referral,basic,US,Tech
d39998dd-45d4-41fc-9269-5337af8676a4,2026-03-31,organic,basic,US,Education
0b42e655-310f-49c4-8ea6-37a993962dc1,2026-03-18,organic,free,US,Tech
e5485684-7f3c-484b-b4fa-52388581c59c,2025-08-25,organic,free,IN,Healthcare
4b053eec-f4ed-461d-9759-9f40356de504,2025-11-13,organic,free,US,Education
933987f5-8730-4727-9690-5861e38972e9,2025-09-22,paid_facebook,free,CA,Retail
d6988aec-c6f1-4be6-a07b-9f711832f726,2026-05-22,organic,free,US,Tech
97698e2d-37ab-4b44-acb1-c239a78463a5,2025-11-30,paid_google,free,US,Education
0f26cedc-0336-4d85-b050-38535a1ed40f,2025-12-24,paid_google,pro,UK,Education
810b50e4-2cc0-49d5-a79f-47f4c33707d3,2026-02-11,direct,free,UK,Finance
0a77b905-d66f-4ba0-8e18-e2f7149d1c43,2026-01-21,organic,free,US,Education
0748035d-3a59-4932-b925-47148f5a1611,2026-05-21,paid_google,free,US,Retail
2549a9d9-40c0-41a3-ba62-ff9418d9d562,2025-06-03,organic,basic,UK,Tech
ff38e583-73d3-403b-a4a6-3d2ed263c461,2025-12-25,paid_google,free,US,Education
4303b232-6fdb-4f6d-9939-46be2d605baa,2025-12-14,paid_google,free,US,Retail
6fc93c6c-9080-497d-a6c8-3d18f215d3ac,2026-05-07,organic,free,IN,Finance
fc855cba-78d1-4991-bcf5-bd9cbd1647d9,2025-10-03,paid_google,basic,IN,Tech
10d63348-0732-4515-87fa-5b8884fae7df,2025-10-16,paid_google,enterprise,US,Healthcare
8de90f6c-b82e-4153-a4cc-d21faf788aff,2026-05-05,organic,enterprise,US,Education
5660081f-36fa-4188-bc38-472e08f85196,2025-06-25,organic,free,US,Education
6e8d3281-4294-43dd-86fc-332a251396e0,2025-08-07,organic,basic,IN,Finance
2b736c13-2c95-46cf-979c-22d148a01830,2025-07-31,organic,free,IN,Retail
a50c507e-b5af-461c-a4b1-a8cb0a8f5163,2025-06-29,organic,free,US,Finance
ec12fd8f-e8db-4f9d-bf35-ee14dcb3f1ad,2025-06-19,paid_google,free,AU,Retail
b399ef6e-1956-4e6d-8876-61354bb23c4c,2025-11-18,organic,free,FR,Tech
4edafc37-cc43-4482-9998-1454d2b39917,2025-08-13,organic,basic,FR,Education
1f16f2f2-340a-45c2-8e22-237dfb5fd42f,2025-07-31,paid_facebook,free,FR,Healthcare
b0de9256-fc59-4968-ace3-b5d4d245e648,2025-10-31,paid_google,free,AU,Finance
d02307ca-bd0e-4d6c-8f9b-c882f6b39607,2026-03-03,direct,free,US,Healthcare
7e1628f7-001c-4020-8542-4cdd1eccfc97,2025-07-18,referral,free,US,Healthcare
d40fc35d-9608-4aa1-86b0-29752845df49,2025-12-28,paid_facebook,basic,AU,Education
d32a9a00-ad23-4e5e-8b6f-8fc381015283,2026-05-09,organic,basic,US,Education
03919194-87ed-48be-bf73-9bf54f645925,2025-10-17,paid_facebook,basic,US,Healthcare
0d2d1bb5-20c2-47f5-9c4f-3abbd77957f5,2025-09-18,paid_facebook,free,US,Tech
c702213f-f5ac-491f-92a1-d9d24a3e7987,2025-11-30,paid_facebook,free,IN,Healthcare
d798f762-95e7-4c77-929f-4c6e4733160b,2025-06-28,organic,free,US,Retail
0a5cbd70-8550-414f-8c87-eb24d8ae0ee7,2025-12-14,paid_google,enterprise,US,Retail
ba1d26c8-2c9c-4ddb-9623-6e30719a7216,2025-12-08,paid_google,enterprise,CA,Retail
5b7c4031-6e66-4142-88e0-759a2f1883e5,2026-04-11,organic,basic,FR,Retail
0760e5e5-68ff-47ac-9c7c-6edd46944adf,2025-07-21,paid_facebook,free,UK,Finance
49444e3c-500b-4bc8-8bf1-623baac25961,2025-10-27,organic,free,CA,Tech
1c933166-5041-4847-81c7-adc8bafaa19d,2026-02-23,paid_google,free,US,Finance
c9857882-4023-47d2-90b9-f9ba5cf5cfdb,2025-07-20,paid_google,pro,US,Finance
0e605986-998c-4569-a407-5edd5d65f409,2026-02-01,organic,basic,UK,Retail
7bb7341c-fdc0-46db-a5b2-dbb9fa0b55d8,2025-09-21,referral,pro,AU,Tech
a4564517-9018-41be-87e3-88d22554dfbe,2025-11-17,referral,basic,FR,Tech
14ded717-5961-4f4a-891c-6e47011021a0,2025-11-13,organic,free,CA,Healthcare
52f71d9d-e898-4649-86e9-a698b88ea4e4,2025-06-14,organic,free,US,Finance
2e63248a-c751-4c52-a4a6-a4890e0b549a,2025-12-20,paid_google,free,IN,Tech
a37f5531-ba08-4a61-b87b-03c804d843b9,2026-03-15,paid_google,free,US,Education
459106bb-b13e-4eea-a65c-863e0c0d7505,2025-12-06,paid_google,free,US,Finance
d465d4ef-7468-4908-bc03-32c57c1467dd,2025-11-02,paid_facebook,basic,IN,Tech
7e27c7ee-63bb-4206-885d-a56bd89d2c3d,2025-07-25,direct,basic,IN,Education
9cf2cfa5-3f7c-441b-bde1-6a677a55fbac,2025-11-29,paid_google,free,DE,Education
c9f6026e-df76-412d-aeb3-47428ffb3cdf,2025-12-27,organic,free,UK,Education
219c855b-863a-48d6-9064-184661f7de78,2025-08-14,paid_google,free,DE,Retail
31a41179-023d-41bb-b9cd-9185ad27a9f3,2026-03-04,paid_facebook,basic,US,Healthcare
45b58514-9354-4e6f-9c20-63a1a8a72cfd,2025-10-11,referral,free,US,Healthcare
237b35fc-25e5-49f6-b235-227496389639,2026-05-09,organic,free,AU,Tech
94a71dcf-f12a-4f19-88fa-a5eae659704d,2025-07-29,paid_google,pro,US,Tech
6811208f-6d91-4c90-a72e-a2764e99cbef,2026-05-11,paid_google,free,US,Healthcare
3c5b9c70-2103-4653-8b34-143e84b85d55,2025-11-29,paid_facebook,free,IN,Education
c4f1e408-51e7-4dd5-94a2-f03c3b6614d7,2026-05-05,organic,basic,AU,Tech
80b5c60e-1557-45e4-a5ae-c3abc1635016,2026-04-17,referral,basic,UK,Retail
71aed5b0-1499-44ad-80f0-80ea6fd8accc,2025-08-03,paid_google,basic,UK,Retail
a681dd67-d34e-4588-a56f-a5662cc9709b,2026-04-23,referral,free,IN,Healthcare
9ae33b9c-5c78-451e-82d4-a982915118eb,2026-02-15,organic,free,IN,Tech
ac33a02c-de53-4cd9-8441-dbf0bf40f578,2025-12-10,paid_facebook,basic,DE,Tech
f2a18cc7-7500-46af-bdcd-056184a3ea30,2025-10-21,direct,free,CA,Education
3ef47f84-440c-4a13-ada4-26d4e31664a7,2025-09-12,direct,basic,US,Tech
8682d6e6-3468-4661-9652-a3ad54b1b99a,2025-12-31,direct,pro,UK,Healthcare
d8eb2c03-fd87-4a07-a39e-83fb0dc7fb1f,2026-01-28,organic,pro,US,Tech
2b4bc543-9871-4932-be5a-437ce2a4a3aa,2025-12-26,paid_google,free,US,Tech
52c79289-3cea-46e3-908d-ea62334f3ea2,2025-09-01,organic,free,US,Retail
81892cc6-a9ee-4192-8141-c897a342fcf8,2025-10-20,organic,free,US,Healthcare
d336c9a7-f8d6-4164-a84d-521208a33b23,2025-09-20,organic,basic,US,Finance
ba3ebff6-096f-4e29-ba89-7f6195285068,2025-07-29,paid_google,free,UK,Healthcare
6ddd8637-4aad-410b-91ae-971b523535c3,2025-07-13,paid_facebook,free,UK,Healthcare
b0c1f07c-2a30-48d4-969c-83778de8f362,2025-12-24,paid_google,free,US,Finance
97c824c8-f46e-4836-b323-489964de8e22,2026-02-23,paid_facebook,free,US,Finance
a422b7dc-114a-49b6-a7f3-a89fa62215f6,2026-03-23,organic,free,UK,Retail
487465c8-fe84-4f67-a08e-a1f1df22acdd,2025-09-26,referral,free,US,Education
0661ede5-b7a7-4d60-90e0-efed64b643eb,2025-06-20,organic,basic,UK,Healthcare
589ff6b3-aed5-476e-bdc5-cac27bdd22cf,2026-01-08,paid_google,free,IN,Healthcare
9f761d38-2e71-4e83-a6a9-731d57b756fa,2025-11-13,paid_google,free,DE,Healthcare
91999c92-12fa-4032-a569-1189a11eee03,2025-10-09,referral,basic,US,Healthcare
aede1fb3-c38b-404f-a80d-72cde1109c11,2025-11-03,direct,basic,IN,Retail
0d1c4732-20a3-4192-976b-271cb742ce87,2025-12-01,organic,free,CA,Healthcare
cd9d8bca-3418-4bcb-865b-ecf61bffe929,2025-08-29,organic,free,UK,Finance
fead9b96-33ca-46bf-a036-2ee719bc6f91,2025-09-02,paid_facebook,basic,FR,Finance
5dc00911-fdcd-4c8e-9a1a-62e9206eeff8,2025-06-13,paid_google,free,CA,Tech
a987cf34-76af-4ed1-9266-1f16345f7754,2026-04-18,paid_google,free,US,Retail
ad4e4abd-d8b6-431b-b7c8-13394ae34a63,2026-03-20,organic,free,IN,Tech
c3cc3366-a6b6-4773-bffe-811f67bbd13d,2026-01-16,paid_facebook,free,FR,Healthcare
008824d8-113b-43e5-8330-a8d2c1171efd,2026-04-18,organic,free,FR,Retail
b2e924d8-2a5e-476a-81fa-be940b5cd26e,2026-03-19,organic,pro,FR,Retail
37b9beff-7989-4ff2-88d3-9bcc1e309934,2025-06-26,organic,basic,US,Education
59a88b8c-2847-45a8-8ca8-bee3183af448,2025-08-14,direct,free,US,Education
d5585714-825b-427d-9c35-cedccaf0ecf3,2026-05-30,organic,free,US,Tech
2ee4a7f5-3091-4177-8ce0-8245367d27e4,2026-03-26,paid_facebook,basic,US,Tech
73f1d594-fe5f-4d7f-8600-ffc081c2b6a2,2025-10-28,organic,free,US,Finance
ce806aa9-d20f-4804-be75-7fd6c99601f3,2025-10-26,paid_google,free,AU,Finance
1a98e0ff-0445-4491-aee4-3db67085f59e,2025-06-08,direct,basic,CA,Finance
e93e2276-ccb0-466f-b9e6-bd4691b84a58,2025-06-29,organic,pro,CA,Retail
24fcc953-907a-419c-94c3-f0e89421c738,2026-03-23,referral,free,US,Healthcare
1aa4505f-6a89-460e-9519-c782233e1e00,2025-12-26,direct,basic,US,Tech
9067baeb-90ac-47b6-9546-6583660800b4,2025-10-06,paid_facebook,free,IN,Finance
a9a0df33-1729-4ffa-9da5-471901dd533e,2026-05-06,organic,free,UK,Retail
93549a0b-a08e-4c24-a2a9-cfd481907b7d,2025-09-24,referral,free,CA,Education
dc0216a1-a597-4c56-80db-47efd8970057,2025-10-22,referral,basic,US,Healthcare
1c4fc625-bfe6-46f0-bb71-67bd8616bfe5,2026-04-14,direct,basic,UK,Education
95b718de-7ac2-4da3-bd3d-2d97af16a0ee,2026-01-21,referral,basic,US,Education
2803dc97-8ef3-43e8-a1e6-0341f6282309,2025-06-07,paid_google,free,US,Healthcare
ab5b914c-4a74-4571-906f-b6627fcfd332,2025-07-15,paid_facebook,free,CA,Retail
540a50ad-bd86-436f-b838-2cf24c435347,2026-01-25,paid_google,free,US,Education
91df6e0a-3727-49e4-9aab-994e073755f0,2025-11-02,organic,free,FR,Retail
79e2750c-ac35-4b2d-9a0c-e9531e641fcd,2025-11-28,paid_google,free,CA,Education
a7614ae7-7f08-4c7d-b360-bea7ff40a02a,2026-01-01,paid_facebook,enterprise,CA,Finance
05103957-5372-441c-b88b-7564a64939eb,2025-08-27,paid_google,basic,US,Healthcare
839a0ada-c072-4a7a-b897-0d608148e57d,2026-02-11,referral,free,US,Tech
1f76194c-6f66-492e-972d-bf98223c07ba,2025-08-12,organic,free,UK,Healthcare
e8e12ae4-7951-4c39-bef7-09cbc507c556,2025-11-26,organic,free,FR,Education
791978c9-6a9f-4edc-b887-12a1cdda9556,2025-12-29,organic,basic,US,Education
d4c544c3-3683-4bd7-994a-c3269afcbb91,2026-03-20,organic,basic,UK,Finance
073c03f3-da05-4eb2-9953-88746b248a6e,2026-01-20,paid_google,basic,US,Finance
29898475-be2e-45ae-ba12-2388323ee676,2026-01-25,direct,free,IN,Healthcare
8236c0b3-742a-4e1e-9ed0-72e15be5bd10,2026-01-09,paid_google,free,CA,Tech
cad778f5-b736-487b-bf3e-1e9a94e83a67,2025-09-27,organic,enterprise,US,Healthcare
6b8ee52d-3e64-41b2-ad31-820d250341a0,2026-04-09,organic,enterprise,CA,Tech
1739ad61-67a7-4693-bb89-5f4b11255b3a,2026-02-19,paid_google,free,FR,Retail
090f2db2-74d3-4f8e-8074-b550b5175657,2025-12-24,organic,free,UK,Education
163416eb-a0a1-482f-8378-7643991602f8,2025-09-03,paid_google,free,US,Retail
1f5724d7-3432-4beb-bd32-6ed0ad4fb2eb,2026-01-08,organic,pro,US,Healthcare
56e705c8-1a12-4664-9c85-57b9808dcccf,2026-03-03,organic,basic,FR,Tech
664c53a6-5bef-4c10-a158-b0af0dfe7758,2026-01-17,paid_facebook,basic,UK,Tech
26dae298-8eeb-4da4-a4cc-26a1d2a19295,2026-04-05,paid_google,free,US,Retail
ffc106b9-e466-4254-b900-5cba3ee14a86,2025-09-27,organic,free,US,Finance
9c18d281-606a-44a8-8277-62aceecf6717,2026-02-23,direct,free,FR,Finance
0d41e2a6-d7b3-46ac-ad24-ba4e66360fa5,2026-02-28,organic,pro,CA,Retail
a601c5d6-227c-4ab8-8a07-115eda1f4ee9,2025-08-03,organic,free,US,Finance
ea32accb-fbad-4c4b-a2a0-dc42adba8b62,2026-03-25,paid_facebook,basic,US,Tech
20f2f3be-68ec-4233-b815-d946b796dace,2026-05-16,paid_facebook,free,FR,Healthcare
41af5551-9ca5-4838-af49-e2dff8f4b337,2025-06-11,organic,pro,IN,Finance
b65aadc5-8eed-43ca-8e29-0c0ade24b696,2025-09-06,paid_google,basic,US,Tech
b9050af5-fb51-4007-9aec-7137fad758d7,2025-08-10,organic,free,CA,Healthcare
9a60c01a-783e-48df-a313-d5ce7811be11,2026-05-30,direct,pro,US,Tech
f0a990ce-e207-4eae-ac56-4c7a3f2dbd30,2025-07-28,paid_facebook,free,IN,Education
07a94e39-6f97-4ebc-8730-c8df3c89814e,2026-03-17,organic,free,US,Healthcare
58425eea-f127-4c02-be9f-e78346152c53,2026-02-06,organic,free,US,Education
47425ced-16ef-41fb-b55d-477b7a3765bf,2026-03-03,paid_google,pro,US,Finance
a1d20639-3075-414f-87c4-0c858e1f5f4d,2025-07-20,paid_google,pro,US,Finance
181ee6fd-afb4-461b-867a-2b588855def5,2026-05-24,referral,free,US,Tech
1523780a-e118-435d-bc73-a85cbb6e3230,2026-01-02,direct,basic,US,Retail
d0b4b9bf-b0e9-4256-bf3f-6636fb2e5fe3,2025-07-22,organic,basic,US,Tech
82c332ed-545d-40eb-baed-002f675e6ecf,2026-02-26,referral,basic,AU,Education
4f2b30dd-34ad-4bcd-8188-95e0c3afafea,2025-08-23,paid_google,free,AU,Healthcare
33242eb2-4ae6-4fe5-9356-be960febaa8c,2026-03-20,paid_google,free,US,Retail
9bd7847b-9deb-4b2b-927e-6b287a9b1e44,2025-10-04,paid_facebook,basic,CA,Tech
57f28458-326f-4a8b-89b8-7bddc3efb50b,2026-03-23,organic,free,IN,Education
666c2f6b-ec34-4538-a99e-36e454bd0e01,2025-08-11,organic,free,US,Education
cd8ddfdc-3a86-4303-930b-6d446259b52e,2026-03-23,referral,basic,US,Finance
41d31f19-6859-46fb-97c4-37cd279d8f16,2026-01-22,paid_google,free,UK,Tech
f7bcec96-2ead-4544-8038-2ff3edafb3b6,2025-07-26,direct,enterprise,US,Tech
a39ed19e-d60a-4d49-a20a-975a1a5c4bd2,2026-05-26,organic,free,CA,Education
fc10aec6-876e-4270-96eb-3b9c11cfd4cf,2025-09-18,organic,enterprise,UK,Tech
0a1ecdc7-8768-4ddc-b2fc-bb2d31e20727,2025-12-09,organic,free,US,Finance
47940655-8470-40f0-ae88-ab1d676d1248,2025-09-01,paid_google,free,CA,Retail
69aad9b5-e5b5-4fde-8ca6-5f5ea404c6d2,2026-05-16,direct,free,US,Education
9728baae-0dcd-4e95-a3b1-6689d2cbdf0e,2025-07-26,organic,basic,US,Finance
64501ddd-0504-4b13-9692-ceec92afcd8e,2025-07-30,paid_google,basic,IN,Finance
bf5d8ae3-7011-45ab-9520-5da8437f59bf,2025-10-16,paid_google,free,IN,Healthcare
f6b861dd-63ce-4cd0-b06a-f289ed179ab2,2025-07-09,paid_facebook,free,US,Retail
7f4c4d48-3af5-4711-95ef-6a4623bbc1f1,2025-06-28,paid_google,basic,US,Finance
878075ec-c3c3-4bb5-b1d1-d5d52a30d9e8,2025-07-19,paid_google,free,IN,Healthcare
e07f32d7-cea2-4069-88ab-db81dcc815b1,2025-10-03,paid_facebook,basic,DE,Healthcare
365761dd-05d6-4569-8bb3-b236c6280593,2025-06-13,organic,free,FR,Tech
267f1083-5440-4e47-b808-ebf8e309d716,2025-07-06,direct,basic,US,Finance
8b2388a4-2199-461d-88c1-08792704d3f6,2025-09-09,referral,basic,US,Education
71ad3bd0-23f9-4447-a244-efb9eb6da540,2026-03-09,organic,enterprise,FR,Tech
9b082613-daef-49b5-ba2f-1ce6417ff918,2025-08-25,paid_facebook,basic,US,Retail
0e306837-5f5e-40e3-a5c0-00b41b0babea,2025-06-04,paid_facebook,free,US,Education
bae3c1c5-214a-4a3f-a55c-93dffe61b631,2026-01-09,referral,free,UK,Education
ef0fb32e-1282-4993-992e-d04a1db40a2f,2026-05-04,organic,basic,US,Healthcare
d65a07d0-009e-4b70-bb66-416733b4056c,2025-11-13,paid_facebook,free,US,Finance
ef7b84a3-b156-4c0d-8c71-2d8de870d1a1,2026-05-10,organic,pro,US,Healthcare
83c68aae-bdd5-45d7-bf8b-7f783cebc62a,2026-03-05,organic,basic,FR,Healthcare
33665cc4-0835-475e-81b0-b64517af2344,2025-10-08,paid_facebook,free,CA,Finance
3aa6aedb-59eb-4ba2-abf8-72ed17402894,2025-07-01,referral,free,UK,Finance
61e0e798-1039-4980-89f9-5552f407ca75,2025-06-11,paid_google,free,UK,Finance
fe2a6b01-372d-45ca-aae9-ac16b64030a5,2026-03-29,paid_google,free,CA,Healthcare
b8593f0c-fb15-40bb-9320-d3c738c48681,2025-09-04,paid_facebook,free,DE,Finance
f9235d0a-8033-4054-94f3-226335665a35,2025-12-07,direct,free,US,Finance
3628af09-c31d-4b64-912e-27cd7a6a3eb7,2025-12-09,paid_google,free,UK,Education
62902538-dd1a-4af3-b20e-87c585835a99,2026-02-21,organic,free,US,Healthcare
34d4fac4-7c35-4497-bfce-b18917fee593,2025-10-06,referral,free,UK,Finance
0654192b-2ee8-4c4e-9352-51a1e36405b0,2026-01-24,organic,free,UK,Healthcare
f69e9938-be93-4be4-ab7b-fbff4f6b1214,2026-05-21,organic,free,US,Retail
05420191-0783-4641-93f3-c339cbdef2c6,2025-09-20,paid_google,basic,UK,Tech
eb27c404-da30-4a4e-a9f1-b646b2eacd8d,2026-04-12,paid_google,free,IN,Education
d9dd7bc1-f814-451f-aeb3-e147ff7b751b,2026-05-09,paid_google,free,US,Education
44ebd5ed-4b83-41dc-a053-3b08398fa5cd,2025-10-23,referral,basic,US,Healthcare
99c7687a-be46-4a92-88bd-7f032f752538,2025-08-04,organic,enterprise,US,Finance
944db637-3c95-4c62-bbf0-33473b210c23,2026-02-02,organic,free,CA,Healthcare
19465f89-c4ce-4fae-8780-98df808a117b,2026-01-09,organic,free,UK,Tech
e66e4cd7-20b0-4eea-8a92-1d609bc6870a,2026-04-09,organic,free,DE,Education
5a5704d7-859d-4f37-a63e-e10d866c59d8,2025-09-14,paid_google,free,US,Education
27cd382c-a70e-403d-8e08-d2adef7025cb,2025-11-28,organic,pro,US,Tech
81e5280b-cc8f-4366-9e99-f035990a96c5,2025-12-01,referral,basic,UK,Healthcare
1ff26688-cf7a-4f76-8e77-11b0ac4d8c1d,2026-01-12,paid_facebook,basic,UK,Education
854a7305-b41d-4c01-8874-1fcd14d47020,2026-02-20,paid_google,free,UK,Finance
6f7d19a4-8e07-4c9d-9432-192c95bfdd94,2026-03-05,organic,basic,US,Healthcare
2bf4bbf9-591f-45ce-beea-c94af52919ac,2025-08-28,paid_google,free,US,Finance
ef8604a4-cecb-4a9b-b775-153a610f0925,2025-11-23,paid_google,free,AU,Retail
3bb8b1a9-0125-433d-9cbc-e2821c2e0d1d,2025-06-18,organic,free,US,Tech
0c67f250-8402-4692-898b-07fc9a093a54,2025-09-14,paid_facebook,free,US,Education
14766834-ab53-4e7f-8860-fd7b8460a50d,2026-02-26,organic,free,US,Tech
2ec1948a-18d4-4793-8631-f3faf5596760,2026-04-15,direct,basic,IN,Tech
757befca-0fc1-4f44-afbe-ff01947ea856,2025-11-14,paid_google,free,US,Finance
7f87d054-744b-49fe-aff7-36bbc5c3290b,2025-06-13,referral,free,US,Education
9ea3034f-df3d-4bec-afe7-1242d843ff72,2026-05-03,paid_google,free,US,Retail
22ace5c9-066f-4ac3-bb45-17b0ca1afc28,2025-07-02,paid_google,free,US,Tech
c0454967-6e9f-41c7-ac90-7dcd55497771,2025-07-10,paid_facebook,basic,IN,Finance
227893c2-e538-4efb-a632-d32bad0fe586,2025-10-26,referral,basic,IN,Finance
180935d7-ecb7-40b1-9796-f084def72b42,2026-01-04,paid_google,basic,FR,Education
59b42883-99ef-42d5-aab3-dc3c3c7d61b7,2026-01-05,paid_facebook,free,US,Healthcare
26ae37d0-795f-4588-a00c-cff7c1b3b3a3,2025-08-21,organic,basic,US,Healthcare
a5bdf981-bd1b-4b8e-8ed5-c4b1471f6bb1,2026-04-29,organic,pro,US,Retail
19de8d27-bd74-495d-8517-a24f9cbf9fdc,2025-12-25,organic,free,US,Finance
fe147d9b-968c-4f8a-a5ff-a61d9e26c813,2025-12-18,paid_facebook,free,IN,Healthcare
7d28a1a8-49e9-4d22-bddc-66d8bffa0e66,2026-04-28,organic,pro,FR,Tech
597bf6cf-cc65-4739-94b5-f379ab77479a,2025-07-08,paid_facebook,free,US,Retail
fba40790-c9b9-4256-a9c8-89012033eb2f,2025-12-28,organic,free,US,Tech
b0634eb5-cb60-4410-ad01-eba0370b2c57,2026-04-23,organic,free,US,Healthcare
1d61325f-133f-4383-aa6a-193e9971eac6,2026-02-04,paid_google,free,DE,Finance
0f6d3679-756a-4dda-b7d1-1562b515053a,2026-01-13,organic,free,UK,Healthcare
357c632c-3cca-44e8-9cdf-22af37770056,2025-07-18,paid_google,free,FR,Retail
252641f2-885e-42bc-a2f0-237960d8b334,2025-06-18,paid_google,basic,CA,Retail
d7f01a17-0dce-412f-8851-2392701bd329,2026-03-22,organic,free,IN,Tech
9f1e5704-0bf8-4dec-9e8e-7a6af6384e35,2025-12-13,referral,basic,US,Tech
54fffe6c-0f5c-4607-82af-18875bd09a71,2025-12-04,paid_google,free,FR,Retail
2b20a3d4-fd57-4506-8dac-fb1656239e81,2026-05-11,paid_google,enterprise,CA,Tech
e0dd967e-4c4e-4743-b367-188a3cef86c7,2026-01-10,referral,enterprise,UK,Education
5c3e3229-7793-40e7-a92f-e7e911f0dd17,2026-04-14,organic,basic,US,Retail
2c46c2a5-b7aa-43ae-b5c8-e95bf6ef240a,2026-05-03,organic,pro,US,Tech
58a61c11-4b2d-4a6c-9a4a-0c40474d793d,2026-01-15,paid_google,basic,US,Healthcare
76385e60-234c-4d87-a6eb-be93a844797f,2025-08-16,paid_google,pro,US,Finance
1b19ddac-3a1a-4a90-ba22-6c2da1263a29,2025-12-05,organic,free,FR,Education
34c05622-5af5-488f-b57b-893c625e3007,2026-05-12,organic,free,IN,Education
46a2ab35-176a-4822-9115-74eb791dfcd1,2026-02-25,paid_google,basic,IN,Finance
1bbb0a03-c9e1-49fc-ad54-d8cff7d291a0,2025-09-03,organic,free,IN,Finance
314c00e4-db38-4c91-9b27-3508697ec76a,2026-04-06,organic,basic,UK,Healthcare
8bd594b4-b752-4c70-b7dd-f376aa2e3f35,2025-10-10,organic,pro,US,Finance
bcd020de-c0b5-4a3b-a66f-4f7110d6e581,2025-07-09,paid_google,free,US,Education
fd05025b-7d47-491c-9295-d3ff31dd2a62,2025-08-11,organic,basic,FR,Healthcare
03e12575-ba66-4cd7-9aaa-ab1ef432e07f,2026-03-08,paid_facebook,free,US,Finance
0e2e0361-2cec-4b4c-a293-1a2c23293faf,2026-04-29,referral,free,CA,Healthcare
a84e8efa-d43a-4558-a121-21c429860b39,2025-11-07,paid_facebook,free,CA,Healthcare
794f0364-68ec-42e7-a5c2-be6e8907722f,2025-12-04,referral,free,UK,Tech
e7309927-5528-4690-9a04-d6c31ca154a6,2025-12-08,paid_google,free,FR,Finance
f3ce0c2b-f3b3-4634-ae73-e11e983092d0,2025-09-28,paid_google,free,US,Tech
38944ce2-a8a4-4f8d-8319-ce88989bf6b4,2026-01-06,organic,free,IN,Education
8ded088f-444f-4673-844b-cd3b94e5bbac,2025-07-23,organic,basic,CA,Healthcare
4581782b-41bb-4420-afc8-a6c7bae74350,2026-01-08,organic,basic,FR,Education
cc9f9765-47eb-4ff5-b9d2-9d2d51fdbb13,2025-10-09,organic,free,FR,Healthcare
bcccdaa5-cf36-4ab9-a5af-a6f4730289cc,2026-01-23,direct,free,US,Finance
0fe561a2-f96c-4371-aa6f-d8026c8925f7,2026-02-01,direct,pro,US,Retail
d6cbbc23-aaf8-47ff-bbac-ac93537e2576,2026-01-12,organic,basic,DE,Finance
d7ca9a11-2c01-497f-ae7c-7cc828a92f10,2025-12-25,paid_google,free,US,Healthcare
254bc0fd-171c-42b2-adc2-f80a571350e4,2025-09-04,paid_google,free,US,Retail
ad3a121e-9677-4759-b251-30b99373cafd,2025-12-17,paid_facebook,basic,CA,Retail
a340c802-530b-4453-8e7f-0be7fb97858e,2026-02-02,paid_google,basic,UK,Finance
fb99df63-7368-4402-9548-c480ef079203,2025-08-11,organic,free,CA,Education
3453a817-d980-4c4b-842c-14e08d2a42a0,2026-04-14,paid_facebook,free,IN,Finance
f98bdcc3-4a28-43dc-b85b-e7ba1b42c036,2025-12-02,paid_google,free,IN,Healthcare
a4aecb79-d4ed-47fd-a8b1-aa68782b8bfc,2025-06-06,paid_google,basic,IN,Education
4024d24a-8aee-40df-9239-866f41aae586,2025-12-23,paid_google,free,FR,Healthcare
9d4e6b97-4ca0-4cd5-9469-fcbb1684465f,2025-07-02,direct,free,US,Education
5637d93f-e826-4889-b655-89f5db75adde,2025-09-07,referral,free,US,Tech
64bdc9c9-ba28-40b5-a060-b9f640ccc346,2026-02-11,paid_google,enterprise,US,Education
2781a31d-dbba-4b62-953a-331463e3a59c,2025-12-04,organic,basic,FR,Tech
e90b11ab-fb77-4db5-866c-11f21431065c,2025-08-15,paid_google,basic,US,Healthcare
751a1be2-00e0-474c-81bf-233c9b0bde51,2025-11-24,paid_facebook,basic,CA,Finance
2e20b9dc-5bd5-4572-a27d-02e2eee2f1ed,2026-04-11,organic,free,US,Healthcare
2eace254-5fb7-403f-831a-7cc7f489c93d,2026-03-14,paid_google,pro,FR,Finance
a5776104-9e7d-413b-9a8f-5e2e0387e89f,2026-05-15,organic,free,FR,Tech
465180ac-0e91-4c1b-a3ed-435453c6e3d4,2026-02-10,organic,basic,IN,Finance
2ff3e578-487c-4201-9d98-c21d93a8a4c5,2026-04-21,organic,free,US,Healthcare
04dd5236-f538-49f9-9892-0c415ece3128,2025-12-07,organic,free,US,Healthcare
97eaa68e-7835-4f0c-910e-5b8cdc0a26eb,2026-04-04,paid_google,free,US,Healthcare
367b6f85-1bce-46cf-aa7b-03667106bfba,2026-05-11,referral,basic,US,Education
1bd94e2f-63f7-487c-87f3-27355f17df5b,2025-10-05,paid_google,basic,US,Healthcare
83ead132-9a70-4a23-8576-c01f5ff51602,2026-03-14,paid_google,free,US,Education
a54c3fa6-fe8c-4cb8-b5cb-d5c2d72b0bf7,2026-02-09,paid_facebook,free,US,Retail
b2bf7229-695a-469b-8caf-66a6fd6a9d5b,2025-12-30,organic,pro,IN,Tech
cce20624-32a8-434c-8f9e-3057b5b79b1f,2026-02-05,organic,free,AU,Retail
a53ac91a-0ee0-4cd7-b02c-98e2be206f8d,2025-08-23,organic,basic,UK,Retail
745b86e4-1cbb-427c-8d31-095352ea9277,2025-06-13,paid_facebook,basic,FR,Education
0f380c07-c0c0-4853-acd0-60e4a89c249c,2025-07-15,paid_facebook,free,US,Education
0b572715-0653-4731-8d8f-baa41ae5457b,2025-10-05,organic,free,US,Tech
b5b2e159-5804-4eff-b701-ebe8b79fccc3,2025-09-22,paid_facebook,free,US,Tech
fa4f2781-a4b0-48e5-91ad-a7c585255d0b,2026-03-03,direct,free,FR,Tech
1141b012-e404-43a3-b008-5f8acb885a8a,2025-12-22,organic,free,US,Healthcare
8d5c679d-692b-4954-a0e2-73f6bd4d54c4,2026-05-03,paid_google,free,FR,Healthcare
105d72b3-71e1-442b-be08-33ca48710b03,2026-02-28,organic,free,US,Tech
6015597c-e9d1-4454-a7cb-3dc0b4f25e1d,2025-07-28,paid_google,basic,AU,Education
afee21d4-1abe-40a4-b138-57baff5874f4,2026-04-24,paid_google,basic,US,Retail
99d3bd03-ec71-4f10-afc2-466e9b2f3fac,2026-01-05,paid_facebook,free,IN,Tech
54284353-cf7c-4cf2-97f1-57fdb5da39e7,2025-09-17,paid_google,free,FR,Tech
630a24aa-9533-4443-865a-569265f81dd5,2026-03-06,paid_google,free,FR,Retail
7dc6e857-ea97-40fb-9f84-bc738f56fc02,2025-11-21,organic,free,AU,Finance
4480bb13-ea9a-497e-83ad-2cf981e4d325,2026-04-24,organic,basic,US,Tech
36f0385b-1684-4adc-b12f-c100caee4136,2026-02-19,paid_facebook,free,CA,Tech
1d978ca3-90b2-47fb-a6a2-90ab3dfeaf14,2026-04-11,organic,basic,AU,Healthcare
6dc20b83-c1f6-4329-a469-e125a761bfd2,2025-09-19,organic,free,US,Retail
c3e0ff0e-f881-423c-8eed-4b4a3a10a8e0,2025-12-04,organic,basic,IN,Tech
d22328f8-34a9-4eff-9903-e59bd7dd72d1,2026-02-24,organic,free,US,Tech
c9497d50-1cfa-411f-914f-35778a73ecde,2026-01-15,organic,basic,US,Finance
782c6d3e-b6a9-463e-ab7b-2407c28d044f,2025-11-03,paid_facebook,pro,CA,Retail
3a28697f-5a04-4e59-a188-60a1f64bf71c,2025-12-06,organic,basic,US,Tech
d35f58b4-6d60-40d9-9222-c1248692ceaa,2026-02-27,paid_google,basic,US,Finance
42fca045-c8c1-4137-8c3b-09c339ba193a,2025-06-02,paid_google,free,US,Tech
aa040094-2d86-4411-a8a8-0f15515d68d7,2026-02-01,referral,pro,CA,Education
e8f7903f-edd5-4972-aa6f-aa74befa55c2,2025-12-27,paid_google,free,IN,Finance
af398d2f-b22a-46f0-9dda-f1b2f6a83ed6,2026-03-13,referral,free,US,Education
19626baa-0ae2-43b9-ae1a-83ee962aa671,2026-05-25,organic,free,FR,Tech
88297728-e77f-45ec-be8c-8567e43c7f7d,2025-06-13,paid_google,enterprise,US,Finance
c4418b62-988f-48d5-b14f-fa9e26be98fa,2025-09-04,organic,pro,IN,Retail
faffa36a-652b-4b10-a35f-81e89dbe6572,2026-01-07,paid_facebook,pro,US,Healthcare
301fdc19-7641-4810-80ee-f259cae56810,2026-01-24,organic,basic,UK,Tech
3cb72fd2-5168-4370-863a-5eda64148f9c,2025-09-02,organic,free,UK,Finance
4c81f1c8-f145-4f70-bc64-20f425506896,2026-05-04,organic,pro,UK,Education
206e0eca-1a24-4091-b369-898af02f243f,2026-02-24,referral,enterprise,IN,Finance
c347add4-2faf-4ede-86ae-e78d50a997eb,2025-11-18,organic,free,AU,Retail
810750f1-e0b5-452d-8a6d-0f15586aa185,2025-09-02,paid_facebook,free,US,Finance
1e5ee59e-2e5e-4746-ac50-4ff5a4cbcc90,2025-10-27,direct,basic,IN,Education
47bb96aa-1068-485a-afff-b65217a00ff5,2025-09-20,organic,enterprise,US,Tech
1d590ee0-cc28-416c-968c-829e92f7c641,2025-07-25,direct,pro,AU,Education
0c2dafb7-a233-4c07-a679-0e68b9bcd833,2026-05-03,organic,pro,CA,Education
a59aefd2-792a-4e25-85cf-c255fc1d8dfc,2025-09-24,referral,pro,US,Education
2e9d80e1-2b38-497a-ad28-2b258fd0f2eb,2025-10-21,direct,pro,CA,Healthcare
288889b4-6601-4029-8cd1-515e561e2e9f,2025-12-18,direct,basic,FR,Tech
da174d59-47dc-4883-96b8-a938815b8bca,2025-11-27,paid_google,basic,US,Healthcare
c72ed6ae-bb34-403e-a75b-9a9b5b942c26,2025-12-19,referral,free,UK,Finance
53b1f275-e9dd-4733-a528-d50ff1b9694b,2026-05-30,organic,basic,CA,Tech
ef18412b-ac76-4500-b874-a2bf48f6a330,2025-07-23,paid_google,free,US,Tech
882f56ef-5767-41fd-826e-c5426091e046,2025-11-27,organic,pro,CA,Finance
5b24bf86-f3fc-4a6a-8b94-6f7e22a30569,2026-04-09,organic,free,US,Finance
3494a296-1a43-435c-bcd4-d7d7320557f3,2026-04-04,paid_facebook,free,FR,Education
213bb9a2-3483-4634-913b-32a49b5300e2,2025-10-15,organic,free,IN,Tech
9c19ec1e-a499-4aee-834d-d515c9e3b646,2025-11-29,direct,basic,FR,Retail
223dee45-88c5-48a8-8a89-a3c1b900ab7e,2025-06-01,paid_google,free,US,Education
b0c2fcde-a62b-44ea-8914-88ed133eecc2,2025-07-14,referral,free,US,Tech
714654aa-8e0a-4664-8340-47152323fa6c,2026-01-13,referral,free,US,Finance
2be7e52d-62a9-4a4e-a228-86b5b77adb3e,2026-04-27,paid_facebook,free,UK,Finance
ee12f002-b148-41b6-83cc-da2a2c978d5d,2025-09-06,organic,free,FR,Retail
4f6d0770-4dab-4776-8851-f770ed1e8b45,2025-12-25,paid_google,free,DE,Tech
fa3d5cf6-c13d-459e-8a03-24c4c3685498,2026-02-20,organic,free,UK,Healthcare
67432d25-c8df-4976-84a9-210dfd232cb7,2026-03-15,organic,free,IN,Education
e14844d9-0a86-4f17-9437-e3b1c00f7626,2026-02-26,organic,free,FR,Tech
582fefd4-9281-4c63-867c-df2acc152895,2025-10-18,paid_google,free,DE,Healthcare
ddcb5efe-608b-401b-8776-9278f7a72a8a,2026-01-23,organic,pro,CA,Finance
56b89404-53d7-4baa-afda-f2446c42019b,2025-08-11,paid_google,free,UK,Finance
d170a766-96e6-4656-b8dd-23fec3a04896,2025-11-02,paid_google,free,UK,Healthcare
45be2aac-db06-487f-971a-97bda27cf0f8,2025-12-07,organic,free,IN,Healthcare
cc2b999e-4422-4f47-8106-b63873726060,2026-02-23,paid_google,free,AU,Retail
099ec17d-3a49-4126-bc92-2950c830334d,2026-04-17,paid_google,free,US,Tech
419f06e4-7062-4978-b1b4-b4643b59f5da,2025-09-15,direct,free,UK,Finance
99a52a97-2ceb-44f9-906d-7e7b9d8260f7,2026-01-18,organic,basic,IN,Education
d79f62b8-0646-4b7d-97db-9ccbee55d8bc,2025-07-12,paid_google,basic,CA,Finance
ac453a57-c061-4a46-92a7-d1f0b85706e3,2025-12-07,paid_google,free,UK,Tech
11c4f078-bdbd-46a8-a7fd-93efc8f02c49,2025-10-17,direct,basic,US,Healthcare
72911435-8f00-4440-82c0-d11085c663e3,2025-09-11,paid_google,free,CA,Retail
26250d85-a030-4171-8033-fc838ed0a344,2025-11-18,paid_google,pro,CA,Finance
eeb2aa89-f35e-4917-9473-e68bcce4fc11,2026-05-17,organic,free,US,Retail
edc6ae2e-e4d5-4087-ad08-140febe82c97,2026-02-28,organic,basic,FR,Healthcare
448a12a4-d4aa-4547-9cac-7f7468d9b9ce,2026-01-07,organic,free,CA,Tech
ef91ebe7-2dc0-4f98-89ca-4e0c6b7d67e2,2025-12-30,paid_facebook,pro,DE,Finance
5183d0c3-5970-4adc-b49c-2b132775f819,2026-05-07,paid_facebook,free,US,Tech
aa1812fd-577f-485e-b0c5-9727ac0e3ac1,2025-07-26,organic,free,IN,Education
74a754de-9bd7-42ba-9e3f-7c8d682ffb5f,2026-05-08,paid_google,basic,CA,Tech
eea3309d-ea22-4f25-82ae-f939ddf0b571,2025-09-10,organic,free,US,Healthcare
b07032a7-2512-472d-a2f7-4f908588ed81,2025-12-09,paid_facebook,basic,US,Healthcare
d21b94df-8dea-4b2e-80bc-783ee5993bd7,2026-04-06,referral,basic,US,Education
b93ed5e3-e01b-4478-87b2-66c4dafdcc3c,2025-12-17,referral,free,US,Tech
9e2089c1-2897-426e-ae07-239868a352fc,2026-01-19,organic,free,US,Healthcare
ebe2a971-694a-4492-ba86-ff146d623b01,2026-01-13,paid_facebook,free,CA,Healthcare
efa69269-a253-4dd3-9840-7e8297c1bf8a,2025-10-17,direct,basic,US,Healthcare
e4e7f8ac-1d74-45f6-9e39-6a11fe0d89c0,2026-05-10,paid_facebook,free,AU,Healthcare
e8ffac9f-c3ca-4abf-a39f-f3894a44345c,2026-04-01,organic,free,CA,Retail
4642d03b-4afb-43d8-baed-f84c8c64daf2,2025-10-27,paid_google,enterprise,US,Finance
62902840-3152-4742-a335-329e09e9a3ef,2025-09-23,paid_facebook,free,US,Retail
aad60b2f-4236-4865-9f41-c1af42d9fe1e,2025-08-02,organic,enterprise,FR,Healthcare
d45f4bb4-0daf-495c-9d14-42536b2e17f5,2025-09-12,organic,basic,FR,Tech
3a6ac2a7-605f-4b9a-9758-ed59e97e1595,2026-05-05,paid_google,free,US,Retail
2c596250-a240-414f-b569-affa9fe0ba19,2026-05-25,referral,free,CA,Education
263b0370-3aef-4ea7-88ae-03d420d976cb,2025-11-03,direct,basic,FR,Finance
b1dfe45f-1ad7-4217-b001-72c52455a6c4,2026-02-28,organic,free,FR,Tech
7bcd7fb8-dc6c-409b-a61e-b45513e93fc6,2025-06-06,paid_facebook,free,US,Retail
03431e8b-6851-463f-b3ce-2c31146ba009,2025-10-25,organic,free,UK,Finance
1a6d5425-3b9b-4007-930b-db99400d3862,2025-12-01,direct,basic,IN,Retail
464d4316-6431-41d9-a8aa-801d659bd855,2025-06-28,organic,basic,US,Education
b5f23921-2f9b-4dcc-92e3-ce1f6af603aa,2025-07-08,organic,free,AU,Healthcare
26e4ce61-b38a-4889-b469-40858e8c6b30,2025-09-27,organic,free,UK,Education
ffa4a415-3c7f-4d58-ac77-3aa2be1bfb71,2026-03-20,paid_google,basic,UK,Healthcare
477ea328-90a5-40de-a3f2-6397799f53f5,2026-01-30,organic,enterprise,US,Finance
e7d55c4d-08c1-40f9-89d3-3375ef666a74,2025-08-07,paid_facebook,free,US,Retail
1b46eae0-8dd7-4558-b222-6ae89915f6a0,2025-12-31,paid_google,free,US,Retail
9692f67d-b602-40e2-9c98-a954752219df,2026-01-04,paid_google,pro,FR,Education
3d7a2154-6df0-4c22-834e-8a21b94293cd,2025-11-24,organic,basic,US,Tech
b420efdc-7393-45f5-ad91-8c51d29b3ede,2026-03-26,organic,basic,US,Finance
804142af-b988-4d32-8708-18db26ac7819,2025-11-11,organic,pro,US,Healthcare
af21117c-8b5f-4ce0-ab66-fe8c59eb7a15,2025-07-28,paid_google,basic,US,Finance
783ecc36-b983-42b1-9d03-c9d2b22ee6a4,2026-02-24,paid_google,free,CA,Education
372775e0-4c20-40b0-b95c-2b464d70d6d0,2026-04-04,organic,basic,IN,Retail
82427ed7-4d61-4018-9ecd-48aaa38fbb33,2025-07-28,paid_google,basic,FR,Healthcare
cef09301-4cbd-4b40-9f64-c22e6a10b529,2026-03-15,organic,enterprise,CA,Healthcare
ee084a49-a0ec-44fd-8eaa-3ee0d9eff7f0,2025-09-13,paid_google,free,US,Healthcare
3c610bab-e62b-47cf-8efb-40844c0b7e7e,2026-01-14,direct,free,US,Healthcare
739323a9-75b6-49c1-b444-379acc9c15d7,2026-02-02,organic,basic,UK,Finance
f17d13d3-1063-43f2-8f90-0cfce13ef692,2025-12-05,paid_facebook,free,UK,Finance
579fe715-3059-48b7-b766-252a957f599b,2025-08-22,paid_facebook,free,CA,Education
721dea15-30a7-46e4-ba85-48bb1b82d162,2025-12-03,paid_google,pro,UK,Retail
dbf32300-545c-4ab7-b42e-be0d43d9e4ca,2026-02-07,paid_google,free,US,Retail
aaac26ae-37e7-4723-97cf-cf85baef84d0,2026-05-21,paid_google,basic,UK,Finance
47c5cde4-bf69-4210-a274-8fdb77eb83bc,2026-01-24,organic,pro,US,Education
581e7e6e-dc75-47fc-a6b9-2ad89608058f,2026-05-26,paid_facebook,free,US,Tech
5e16752a-83cb-46c8-b412-3c04cf27e89a,2025-12-01,paid_facebook,enterprise,US,Healthcare
ab3b81b3-8ca1-4551-a5f8-fb46bedf0729,2026-03-11,direct,basic,UK,Retail
5397cf9f-3e0a-4d91-af0f-ed117c27d220,2025-12-27,paid_google,free,US,Healthcare
134d6f55-e5ad-4ecb-af72-1e06ef625db6,2026-03-31,organic,free,US,Retail
abfb738c-a961-4779-80e7-9e13e9bebc9d,2026-03-23,paid_facebook,enterprise,US,Tech
f637f76e-7ac9-48ef-b2c8-4fd5c3060429,2025-09-05,paid_google,free,US,Retail
0be8e91b-ce82-4f22-8e55-6acd8bd1626b,2025-12-25,paid_google,free,FR,Tech
0a2fe0d3-2e67-4eb3-a899-8b8644d79dc8,2025-10-15,referral,free,AU,Retail
0a63b6b7-8bae-4ec2-819a-29183bb1c457,2025-12-01,direct,free,AU,Finance
91780b6b-79c1-419f-8320-b1baf74bcb46,2025-08-15,organic,free,UK,Healthcare
bca619d9-3a10-46d2-9d9d-db9cfb45609d,2026-03-14,organic,enterprise,FR,Education
e3f4b9dc-81f8-49f8-8742-aa9cbcf61be1,2025-10-20,paid_facebook,pro,IN,Education
5de59a17-fb16-4714-9696-6f16fa7926a8,2026-01-23,paid_google,free,US,Retail
dc1430d9-f5f7-4734-8635-b39b5272ed7e,2025-06-25,paid_facebook,free,CA,Education
22d34034-a5bd-42f3-a32f-3ab030dedd3c,2026-03-17,paid_google,basic,UK,Healthcare
95a05ae4-4445-458f-a2f6-62fe262e7074,2025-08-06,paid_google,free,UK,Finance
dbe80b0b-44a5-46cc-b4b9-3bd267d75b23,2026-02-05,organic,basic,AU,Finance
b94edfc2-ab42-40d3-9776-9d585769b373,2025-09-26,paid_google,pro,UK,Tech
eba719f2-9747-44d8-ac13-1768b91f9e06,2025-08-12,organic,pro,IN,Education
586f31bc-dbe9-4dd0-9e82-36481674882b,2026-03-09,paid_facebook,free,US,Healthcare
768264f3-a0ee-4df8-9b6d-c064d440c3b7,2026-05-26,direct,free,FR,Education
35c930a5-149c-4405-8c30-aaa10454faed,2025-06-10,organic,free,US,Healthcare
86ee85cc-d24c-49a2-954f-308a3b423e6b,2025-12-28,organic,free,FR,Tech
2fba36b2-6f43-4145-b07a-4a33503ccb95,2026-04-19,organic,free,CA,Education
71a0af72-c904-4143-a1bf-a6ebcaf0f03c,2025-10-30,organic,pro,UK,Finance
208ac93e-7504-4f65-b91b-c42a5c444911,2025-06-05,organic,pro,US,Tech
31c5eed2-068e-4165-b6cd-f5a49d5767e6,2025-12-12,paid_google,enterprise,US,Education
d09e1a6a-16ea-4bf1-8acf-1b4babcf9504,2026-03-10,paid_google,pro,IN,Finance
e0330e75-69a0-498d-90f5-4c965481069c,2025-09-21,organic,free,US,Finance
699d910f-5435-4329-9a4d-345313ab787c,2026-02-26,paid_facebook,basic,US,Healthcare
06798543-8239-4594-94a6-f63a49aae8c2,2025-11-10,direct,free,US,Finance
11df9263-ae96-4aca-b616-25fb61f31fc9,2025-09-13,organic,free,US,Retail
ab3a16e1-267a-4b2b-9921-af4313d6cd3b,2025-11-28,referral,free,US,Education
9b8986e6-fce9-4286-b70e-bd67f15b2d2b,2025-07-14,organic,basic,CA,Education
6cef705c-4ebc-4f24-9fdc-c61b75eb56e5,2026-03-09,organic,basic,FR,Healthcare
cce126c8-ed62-435c-9a52-25cb1385e458,2025-11-22,paid_google,free,DE,Finance
e60f8304-a717-4f43-8d50-fb074a0ce9d6,2025-11-09,organic,free,DE,Healthcare
2cd5cee8-4c01-4301-bbfe-35d45b793e5f,2026-05-17,organic,free,CA,Retail
aca3269a-98f4-4811-a679-e2e2f5c1e72a,2026-05-06,organic,free,US,Healthcare
d39d728a-32a8-4c40-9f2a-7ff074d5dfc0,2025-10-18,direct,free,US,Education
95e5cd08-6a40-4b7b-81aa-57e42c279279,2025-10-10,organic,basic,US,Healthcare
13b50504-4fb6-4b38-a0c9-91c8469caee8,2025-08-26,paid_facebook,basic,US,Education
356cde0a-d96f-43b9-809f-d53abfad558a,2025-11-23,paid_facebook,free,US,Tech
8441b6a5-3fb9-4506-be57-11a952a1c860,2025-11-30,organic,basic,DE,Retail
8b40ce2f-e9ec-41be-81e2-411d37a8f659,2025-10-07,organic,free,IN,Retail
3f220c4b-100a-49c3-88e9-2cb4009d3a5a,2026-02-01,organic,enterprise,FR,Education
b50b9791-a109-436c-ad63-3763a7e0e81c,2025-08-28,organic,free,US,Tech
85684ab2-afa5-44ed-aadd-2c8e1180eca5,2025-08-05,organic,basic,UK,Finance
3856b4b6-877f-42a1-8fa5-907c261159d1,2025-11-05,organic,pro,IN,Healthcare
1d906107-b2c0-4182-915b-b7149020baf8,2025-10-27,organic,pro,UK,Finance
1b263367-460d-47a8-9e54-d667f05feeb3,2026-05-06,organic,free,US,Tech
e7e24f5e-a8b8-4e55-9ee4-5adae52d2e5e,2025-09-24,paid_google,basic,AU,Retail
1bfffe80-b4f8-4140-a005-1cbabc7bf6c3,2025-12-31,organic,free,US,Finance
524d8187-0347-4d8d-a71c-432483f3b688,2026-03-21,direct,free,FR,Tech
938198fc-aba9-4c9f-97fc-f3522f8991b2,2026-02-08,organic,free,US,Retail
fa446cb8-dc20-4e8d-8021-0262b217ba26,2025-10-21,paid_google,pro,DE,Finance
9b9d4186-1a10-4e02-a08f-4e0704b93337,2026-02-05,direct,pro,US,Retail
ebdbc079-ba12-43b3-899b-b2cc9278a087,2026-03-29,organic,free,US,Education
37c8cd6e-8707-4af4-98ec-9b6715145d7c,2025-06-25,paid_google,free,US,Retail
309e92da-11b2-401f-a027-36e5775b3fb9,2026-03-04,paid_google,enterprise,UK,Retail
994c1c4f-92b9-44ec-9cc9-5cea3cab8bea,2025-08-09,direct,free,US,Tech
3f59e38d-4c77-4565-947d-1af592c7ed11,2025-09-21,paid_facebook,free,DE,Tech
ddfd12ea-ba04-4347-86a3-65980541aaea,2026-05-29,organic,free,IN,Healthcare
8ab67bc4-febc-4d6e-adab-4f71e69a2f93,2025-09-20,paid_facebook,basic,US,Tech
733cc543-cc34-458f-a1f6-f879dc73ca0a,2026-05-30,paid_google,free,UK,Education
26f21046-c327-4f90-8cf5-096da39cf6c5,2026-03-30,organic,basic,US,Education
4ec5ed5f-a00a-450f-b494-a917584535aa,2025-08-30,paid_facebook,free,US,Retail
a1a2e228-777e-4aaf-9862-fdb434bc5b17,2025-06-18,paid_facebook,free,IN,Tech
0801d5dc-40e5-4896-b2cf-db518dab3866,2025-10-27,organic,free,US,Healthcare
eb7e331c-14e1-45ee-8f97-7d7287a2a364,2026-01-13,referral,free,FR,Tech
6279220f-2c99-4000-86f5-85296df8a547,2025-12-31,organic,free,US,Healthcare
c8170b5a-3b22-4698-b881-df2fb309c233,2026-05-26,paid_google,free,CA,Retail
0a26402f-e68c-4b47-bfa6-fec6ae125881,2025-10-29,organic,basic,AU,Education
b6b7bdf1-ec75-4899-83f2-378d33bd05f5,2025-12-09,referral,free,US,Tech
b085c3df-75e4-4b81-8527-fb8da17965e8,2025-07-10,paid_facebook,basic,UK,Tech
0a106460-2167-450f-b4b4-621efd2ecc3d,2026-01-28,paid_google,enterprise,US,Education
5f19d28f-b5d5-462d-8ac6-cd65e15c6e8e,2025-10-16,direct,basic,UK,Education
11787362-1f7f-482c-a981-c6ada078b9ee,2026-05-11,organic,enterprise,UK,Finance
bdc8af41-0e55-4f7d-9357-c806af22340f,2025-11-27,organic,free,US,Finance
7113ac5c-63d7-4e48-ae6a-055c07ac0e0a,2025-12-17,paid_google,free,UK,Finance
2156565e-cac8-49e0-a8ac-abcfae0b3783,2025-12-20,paid_google,pro,UK,Education
d488f783-4ea6-471a-aeec-27e74689686f,2025-07-31,paid_google,pro,UK,Finance
764f98f7-f11c-4e6b-8bba-386371753419,2025-12-09,paid_google,pro,FR,Tech
8ecd5abb-6f39-4bd5-a758-e8c5ea26b3e9,2025-06-05,paid_google,basic,UK,Education
4de2634c-836b-44a5-ad89-749b775bccd2,2026-01-23,organic,basic,UK,Tech
1e283b4f-06c7-4ddc-a550-47c9288f569f,2025-11-28,referral,free,UK,Education
c8aa789b-9c25-43f8-9809-3bd88f654982,2026-04-07,paid_facebook,basic,CA,Retail
bea9fe4e-1101-4a51-9504-0be56d1c06bd,2025-07-07,referral,free,US,Tech
dc98ba83-0730-473d-ba50-4e6116c98e41,2025-07-26,direct,free,AU,Education
01fac5ab-2c9a-405f-a173-74b2a60e72f6,2026-01-23,organic,free,US,Healthcare
bfe7c29a-08db-4ad0-b788-ab23990fbc45,2026-05-24,paid_facebook,free,US,Education
24a50ff4-17e3-410c-8252-ae0790f9901f,2026-05-15,organic,free,UK,Retail
ccd4030f-c598-4acf-97b7-0e6120e39cde,2025-12-14,referral,basic,US,Education
819e4196-b2db-4f10-9eba-88a389b3838d,2025-08-12,paid_facebook,pro,US,Retail
e8d26047-34fa-4c99-ae9b-aec1098cfcb9,2025-07-29,organic,basic,US,Finance
3357868c-7e80-43b9-8d74-9d0bf4b3daf0,2026-01-26,direct,free,FR,Tech
f79c3a35-e09d-435c-a0ad-f9542ab22268,2025-06-02,paid_facebook,enterprise,US,Retail
50976c53-deac-468b-8ded-1cd21db25ef2,2026-05-26,direct,free,US,Healthcare
40d4f33a-3dc0-46d8-83e5-9bbe65f0ca9a,2025-12-05,organic,basic,IN,Tech
e85b9fec-a5d2-4a85-bc6c-3c4e1f131e7a,2026-04-03,referral,free,FR,Education
74a3711a-863d-4b36-8915-10ef9d86c630,2025-06-30,paid_facebook,free,CA,Education
5e4b9000-8653-4a68-94a9-bf5c5e003bd1,2026-02-22,paid_google,free,FR,Retail
afbe966b-cf8f-4741-bff3-3e5a81634b6c,2025-09-16,referral,basic,DE,Healthcare
b79f2cd4-8329-4665-8f7f-bb19bc686b8f,2026-04-28,paid_google,free,UK,Retail
7e669227-4e2d-426d-9a94-d05ebb1f47e7,2025-08-29,paid_facebook,free,US,Healthcare
81bbca0f-242e-4173-a9b5-b5a9b4553f60,2025-12-22,organic,free,CA,Retail
13e04be6-2c92-46d6-bd8a-ae169448c936,2026-01-06,referral,free,UK,Finance
cd163d2d-4ee8-4f5d-9db2-bd86c05efe55,2025-09-02,paid_facebook,basic,US,Finance
f8e7be32-345c-4736-9f48-3006ecdf46dd,2025-09-11,referral,free,FR,Finance
4a135ee5-cee8-4ed7-b74d-2bf3da7e2cb6,2026-01-09,organic,free,UK,Retail
64bfc311-9379-49be-b619-b4383e512067,2025-12-03,organic,free,DE,Tech
10d7c24b-3815-45c1-946d-996e96844749,2025-12-01,organic,free,IN,Education
2b99a1ff-8ad2-4de5-9dd5-76f4f7248dfa,2025-11-09,paid_facebook,free,US,Tech
81b3b4df-06a6-4e73-8436-cb3b1e1011ab,2026-02-02,organic,basic,FR,Education
65ad25e7-05ad-4ed4-abfd-83a3c0df7c6a,2025-07-01,organic,free,IN,Healthcare
0157e7cc-23df-4195-ac60-1c900017a6bc,2025-07-22,paid_facebook,free,US,Finance
85f10482-2d27-4d5a-ba92-bb894ca1471f,2026-05-11,organic,free,AU,Finance
76a77cb8-62a5-4636-a47d-112e54888738,2025-08-15,direct,free,US,Education
33f6c292-ef7b-45cc-8845-b5ddf1ec7a4b,2026-03-05,paid_google,free,CA,Finance
4a1c88a3-9eab-4b2c-80e3-9261503547c1,2025-07-10,direct,free,US,Tech
bd30cf64-072f-4276-b61a-0e928d066831,2025-09-09,organic,free,DE,Retail
5ec26bbf-5c80-443f-a487-e11aab631ac8,2025-09-19,organic,free,IN,Finance
dbd57c14-d7fd-4cd3-864b-f87a6fbab406,2026-04-17,organic,pro,US,Finance
17a7597d-4ea5-46ee-b9ea-56e300fd70be,2026-02-04,paid_facebook,basic,US,Healthcare
ece1093f-c514-4d99-a15a-3a947553b554,2025-12-08,organic,basic,US,Retail
7a341b56-475e-4bd5-9ee6-eaeddd039ae8,2025-11-29,organic,free,CA,Education
a6503ce0-a7df-4cc1-9a77-9298ddebdfdd,2026-05-01,direct,basic,US,Retail
65e303fc-c820-4549-986d-165a5b56c985,2025-12-26,organic,pro,FR,Retail
0941c2f4-de77-4aad-968a-a8c77ac0f226,2025-06-22,paid_facebook,basic,FR,Education
cf5ce71a-bb32-4ed6-a59d-38410b2e9496,2025-11-13,paid_facebook,free,UK,Retail
b03adafe-fbab-491a-900f-07c16ef4d5ae,2025-09-07,organic,free,US,Healthcare
6ae99a60-981e-4449-a943-b2eec49c5c4f,2025-12-25,paid_facebook,free,DE,Tech
f82c2070-2c34-4931-851a-a506f5b20567,2025-06-08,paid_google,free,AU,Retail
d6399896-167b-4d19-bbda-49770bf2adaa,2025-12-07,organic,free,US,Tech
215ae52e-e86f-4707-ac02-256b91f3ac50,2025-11-22,organic,pro,UK,Healthcare
7a54727a-9340-4b66-865b-bc099b403cd6,2026-02-28,referral,basic,FR,Healthcare
53d24871-d616-47f2-8013-4c16e3041c1a,2025-06-17,organic,free,UK,Retail
d3a5c275-e65c-46c6-a9dc-a9f32ec35cfb,2025-08-29,paid_google,free,FR,Finance
ab670aa2-55b6-45b1-b3e2-bc8cf21f3cd0,2025-10-19,paid_facebook,free,FR,Retail
7190c5ac-1587-4dfb-8dd7-1f868ced0f64,2025-10-23,organic,free,US,Tech
e83d0207-aec1-431d-8526-c60d719ccf26,2025-11-13,direct,free,FR,Healthcare
4eb70fd7-5eb6-438f-bcb8-e56991897afc,2026-05-03,organic,free,US,Tech
fe8fac08-022c-4d10-98f9-4252afb90808,2025-08-17,organic,free,US,Tech
47854ff3-2eb9-40db-96fa-cbc3f00be2b0,2026-02-17,paid_facebook,enterprise,US,Education
2f88fb92-b630-4402-b085-2eb8cf0ea8f4,2025-11-10,organic,free,UK,Healthcare
65f2fca2-19e2-46f8-ac0e-1cf4a3751a5a,2025-06-14,paid_google,free,US,Healthcare
47c55504-c9eb-496e-88f1-fc46412563c8,2026-01-25,direct,free,US,Tech
9ae0356f-e142-4390-90b1-e189a60b2638,2025-08-11,organic,free,US,Healthcare
a7607296-7dee-481f-97c9-94449244c678,2025-10-21,organic,free,US,Retail
88c3abf7-9491-4f6e-8e49-2273627a05eb,2026-04-06,organic,basic,AU,Education
af26df41-2d9f-4055-9823-89e0333b6680,2026-03-10,referral,free,UK,Retail
e18b7a43-cf05-4d53-9b54-77632681b939,2026-02-24,organic,free,AU,Finance
aae9c068-9f1e-47d8-92cf-a9f55d6e86de,2026-01-27,organic,basic,US,Finance
ee41cae9-eaf9-4723-b00d-85e82ef63a46,2026-01-31,paid_google,free,US,Tech
2d181aa7-2761-4a2b-b01c-f25ae5751fa8,2025-11-10,paid_google,free,US,Finance
b3a1bf91-0057-4e9b-9268-bc9a1cafcb52,2025-07-30,organic,free,US,Retail
00dc2515-7edc-487f-9d86-5344320873fd,2025-06-06,direct,basic,CA,Finance
2641f0b3-8147-49fb-90b1-890f4a774528,2025-12-14,organic,free,UK,Tech
969fbcd6-4386-409b-a6e1-4c476c732f18,2025-07-28,paid_google,free,US,Healthcare
10fb1baf-2c33-4484-961a-bdba429367fd,2026-04-01,organic,basic,US,Education
c7a61563-3045-484a-ac11-49a266ebaa6a,2026-01-03,referral,free,US,Tech
f9ce5230-3c0a-458b-a1cc-dc1457652ce1,2025-06-26,organic,free,IN,Tech
b880997c-cff7-4eaa-9e3a-f099eb8ceed6,2026-03-30,organic,free,US,Tech
085fa9c4-552a-48c7-b3da-d1b843b40436,2025-06-05,organic,basic,CA,Retail
f406ce82-0a91-4a33-887e-c0bf4e578790,2025-06-20,direct,pro,US,Healthcare
c3b419ba-31e8-48ee-89c4-e16dba453e2e,2025-12-15,organic,enterprise,FR,Tech
00ba805f-2138-4d2f-a6a3-70a95597e2ef,2025-07-29,organic,pro,US,Healthcare
4e3cddbe-87b1-441d-a70a-99c696b144c7,2026-01-28,paid_google,basic,US,Tech
20ce27a9-ac2b-40b3-8f32-b29c5f58fa6a,2025-10-24,organic,basic,IN,Retail
6587803b-2b67-44b3-a0fb-28eae711ad5c,2026-02-28,paid_facebook,basic,UK,Tech
a72295e6-ae79-40bf-8e08-ee676e0c7948,2026-02-04,paid_facebook,free,DE,Finance
a69c476e-0aef-47fd-b0b8-11b5df4f5eec,2025-06-14,organic,free,CA,Retail
99d9b656-69a1-4127-bd66-5ab066431016,2025-06-13,paid_google,free,CA,Tech
0e183d83-4b54-4586-a348-d709ef1f2207,2025-07-14,organic,free,IN,Tech
d8adae3a-e60e-4bcd-a122-a5abf8dce8ad,2025-06-19,paid_google,basic,US,Tech
51df9cd2-21a0-4233-9a30-ffc4a6b4ee15,2025-08-02,paid_facebook,free,IN,Finance
2420fae6-7592-41c2-b2da-6689399ce1b3,2026-01-25,paid_google,free,US,Finance
3f44584d-1ce8-4a2b-b5b7-04981c8368ec,2026-05-03,organic,free,IN,Tech
8d7f0dd5-e3e8-4685-85af-82423b182a9c,2025-09-08,organic,pro,CA,Finance
343e61b0-246d-4552-83e6-ea191b79e783,2025-11-10,referral,basic,UK,Tech
0b3c3a9f-e4f0-4a79-b740-959d92df3c8d,2025-09-30,referral,free,US,Finance
70a2899b-3230-4a8d-9aa4-5e9ee4d347d5,2025-07-14,organic,free,US,Healthcare
104fc64d-37c4-4b0d-b8ea-bae6861184bf,2026-05-26,organic,free,CA,Tech
3b57ef46-3ac1-45c1-a4f6-f2a443c827ae,2026-04-13,direct,free,UK,Tech
2e7a947f-29c8-44fd-b115-f26c845a9bf9,2025-10-23,paid_google,free,US,Education
b7077ae5-2451-4b1a-b0e7-00d266782777,2026-04-23,paid_google,basic,US,Education
64550fc7-04e8-43c9-be9f-3e711c016cc9,2026-05-29,paid_facebook,free,UK,Retail
5fd2ac6a-6de0-4997-8bad-b3ce74423101,2025-07-20,organic,free,US,Healthcare
f9929f98-e1bb-4088-8b5e-1f97345af36a,2025-08-04,paid_google,free,FR,Healthcare
178012ea-09d3-464c-82c4-0802f2572b19,2026-05-21,referral,free,US,Retail
41855408-6f01-43d7-bd92-d4431a23562c,2026-03-15,organic,free,US,Education
f45932cc-ea99-4409-a9fe-566e21a3a1fd,2025-11-11,paid_facebook,free,US,Retail
9bb457b2-8779-4c65-9919-e6f361672752,2025-10-19,paid_google,free,US,Education
a0f16b7d-034e-43a7-b4be-47261fbd0222,2026-04-10,direct,basic,IN,Tech
868d8a5b-3167-4c12-8b1d-56a1b7aa4e1c,2025-10-06,organic,free,US,Retail
d53c152d-8451-4c7e-a466-5dfa1c57b612,2026-01-25,referral,free,US,Finance
aa0c3fd7-9925-4e85-a684-48da8f952d3c,2026-04-20,organic,free,FR,Education
3315848d-1e98-4b24-b80c-c4a27bae3554,2026-03-23,paid_google,basic,US,Tech
9c390839-fadc-48c5-812a-a257831938cf,2025-12-04,organic,free,US,Finance
e6a9a19f-7fb2-4d9a-80cb-0502542a07e5,2025-12-25,referral,basic,US,Finance
ecff8e21-cc4a-41b7-bc7b-110c9c7e96a4,2026-01-06,organic,pro,US,Healthcare
6d50eab6-7d1f-421d-83b2-a0d852eeddf1,2025-12-07,referral,free,IN,Education
07a3f43d-ee03-490b-809d-9c31895f3265,2026-05-12,paid_google,basic,FR,Tech
ffe8e4eb-d2b5-4e92-b8de-02d891d9269d,2026-03-11,referral,basic,IN,Education
9a29a1be-2701-4529-a170-4e12efd6b7dc,2026-05-18,organic,free,IN,Tech
c4c6898a-e32f-44af-ac18-e82e9cb133f8,2026-01-23,organic,basic,FR,Education
ee39b1cd-3839-4b2e-a85b-c55f67e3bfd9,2025-12-11,paid_google,free,IN,Finance
2d6a31fb-bd3a-4d7d-b11b-b14f5eef2068,2026-03-14,paid_google,free,US,Healthcare
76652912-6ac5-4876-bdf0-97e8905b0b72,2026-02-14,organic,basic,UK,Retail
8f03a807-6f29-4686-9a89-6e83d1d8ca63,2026-02-01,paid_facebook,basic,UK,Education
d6e12476-437d-4e1c-91e0-b3ed0a7f2e59,2025-10-14,organic,pro,US,Finance
54bc8c3c-a404-4355-a831-5c35231bc2c5,2026-03-07,paid_google,free,US,Retail
47c209df-0ccb-4fbb-b3ba-e55f27907148,2026-02-26,organic,free,IN,Retail
e8f5ebbc-c0f1-4378-86ac-c0b062705595,2025-11-18,organic,free,US,Retail
8f6359d1-4597-4436-bf73-6e304bce7203,2025-11-06,direct,free,CA,Finance
2bfe650d-843a-4767-b8dd-6624d847d00c,2025-12-18,paid_google,free,US,Tech
1bba0a8d-97dc-437e-b684-47a2949fc340,2025-07-15,paid_facebook,free,UK,Retail
565c5e9f-f899-49c7-b0ab-c9ade643a0c3,2026-02-19,organic,free,US,Healthcare
cf021cac-6e0a-4d1e-bb1e-877e6879d267,2025-08-10,organic,free,US,Tech
45491a22-3cbc-41e6-ada5-98c4719eb0f3,2026-05-30,paid_google,free,IN,Finance
750981d3-f7d3-43cb-af74-af2ba16b84db,2025-09-11,organic,enterprise,DE,Retail
6c7ed3ef-8758-436f-b44b-896f84f8e41c,2025-10-03,organic,basic,UK,Finance
10d3ed99-59f1-4e81-8723-b46bfd6071c9,2026-04-09,organic,free,CA,Finance
1b0ab4b7-8b8a-406e-b4eb-e2be53c2e8a5,2026-03-13,organic,pro,DE,Retail
d2251a83-fe97-455e-95f5-1e2f8857e483,2026-01-16,organic,basic,US,Finance
dda65d68-f12f-40a2-9e05-00167b2a879f,2025-10-24,referral,pro,US,Healthcare
ebeffefb-fab0-4b16-9488-7a0728e6729c,2025-12-14,paid_google,free,US,Healthcare
3762a18b-b1c8-4a48-b303-63bd97410786,2026-01-07,paid_facebook,free,US,Education
36dff481-f3ae-4a80-9412-9adfee364138,2025-07-30,organic,pro,FR,Retail
2125cf16-2112-48d6-9b4e-f1a842d8e8de,2025-09-06,referral,free,UK,Retail
adbd2cfb-1d0f-4b12-9438-0f90578c215a,2025-11-18,organic,pro,UK,Retail
b4947f07-0e86-4e87-ac3e-656d5c37f739,2025-11-20,organic,basic,UK,Education
e659f7da-9161-4a7f-a2e9-9360f0b05d7f,2025-10-29,organic,enterprise,DE,Healthcare
5d164ecf-9d15-4f7b-aabb-462d6c21d17a,2026-05-16,paid_google,free,US,Healthcare
008208f7-6e3e-4c8f-9431-e96f517da74d,2025-09-30,referral,free,UK,Retail
07cb14a9-be2c-4468-baf9-59535e131eb1,2025-09-16,organic,free,US,Finance
2c39d970-f51d-4067-b9f7-2b82a5689759,2025-06-04,direct,enterprise,IN,Tech
975ee8d7-42d6-443d-bda4-b4dde44951cf,2025-09-01,referral,free,IN,Tech
94d3760a-cbfa-4ea6-b540-9dabb6afb749,2025-06-06,organic,free,FR,Retail
7b3612e1-e8e3-4c3f-bde6-4bba09a5bea2,2026-03-15,organic,free,US,Retail
10b6a862-162f-4448-8eb6-550e7df0550b,2025-09-14,direct,free,US,Healthcare
0fa852f8-aff1-4a10-9712-971b578e2ff6,2025-10-24,organic,free,DE,Healthcare
0caae5fc-7de2-4d61-ad89-f5f4bdafdbc2,2026-02-26,paid_facebook,free,DE,Finance
e21844c9-fd9d-4a0c-9d5c-86d9e8eefc00,2025-09-04,direct,basic,US,Healthcare
28be2e39-08b7-429f-900d-053aaaf93430,2026-01-15,paid_facebook,free,US,Tech
998f62af-14ed-4840-b600-b1c5bf00757a,2025-12-19,paid_facebook,pro,US,Tech
958cc6d6-5b63-4bc3-97a8-229821e05193,2025-12-29,referral,basic,UK,Healthcare
5ff99a20-5040-41ea-a7d4-c19808d8e592,2025-06-06,paid_facebook,basic,AU,Tech
f65b7e7f-d8be-45aa-89e1-5007b5c8346e,2025-09-20,paid_google,basic,US,Tech
71c1437a-3bf4-4a5a-8f0e-d5efba1ec100,2026-04-19,organic,free,IN,Tech
0bb9fd73-3141-4c2b-8a70-3c6c77609ac5,2025-09-14,paid_facebook,free,US,Tech
bebf5e9d-b541-4c75-a215-f0255332d981,2025-10-17,direct,basic,US,Education
bc6a7886-bfff-42b5-b713-05f3c04c912d,2026-03-26,paid_google,free,US,Retail
d412172a-041a-41ca-b711-44dfcc283bd2,2025-09-04,paid_google,free,UK,Finance
fca80332-30fc-4da7-ad19-3d3d4820f64c,2026-05-03,paid_google,free,FR,Education
e921f29d-5382-4154-bfce-00e9ed838a3e,2026-03-24,referral,basic,CA,Finance
edc74b5f-fe02-457d-96aa-4ca922b79a58,2025-12-31,organic,free,CA,Education
5ef9746d-2c5d-4134-8a8b-0e9b617fd560,2026-03-18,paid_google,free,US,Education
1b4f8166-9823-46c5-9cc5-18825afd23f0,2025-06-22,direct,free,US,Finance
70fcd02e-ef0d-4c21-b0cc-e4618f9125f6,2025-12-10,organic,enterprise,US,Retail
a3c82ce0-ee39-4960-b2c4-658dd109fe1f,2025-10-28,direct,free,US,Healthcare
54b9bf29-8f6f-42b2-84ba-b64d74cd8764,2026-02-02,direct,basic,UK,Education
7451251e-09a6-4899-af83-ea5b964748c2,2026-02-22,direct,free,UK,Retail
e33fcda8-25f9-4044-aeab-14c15dffcec7,2026-02-06,paid_google,basic,US,Healthcare
059dd34c-6509-415a-aa34-776cc28d62a8,2025-06-03,organic,free,US,Finance
d3024185-2f3b-43cc-94be-cb6fc9d2ba47,2026-04-12,paid_facebook,basic,US,Education
e553fb59-299a-4c26-b917-c7802d83e7b2,2025-08-15,organic,free,FR,Healthcare
ee1995b4-d351-43a7-8787-afada3406916,2025-08-26,organic,free,UK,Retail
a5f16b3b-0706-440e-b5ff-c9060129c1d3,2026-02-25,direct,basic,US,Healthcare
1a704ad5-db44-4732-8c7e-fc4bb98717c4,2026-01-11,paid_google,basic,CA,Finance
947475ce-b0d9-4df1-b83b-0ddd27f057e2,2025-06-18,organic,basic,US,Healthcare
98642ae6-aacc-4d20-90f5-e01bfdf0a191,2025-09-21,organic,pro,IN,Tech
866cbfed-eeee-4738-8cc2-d10c5383e35b,2026-02-06,paid_facebook,free,FR,Education
d4e360ed-24b1-4d7d-8480-0660b5a421ed,2026-01-19,referral,pro,UK,Retail
30dee7f2-88ee-4da9-ae29-d4af5555d2df,2026-04-25,paid_google,free,US,Retail
d8dcc4b9-dc40-469a-a2d9-3e805bdbd387,2026-03-06,organic,basic,UK,Education
f75e5886-6eaf-48ef-a348-0da34de6a27e,2025-12-19,paid_google,free,CA,Education
c3358c49-4852-46d9-b92d-f496c3d37875,2025-08-22,organic,free,AU,Tech
f3f32b45-6937-4b48-9884-1565ff115349,2025-10-03,organic,free,US,Tech
3b5a88b7-cca3-424c-9a36-ccc4828a78b4,2025-11-22,paid_google,free,US,Retail
edc1d32d-b803-4198-95a4-2d483aac5962,2025-08-08,paid_google,free,CA,Healthcare
e33e9cf3-7ad9-46d7-a057-b6f5ae0d134c,2025-07-17,paid_google,free,FR,Education
aadd119e-9a21-47fa-8e8c-f9214c738ccf,2026-02-11,referral,free,DE,Tech
f60329fd-565c-49a3-9a64-6b9c3274dff6,2026-01-01,paid_google,free,IN,Tech
63321aa1-edd2-4665-87ac-003c99cfeaf0,2025-06-30,direct,free,US,Tech
0e3804c9-f243-4ec9-9394-2f0b25b57483,2026-03-08,referral,free,IN,Healthcare
ba11fad7-ce18-4180-b21e-0851be46118b,2026-01-23,paid_facebook,free,US,Retail
81da2c43-b11b-422f-b413-9df8452a338f,2026-02-03,organic,free,UK,Retail
610d3eba-e9b5-42bd-bab7-15899ae0ed85,2025-06-25,referral,basic,US,Tech
b7b4ff86-c88b-49df-a34a-e1e7d02139e5,2025-08-13,direct,pro,FR,Healthcare
95ba1694-4f91-4914-93c4-a0ff8cb2d32e,2025-12-23,organic,free,US,Healthcare
411ff842-bd3a-4bed-b36c-e39af519576b,2026-04-10,paid_google,basic,IN,Retail
43495061-0ecc-4d46-bb87-7f826d4ebb87,2025-09-02,organic,basic,US,Education
e9011640-c38e-4c94-b027-750191a28022,2025-10-05,organic,free,IN,Tech
e9922410-900f-4e8f-9b5c-99e5c772a4a1,2025-06-25,paid_google,basic,US,Healthcare
9d9854e8-1c65-4021-b81f-7ace9b0e61a6,2026-04-30,organic,free,FR,Education
cf39a28c-6e99-4e0f-a7e1-2f99aef8df8c,2026-05-21,organic,free,CA,Finance
55df25bf-af78-4789-9867-6d3e4cbd3526,2025-09-24,paid_google,free,US,Tech
32474812-a385-4b0e-b75b-49f22f88dfb1,2025-07-18,referral,free,US,Finance
c69aa6e3-3bb5-4424-850b-57cd0acd96ce,2026-01-12,referral,basic,CA,Retail
f32124e7-c04f-4bbd-9545-b95df578e5d4,2026-02-21,direct,free,US,Retail
92c1e639-d226-4f07-acfc-1786447d7094,2025-09-07,paid_google,free,US,Retail
6afeb7d0-ca2e-4e98-b472-55d13dc33a3b,2025-06-11,paid_google,free,CA,Healthcare
f587957d-eac6-4a76-8034-817639a63da6,2025-08-24,referral,basic,IN,Healthcare
7d8d747f-13a8-4f54-a59f-9126f9d399c4,2025-12-31,paid_facebook,basic,US,Education
2c83ba27-c08a-4901-aa7b-716530e87189,2025-11-20,organic,basic,UK,Finance
d4b2c0f7-9102-4c8b-891f-7e5e357eb6b4,2025-12-26,organic,free,CA,Retail
9f5386c4-19b8-424f-8980-1743ccb8824d,2025-08-03,direct,free,FR,Retail
6c7b26b5-9919-414f-9963-22b4e602b033,2026-02-13,organic,free,AU,Healthcare
a49f8dcb-c35a-46af-bb63-402f09246730,2026-04-28,organic,free,US,Healthcare
9bd96691-c5d4-4592-8a43-4dff50709bf5,2025-09-29,paid_google,free,AU,Healthcare
33b20887-ba15-4cb6-88a5-75e964cce890,2026-03-25,direct,free,US,Tech
3ccdbbfc-c49b-4c6e-a729-a1f15c00ec9b,2025-07-24,organic,free,US,Finance
76cf024b-22f2-420d-945c-147a787bdea3,2026-04-27,paid_facebook,pro,US,Finance
7e0e124c-484a-4cc6-80cc-2bf71d24b748,2026-02-27,organic,basic,AU,Tech
effac7fc-9448-44c4-a27e-8826ae9e8fd0,2026-01-27,paid_google,free,FR,Retail
f2a780c9-6828-4ab5-838c-2f254780b7f3,2026-01-29,paid_google,free,FR,Education
9df8ba71-3735-4b56-b113-69485fa42135,2025-06-18,organic,free,CA,Education
d01ffba5-893c-4821-9058-6e2e1edcfba6,2025-12-04,direct,basic,UK,Retail
9aaa1174-3bb0-4555-9b72-c3b9bf67a63b,2026-05-12,referral,basic,US,Education
f8b05e9a-9e44-4625-874b-cb67ba481ad6,2025-10-22,organic,enterprise,US,Healthcare
eb2589db-420c-4454-9d62-67c088e4139b,2026-02-17,organic,free,UK,Finance
08cb0501-265f-4f79-915c-29e3dc5306e3,2026-05-30,organic,basic,IN,Healthcare
b5026517-ff37-4037-8ac4-1639e4230b8f,2026-01-25,referral,free,US,Education
0b5d0703-56cb-4271-b1e8-e4f513a832d8,2026-03-31,organic,pro,CA,Education
09933e2b-6add-476d-a6bc-92950d20a84b,2026-03-25,organic,basic,UK,Finance
2fe9a67b-4a29-438e-86d5-cad276aa819e,2025-08-15,paid_google,basic,FR,Healthcare
e963717d-1ec8-4777-8b0f-d8e634237738,2025-12-05,organic,free,US,Finance
d6dada98-0668-4387-979e-6a51e7f25838,2026-04-29,organic,basic,UK,Education
408eddc9-f379-4a41-b6c2-db25fb92f7c3,2026-02-01,paid_google,free,US,Finance
70b3a68a-8ea6-4bab-87b4-36f038ca9d3d,2025-10-08,organic,free,US,Finance
97b5936d-b566-473d-a34d-d58aebc6b3a3,2026-04-11,referral,free,US,Education
39495005-f574-4848-bbf4-bd5a1350db65,2026-03-10,direct,free,US,Finance
878a443c-7feb-4e19-92ff-0cd85e8115df,2025-08-18,paid_google,free,UK,Healthcare
01107ef4-f3e4-4e02-bcf2-98ee9ff96f7d,2025-08-11,paid_google,free,UK,Education
8f531de4-d88e-4b86-9c93-e98748854ca4,2026-02-18,paid_google,free,DE,Finance
cb378f3c-5bdb-409f-b36e-346379118f9c,2025-12-08,paid_facebook,free,IN,Retail
ddf31c47-ab80-4c8b-9d37-dee984308045,2025-08-02,organic,free,US,Healthcare
b176f138-fa09-4c20-94d2-8eb601624082,2025-06-12,organic,free,FR,Healthcare
aa191365-a77a-46a1-bb5a-917f1ebe552e,2025-10-19,referral,free,DE,Healthcare
0a4dd555-eba5-4f8d-a7d6-b4ba8ad36055,2026-02-09,organic,free,CA,Tech
24062929-73a1-4412-8759-11a7b482e286,2025-07-13,paid_google,free,US,Education
f58f5df0-8a67-4a5a-8cb6-f9bc4602b266,2025-06-17,paid_google,basic,US,Tech
3e25ebb0-10af-47b0-8676-c102d4ba1014,2025-08-02,organic,free,IN,Finance
1606d49c-44a7-49c3-a833-3c6a860276b2,2026-02-08,paid_facebook,basic,UK,Education
3c578d80-b50c-45ac-a19d-1e243f6abc7c,2026-03-19,referral,free,US,Healthcare
1552b090-ac64-4d83-bc30-66d1cd4dd7d6,2025-06-08,organic,enterprise,US,Healthcare
064b653f-7cc0-45d5-a8e4-09662951c6b4,2026-04-21,referral,free,US,Healthcare
2381051e-3cab-45e1-8f73-6361982943f0,2025-08-29,organic,free,DE,Healthcare
cb9ecdfa-fd3a-4ad9-89e7-e8c72d94ddf3,2025-12-25,referral,free,DE,Finance
ec5bff70-4b43-42fe-aa03-b8404751ac34,2026-03-19,paid_google,free,US,Retail
47cd5774-a9ac-4a97-93e6-1855faa8219c,2026-03-11,paid_google,basic,US,Education
75695846-32b6-430c-a74c-4878c46c975b,2025-09-26,organic,free,US,Retail
30153f39-434f-489c-ac2a-7dc045d578dc,2026-05-15,organic,free,US,Education
0782ae0d-eee6-401d-b9c3-c8c114533d20,2025-11-22,direct,pro,US,Healthcare
f95a41be-3aec-4d17-93cd-f473e63eea48,2025-08-15,paid_google,free,IN,Tech
d12e91e7-3528-47d0-ba14-354e40b4ba3e,2025-09-09,paid_google,free,US,Finance
e93679c4-1b1f-4b85-8700-8b1699ec722d,2025-10-29,direct,free,UK,Education
fad00e7a-beb2-4d39-a7fc-a5fe46bf0eca,2026-02-25,paid_google,free,US,Healthcare
becd1849-2899-47f2-8b59-04089f13026e,2025-08-10,organic,pro,US,Tech
2e2dba7b-a36b-4734-90f3-f86c8224f0a6,2025-11-27,referral,basic,US,Healthcare
7ca7b7be-5c31-489e-8f11-82e50516a4f2,2025-10-02,direct,basic,UK,Finance
ebbe933c-b696-4ce9-ac73-0040c78e54ce,2026-03-20,organic,pro,US,Tech
f5a33f03-bc0f-4ffa-bd9d-5a36be06af91,2026-03-12,paid_google,free,DE,Education
0a81f942-19e5-41ef-abbe-57a62c17aa91,2025-12-12,direct,free,US,Education
a5860cae-64d9-48fa-b6c2-b1ff2af7d3f1,2026-01-14,organic,free,UK,Education
783ae4b6-0b74-446d-97e2-1103e9446a04,2026-03-02,organic,basic,FR,Education
56d4c09f-2dc8-4a2e-995e-1ed87ad658d6,2025-09-14,paid_google,pro,CA,Tech
af523456-ae56-418e-b721-1a3b44793c82,2025-06-21,organic,free,UK,Finance
0b394d6f-03c9-4e63-a68c-730bd77a3602,2025-08-03,paid_google,free,US,Tech
dbe11f6d-f6e4-4705-99ab-1fa8516c197f,2025-11-12,paid_facebook,pro,AU,Education
3521456c-6775-44fa-8deb-8ae2ab9412f3,2025-06-27,organic,free,CA,Finance
4da81144-eba4-49eb-b96c-3ff0c01988f6,2026-04-07,referral,pro,US,Retail
87670442-1f83-4ab3-93ab-17fed3eb68cb,2026-03-12,organic,free,US,Retail
3b00e657-a643-4ab5-ac4f-86cfaea8dc76,2025-10-26,organic,free,UK,Tech
84365ebb-6915-48eb-a5a6-943ceda75f78,2026-03-08,organic,free,US,Education
cc23f349-4b51-41d7-b8c2-be9682632cbd,2026-04-22,referral,basic,IN,Retail
46ae49e3-d3ba-4487-aa46-518ccbb56a73,2026-04-15,organic,free,US,Retail
3d84fa74-3be9-4958-b5c3-92c5b3862f0b,2025-11-11,organic,free,UK,Healthcare
9fcaadbf-5666-4130-951a-771757306273,2026-01-10,direct,pro,US,Healthcare
e3f9a8d6-7e93-4cd4-88f7-6604a29e0dc5,2026-02-27,direct,basic,UK,Finance
3ca05b49-367e-4e6c-a57c-9abcb1715efb,2025-10-24,organic,basic,US,Finance
f8476294-8c0e-4341-aade-d7a707658c05,2026-05-22,organic,free,UK,Education
90481c0b-014a-4007-9077-beabbbbc9eee,2025-06-30,paid_google,pro,FR,Retail
9929daa2-0708-4ee5-baf0-522c3755ae70,2025-07-15,paid_google,free,AU,Tech
d7581bee-5fba-40a9-a7d8-c2aeffc3dd0a,2026-03-02,direct,free,US,Tech
f12c6055-509b-4074-b4e1-374ecafc475f,2025-07-04,organic,free,UK,Healthcare
68b88eb9-7ad4-4815-9518-819b0dd971bd,2025-10-19,organic,free,US,Finance
20faed25-fcf5-4c83-a468-b16245159847,2026-04-14,paid_google,pro,FR,Education
48495a98-493e-48e1-977b-8427f8f9e2fe,2026-01-07,paid_google,free,IN,Healthcare
036b0e56-db21-4b68-9e8d-d0d12e164399,2026-05-22,paid_facebook,free,US,Healthcare
86edc9a7-995f-4f47-b139-f5f431592f68,2025-06-22,referral,basic,US,Education
3f8f877e-ec3b-49cd-b0e9-f679d1c6374c,2025-11-27,paid_google,basic,IN,Education
3cfcf173-5f3d-4a31-86a0-b8a9c46c5bb5,2026-04-25,organic,basic,US,Retail
52454d5c-f589-49e8-9741-5b45816fdd61,2026-01-17,paid_google,free,FR,Education
2f1e16a0-177b-4e41-aacb-73010ffa258a,2025-07-08,organic,basic,FR,Education
7db0e323-7624-4584-9a64-c8fb2ebb4d78,2025-08-09,paid_google,free,IN,Healthcare
018ce6a6-926c-4ead-9f96-8bd2847a95d2,2025-09-24,direct,enterprise,US,Healthcare
9407c78f-6b91-45e3-b729-106499e2ba4b,2026-01-25,paid_google,free,UK,Tech
08fba3df-59a6-472f-b955-c93b4231e443,2026-05-01,organic,basic,US,Tech
ca734072-fb5f-493d-9f5d-a2c90233182e,2025-10-26,paid_google,free,IN,Tech
6b94155c-4826-4954-8e14-b4aca1f50726,2025-06-09,organic,free,US,Education
2baf1462-bf96-4f7c-886c-ec72b1f288a5,2026-03-15,organic,free,US,Retail
10f4c23f-8455-41e5-9a66-a1dd5520fc27,2025-07-20,paid_facebook,free,US,Healthcare
4149fea3-0269-4aa5-a0ba-aebd8e34a50f,2026-05-04,paid_google,free,US,Finance
5213f069-3b55-4c3c-ac01-c8044da1d78c,2025-06-05,paid_google,basic,FR,Retail
3cc9beff-11b9-45f5-9797-95947d494902,2026-05-09,paid_google,free,FR,Finance
a51cb021-8b7c-40b5-aba6-54368ecd0d4b,2025-10-04,organic,basic,IN,Education
b612f7f0-b2f1-41a7-b2ba-4f8d8eef5c96,2025-08-14,organic,free,FR,Finance
de364e26-6e46-4445-ad0e-356d25e3f2ee,2025-11-12,organic,free,US,Tech
93a52b6d-93e8-436d-908e-4830d8c45e1e,2026-03-05,referral,basic,CA,Healthcare
c5c33e5c-50a8-4124-abb1-ed950436dafa,2026-04-20,paid_facebook,basic,UK,Retail
479bec0c-24f4-466a-adb2-129d8cdb82ca,2026-03-27,direct,free,US,Tech
a59b150d-b719-4a3d-966f-88014d4841a3,2026-03-17,paid_facebook,free,US,Healthcare
432581e8-ff0d-41dd-9ab0-3590322f0001,2025-08-16,paid_google,basic,DE,Tech
7be15cb6-037b-4de5-a093-501e295ec310,2026-03-25,organic,free,UK,Retail
0751c981-36f4-4701-a624-ea5ecadd0253,2025-10-15,organic,free,IN,Education
ad43eb9a-1735-4ad3-b808-eb3c29024b97,2025-09-14,paid_google,basic,IN,Finance
e4662c01-a131-4069-9f63-66b928cdf630,2025-09-03,paid_google,free,US,Education
aad44f6f-3b57-4513-807d-7f7d9c149b4a,2025-10-13,paid_facebook,free,US,Finance
66017b85-675a-46ea-9d44-596cff83426d,2025-08-07,paid_google,pro,AU,Finance
cc91be0b-e3fc-4d47-b5b5-e59a78f42d0a,2025-10-25,direct,basic,UK,Retail
5c495494-6a50-4483-9cbc-660af6d382fc,2025-11-06,organic,free,AU,Retail
947ff800-6340-417f-a7d3-445c3efcb205,2025-11-10,organic,free,US,Education
84691fa4-d23e-40ee-b12d-831bf9a71c96,2026-05-07,referral,free,DE,Healthcare
aa244fb1-04ef-4a9a-97d4-9189b925f275,2025-12-06,organic,basic,AU,Healthcare
5d9d7779-8512-4e31-8fcc-515104dcc023,2026-05-05,referral,basic,US,Education
6d33c61e-7d17-40e6-a437-2db881e21a97,2025-09-03,organic,free,US,Finance
59a03935-e37c-4ef1-9307-8e43d77e8e76,2025-11-28,paid_facebook,free,US,Retail
3c83562c-dbd8-4027-bb47-e44305d2fc56,2026-03-15,organic,free,US,Education
4953a8fd-10f5-41c7-8d67-dbad1c6a522c,2026-04-18,organic,free,CA,Healthcare
6633cfea-b66d-4122-af97-8c9ffa93fd95,2025-12-04,paid_facebook,basic,US,Finance
0e27b80c-88b0-4420-99d6-0ab98df7e3ce,2025-10-16,organic,free,DE,Healthcare
7dab0172-f99f-4067-b7b6-6d88d243d640,2025-10-08,organic,free,DE,Finance
940c1361-011a-4dc9-86aa-e98b5d1355cb,2025-12-11,referral,free,IN,Healthcare
c54fb94a-4ac7-40b8-9ac9-525f49bb6ff5,2026-04-12,direct,free,US,Tech
e32b2586-e09d-47aa-805a-7eda70d91bcf,2026-02-28,organic,free,US,Finance
9c46b40c-893f-433c-9a7c-ba8715338be3,2026-05-18,organic,free,AU,Finance
0057a7e8-b895-45b5-93a3-57376e257e13,2025-10-22,paid_facebook,basic,DE,Finance
264b12a6-5518-470d-8e9b-19c24d80c33a,2025-06-16,referral,enterprise,US,Tech
7bf986fd-b445-47b7-bf62-dbd3a1a6e34a,2026-03-29,direct,pro,US,Tech
f19239ca-5b45-4ee6-8180-b8bcf0efaee5,2026-01-31,organic,free,US,Healthcare
0d3414ef-0d42-452f-9c85-3483f52fb385,2025-09-15,paid_google,basic,AU,Retail
a2b9d143-767a-4c77-b86a-ef8732f34bb2,2025-08-27,organic,enterprise,IN,Healthcare
09b6a812-f79b-463c-996b-7bc16cd8217e,2025-10-07,organic,free,US,Finance
f92cfc41-dc22-4514-ba5d-516f731b3303,2026-05-07,organic,free,CA,Finance
a5920b07-dfa4-429c-9ba4-9b3f4cc0c754,2025-06-04,organic,free,US,Healthcare
9afed409-70fa-4bae-a6db-287e77a64554,2026-04-23,paid_google,free,IN,Education
586c874c-618c-4d29-9cac-7c95f10cbe0f,2026-04-02,organic,basic,IN,Retail
c0e3feb6-634d-442a-99be-810e90709683,2025-09-03,referral,free,AU,Tech
7be40ee2-d5aa-49b1-83b9-8e748d135c98,2025-12-26,paid_facebook,free,CA,Retail
b45db208-91e0-43b4-bde7-c339b1b23f5a,2026-01-11,organic,free,US,Education
61cc9b8f-a67f-4bf7-8758-9ab24b94b9a6,2026-05-14,referral,free,IN,Healthcare
bcfd863f-9dbf-4e6c-93b3-7b9d9da5bcc8,2026-04-17,direct,free,DE,Healthcare
484bda74-ba59-4b44-814b-b3c22973ea52,2025-07-17,paid_google,free,CA,Finance
e2b2c6f3-93b8-4456-877c-a371d22f16c7,2025-11-28,organic,free,US,Healthcare
d1d9acab-3c13-424b-a849-3c8d72cbe341,2025-09-14,organic,basic,US,Education
bcf242e9-4221-40ba-b0d6-e8d55d57391c,2025-12-16,organic,basic,US,Healthcare
7d1efc67-1300-47b9-a3e9-b0a1d5e5095b,2025-09-14,paid_google,basic,US,Healthcare
27445ee2-c3d3-4731-9b90-e2043d165c9c,2026-03-07,organic,basic,US,Education
4dc1f7f2-1373-490e-9fab-db3c44f4e818,2026-02-15,paid_google,basic,US,Tech
307ead7d-720c-46f8-b88a-397621a3a6f2,2025-09-16,organic,basic,FR,Retail
6fb8c1f3-1b02-4ef4-8c49-957c92cc6c0e,2025-06-19,paid_google,basic,CA,Healthcare
419df49d-fab1-4009-98ec-31fde00725e8,2026-03-23,paid_google,basic,US,Retail
68de014a-704b-4b34-b42e-1bde839455fd,2026-04-02,organic,free,US,Retail
ddda0dd4-e9ad-430b-9bff-065977b647f6,2025-11-18,paid_google,free,FR,Finance
6eff9cea-1112-4dfc-9e34-263f3f58eddb,2026-04-27,paid_google,basic,UK,Tech
c3b92d55-0780-4a87-b225-521ce9d76f35,2025-12-12,referral,free,FR,Retail
44bc7cd8-a47f-43d6-a3f8-d9abe68662a2,2025-06-12,paid_facebook,free,IN,Finance
f8631bef-b038-4663-8266-19654276c40c,2025-12-12,paid_google,free,US,Education
e3a518a0-e137-4467-abf1-316e8435f7ab,2026-03-10,direct,free,DE,Education
a11412af-afce-4c2b-8f48-b085fb272c49,2025-11-29,paid_facebook,enterprise,UK,Education
51f1b0ff-3a55-46dd-97c0-615bbb25d282,2026-04-01,organic,free,UK,Education
1e9d4577-c7f3-4743-89f6-561ca018c797,2025-10-22,organic,free,IN,Education
5e3cbf24-d385-48cd-a6ff-108cc3f75c3d,2026-04-12,organic,free,IN,Finance
65c68a9a-0cec-4160-937f-c97bae899c5f,2025-11-29,organic,basic,IN,Tech
89abd257-ea11-4c53-901a-a9378e14f75f,2025-06-30,paid_google,free,IN,Tech
f96956a2-1329-4f17-9ff5-35cf57a56477,2025-08-23,paid_google,basic,CA,Finance
bacc285c-ec90-4e04-b7bb-086180771bc8,2025-11-13,referral,basic,CA,Finance
55b82759-35ef-4457-84ef-cd98210265fa,2026-03-11,organic,free,DE,Healthcare
bc454900-b84a-45f1-ab4e-a1173e887e9b,2026-03-08,paid_google,free,CA,Retail
015ab4c3-b7e3-4fd3-b003-765feb88c86d,2025-09-04,paid_google,free,US,Education
1edb1c83-ea95-4e87-b7ea-e01a2378298a,2026-02-21,direct,basic,CA,Retail
5efde2a4-c530-46a8-b792-948af85e39c6,2026-03-25,organic,basic,US,Healthcare
b55d99b5-2e5a-4a07-8574-5eb84eca5db0,2026-03-23,organic,free,US,Tech
4fa6b643-6bc2-4d80-bc40-e0215eaa95b4,2026-01-11,organic,free,US,Education
740b25a4-79aa-445f-827c-7762f281be54,2026-04-29,paid_google,free,US,Tech
020105cd-6e6a-4ade-bcf6-e7506d78bdc6,2026-05-27,organic,basic,US,Finance
48851347-88aa-4214-bedf-cff8b271a487,2025-07-12,paid_facebook,free,US,Retail
63f1d272-eba9-4bc5-ad60-a4e9c5ee8ae6,2026-03-30,organic,free,UK,Tech
d3c0273a-dda7-43c0-b2d6-6bfabffd0684,2026-02-01,organic,free,US,Healthcare
b8cc3246-74b6-4418-a93d-1b53deb35514,2025-12-25,organic,basic,US,Tech
8b7b81d9-8a0d-4b12-b78f-b174e4ecdedf,2026-01-23,referral,basic,AU,Education
99ef0610-daca-44d1-a265-002a453bf0d2,2025-06-22,paid_google,free,DE,Education
36372d7a-d5ff-4b6b-93ee-0d03de41d084,2025-12-02,referral,basic,US,Retail
93146fa9-3048-4b9e-a0c5-37a1a817aca8,2026-01-28,organic,free,DE,Finance
a1002459-2bbe-4af0-a4bf-9b8c23b8eb6e,2026-05-29,organic,enterprise,UK,Education
74f99e9a-725f-452e-8344-efa6a9a375ce,2026-03-10,paid_facebook,free,US,Healthcare
2bdcb125-df6d-4b0c-82fd-18714e9be5af,2025-07-11,organic,basic,IN,Retail
b13174d4-662f-4190-89d0-0c37f1d8cb41,2026-05-02,organic,free,FR,Education
8cde6c30-4634-4c38-9d99-85d3f9b1b4be,2025-11-09,organic,free,CA,Healthcare
5f645f85-9a23-41f0-9025-96ed6628288f,2025-11-07,organic,basic,US,Tech
328a95f4-f9db-4d03-9ba0-7f6ff7bff48b,2025-08-28,organic,free,US,Healthcare
c1fb8e01-da06-4270-b537-53d4e6761071,2026-04-18,organic,free,US,Retail
92cd9768-b884-4f98-aba5-7ea2f200615c,2025-06-12,paid_google,free,US,Education
769cd845-74e9-46fd-a6ee-98b1499f6e38,2025-08-12,paid_google,free,US,Finance
a8db8a3f-3369-4cce-bb9c-a2ddb7bd1158,2025-08-15,paid_google,free,UK,Finance
ba1bdf72-c2d6-4e0c-b8c6-bde790883029,2026-05-12,organic,free,UK,Healthcare
ef82fcbf-4dc2-4c84-9f7e-7f3cf2e6564b,2025-12-18,paid_google,basic,UK,Healthcare
e514a8bb-6600-4736-9c87-d6af05678a3a,2025-06-10,organic,basic,US,Healthcare
2e41204f-f459-4b43-97b4-d1c4ed1e9d4a,2026-05-18,paid_facebook,free,US,Education
a81e9156-4ddc-45d4-9632-8d190544a2be,2026-01-12,paid_google,free,US,Finance
e12ea4ac-2112-4d1b-9d98-2c04533df8e0,2025-11-23,paid_google,pro,FR,Finance
b547cf28-64d2-49b4-a056-13b1ff7cc455,2026-03-03,paid_facebook,free,CA,Retail
fd60467d-9b74-4568-aec5-d6eff7761960,2025-07-09,organic,free,US,Retail
66488708-fa00-40df-b6a2-ade1052e4203,2025-07-30,paid_google,basic,US,Tech
9be63dc8-80fd-4ee3-af13-bcbfcb2b5139,2025-08-05,paid_google,basic,US,Education
6719a6a3-78c0-4463-951f-fcac63aa4958,2026-04-17,paid_google,free,UK,Healthcare
578946f5-7e39-4e9d-b4f2-afb75e518c7a,2025-10-02,paid_google,free,UK,Retail
82405dce-7e31-433e-b32d-5b00fa560564,2025-11-11,organic,free,US,Tech
3ed2d71e-8fb5-4275-8ca2-3fffeac64e12,2025-11-06,organic,enterprise,US,Tech
c1ba26c4-c0d5-4a67-967f-4163838bcff9,2025-07-27,paid_facebook,free,US,Finance
2013f67a-e961-41da-b9db-7603798ffacb,2025-08-17,organic,enterprise,US,Education
c077aad7-578f-4ed6-af8c-40da4d313436,2025-12-11,organic,free,FR,Education
5302b41d-0e92-47b9-a867-60772dcd1ceb,2026-03-12,direct,free,US,Healthcare
7d69fb6c-a8f4-4599-ac5d-09c8b4abfbba,2025-06-15,organic,free,FR,Education
aa503d51-1e81-4c3f-8109-41348880866a,2025-06-12,paid_google,basic,CA,Healthcare
5bcac050-5852-4180-bacd-08f3379d1b4d,2025-09-09,referral,free,US,Education
a23fce58-61a3-4370-b8ce-2e4f14965d94,2025-11-03,organic,free,UK,Finance
1c13366a-481b-451b-96a6-27a37b4dd514,2026-05-06,direct,pro,US,Tech
efd3ee1a-222f-4877-a13c-6f0b5105c1b3,2025-10-03,organic,enterprise,UK,Education
95bb3837-1c87-448f-b1e5-01ac5713409c,2026-05-25,organic,free,US,Education
9a9b678d-e68d-48ac-85b2-aa802c398fd5,2026-03-07,organic,free,US,Finance
6912b32e-40c5-42d9-8eb2-fd24c94e40fa,2025-09-18,paid_google,basic,UK,Retail
effc4104-dbf2-42d3-b7cc-9ef73a0ad852,2026-04-30,direct,basic,US,Healthcare
4f8e1cad-8b7f-4d41-811c-0b93ffe7aa83,2026-05-23,referral,free,US,Retail
daf75b54-5885-400d-858a-fb7b575dc5d4,2025-10-24,paid_google,pro,FR,Tech
84346503-126c-4d39-8fab-7411556d2d8f,2026-01-02,organic,free,DE,Retail
435af9bf-82a4-495f-8c3f-7593fe242ff4,2025-11-09,referral,basic,AU,Tech
ccc541be-bfec-4386-961d-64109c5cbef2,2025-10-06,paid_facebook,free,UK,Healthcare
2b3c27d7-3e20-4220-8322-0229de7c5355,2026-04-10,organic,free,US,Finance
b8fb8215-fbbb-4352-aceb-8546984b78f6,2026-04-28,referral,free,US,Tech
eb6d7437-83c6-4704-a52d-1efe73735952,2025-10-28,referral,basic,FR,Healthcare
4582771c-5f55-4d76-bc70-a1fcb2779dd8,2025-07-06,paid_facebook,enterprise,AU,Finance
d0309ff7-d388-4a64-aba9-2f7c16aff8f0,2025-11-20,organic,free,US,Retail
6cee6091-3efc-4c2f-8e58-dca9afaceb2e,2025-06-22,direct,free,IN,Retail
d8690910-b6d1-4a9b-8548-bc3729515f07,2025-12-23,organic,free,DE,Tech
aa8ff67d-2981-4cf1-b54f-70f0f064231b,2025-10-05,paid_facebook,pro,CA,Education
f91d8df7-43ce-46ce-8314-86af1d95969e,2026-05-02,organic,enterprise,DE,Education
507ff0a7-d9f3-44ae-bf3a-e4f67ec8c75e,2026-05-22,direct,basic,US,Finance
fdf9f251-68d0-4b1b-8c00-0fc8fa81b6e0,2026-01-03,organic,free,UK,Retail
d4621b49-6ee5-41ea-87a5-75a1b4df4d47,2025-09-04,paid_google,enterprise,UK,Healthcare
482530ea-5467-4ca4-80ee-04454cabaf40,2025-11-11,organic,free,CA,Finance
9a493f37-0fc2-4a08-91ee-5e2b1b52175a,2025-10-26,paid_google,free,FR,Tech
1580e35b-9761-4df1-94f4-aa8f075d4eef,2025-06-18,direct,free,AU,Tech
f0e1d3b5-a5af-46fd-b998-789aaee51aaa,2026-03-21,direct,free,US,Finance
92878b78-f5e1-4e37-8cee-dff0b4b2d98b,2025-12-12,organic,basic,US,Healthcare
ff3967f7-44d7-41f1-a08f-c1162fb84a9b,2025-10-29,organic,basic,CA,Retail
6fc1b642-0764-486f-8ff0-a7bf219e5ef8,2025-10-01,organic,free,US,Retail
d56db064-634c-4325-ba86-5266ac90c719,2025-12-04,paid_google,free,US,Healthcare
14f25b13-e8b1-489f-83cf-248ad699fc03,2025-10-27,referral,free,CA,Retail
ed7c4b24-59c2-4e94-b18b-c5ca6fdabef3,2025-09-12,paid_facebook,free,UK,Education
4dc8cd8f-cd2f-4d6b-9436-a1b62da7f32d,2026-01-29,organic,free,AU,Education
db6c9902-d178-42d1-8cb3-8818cf697325,2026-01-17,organic,free,US,Healthcare
54e7f812-6ea8-49b6-89b6-96c4bb0588cc,2025-12-23,paid_facebook,basic,US,Education
a784000c-2ac7-49ee-9ee7-2e2237f4d1de,2025-12-15,organic,pro,US,Finance
e36c5407-30a5-4cbe-a31a-fcf17c9b56c5,2026-05-03,organic,pro,CA,Retail
a47ef6a9-4d27-48ef-b7ac-034f5381702f,2025-08-26,organic,enterprise,IN,Finance
73b2f6b6-a10b-4f38-bde5-26defac4593d,2025-10-20,organic,basic,US,Healthcare
64a66253-cc9e-4649-b074-9992f6c71e68,2026-04-13,organic,free,US,Education
08e41607-94b3-4df7-9449-6a5550b2a0a1,2025-12-16,direct,pro,US,Finance
892927fe-3cd9-46f6-8659-c078cbc2fd4d,2025-07-16,organic,free,IN,Finance
7a9b0c5f-70cd-4cc1-8d0c-7d59fb3fd448,2026-03-15,referral,basic,US,Tech
73ff115a-cca5-4e21-a969-9b602ba43d77,2025-06-15,paid_google,free,US,Finance
59d447d4-75bc-48e2-8020-1262e23567db,2025-07-14,paid_google,basic,US,Education
ceaf87bf-e96b-4bc4-b9ba-56f20aad626c,2025-11-16,organic,free,AU,Retail
98b0e1d9-2f51-4b42-8622-89fc898cbafb,2026-04-06,organic,free,US,Retail
3b203140-8e26-46b6-86dc-273a2d045afa,2025-07-14,organic,free,US,Retail
c08cdd35-83ea-493f-b974-e0d4c51f5492,2025-09-06,paid_facebook,free,US,Education
a03c1805-5b92-4b19-8e16-e89e30df4d51,2026-02-16,paid_facebook,enterprise,US,Retail
fe51eb4a-e72f-42d8-b2c6-19bb0da9c62a,2025-09-17,direct,free,UK,Retail
e0e26e45-f5f6-4b5f-baf2-6427a6ba789f,2026-03-10,organic,free,US,Healthcare
fa4ad6a0-a949-49f9-a75e-4099260e82b5,2026-05-09,paid_google,pro,UK,Healthcare
f14cb437-a1b1-4255-87e2-d31afffa2257,2025-09-12,paid_google,basic,FR,Tech
5f8a6a02-d06a-41e6-8fb2-c4cdae95b4c2,2026-02-11,organic,free,IN,Tech
48b6f7e2-ffba-44c9-bc7e-5e5ba8547afd,2025-12-23,organic,free,US,Finance
70c571a1-58d5-450f-adf2-b0b6ca008cb0,2026-05-01,referral,free,US,Finance
e4ccfd64-47a3-49fa-b753-eb0171311dd5,2025-07-13,organic,pro,IN,Finance
3b04255d-f88f-40ca-aa04-84d19f8b4787,2026-05-19,referral,basic,UK,Tech
df450ee9-47c2-45f7-a8c5-238fe0e92533,2026-01-31,organic,enterprise,FR,Retail
a2cc3bf9-e557-450e-82e5-cbb2c17d0700,2026-03-14,organic,free,FR,Finance
518a9311-dd06-4f84-a616-d8073047041f,2026-05-21,paid_google,free,UK,Retail
12458918-7868-47e5-a0d1-4cda64a23b66,2026-02-28,organic,free,US,Retail
36fe7720-6ff7-4ef6-a4d1-0742874fe4e0,2025-08-22,direct,basic,US,Tech
37bba02f-0a2f-46f2-909d-618f2d258c0b,2025-09-18,referral,free,AU,Healthcare
f1be68df-0ff0-4aa4-bdb4-4d69f06da373,2025-12-07,paid_facebook,free,CA,Healthcare
95f3d58f-1fe6-4be1-a519-c787b77acada,2026-03-15,direct,free,UK,Education
f38aad5b-ae65-42f6-9ec9-95431a857736,2026-02-06,organic,free,CA,Healthcare
41b122f3-83ab-42ab-b196-2a3e414d980a,2025-12-29,paid_google,basic,UK,Finance
5d79653f-1e7b-4f9d-b502-eb12f7c6a351,2026-03-18,referral,free,UK,Tech
62dda5a5-dbaa-4c41-ae7a-ff356cc91555,2025-10-11,paid_google,free,US,Retail
e7c486ea-e4ca-4e42-ba2e-44e8885600a2,2025-12-18,organic,free,UK,Tech
019d5f02-cb15-48ff-8b4c-2f8bce3bdc82,2026-03-12,organic,pro,US,Education
1d0b2b69-44d2-42f8-97c3-98f630e84ede,2026-04-22,paid_google,free,CA,Education
d2434a10-29c6-4a50-8ae4-3f6f4019bc55,2025-09-03,paid_facebook,free,US,Education
c1725da6-9767-44c7-b276-60d86af4b940,2026-03-05,organic,free,CA,Retail
7687af94-f966-4e5f-9507-ae43205c453a,2026-04-21,paid_google,free,FR,Education
4c79fba4-4cfc-4887-aac9-356f57fcd311,2026-01-05,organic,pro,UK,Education
20522cb2-7596-4c48-8d55-fbb7061a837f,2025-08-28,paid_google,free,US,Education
aad5f296-2114-4f78-85c5-130e9b1be9ee,2025-08-11,referral,pro,US,Retail
24cc144d-e426-42fe-995d-be9267523524,2026-02-02,paid_google,free,US,Education
b401ec78-0ef6-474e-908b-9db15a4d9ac0,2025-10-07,paid_google,pro,FR,Finance
41eb85d2-16d8-4fc1-9437-6a27700b5684,2025-12-29,organic,basic,CA,Tech
b5589251-c4df-4794-ab9f-c0c6ce8affb1,2026-05-09,organic,free,US,Education
5fb5a4fe-f044-49d1-b22a-b1d2696c11b5,2025-09-04,organic,basic,US,Education
f8275dc7-450c-40fb-be03-fe3c25a81f47,2025-08-14,paid_facebook,free,IN,Tech
a36ac0db-61eb-4f47-bb9f-4627f451e48e,2025-07-24,organic,free,US,Education
5da90226-6fd2-4424-aa37-6347c4dc1c23,2026-05-10,organic,free,US,Education
7cfad2d7-e34c-45c2-8cfa-5ed0daac4361,2025-07-24,paid_facebook,free,US,Finance
c217f36b-63d2-4ba5-98cd-0d87a3c7b372,2026-01-04,paid_facebook,basic,US,Healthcare
22c2fc73-2220-4c0f-bee1-cc43a58c14fd,2025-06-16,paid_google,free,US,Retail
4e5d5ca4-1533-471a-b023-475d4637ee98,2025-09-07,paid_google,basic,CA,Retail
f4997ff3-b929-4521-9f93-c4771f37e996,2025-06-20,organic,free,US,Tech
67e79b84-180f-426f-b32f-f1781dba8f79,2025-07-16,organic,free,US,Finance
6e6c78d0-4c17-490f-9198-0660c23030f0,2025-12-10,paid_google,pro,US,Retail
9f3372be-7372-4cbe-821f-0daed0600723,2025-07-28,organic,basic,UK,Tech
13169a26-7e73-4dff-ab7b-e0edb7b747b8,2025-09-19,organic,basic,US,Tech
7bf2b59d-bbb5-4651-ad27-ff0a181e0156,2025-10-07,paid_facebook,basic,UK,Tech
6a82b22c-aa50-42ba-8f8e-47ee4b3fb781,2026-05-03,paid_facebook,pro,US,Retail
bc9029a8-01f8-4cff-bfc4-546b19cec23e,2025-12-11,organic,free,IN,Healthcare
030a36f4-983f-4a9c-a191-96c2f8601b7e,2026-05-06,organic,basic,DE,Tech
27853d6f-8bae-4ecc-8de5-7fcd6afd9f55,2026-04-22,paid_google,free,FR,Education
a087eb6a-68ee-4b4b-9d55-3582777c86d0,2025-06-08,organic,free,CA,Healthcare
b2b2b5c8-b84d-4fd3-9d61-1ff7cc565c50,2025-06-29,organic,free,CA,Healthcare
9ade6f7a-84cb-4bbd-a339-acaa7f618b89,2025-09-20,paid_facebook,free,CA,Education
b3c75b13-1330-4f46-913e-2d9820b9a653,2025-11-08,organic,free,DE,Retail
39541322-f32b-4692-8516-07cd77f69100,2025-10-09,organic,pro,AU,Retail
a12ba45a-0a6f-4f33-bf95-c4420c38ccca,2025-12-05,paid_google,basic,US,Finance
548a8852-7892-4582-beae-25f56e79a239,2025-11-10,referral,free,CA,Retail
109d590b-440f-4135-8ee7-8a6922f3398b,2025-12-14,referral,free,US,Finance
cd331bcc-f1a2-48d1-8245-a002a655d392,2026-05-30,referral,free,CA,Tech
85d45ac3-9919-458d-a453-9f7ce39fe1b5,2025-12-21,paid_google,free,IN,Retail
b2a91a37-dfa7-4868-8c2c-c2c148a21603,2025-12-29,paid_facebook,basic,AU,Retail
ff1e2932-8d32-4ebf-ad6c-104d581500ff,2025-09-17,referral,free,AU,Education
905e88a3-1dd7-421f-8941-4f368f5662f6,2026-03-03,paid_google,free,US,Tech
aa184450-30d5-4897-b18f-e3968e4154fe,2025-08-12,organic,pro,FR,Finance
0ad69cd0-2a66-4a97-8355-6f10e261fa0f,2025-11-14,paid_facebook,basic,FR,Tech
63bd6c09-ab27-4fd5-a663-e48cdf97639c,2026-02-15,direct,basic,FR,Healthcare
e42eff20-6590-404e-aaea-82f1a47c6de5,2026-01-29,direct,basic,UK,Education
022d8373-e330-4eaa-8bdd-8f61f858e224,2026-03-02,organic,free,UK,Healthcare
a575b7f2-15e0-4f42-a169-d9399eccecc1,2025-09-10,direct,free,UK,Finance
5200b149-3a60-4c99-8ee7-b0ea2ef3a634,2025-11-20,paid_google,basic,US,Retail
ab444113-d5d3-4e95-a575-93318822f56f,2025-11-18,organic,basic,US,Retail
d95b525f-c94c-47d5-ae8b-5aaa02f08c22,2025-10-19,direct,free,US,Retail
cc1872e4-113b-436f-b3f2-108728f1f35f,2025-12-05,referral,free,FR,Finance
679894ae-0eca-4f50-ace0-66db0bf2f976,2025-08-25,paid_facebook,basic,CA,Healthcare
dcede3e7-a207-4fa8-9a83-048822a62874,2025-07-22,referral,free,FR,Finance
6ee71dfc-8a60-4f95-848b-1898a059e8dd,2025-09-19,paid_facebook,free,US,Finance
a1062e3f-ef2e-4cf5-aa66-1990fc9ddeea,2026-05-08,paid_google,free,US,Healthcare
8bef7347-47c9-4775-91d8-3a74a4211b80,2025-07-13,direct,free,US,Retail
f4aa0607-cfd2-4ec2-8177-b9606dd9cdb4,2025-12-28,direct,free,US,Education
b36f29f8-be95-4455-b5ef-d159c7f0c117,2025-12-17,organic,free,DE,Finance
fe1dea14-88aa-42d6-9e38-92912a7853a5,2026-03-25,organic,basic,UK,Finance
6d0d2f03-ee9a-41a8-a84d-c3db090be463,2026-05-12,organic,free,UK,Healthcare
f7c8739c-5e6c-4345-b8f3-1fbbede1ab30,2026-01-26,referral,free,UK,Education
be0a8f9f-00f7-4d5f-a8a4-5bb0d44503bf,2025-09-23,paid_facebook,free,DE,Finance
3a59c198-a86a-48e0-b7fd-bb3a7e78e520,2025-06-26,direct,enterprise,US,Tech
c79d553b-99fa-4804-828b-a3831a160cf3,2026-03-26,paid_google,free,FR,Education
364effb1-5d0c-4362-b1c7-8e2394fff78b,2025-08-16,paid_facebook,free,CA,Finance
5c7d5761-1847-41df-8119-2c5d3df85661,2025-10-15,referral,basic,DE,Education
d873f17e-5ac3-463c-b126-711b55e65fd6,2025-06-20,organic,free,UK,Tech
875803fc-4957-461f-ae60-88a60f7920b2,2025-12-28,paid_google,free,US,Tech
b4bceb79-d72f-4f4d-a8ab-c5a0fa78b2ba,2026-01-26,paid_google,free,UK,Education
2660f717-36a4-4359-95d1-b8d26f5d9f1f,2025-07-09,paid_facebook,enterprise,US,Retail
dbf53577-2166-438f-8e71-aa09f8376943,2026-02-23,paid_facebook,pro,DE,Education
3bb6f8ad-ef34-4e40-90d5-532d2a4440a3,2025-12-24,referral,pro,CA,Healthcare
ef72095f-19c3-4b13-b07d-13c253bf82ae,2026-02-22,organic,free,US,Retail
886416be-63d6-446b-83e9-f3698a6b16ae,2025-11-01,organic,pro,US,Tech
b4cb583a-2873-4487-8443-7b5f1bddf23f,2025-07-12,referral,free,FR,Retail
ff10cfe6-970e-4732-b320-260c17fb27ff,2025-06-11,organic,basic,AU,Tech
de5690e2-5561-42e7-857b-ca0ee9678331,2026-03-21,organic,basic,IN,Tech
6225803d-35e6-43cf-ab74-63bb67438af5,2025-09-06,organic,free,US,Tech
4a31fbc1-7220-432a-acea-7e7dacf91ee8,2026-03-02,organic,basic,DE,Healthcare
4576bdfe-75ee-4603-a1f2-6c89b061ecf2,2026-01-16,paid_facebook,free,US,Healthcare
4be40587-76e0-4c07-85bb-e102d81918f8,2026-01-06,paid_facebook,free,US,Finance
72e2f058-be01-47a5-8c79-d56a11b4cb48,2025-08-04,paid_google,pro,US,Healthcare
ef725132-4bde-41b6-b561-367ccaba23af,2026-05-21,paid_facebook,free,FR,Tech
03a45ab1-c43e-4709-bf09-8c6d28e284d7,2026-01-18,organic,free,UK,Education
1333e25b-c566-405b-b6ce-c1464f3b3a47,2026-04-24,organic,free,US,Retail
33a6cdad-fe4b-4c53-b312-8438b507245a,2025-07-22,referral,pro,CA,Education
f2423d9d-cefc-4f41-9322-025314ffab0c,2026-02-18,paid_google,free,IN,Tech
d3dedf8b-5419-4a16-ac17-f0510f1955d6,2026-02-22,organic,free,UK,Education
d7b42e14-e29f-45fc-810d-281bec72d19c,2026-05-25,paid_facebook,pro,AU,Retail
595408d8-7413-46e1-a535-3bccade45dbe,2026-04-13,organic,free,UK,Finance
af3503ab-8056-4bc8-b595-ae4c177d2400,2026-04-20,organic,free,US,Finance
643db5ed-de3e-44bf-b8ae-9f6d0deca9b8,2025-11-01,organic,basic,AU,Healthcare
cecc8eb4-a6f3-45bf-aa21-303d5e557757,2026-05-24,direct,free,US,Education
f57ac8c7-3f84-4b45-9779-b18f492bbe0f,2025-10-18,paid_google,basic,DE,Healthcare
6a7febcd-826a-4858-93f6-e8ca7495fbae,2025-07-21,organic,free,UK,Healthcare
9496487a-e08d-4809-9273-6be9b0855c94,2025-09-25,paid_facebook,pro,IN,Education
9279afb9-f7d0-4b8f-b726-8f9a64472f28,2025-07-16,referral,pro,FR,Education
ea71bd0e-f745-44e4-b3d8-d7a18a8f3bbb,2026-04-05,paid_google,free,US,Retail
204e0d8b-7e03-4c95-a8e5-ba1b8d508e11,2025-08-27,organic,free,UK,Education
d5a4373c-31dd-402e-8b72-60155083ac9f,2025-12-25,organic,enterprise,AU,Education
c51cc9e9-9ea9-4c68-9e59-71c7a2a1001a,2026-02-24,organic,free,US,Healthcare
8edc3c42-4d0b-4973-9c66-a07ab7a3f67f,2025-08-28,paid_google,free,US,Finance
53e4280b-d35b-4cb7-949a-387095b910e5,2025-09-26,paid_google,basic,CA,Tech
b5287eff-b6f0-4c60-9613-d21bac5ddb55,2025-07-24,organic,basic,US,Finance
b9f70f7c-0db9-489f-a3e2-8a5e05c2023b,2025-09-24,paid_google,basic,US,Education
8cd0d631-3da3-4758-9041-2884d2921b53,2025-09-26,paid_google,free,FR,Tech
758f5e26-84e0-49ad-8582-ba965b9b539e,2026-02-15,direct,free,CA,Education
a5d26051-dd84-43d2-a026-8f1c361abe24,2025-08-14,paid_google,pro,DE,Retail
26561e2e-1f6b-4bc8-8ffd-549a14c0dbaf,2026-04-01,paid_google,basic,DE,Education
72f11fb1-ea08-46f8-8730-6431bd76ce3f,2025-06-07,referral,basic,US,Tech
a5a7c1db-7e2b-4ab8-ad09-f0880611ed13,2025-09-30,organic,enterprise,FR,Retail
16889ed5-a206-4694-bb0e-6d2e8d26809a,2025-06-11,organic,basic,DE,Tech
e808bda4-9d75-43f1-8cc5-cca5b278334e,2026-05-14,paid_facebook,free,US,Retail
223094f8-f928-450f-8f3c-0b5ef3233149,2026-01-01,paid_google,basic,FR,Healthcare
71e60285-0c59-4f6f-9372-2d5879dc928c,2026-03-06,paid_google,free,UK,Tech
b06a312d-7d93-4ba0-812f-671e8c87d4a1,2025-06-28,referral,free,FR,Healthcare
a4a89787-2a3e-41ca-9d80-bcd698f6fbcc,2026-01-21,paid_google,free,AU,Healthcare
c4faf95b-4473-4c62-b98a-deec441f1c3c,2026-04-09,referral,basic,US,Education
187a4f49-c318-4df7-89a4-d5accc1fb268,2025-06-26,referral,enterprise,UK,Finance
bc08e948-e8b8-491d-bd64-e0c1f46c83b4,2025-07-24,organic,free,US,Retail
e690a63b-04d1-4876-991e-12d90f7dae35,2025-06-29,paid_facebook,free,UK,Tech
4857aad5-8992-43c0-a628-3c42e87df080,2026-05-19,direct,free,US,Healthcare
9dc28de1-2f45-4a05-a697-773e43bbfe19,2025-11-11,paid_google,basic,FR,Education
cfd75f96-a866-4361-8940-8ae0e5902d69,2026-02-25,paid_facebook,basic,IN,Tech
2a37f599-73ce-4dfe-b076-c4bda11cbe2a,2026-04-30,paid_google,free,AU,Education
480e60f3-95d1-481a-8194-2b5bd7ac95cc,2025-07-05,organic,basic,UK,Tech
5bb487e0-be53-4357-bcb7-93d0ca116ac2,2026-03-13,organic,free,US,Education
9e050f50-7c1a-451d-96d8-1094c7eb6d0f,2026-05-14,paid_google,free,UK,Education
adfdeffc-09eb-4364-9c06-c1e99f68f276,2026-02-28,paid_google,free,US,Finance
ae99d4ef-fc12-4a4f-8735-a6c14ae6e2da,2025-12-25,paid_google,pro,US,Healthcare
124c0ff1-918e-4a87-859e-5cd3b0bab044,2026-01-24,direct,free,CA,Retail
f6e05a55-77cb-46c3-ba3b-ab9172359431,2025-09-01,organic,basic,DE,Retail
26ee2559-3721-49a8-b44a-f5d25f207cea,2025-11-20,organic,free,IN,Tech
591d62f4-0a81-416f-af67-d09f870f8a5a,2025-08-18,paid_google,free,US,Tech
10ad499f-4237-4b65-84fd-2143509054f7,2025-09-18,direct,free,AU,Finance
2b661f3a-a53c-434e-b895-f5769a8ca269,2026-01-03,paid_google,free,US,Tech
0f6f7b4e-490c-4313-9011-f42843258fd9,2026-05-24,paid_facebook,free,US,Retail
de2cc52b-e652-48da-a367-b20cddfc3eff,2025-09-14,paid_facebook,basic,FR,Healthcare
6096a7ed-3107-4a33-8a18-9d426319f5a4,2025-07-17,paid_google,free,US,Finance
497896d5-84a8-437b-9add-ec35851d548c,2025-11-28,organic,basic,US,Tech
5f24e52e-3762-45ae-b275-96b1b91f1222,2025-08-03,organic,free,UK,Finance
e8d7d465-a8ed-4a58-be9e-56ef738394b6,2026-02-01,organic,free,US,Finance
e915111a-fd56-4d3b-a189-a7942647a07d,2026-01-30,organic,free,US,Finance
7abdaf0e-0bf8-4e4c-80d5-525c6a7edbb0,2026-04-16,organic,enterprise,CA,Tech
fef1fa84-f389-47aa-b488-631d8fe8bff4,2025-08-26,paid_google,free,AU,Education
704fa9d7-a4e1-413b-93e1-350301e33d61,2026-01-03,organic,free,CA,Tech
6677f81c-6142-4071-b2ad-2d36e16dd8c8,2025-06-07,organic,pro,US,Tech
c29eec81-f585-406a-882a-324dc2c1db71,2026-03-05,paid_facebook,free,DE,Tech
69580d53-f810-48a9-936c-bab0f569899b,2026-05-03,organic,basic,FR,Tech
da3afc80-7f97-494f-ad12-00d753fa600c,2025-12-27,organic,free,US,Tech
7259cb5f-a756-4b0e-a47f-68f855e8a588,2025-11-16,direct,basic,UK,Finance
4d50f7bb-cd47-4e6d-a117-94927734fb11,2026-04-26,organic,free,UK,Finance
583621f1-c001-40ff-ae5d-f9cf556cc5a5,2025-10-16,organic,pro,CA,Tech
ad379f3c-f3a5-4c89-b017-e4e63f89d850,2026-04-02,organic,free,FR,Healthcare
a15834c4-d23b-47de-9f43-b66bc85763a2,2026-01-16,referral,free,FR,Healthcare
0d069a66-9098-4584-954d-c2d9d6c6714f,2026-04-04,paid_google,free,UK,Education
fb4f5b46-9382-469d-b1c2-74b64910ec2d,2025-11-08,organic,free,US,Healthcare
6a09846f-9e04-4674-8ad8-c59af576d1f8,2025-06-01,paid_google,basic,US,Retail
076b08e1-682b-4482-8d26-39515a6ca04e,2026-01-22,organic,free,US,Retail
7dd0bfd4-e545-4226-a3b0-588af4822db2,2025-12-05,paid_google,free,UK,Healthcare
fa34dac3-24c1-49cd-bcc6-9ad7b68e46aa,2025-06-04,paid_facebook,free,FR,Tech
6361a401-b2c1-436a-adb7-7916f4433ebd,2025-10-10,organic,free,US,Healthcare
14be2725-cc6e-4164-a86c-a78bda726f47,2026-01-04,paid_google,free,UK,Retail
a21d26e1-308a-49c2-b307-2721652f8ffa,2026-02-15,paid_google,free,US,Healthcare
4a4d9e5a-d871-4264-9527-3ee2ce08a874,2025-06-01,direct,basic,FR,Finance
d230172f-b450-42cc-a518-6d254efe425a,2025-08-10,direct,enterprise,FR,Education
4391c49e-fcee-44d5-a56a-1010eb2b64d8,2025-11-25,paid_facebook,free,DE,Finance
e35ad6ad-92e2-4782-afd2-845aceddf0a8,2025-12-06,referral,basic,US,Finance
1019a24b-c36e-4234-8bc3-24208e38fe0f,2026-03-18,paid_google,free,US,Education
47edccca-3114-4a95-9a94-4877499d67e9,2025-06-08,referral,free,US,Tech
cebcbbbb-8976-4791-ae5a-4ac7bf23429b,2026-02-08,paid_google,free,IN,Education
96994db5-a288-4ca0-a1b3-e7b50e5697fd,2026-03-19,paid_google,free,US,Tech
f2fe5e92-73e0-4f5c-b6df-0ad2e4d622ae,2026-01-30,referral,free,FR,Retail
eecc0e6f-a99a-49dd-ac3e-9e4192a741b2,2025-10-01,direct,pro,DE,Healthcare
4fc8f333-5d5a-464a-87cf-66e0b569e73b,2026-03-26,organic,pro,US,Retail
aece4161-d887-47aa-80e6-c4c69b691bf8,2026-03-10,organic,free,US,Retail
1bdf7361-0a65-4691-8f13-5a1af5870e1c,2025-07-02,direct,free,CA,Retail
1b901882-922c-465d-930e-710f068541ec,2026-04-30,paid_google,enterprise,US,Healthcare
da70dd27-74ec-441b-9d56-50b9b39654e3,2025-10-24,direct,free,US,Tech
25a06e77-0fe8-423e-8aa1-3a342f35a29a,2025-11-03,paid_facebook,basic,CA,Education
71cd157e-52bd-4972-b13f-97c41d916605,2025-06-16,referral,free,FR,Tech
c87f3c21-4971-4e5d-9326-4e96d744c894,2026-05-21,organic,free,FR,Tech
3b7c7f4e-7d7b-47e0-b350-a0ea65a02eea,2025-07-17,organic,free,US,Finance
edbbc6e8-ee85-497f-8db2-c89b753bacab,2026-02-06,paid_google,pro,DE,Healthcare
775a0631-0661-4820-9718-5a20e06c190d,2025-12-04,referral,pro,UK,Tech
b714f57d-f079-4006-9874-d48cdc43fe58,2025-07-01,paid_facebook,free,US,Tech
6fe110b0-dcdd-4afa-997f-6ae938100c22,2026-02-15,paid_google,basic,CA,Retail
7ff1bde4-26af-47fb-a8a8-8a189adf8831,2025-06-17,paid_facebook,free,FR,Finance
5dff4af2-5189-4e16-ac08-7ad55df7cb96,2025-07-09,paid_facebook,free,US,Education
18250ade-0bc8-4a87-8d54-e69c05d46874,2026-03-31,direct,basic,US,Finance
2fac2585-b2f8-4d33-9766-ac493094295a,2025-07-09,organic,free,CA,Retail
c94962ad-ef90-4afe-a23b-35bfdbf77752,2025-10-10,organic,free,US,Retail
c98c8daa-b8f0-4243-87bf-41cb4a486e88,2025-06-30,paid_google,free,AU,Retail
d2c90eef-19ab-4c82-ab50-a63aa2ad34f8,2025-11-05,organic,enterprise,CA,Healthcare
b09739a4-286f-43c9-aaf3-ca23ea14cc45,2026-03-05,direct,pro,AU,Retail
670a2813-9c22-4303-bcd5-ba74fbbb43a0,2025-12-20,organic,basic,US,Tech
77532e53-313f-4c3e-a8bd-13d19d0504e1,2025-08-05,direct,free,AU,Healthcare
5bd49a75-1ba5-4597-9a38-f442e3162431,2025-09-16,direct,basic,US,Retail
cfc6084a-aebf-4744-8bee-56c957ca1e61,2026-02-23,organic,free,US,Healthcare
3cb9f626-dcfb-40c9-8577-ed84f30a2bf2,2026-01-08,referral,enterprise,FR,Tech
671a58e9-ad70-44c1-82ef-0ad0b861afad,2026-03-19,paid_google,free,IN,Retail
2dffc3bf-8f32-448e-8f19-76718a7dff89,2025-06-18,paid_facebook,free,US,Retail
88910a08-7b3d-433c-afb7-d9c188bfc26a,2025-08-29,organic,free,US,Tech
c68b2cfe-e985-4f40-a223-7c4b46279468,2025-11-28,direct,basic,US,Retail
293d4944-063c-47ad-9fe6-f4c38ac00922,2026-02-10,paid_google,basic,FR,Tech
ac465184-bdc4-4f85-bf66-a4b95e1a5747,2026-02-08,referral,free,DE,Retail
18fc1098-3f04-4edd-8807-1f5a6ef754a8,2026-02-12,paid_facebook,free,US,Retail
35d6e494-af03-4f1c-9b1b-8885a15c7af4,2026-05-12,paid_google,basic,UK,Finance
f4f454ef-b89e-40a5-aacb-d5d4f8c33659,2025-08-26,organic,free,US,Healthcare
cf7fa35c-0ff9-4e66-bdec-0886cb636406,2025-08-29,organic,basic,IN,Education
b921230b-422c-4e02-8b59-84e4951a6728,2026-01-23,paid_google,pro,US,Finance
816f23aa-d058-4881-b9bd-2daa6a527b9e,2025-08-09,referral,free,US,Finance
4d01d337-09c8-4b58-8a21-14e316769a96,2025-07-14,organic,free,CA,Healthcare
cafb4114-ea94-43d6-85d6-d4fbf1ff873c,2025-12-17,direct,free,DE,Finance
c1f632ce-5c49-4e52-8704-326e85b451b6,2025-10-30,referral,free,CA,Tech
a280ec67-8358-47e6-a5cd-a9c036282ada,2025-08-25,organic,free,FR,Finance
53a90fd0-9342-4875-b41a-b29f7432ba27,2025-06-19,organic,basic,FR,Education
ed118346-6274-4430-8903-c988e7edcd02,2025-09-09,direct,free,IN,Tech
11a07a48-6bb9-4db2-a447-c0b0a43244c8,2025-09-03,organic,free,US,Healthcare
3f242d78-7109-405c-a45f-465b52fdbaa9,2026-02-09,organic,basic,CA,Healthcare
1fd11dff-9a4b-47e1-9e4f-1dd42c7f3839,2026-05-23,organic,basic,US,Healthcare
bb69af0e-2aa4-486b-a738-5293d45cd290,2025-06-30,direct,pro,US,Tech
0dc8f8d9-165a-45f2-a8e0-673c113e34d4,2026-02-04,paid_google,free,IN,Healthcare
bf42d2fc-f214-4c55-be68-791ab03f85c5,2025-07-03,organic,basic,DE,Healthcare
d51196b1-9621-4f56-8762-ea4370161faf,2026-01-15,organic,pro,US,Education
f8294b19-88e0-4eb1-9f5c-38c13971509b,2025-06-12,paid_google,free,UK,Retail
816504d9-3269-46e4-a581-ace3ff2a22a4,2025-09-26,organic,free,US,Retail
9f1c102a-1f6d-4d19-9bc4-a13a556c8099,2026-05-16,referral,free,UK,Retail
24ae1e2a-4f75-465b-ae8f-9fbe8c5e0f09,2025-11-02,paid_google,pro,UK,Healthcare
977e84ea-fd0a-4793-9aee-835409d9d9f1,2026-02-01,paid_facebook,free,CA,Tech
addd392e-6dc9-48c7-8076-779417c0610e,2026-04-28,organic,pro,IN,Healthcare
c80aedb8-bdc8-4504-9132-1046265b526a,2026-02-02,paid_google,basic,FR,Retail
97cde62b-573e-4994-81a4-1c1b27bd4b77,2025-06-29,organic,free,US,Education
e135936a-24fc-47ea-b17e-acb3a8b00559,2025-11-08,referral,free,US,Healthcare
38bedc6b-8ab6-407a-b903-29c635cd2671,2026-01-21,paid_facebook,free,CA,Healthcare
97adea26-81ea-49da-bdd7-0b652cfa3d71,2025-12-07,organic,free,UK,Healthcare
6410aec3-7aa6-4902-a11c-1edaf347d798,2025-09-25,organic,basic,AU,Tech
27f7a627-e325-477e-b7f0-5440120a2622,2026-02-26,referral,basic,US,Education
7bc26a99-81cc-4d1b-8999-500309168bb7,2026-02-13,organic,free,CA,Education
5507f1e2-07d5-41dd-b8eb-0c869a46701c,2025-11-27,paid_google,basic,UK,Education
bf3e7c47-e1b3-4b96-8e15-02331150a68d,2025-11-19,paid_google,free,US,Education
dd0a9eeb-9eaa-4a86-af63-2b07b29baffc,2026-03-01,organic,free,UK,Retail
2d201b4e-3de6-4f8f-839d-be733e77de0d,2026-02-14,paid_google,free,CA,Healthcare
6c18529f-2828-4002-b217-0f01c899b359,2025-10-13,paid_google,free,DE,Education
f2faad8a-c3da-4591-833b-a952cb6027b8,2025-11-18,paid_google,enterprise,US,Finance
3e5faf7b-3693-419f-a632-03a5190c8c89,2025-12-27,organic,basic,US,Finance
e2bf0cf0-144c-4c56-be14-0b7c1ce0373b,2026-01-22,referral,free,UK,Retail
1a798311-64f4-4acd-b3a2-8f55875d0823,2025-12-03,organic,free,US,Finance
f06efbd3-dd2d-4776-82e5-c9dc0e4e1817,2026-05-30,paid_google,free,UK,Finance
c87b623e-431e-4f1c-bccb-24462e4578cb,2025-09-03,organic,free,US,Finance
da6c9c7e-e355-4f3e-bb88-eec5e5e4696e,2025-06-11,referral,basic,US,Retail
6191dcbd-92fb-4443-a697-330c4dd929e9,2025-08-07,organic,pro,US,Healthcare
4a836935-4e4f-4761-8471-431c22902936,2025-12-27,paid_facebook,basic,FR,Retail
712079ea-cfb3-40ca-ac24-479d387da110,2025-12-13,paid_google,free,DE,Tech
f3bb8b16-e339-4d18-ad52-549c5f086ba3,2025-09-06,referral,free,AU,Tech
33c19c9f-c317-4ca0-adbb-0f4d2d0a3c0b,2025-09-01,paid_google,free,UK,Finance
05b8fdaa-c0ae-4304-8d80-e6ff30a9fc31,2025-06-22,paid_google,free,UK,Finance
d33cd438-0c3d-41e9-9dd2-4ce7218b215c,2025-11-19,referral,free,US,Healthcare
72dacdc7-c70d-492c-b2b1-3be99f4be7b2,2025-10-12,paid_google,free,US,Finance
e142f8c8-4300-431c-97f8-f2558027d884,2025-06-25,referral,free,DE,Tech
3aa093a7-5295-4aa8-aa3f-2b3db44a038c,2025-12-02,organic,basic,UK,Finance
96620bfe-f867-40d4-8925-efe7a11a844c,2025-08-24,paid_google,basic,FR,Healthcare
d33c5e7b-cb24-4d6b-a738-4abd5b03248d,2025-07-25,referral,free,UK,Tech
70f2b9cc-c6bb-4402-80c0-b29f987f9d42,2026-02-06,referral,basic,US,Finance
2dcff3cf-3606-4624-92ef-87cde2293330,2025-10-22,referral,free,US,Healthcare
da62188e-32ea-4db1-87ee-3bc1cb8d219b,2026-05-17,paid_google,free,FR,Healthcare
fb7e9ab1-ccc7-4d4a-baa9-0546682a7614,2025-11-14,direct,basic,US,Tech
30d33a69-81eb-47a7-8212-c5843859b158,2026-01-10,organic,free,US,Tech
16186065-4705-41d3-bb65-0ece0109fffb,2026-01-06,organic,pro,US,Tech
b935136e-3094-43ee-b863-a1423d4e6ce0,2025-11-26,organic,free,CA,Healthcare
563acef3-ccf1-4598-ba63-6c019427dbce,2025-09-27,direct,free,US,Tech
6fba5b02-4f7c-4243-aa76-126de891e646,2026-02-20,organic,free,US,Tech
6b5c3a32-cf2f-49de-8a9d-16bcc1cd1dd2,2025-10-28,paid_facebook,basic,UK,Healthcare
850316c4-0456-4ef4-92e6-526dacffe5dd,2026-01-01,organic,basic,US,Healthcare
f681bc5e-513b-4aac-92ec-dffb2a884606,2025-12-14,organic,basic,US,Tech
51a2c3c5-e635-48a0-a11e-b57915fe51f7,2025-07-12,paid_google,basic,US,Tech
6451a8e7-bd49-4c79-83a8-ab1618d023b2,2025-07-23,paid_google,free,US,Tech
5badb751-fede-4ed6-954e-c9271f0b714b,2026-04-26,organic,free,UK,Healthcare
9c203a47-962a-4965-99e1-49ab137df7aa,2026-02-06,paid_google,basic,US,Education
6eb7f6c4-9861-4b6b-8631-7f116d9f273b,2026-03-22,organic,free,US,Retail
bd52c526-c7c8-49cb-8e9d-ac6dfdd155d8,2026-02-26,paid_google,enterprise,US,Finance
4f6f9e61-d159-4690-8b15-34e8ca11d068,2025-10-01,organic,free,IN,Retail
9a99b551-841a-4647-9ee6-9f59c8827649,2026-05-05,paid_google,free,CA,Healthcare
1cee8f2d-e0c8-4737-afcf-0c9f3bc4239a,2026-02-21,organic,free,DE,Education
032ac5a6-7ed9-419e-ba3f-e00bec6ac9bf,2026-05-14,paid_google,pro,CA,Healthcare
beeaa1e5-07e4-47a4-8128-31c017b55601,2025-06-29,organic,pro,US,Tech
5f8bbff6-1f11-4d6b-9150-da5b5e94f292,2025-07-05,paid_google,free,UK,Finance
89ec9077-37fc-4994-831a-73cff3e5089f,2025-06-06,organic,free,IN,Retail
25ae2401-1517-4e25-9e47-ae792621fa1f,2025-09-19,paid_facebook,free,AU,Healthcare
35f97aa6-37cd-46b8-9c05-857010a86134,2026-03-21,paid_google,free,US,Education
eb170f04-2914-4f77-9985-ef24f4d79329,2025-08-16,direct,enterprise,US,Tech
b1b82860-935d-4a26-a6f2-77173c472b34,2026-05-15,direct,free,DE,Education
b07c7407-0674-4580-b66b-c9c14977227a,2025-10-25,paid_facebook,free,UK,Finance
c3f9a23a-64dd-4e3c-844b-e1d8c424a70e,2025-08-06,paid_facebook,free,UK,Education
d19ebce9-dc05-473e-89b6-627a998f5d1c,2025-06-08,paid_google,free,UK,Education
174f1aed-019b-4f53-8011-7e42d5c79872,2025-09-30,paid_facebook,basic,US,Tech
757137c9-c25c-4e42-a873-463fc07976d0,2026-05-06,paid_google,free,CA,Education
d5cb5e69-1b35-4106-8eba-5d545c6dc2ae,2025-11-22,organic,free,AU,Tech
44357ec6-37e7-4e62-b706-feb5cc1033c7,2025-11-26,organic,enterprise,AU,Finance
adbeab9b-7d1f-4527-bd56-cb8cb0b440c4,2025-08-24,paid_google,free,US,Healthcare
f9247d7d-11d1-487b-8416-35a237c5ee44,2025-07-15,paid_facebook,basic,IN,Tech
244ce0e1-1e9a-4814-a073-23203ed87747,2025-10-14,paid_google,free,US,Healthcare
0b1d91a2-8623-4df4-8c7f-f6d765ad74bf,2026-05-09,organic,free,FR,Retail
8c50e388-b30f-4885-8d8d-342b204ea0e4,2025-06-16,paid_google,free,UK,Education
07e85548-ac94-463a-84b5-331a031ff828,2026-04-29,direct,free,IN,Healthcare
f0142700-8c48-40f0-97c5-62043afdbd59,2025-12-12,organic,free,CA,Education
c49fe1b2-5691-4f0c-9e7d-9d2e6c4e0c13,2025-06-09,paid_google,free,FR,Tech
4172d274-5715-4932-9451-aa1a671e0e5e,2026-04-12,direct,free,FR,Education
746d1731-f17c-42ed-99c7-dd01721231be,2026-04-30,organic,free,US,Finance
a027b510-d98b-4f46-bf9f-160c38d07e5e,2026-04-29,referral,basic,UK,Healthcare
e904537a-feeb-4190-b736-c3e1511cc96b,2026-04-23,referral,pro,UK,Education
8d7638a6-e0e4-4ec6-aa0f-e2739be5eaba,2025-06-15,organic,free,US,Healthcare
8bafc67a-fffe-46d8-90bb-82863feac4cc,2026-04-23,organic,free,FR,Healthcare
5a432145-32e5-4ded-a7b2-3ed440d992cf,2025-09-10,organic,basic,US,Finance
c2f5c815-558f-44b2-a8b6-0c03341ae4eb,2026-01-12,organic,basic,US,Tech
dfc1ef23-a1ab-4cc6-9a59-14bc8c217753,2026-03-05,direct,free,US,Education
74cdd017-57a9-4652-b0fa-0f0f5d126af6,2025-09-21,organic,free,UK,Retail
1007a914-9f19-454d-b3e8-87c189ec1fc2,2025-06-01,direct,free,DE,Healthcare
5e9f1532-e67a-476e-b04f-d6d5efa8acab,2026-02-21,organic,free,CA,Tech
1c5a0d16-eb39-4e92-89ff-097a45205ba6,2025-12-25,direct,pro,US,Retail
bdf2643d-ec7e-4bce-b274-884cba9555e3,2025-09-18,organic,basic,US,Healthcare
3c6012df-f1a8-4acd-9e0c-daa5aed97c38,2025-12-17,paid_google,basic,FR,Retail
e68acc60-0645-452a-aa61-abb6ade76c90,2026-04-02,organic,free,US,Education
2064d537-363c-4dea-a408-7a8b27235c73,2025-06-12,organic,free,FR,Education
3cb02822-16e0-4f28-9667-76616f2e1026,2026-05-11,organic,pro,FR,Healthcare
7fe0be70-2c98-46f5-9991-bd0a6f684a2b,2025-12-05,organic,free,CA,Healthcare
49227b7f-ccce-4c3c-8108-b5dc355e57e2,2025-11-01,organic,free,FR,Education
a98f11dc-8f3c-4aa3-9a8c-752caed6df99,2026-04-30,paid_google,free,US,Tech
7293fac1-0b60-4ba5-b1e2-c4f13399df88,2026-03-06,organic,free,FR,Retail
f4b54013-3e10-4bda-88bf-e7362a86362e,2025-11-18,paid_facebook,free,US,Healthcare
51df72cf-b712-4377-8155-11f23b2e4558,2025-10-12,paid_facebook,free,UK,Healthcare
7730ecee-1452-4b47-a694-852ff820ad3a,2025-06-25,paid_facebook,pro,UK,Finance
845766bf-69e9-44e9-bcd7-cec26ec2d015,2025-06-18,referral,basic,UK,Retail
c2b67d15-1dec-4e41-8d7f-d3fafd2b7079,2025-12-07,referral,free,US,Education
ab513727-1a6c-4524-9eb3-ff85d9167363,2025-10-19,paid_google,basic,IN,Healthcare
cf69edbc-a296-4f96-a5cf-05643bf643cb,2025-07-13,organic,free,IN,Healthcare
7c7a786c-e2ea-4dc8-8b92-b152db6b86dc,2026-04-30,paid_google,free,FR,Education
93339e8b-9b01-483d-8f08-a07befa324b8,2026-03-11,paid_google,basic,UK,Retail
df8dc0bc-aa9c-419a-ae5d-b4d41ab0c401,2025-10-24,organic,free,UK,Tech
45c9804b-7603-464d-a333-d471790eb06d,2026-04-11,paid_google,free,FR,Education
cd488230-edce-4be7-b391-2333688a2247,2026-04-15,organic,basic,FR,Tech
6b70a3e2-ffbe-4c26-922a-66ff07582110,2025-08-31,organic,pro,CA,Healthcare
017e39f3-a7cd-4893-96b5-42f92d8be4a3,2025-11-26,paid_facebook,free,AU,Tech
2140717f-a890-43e5-8d04-4fa08a0dfebb,2025-07-26,organic,free,UK,Tech
168a0f55-a3bc-40de-a3dd-e883e598f353,2025-11-02,organic,free,US,Education
9ad3641f-2a19-4112-a685-62ffc334f494,2025-11-07,organic,free,DE,Healthcare
384bc826-5491-4131-b813-7e4a040ca6d0,2025-09-19,organic,free,IN,Retail
c6d47f80-e98e-44cd-be10-6970e4e5df8c,2025-10-15,organic,free,US,Finance
f0672168-e587-4bc5-bb45-f697693d35d5,2026-01-18,organic,basic,US,Tech
a857c7b0-6fab-46fd-85dd-cc5b39329f2c,2026-01-06,organic,free,UK,Healthcare
4d1b2557-b55e-4358-b9fc-f87a010fdf5f,2025-08-07,organic,free,AU,Finance
098f3d63-0aa9-409d-a9f1-73df6cbc52b8,2026-03-29,organic,free,US,Retail
aa6e9dd3-8b87-4bac-b314-fc5f362b7a0b,2026-02-04,paid_google,free,IN,Finance
6d41904b-5745-4524-9bd9-70c8d5da88d6,2026-04-19,organic,enterprise,US,Retail
eb0be1ef-b120-419f-8428-b133f89b0207,2025-06-06,paid_facebook,free,US,Finance
49448b5e-93eb-4125-bb48-875d2f5c8731,2026-03-07,paid_google,pro,US,Retail
6d7bf893-8b19-4444-8911-0890811499e7,2025-09-02,paid_google,pro,FR,Tech
760f09a7-c6e6-4ba0-b104-afc5fc00dd84,2026-02-24,paid_google,basic,US,Finance
c8bfa4e3-8ac8-4399-989a-8b4361facdce,2025-12-14,organic,free,US,Retail
421d39fa-6516-4019-8480-5cc556a87930,2025-06-25,direct,pro,US,Healthcare
f394cdbb-f96e-42d6-a927-8fe8fba46fa8,2025-10-26,organic,free,US,Education
b37822f7-f710-47ba-a3e6-46ed0228b9e5,2025-09-26,organic,free,US,Finance
1aa144da-98cf-4378-acf2-7b66737babf2,2026-05-04,organic,free,US,Finance
46b000d2-8d3b-47a6-af62-dcb90bb19a5e,2026-05-04,referral,free,UK,Finance
792d36f0-1123-47b9-807f-8d38cb99da6e,2025-08-05,direct,free,UK,Finance
05b5f3f9-428d-4c60-a96d-3d046f8f149f,2026-03-28,referral,free,US,Education
2e0a874f-8edd-4cea-9803-8b5ce5758bb9,2025-11-22,paid_google,free,IN,Finance
89ce286b-e428-4fbc-802e-124bc9280ed0,2026-04-15,direct,basic,US,Tech
d7d072ec-75e9-4c19-afd1-c02ecf2a236f,2025-08-15,organic,free,FR,Tech
6118c569-008f-4ddd-be3c-5643de84a3af,2025-09-22,paid_facebook,free,US,Healthcare
c41fa648-7118-4612-9af6-93a6dcad7bdf,2025-09-19,direct,enterprise,DE,Education
7ea5f504-6fbd-47a9-a103-3f3d71006f7d,2026-02-04,paid_facebook,free,US,Healthcare
9ce81361-2d52-4d5d-833c-3107abc0db3a,2025-12-20,organic,basic,UK,Tech
e93adb70-4f28-4c73-8d35-dd0b4bd40a1d,2025-10-25,paid_facebook,enterprise,US,Finance
edeb4f6a-f44f-48c8-9f11-8f2795301af7,2025-07-05,organic,free,US,Finance
5aae8177-2c47-4125-8ccb-df3f70158857,2026-04-05,organic,free,CA,Retail
2c702045-674e-4ee6-9b4b-3e16eeed12b5,2025-06-26,paid_facebook,pro,CA,Education
52c5f765-c287-4a7d-8819-a7eef504937c,2026-01-24,organic,pro,DE,Retail
13cf6c1a-e09a-4fff-8b31-7c81cd6d15e2,2025-06-14,organic,basic,UK,Education
7964c220-e566-460a-8369-7020aece9476,2025-07-15,paid_google,free,US,Education
ea6a88c5-ce61-4d6e-9991-4f3f298425e7,2026-01-02,paid_google,pro,FR,Finance
f0d497bd-56a1-48e2-ab5d-14d0d20ba292,2026-01-19,organic,free,CA,Finance
8c1d335e-af9c-4296-9118-ebd04388a453,2025-12-10,organic,free,US,Healthcare
3bc26b57-3d28-4888-bff3-db4b925f8780,2025-07-21,referral,free,FR,Tech
3bb54d73-2afb-4920-b823-f3f62ad43853,2025-12-31,organic,free,FR,Tech
c167902d-3d70-4358-9aeb-4860dedc37a4,2025-10-29,paid_google,basic,US,Finance
85fafe2a-b368-4738-88ec-f09c6ff9d7f9,2026-03-02,direct,basic,US,Tech
86866e44-5847-4a2f-8cd5-31fd4fc5fc62,2026-05-04,paid_google,basic,US,Education
25c6cd41-4beb-4fbc-b4c4-3250833a3d12,2025-08-15,organic,free,CA,Tech
55aeca21-743f-4a34-bc83-5347b923fab1,2026-01-06,organic,free,IN,Healthcare
7de3025f-3aad-4a7f-a849-7a88f7fb71b0,2026-05-14,paid_google,basic,IN,Tech
a769dcc8-3a94-4294-b469-72269e4a06c6,2025-12-04,paid_facebook,free,CA,Tech
6f146327-1cda-4ab8-8d47-87b000f8bbef,2026-03-16,paid_google,pro,US,Healthcare
c02dcd0d-488c-472d-b291-173383ed2df2,2025-06-28,organic,basic,US,Healthcare
c131ea91-96c6-4272-baba-ce3f6fd58fb4,2025-11-27,organic,basic,FR,Finance
4e634b99-7c15-4cc8-9db1-0fde4271f2ae,2026-02-08,organic,free,FR,Healthcare
e451580c-8f06-4aa4-be43-d61887f02761,2025-10-04,paid_facebook,basic,US,Finance
19fcb4f9-16b9-49cc-8a72-dd27c9dd7631,2025-11-24,paid_google,pro,US,Education
d480bf32-023e-490f-85e0-3a7afc8cb739,2025-07-07,organic,free,US,Retail
15803964-eb07-4236-8c70-cc058f78dd82,2025-09-07,paid_facebook,basic,US,Tech
d721653e-0c67-4270-be24-d9cb01df8f1a,2025-09-06,paid_google,free,US,Healthcare
1c5571a2-75e5-4e63-a790-24a53f5823ff,2025-10-05,referral,free,US,Tech
b472ee0f-d3da-4b6b-a44b-38c607fd5d53,2025-11-15,paid_google,basic,US,Education
87d3309f-897d-4f37-8995-4f68555fc7c8,2025-08-19,paid_google,basic,IN,Retail
42f4e90e-0f94-4010-a8e1-9f09e0e4dace,2026-03-21,paid_google,pro,FR,Healthcare
a946f1ec-d464-4bf0-8594-1a179d151370,2026-04-29,paid_facebook,free,FR,Finance
e2bbf074-2cdd-4baa-9d33-89f69c082b74,2025-10-04,paid_facebook,free,CA,Finance
bff166d9-309d-4ad9-82d6-6b6dac3189ad,2026-05-09,paid_facebook,basic,IN,Healthcare
306cd16e-ea13-47ea-9fd2-7f7486437308,2026-04-06,organic,free,UK,Healthcare
b899e57e-6c8f-43f8-b732-3275f37d8056,2025-10-28,paid_google,free,US,Education
e2ce3aba-badf-40e6-975d-7a1666bacc10,2025-06-16,organic,free,CA,Retail
6adec2c3-b6f3-4dcc-93f8-488c7bb2c317,2025-06-28,referral,free,US,Healthcare
7f2990e5-6a2d-48ee-89ee-7582c071e12c,2025-11-20,organic,basic,US,Finance
85e0261a-8e34-4a55-8a07-186c7225c36c,2025-07-16,organic,basic,UK,Retail
8bb0b7dd-3d3b-47e2-a4f6-7089d0441874,2026-04-24,organic,free,US,Healthcare
85be5471-c936-49e4-9527-acfa803c8b1a,2026-01-22,organic,free,DE,Retail
192aee12-0f73-4ca7-af30-991505a69f8b,2025-12-31,organic,free,FR,Education
1db8fe9a-7928-4881-b99b-48c6c2561267,2025-08-24,organic,free,US,Healthcare
1ac715ec-8fdb-4478-ae6d-4610248a873f,2026-03-09,organic,free,US,Healthcare
54a86730-291e-48b7-bd4f-66843f6a40eb,2026-01-18,organic,free,US,Retail
02e1729b-f31d-4175-85ad-b4ce2db69a18,2025-08-24,referral,basic,FR,Healthcare
bfdb0531-5ec8-4411-b92f-09ea7a41292b,2025-08-04,organic,basic,US,Retail
e352623a-5688-45eb-8ebe-4e7cfffd27fb,2025-10-12,direct,free,US,Retail
20e35199-dbac-4d22-aa5c-9ce4537e8456,2025-10-29,referral,basic,US,Healthcare
85eddf2d-a663-45cd-9ba7-893bc7271a74,2025-09-23,organic,pro,US,Finance
d872895b-c662-48df-b2fa-f99eb205e092,2025-08-03,organic,free,IN,Education
e7842fd9-1194-42e1-acc5-32557b15851b,2026-05-09,organic,free,US,Retail
af68e878-4b68-4d0a-9511-1624e8474399,2026-05-29,paid_google,free,IN,Finance
a1ba6170-fddb-4199-8225-97c1e193d658,2026-05-18,paid_google,free,CA,Retail
1645d12b-2480-45e8-b826-cf604345c331,2025-11-05,organic,basic,UK,Finance
550abfa5-6e00-4f6f-92c4-91f9d24cc38d,2025-08-16,organic,basic,IN,Healthcare
6c67872a-52f8-4e9e-8883-65630e1f5ee3,2025-10-24,paid_google,free,DE,Education
6d6ce983-94c3-4a11-a61d-508b66389668,2026-05-09,organic,basic,IN,Finance
ad9ac409-83a9-448a-a5cc-f3ebe8039d3c,2026-01-11,direct,basic,CA,Tech
34bc4688-1421-4272-92c5-efeaea45911e,2026-04-09,organic,free,IN,Retail
259db439-3c4e-48e7-9402-b178f520ee43,2025-09-11,organic,free,US,Finance
52ae8df2-32fc-4a73-9950-4b9f02fca520,2026-05-13,organic,pro,FR,Education
768bb1b5-e43e-42e7-9dda-faf43e084da8,2026-03-28,paid_google,pro,US,Education
7b318df5-4c2a-4f64-ae7e-65c5763388c9,2025-08-27,organic,basic,US,Education
4cdf32cc-52af-40cb-8ea4-6fdb21609994,2026-03-30,organic,pro,UK,Finance
502c3425-fcf0-4798-aabf-a7a3e9a0100e,2025-11-15,organic,free,US,Finance
b1e6576a-08e8-4c5f-a8b6-701e48ef21dd,2025-11-17,organic,free,UK,Healthcare
40445593-e901-48d5-bf0d-c1f9552de260,2025-10-13,paid_google,free,US,Tech
bc3786b1-fb8d-414d-abba-842c902c1283,2025-07-20,organic,free,FR,Finance
377bf8cb-3e78-468f-8cc0-8253e4c58df4,2026-05-06,paid_facebook,basic,DE,Healthcare
2440cadc-ef9e-4b19-8cc9-ff404dc3c305,2026-05-13,organic,enterprise,UK,Retail
6dc67ac2-ad70-4f54-a8c8-791e66b834fc,2025-10-12,paid_google,basic,US,Tech
5bd3825d-0e44-40d3-9fda-b24d10a4f316,2026-05-13,paid_facebook,free,US,Education
09c53b66-07fd-4304-855e-a0587933dc30,2025-10-15,paid_google,free,AU,Tech
bcf4ff8d-8ad0-4b77-a15c-686bcf755030,2026-01-31,paid_facebook,free,US,Retail
565aa965-976c-4930-b116-d5f19275a94d,2025-09-17,organic,free,US,Finance
26d04969-1abc-4e7c-9edb-5dc206e553b2,2026-04-09,direct,basic,FR,Finance
41771828-a377-40df-be14-956131c769b7,2026-03-14,paid_google,free,CA,Healthcare
0f272f41-4037-4c43-916f-eea214fafc35,2025-06-21,organic,pro,US,Finance
f6bd18b7-eab7-4f73-8ad8-f7b95a21dfb9,2025-08-29,organic,pro,AU,Finance
93101281-262f-44a0-a4a1-b99dea5db0d8,2026-03-23,organic,free,IN,Tech
e2cf5fa8-12a7-4e59-a2c0-fe09af7db3d0,2025-09-20,paid_facebook,free,US,Retail
95289dd7-c7bf-42d8-a85e-0eb06fe76f9b,2026-03-28,organic,basic,US,Education
de742873-a4b3-427c-8687-06bf79989d4e,2025-08-16,direct,free,UK,Education
f3d7fc98-cecd-49c1-852f-67a3fd53cd66,2025-11-24,organic,basic,IN,Healthcare
1cf3f8d6-4bf2-4fb2-97ed-35b216f12027,2026-05-09,paid_google,free,US,Retail
882caeb0-d060-4334-bbc1-60a0aa2f5714,2025-10-26,paid_facebook,free,US,Tech
068fcf8b-3528-4de9-894e-73ba6c44c622,2025-09-09,referral,free,CA,Education
9169cd75-41de-4450-8851-5fc94183c7de,2026-02-01,organic,free,UK,Healthcare
a1478fc4-0a82-4bec-ba20-05ef7992d53e,2025-09-25,direct,pro,FR,Finance
13a0f8be-8258-46d6-ac90-7094843036d5,2025-08-31,direct,free,AU,Finance
ed4296a5-9dc6-43ea-a17c-fae22a7e2b41,2025-06-28,direct,pro,FR,Tech
bbb05832-d12f-43ce-be4f-43fd412cd54a,2025-06-25,referral,basic,UK,Education
d3d34cf2-7799-4810-aea8-e4ed3778edc5,2025-07-28,referral,basic,IN,Finance
7fb0475d-27da-4e35-aa58-cd81c7dafde3,2026-03-24,paid_google,free,US,Healthcare
d25870b7-397a-4741-9cab-688e1a68cd60,2025-10-12,referral,basic,US,Healthcare
c60fdc68-f53c-4f59-bcb9-ec85c884cabe,2026-04-27,paid_google,free,CA,Education
ea1057e0-4ee1-4b8c-b6d1-fab4d75fc580,2026-02-04,paid_google,free,IN,Tech
a9eec65c-1a9a-436c-88b2-12f170a02ab5,2025-07-08,paid_google,basic,UK,Healthcare
89df20a4-1ff6-4cc9-84a2-aac357691698,2025-08-14,direct,free,UK,Retail
e0669367-9087-4932-8772-f204070a216a,2025-10-20,organic,pro,US,Healthcare
ad8f49b9-7b93-48ca-b537-7e17d70a6e85,2026-04-18,referral,free,US,Tech
c1d7794c-e4b4-43a3-8ed7-42df3a733f0f,2025-11-15,organic,basic,DE,Healthcare
0d14f1a9-daf3-450c-87eb-9e90a90aefa1,2026-02-14,organic,free,US,Finance
cdc2cff7-c1f8-49b7-80b1-e9db8d7b6bc1,2026-05-21,organic,basic,US,Tech
820e710d-86da-4396-b603-1b4ec9940039,2026-01-11,organic,pro,DE,Finance
ea352525-8bd0-4b70-8671-0ac6b1a98893,2025-10-30,direct,free,US,Finance
1262e125-2d06-49d4-84d0-1df5407aeb5d,2025-06-19,organic,free,US,Education
cbb633fc-7790-4a68-9c2f-a80663cbb173,2025-10-24,paid_facebook,basic,CA,Tech
569316f7-8823-439b-813e-37e7d8cdb206,2026-01-27,organic,free,US,Finance
d250d34e-5354-441c-a77a-5d8598b05c3a,2026-05-10,direct,free,US,Education
851955a6-8944-4895-84ad-27541881b1e8,2026-01-23,referral,free,CA,Education
72bd9db6-7542-47c8-85e3-ececd701d2bb,2025-07-05,organic,pro,US,Finance
905cba49-b9a8-41ad-8a13-4dc4d934c3e5,2025-12-07,organic,pro,IN,Finance
75676141-0540-41db-bb35-a9b257aff160,2025-06-01,paid_google,basic,FR,Retail
c6fe4599-b060-4786-9010-62c382f5bae6,2025-10-31,paid_google,basic,FR,Tech
f075b15c-9760-483b-958d-8bc16ea24e02,2025-10-04,organic,basic,UK,Education
9c01913e-7816-47b8-9aa9-40f84c86502d,2026-05-11,direct,free,US,Tech
e164f751-db13-41cb-907c-3558062a3ef3,2026-01-12,referral,free,US,Education
e1014bed-b95d-48f2-a5a8-25abf3641f2a,2026-01-07,organic,free,US,Healthcare
c6211487-e3e1-4561-a2fb-cc70944b3f7a,2025-12-28,direct,pro,US,Healthcare
65ade7d3-1608-4349-8275-ce725e96f6c8,2025-06-25,organic,basic,US,Education
931a2527-622a-4cec-b54b-9c0d3e9066df,2025-06-16,paid_google,free,US,Retail
b1ccedc6-e80d-47f3-b0b9-1ca485b34004,2025-11-29,paid_google,basic,IN,Healthcare
f8f229e5-fc6a-4f3d-ab15-a7142293aeab,2026-04-25,organic,free,US,Tech
04ca8691-e5ca-4a36-b67d-8d8995b11c53,2025-10-07,organic,basic,IN,Finance
d6a2e63a-c429-4985-bd19-86fe88adb2ef,2025-07-12,organic,free,UK,Tech
3e6e4ec1-0119-4516-be4f-9a9c945e7b8e,2026-05-02,paid_facebook,free,AU,Tech
dc4b7d41-ba1c-43e6-bfdd-699b62ff315a,2026-01-22,direct,basic,CA,Tech
483ccb97-fb61-47f0-b202-b45afd95b58c,2026-05-26,paid_google,basic,US,Education
b36b239d-5843-4ebe-9189-81c0d39c18b6,2025-07-04,paid_google,free,US,Education
8800d3e6-5145-4fe3-97d1-609ccba7fe35,2026-05-11,paid_google,free,IN,Tech
a1d65cf5-41f8-44fc-9151-23668d70e26b,2025-07-15,organic,basic,US,Finance
940dabec-bed5-4374-ad8e-42490e1bfc8b,2025-10-12,referral,basic,US,Retail
e7539265-369b-4599-b123-f7f3e7953db7,2025-06-21,paid_google,pro,UK,Retail
d2baece4-02e3-4246-a108-f8ae2cf8918c,2025-09-30,organic,free,US,Healthcare
6223e3bf-d4fb-4750-8881-8fde45b22dc7,2025-08-09,organic,enterprise,UK,Healthcare
84101acb-6a8e-4b77-9401-5f5ee6863f17,2026-05-18,direct,basic,US,Finance
365db993-a8b8-4ee4-8ff5-3fdcccaff07d,2026-05-27,organic,basic,FR,Tech
026c3112-6db0-4bf9-9119-c619decf6c4d,2025-07-18,direct,basic,US,Education
04abf512-2f6d-434b-b1c1-32728d5d5373,2025-07-09,organic,free,FR,Healthcare
c024f271-753e-4533-9f3e-4af5b3229b57,2026-03-14,paid_facebook,free,US,Tech
99006a6c-7ce5-455d-8db7-22ffbcc0932b,2025-06-10,organic,basic,CA,Retail
75361c8e-2202-4c96-ac9a-fa4b234839b3,2025-06-30,referral,free,US,Finance
45b0a3c7-6c5e-4be7-a7cc-08c58e2277db,2026-01-30,paid_google,basic,IN,Education
eedced75-9c9b-4e9a-be2c-31165411b144,2026-03-01,organic,free,US,Education
ee17a289-4078-4b21-a968-191ef83eb443,2025-08-27,organic,free,DE,Healthcare
196233cf-b069-4fc3-b02c-33e29f15f79c,2026-01-30,organic,free,UK,Tech
aa7a5316-8daa-4a1f-b44b-9cd83a156cfa,2026-04-25,referral,basic,US,Education
b4c251d4-9cb7-49a0-8dd5-6d8bff539db1,2025-06-15,paid_facebook,free,US,Retail
22451ec5-9521-46ee-955d-c8ef2eed8680,2025-06-04,referral,basic,IN,Retail
052fd52e-0ef8-43a8-8b05-6ee12bfce101,2025-12-08,organic,free,US,Finance
6012b5c5-949a-4a5b-83be-ec6cefb6f5b1,2025-11-15,paid_google,basic,CA,Finance
d452352a-dc8d-4692-821b-069ebcc8891c,2025-06-09,direct,free,UK,Retail
1c0f9617-f91a-48e9-8f31-d57cf61beccd,2025-09-17,paid_facebook,free,US,Retail
ed6181f4-3707-41de-b105-2bd69b80db48,2025-10-15,organic,basic,IN,Tech
d897c736-155a-4f56-99fd-c89f07acde64,2025-11-01,paid_facebook,free,US,Education
c2d0b6d5-2189-4818-b07c-bfec4f7f029c,2025-12-26,paid_facebook,free,UK,Tech
ec6d4dc5-7690-40a5-b168-5ffdaac7d56c,2026-02-27,paid_google,pro,UK,Finance
d7ac60ed-7146-4529-8b1e-0d7600ddf467,2025-10-21,organic,free,US,Finance
96056ef6-368e-4c8b-a2d7-0f49611fafe9,2025-09-07,organic,free,US,Finance
9fa39334-ac1b-42d6-9181-ab047e0e0da6,2026-04-04,direct,free,US,Education
1b3ecb15-dc15-4518-9771-385136533b4d,2025-08-08,organic,free,UK,Healthcare
99bd0f3e-20a2-4bb0-9a98-da1a7f449fab,2026-02-02,organic,free,US,Finance
cb671300-f05c-4d93-8d8e-6a8229318a7f,2026-02-16,paid_facebook,free,US,Finance
1cd3889a-b5a2-4b7e-b8da-4a9fedb61fc7,2026-03-03,paid_facebook,basic,US,Tech
e188be64-e7f5-4c73-89a7-4f841182f429,2025-08-18,direct,free,UK,Tech
8976de56-d6bd-41a4-a4c6-92ce2e454386,2025-10-24,organic,basic,US,Healthcare
e95eb105-c0e9-402a-b067-ddb6184f2c20,2025-09-19,paid_facebook,free,IN,Healthcare
a6d0785a-50ed-4dfc-8044-72647e911af1,2026-02-13,organic,free,US,Healthcare
d99736b2-f9ae-4dad-8863-731147647523,2025-09-01,organic,free,IN,Healthcare
72f0a2c9-2df8-477b-b82d-4ea4a04bf559,2025-06-13,organic,basic,US,Tech
6590876b-40c1-4919-969d-21d142a2ea68,2026-02-15,paid_google,basic,US,Finance
0d47bef5-4775-45ab-bcb9-7831c9a14bf3,2025-09-17,paid_facebook,basic,UK,Tech
645fc26d-6c1a-4fdb-8deb-e18e7eabbfac,2026-04-26,paid_google,free,US,Retail
7a1410b5-955d-4c15-8370-dadb329ce323,2025-12-06,organic,basic,US,Retail
34f8e5ff-9af6-4d4a-aa32-084beb36b80f,2025-09-03,paid_google,basic,FR,Finance
5bbe3e8d-5549-4168-9588-21694b3971bb,2025-09-13,organic,free,US,Healthcare
b95e6bda-bda9-4d33-a71f-28da49c876d9,2025-06-08,organic,free,US,Finance
abf6326d-0ea2-4861-8e7e-739388d4c133,2025-08-06,paid_google,free,US,Retail
3d2d90ec-b980-4df9-93e8-2126fdbd2d2b,2025-12-08,organic,basic,FR,Finance
2b6cccb3-54b1-4ba9-8490-1823da1cd8ba,2026-02-11,paid_google,free,US,Healthcare
16e1a7ff-ca84-4e82-9148-b603a6917ba5,2025-06-09,paid_google,basic,US,Tech
07d847ac-610c-42a6-819e-b90c80b308e1,2025-09-25,organic,free,US,Healthcare
adf9c171-a89a-4198-8852-c457151f9a54,2026-02-22,referral,free,IN,Tech
b224bf5b-01d4-4ef0-85b3-3cea74a6e353,2025-09-07,paid_google,free,UK,Retail
8c2b856c-dd96-4bcb-bbab-22b07eba3b7e,2026-03-25,organic,free,UK,Education
3451a3cf-46f7-4601-b6b8-2d1ed8424493,2025-11-11,paid_google,free,DE,Finance
a904f3ec-509d-4146-af0c-b0413122093c,2025-10-19,paid_google,free,UK,Education
513d6ba8-6ca0-42a1-a712-eec80eac05f2,2026-02-23,paid_facebook,basic,FR,Healthcare
9221ed95-83be-465c-bc72-5df44a93116a,2025-07-07,paid_facebook,free,CA,Tech
38890ff3-2b23-4ba7-84be-1f8a997b07d4,2025-08-13,direct,free,US,Healthcare
12b015fd-e80e-4ac7-9c2c-f5d740db5808,2025-08-12,direct,free,US,Healthcare
2df51790-7f96-4665-b64e-a91b9bf07f76,2026-04-04,paid_google,free,IN,Retail
38fb7ace-4579-4d47-8738-de275bbf634f,2025-12-16,paid_google,free,US,Healthcare
6af96b16-ff98-4064-ae05-a557b92a1f5c,2025-10-08,organic,free,UK,Finance
b8d0c821-50c5-4684-a5d6-92bba8a9cb57,2026-02-01,referral,free,DE,Retail
05d98cd4-edbe-4afd-bad9-f8e0b9489084,2026-04-08,organic,free,US,Education
d2211c67-3e93-4f17-8109-c0bc00fc3c98,2025-07-30,paid_google,enterprise,IN,Healthcare
4f3ead23-6c04-40f0-af13-d27b92b52fd2,2026-03-06,organic,free,US,Education
69150592-6244-4715-b4eb-40ff3097c470,2025-09-11,organic,free,US,Finance
3c5de6bf-44da-4534-b13d-16e431738d75,2026-03-23,organic,free,UK,Finance
e041d244-f836-4e7a-8314-714f4e4861d2,2026-04-16,organic,free,UK,Finance
2a6e32cc-a9c3-46db-a0e3-9a8cf101d95a,2026-05-07,organic,pro,AU,Education
86c2bc3c-2b45-40c5-bdd9-1df064b4f745,2025-10-29,organic,free,UK,Education
a05bcb2c-058e-43a9-9886-472e34719cf0,2025-11-04,paid_google,free,AU,Tech
1fdb8d4f-e97b-4683-b676-de24396177b9,2025-12-23,paid_google,basic,UK,Retail
177f3afb-6312-4782-b483-394cdd4c2a2a,2025-11-26,paid_google,free,US,Healthcare
5e5b7303-c513-4ffd-a36b-78ec3856181b,2025-12-14,paid_google,enterprise,US,Retail
0e1fccb9-c16b-4839-a854-34b3057e53ee,2026-01-09,referral,pro,US,Finance
58922949-fcea-42e2-bc18-b18de60a70fc,2025-08-28,paid_google,free,UK,Healthcare
c84c97d4-16d8-4153-ae12-c9ba8fe9f06d,2026-03-14,organic,free,UK,Tech
001e747f-7c48-4324-81d9-9c863dd2fe0f,2026-03-03,organic,free,FR,Retail
6db2a474-89bb-4b8e-b571-37d417fab601,2026-01-22,organic,free,US,Finance
3beb5984-37ec-495e-b298-649252dbe0cb,2025-11-30,direct,free,US,Healthcare
bc7a2873-db95-469d-9e06-f0edb0dae318,2025-12-26,organic,free,US,Healthcare
ff0f845f-dfb9-468c-8fd7-3e1caa66e5ca,2025-10-08,paid_facebook,pro,UK,Finance
4d6b3281-6b85-4498-8196-1a4e648f0fac,2025-10-31,organic,free,AU,Education
3f444724-d722-4b3a-ba61-f5652c930195,2025-06-13,organic,basic,US,Retail
4bf55fa9-dc04-429b-80c9-f10c441d2d71,2025-09-30,paid_facebook,basic,US,Healthcare
f7c908ff-dace-4912-811f-a26fc1867371,2026-05-25,organic,pro,CA,Education
2a3c3829-501b-446a-b28d-dfc8f010125c,2026-01-06,paid_google,free,US,Tech
4fa2fb19-7b4b-439f-ab37-7e5dfa1150ff,2025-09-14,direct,free,US,Healthcare
355156c5-7357-4ae0-b619-8ccde7d03807,2025-08-09,organic,basic,CA,Healthcare
db1552ac-506e-47fc-bb16-6165249ec472,2025-12-12,paid_google,basic,US,Tech
7ea727dd-e73a-468e-a869-3f86243054ec,2025-12-03,organic,pro,US,Tech
cdf052c4-23ea-4202-89cc-8aff7021e979,2025-09-07,direct,basic,IN,Healthcare
416e494d-9da0-403e-9bc8-ccbb9b9d5e14,2025-08-21,paid_facebook,free,US,Finance
8c3890b6-4210-4f71-9af6-3d637c8a6e04,2025-08-14,organic,free,US,Tech
a2c94358-330d-4272-a0df-d4e936fa71cc,2026-05-06,direct,free,US,Education
da488195-78e5-41ca-b0f4-14de026dd014,2025-12-09,organic,basic,US,Tech
e5350de4-0aee-4dc0-931c-2d0c50fd8c2b,2026-04-21,organic,free,CA,Healthcare
0bca18c6-d46c-4267-bf67-7b6918f9f2df,2025-12-31,paid_google,basic,IN,Healthcare
4059e28b-c384-4010-9b86-f6fbc0f83744,2026-04-11,paid_facebook,pro,US,Retail
e17e7e89-0163-4aa1-9e0c-8a346f83007b,2026-04-14,paid_facebook,basic,CA,Education
e6493f96-6e89-4ba0-843f-64d6d6f9132e,2025-10-22,paid_google,free,US,Retail
f3d7ec34-93c2-4267-8264-a1cd973cdd7c,2026-01-02,paid_google,free,CA,Tech
044233c8-bf98-488b-97ea-1f5ae56cbf52,2026-05-27,direct,pro,IN,Retail
029b73d8-e706-49d1-b89b-1a43e1625c90,2026-04-20,referral,free,US,Healthcare
f28f560d-3216-469a-8ce8-0ceaa8a6b14c,2025-06-15,paid_facebook,free,US,Finance
abd82445-3c47-4028-9140-6a4a8ce03f8e,2026-01-03,organic,free,AU,Tech
5930a8d4-282a-4835-a081-9c4cf1fb7324,2025-07-05,referral,free,IN,Healthcare
a0cc3379-c794-4c0b-8d42-795876ae3f49,2025-11-30,paid_facebook,free,AU,Tech
5730b120-bcf7-439a-99be-76a73ce98d14,2026-02-25,direct,pro,US,Retail
2d6f9e62-16ef-4589-b470-d86e4eb56ca3,2026-05-24,organic,enterprise,UK,Retail
f0ee5a7a-8105-40c7-8a06-7a9a836ad2cc,2025-09-08,paid_facebook,enterprise,US,Tech
9bc608c3-335e-412d-bee6-d32847f937e9,2025-06-07,direct,free,UK,Tech
145b404d-a67f-4995-acc4-a9f907ca38f9,2025-06-30,paid_google,pro,CA,Retail
eeb58dcb-418a-4284-8fd3-565cf936ca46,2026-04-01,paid_facebook,enterprise,AU,Tech
7d5b4a0e-871a-41a4-806f-863c88e9de9b,2025-10-22,direct,pro,US,Retail
5bfde39b-b436-4c6d-915e-43f7ba1193fa,2025-09-19,paid_google,basic,US,Tech
9fab417c-6ece-4246-9093-4f0c7ab1ba2b,2026-01-18,paid_facebook,basic,UK,Finance
2d846703-cbf1-4a4d-84f0-d210b6235c25,2025-11-26,organic,free,UK,Tech
600a6b30-1326-454b-9bfe-b9b9b224864e,2025-08-11,paid_google,pro,UK,Tech
356778c1-114c-4e85-a27b-cf1392cb3637,2025-12-27,organic,free,AU,Healthcare
763a5e59-f7fa-4329-bdea-04c4923ffc0e,2026-01-06,organic,free,DE,Finance
82e21474-69fb-4b7e-9a95-6bf69b0ee8ae,2025-08-19,paid_facebook,enterprise,US,Retail
e05324d5-8342-49bf-853e-8e939e6f5cf2,2025-08-22,organic,free,IN,Retail
af4e1321-9c5d-44e0-a59c-7b5fbbc66267,2025-07-12,direct,free,UK,Education
13947f5a-052a-4c25-a60e-c405b5e8ee03,2026-02-28,paid_google,enterprise,US,Finance
fb7a2f7d-ca77-40cb-8fcc-bbfa7341942d,2025-12-08,paid_google,enterprise,US,Finance
ec8e4064-daf8-4e22-aba4-879d4d96712b,2025-11-20,organic,free,US,Tech
f9275802-045f-49d4-b44d-776e51f9c71b,2025-06-07,organic,pro,FR,Healthcare
490193a7-076d-4cd5-a7cb-df8254280986,2025-11-02,organic,free,CA,Retail
13fb3d8f-939f-4d2c-a049-53f9d00ceeda,2025-06-10,organic,free,UK,Retail
5e36988d-bfc0-417c-b211-c90f31278713,2025-07-04,referral,free,IN,Healthcare
5c1f4904-6c70-4fef-b0cd-20470354c5f8,2025-07-06,paid_facebook,free,US,Healthcare
30a61652-5d0d-405d-a02a-5c7c92815185,2025-06-06,referral,free,CA,Finance
660eb6bd-3d13-4427-b1ef-6ffc6997c42a,2026-01-01,paid_facebook,free,CA,Healthcare
67b50b8b-5d46-468f-aedc-7a470ac0da0b,2025-10-12,paid_google,pro,UK,Healthcare
f8699117-f6e8-4316-b8a6-e6a6b0f697a1,2026-03-12,paid_google,basic,US,Tech
68ff2aa2-9a2d-4041-baa5-0e9d88988758,2025-10-04,organic,pro,FR,Finance
041bb0ff-51a6-467a-b504-514234edb27c,2026-05-03,paid_facebook,basic,US,Education
37d24bd7-29a6-4ab2-8a59-6632eb5780bf,2025-11-21,organic,free,US,Education
c19d38ab-d4b4-4d1a-a417-eb9ba730f897,2025-10-30,paid_google,pro,CA,Retail
f652dc7f-91d1-4a84-96dd-4638a174f9a3,2026-04-27,organic,pro,UK,Healthcare
dcedd473-9e64-4260-b8de-b2f5e417d371,2025-06-26,paid_google,free,IN,Tech
4408bff8-ab9b-463e-a03a-a454204a9b68,2025-09-23,organic,free,IN,Healthcare
4963f5fb-a462-4d2d-a244-18a4cb893fd3,2026-03-11,organic,basic,CA,Retail
3eaa8df5-07b2-470b-bce4-085b1b194f9d,2025-08-14,paid_google,basic,US,Healthcare
7adc7e21-66fd-452b-951c-d82725d4048f,2025-11-13,organic,pro,DE,Education
bf68e38e-52ed-4789-adf5-f3b3fc8cf530,2025-12-06,organic,free,US,Finance
1bab50b5-461e-40ad-b99e-7b470c8c7022,2025-08-17,organic,free,US,Healthcare
bdb7275d-3c8a-4566-9002-e3193f608f7c,2025-08-29,organic,free,US,Education
3bdac9aa-8ebf-4d14-888d-e28be537b039,2025-11-23,referral,basic,UK,Education
e38df29e-60a9-46d4-a0d3-edaef1b37796,2025-06-21,paid_google,free,US,Retail
d8851bbf-af9e-403a-aeea-9b45010a8ae3,2025-07-24,referral,free,US,Finance
c457950b-b07f-401f-82e6-7d5a11f5fe45,2025-12-01,organic,free,UK,Retail
33a39ed0-3c3d-4ed8-a3ef-263718b1d103,2026-05-25,organic,basic,US,Tech
2187011e-d118-4269-a7f0-fe523ddea604,2026-01-08,paid_google,free,US,Finance
e7b7e192-47e3-498c-b375-b241a41e4dcd,2026-04-11,organic,free,US,Tech
7ad8b155-4c87-472e-93c9-4fcf1c1274bb,2026-04-24,organic,basic,IN,Finance
a43932a6-8785-490e-b3eb-ac2814f4362e,2025-11-26,paid_facebook,enterprise,FR,Education
a3ff7145-3ecb-48e8-ab28-fcf816bcd5a2,2026-03-03,paid_facebook,free,US,Tech
3c205374-130d-4016-a71b-5898d553d02c,2025-09-20,organic,free,CA,Finance
48cc46b3-f8fe-41d9-b4e1-b2380daa66e3,2026-01-10,organic,pro,FR,Finance
d11c756e-2530-414e-9055-9af0a66db9ef,2025-12-31,paid_facebook,free,US,Tech
465e8f39-edb4-474b-b3f7-9b60797cc298,2025-07-29,organic,basic,AU,Finance
d6577303-43ec-42a7-bbe2-600f02710e16,2026-04-23,direct,basic,FR,Retail
98c89007-c57a-46b1-ad3c-c3b1ac9695cd,2025-09-17,direct,free,US,Retail
323625cf-6192-4a33-a42c-9452c6ef5ada,2025-11-04,referral,basic,US,Tech
9c116482-f096-4239-831c-918105b995fa,2025-12-08,organic,basic,FR,Education
a139d4ff-9e09-42d6-8d56-7d8ec83c62a6,2025-12-17,organic,free,US,Healthcare
ff320926-d140-4314-a07b-4472e5d13c03,2026-04-08,direct,free,US,Tech
41416f22-2892-4a74-8132-4ae7c73e43c2,2025-12-13,organic,enterprise,UK,Tech
7e0adb86-2ada-4289-af89-3f6bc316e556,2025-07-05,organic,free,US,Tech
3f7314d1-acb2-40bd-a1ca-4c5b0475edb1,2026-02-01,organic,basic,FR,Tech
827163b8-7993-45b6-8d21-0204b73d5040,2026-01-23,organic,pro,US,Retail
9282cbae-644d-494d-b521-9635263b5d98,2025-09-12,paid_facebook,free,US,Tech
5ac4b138-e987-45ea-882f-c85077f3e5e5,2025-06-07,direct,basic,IN,Education
baf1f37b-dbc2-483e-9d53-b7fcdeee0f69,2026-03-10,paid_facebook,enterprise,AU,Healthcare
9d7f18e4-3ddf-4418-81e8-536e5930841a,2025-06-01,paid_facebook,free,FR,Healthcare
e2d0ba18-090d-488e-b7db-524a367a6437,2026-01-05,organic,free,UK,Education
35d7f485-6297-495d-9c3d-c9b60e1946d0,2026-01-16,paid_google,pro,FR,Tech
84407962-100f-40b1-a04c-1ece4817d808,2025-11-19,organic,free,UK,Healthcare
dbb07245-d7cf-48e8-a003-ad2eca04aeba,2025-08-26,organic,free,IN,Retail
4c398e36-c112-4be1-9b8f-ee915378cf0f,2025-07-11,organic,pro,US,Healthcare
6f295502-0a2c-49a2-8e90-bff9c35a2851,2025-10-01,paid_google,basic,FR,Education
9fa9ade3-9520-457f-8801-8d3cd915068e,2026-04-27,organic,enterprise,CA,Healthcare
a9cbe7fe-f124-4fda-a2cc-0369c30ed492,2026-03-25,direct,free,US,Education
33b82771-8d5f-4a03-9c2e-89019882d105,2025-11-25,direct,free,US,Tech
a47024b4-6b8d-4def-af2b-33540ca7bbff,2025-08-02,organic,free,DE,Healthcare
7bec4ec1-e6f6-4ce9-889e-fadee6f839f1,2025-11-12,paid_google,basic,AU,Education
f69d7d9c-f71f-455e-9917-5e9831ce52aa,2025-12-04,paid_facebook,basic,US,Retail
54c35262-3783-457a-928e-fb5d6e6162a4,2025-12-26,direct,free,UK,Retail
8c894092-6878-4c73-8833-ce97ecc1aeab,2026-01-13,referral,free,DE,Finance
2b5cde74-1dea-46f4-97f4-1806647ec473,2025-07-18,organic,basic,US,Healthcare
471f8007-d13f-49ec-9e78-aed5f41b27ad,2026-01-10,organic,free,US,Tech
2a67017b-bd92-4350-b50c-be5f5434a1b9,2025-06-03,organic,free,IN,Finance
58f5586e-957e-4100-ae55-853c5d6f13f2,2025-11-22,paid_google,pro,US,Healthcare
7a192162-de47-4b76-b9c5-3bb476450b87,2025-09-07,organic,free,US,Retail
91e90f36-4dc7-483d-a487-02c19fdeaa1d,2025-09-24,paid_facebook,basic,US,Tech
cca07ef8-d454-4f78-a41e-4853eebd5ce7,2026-02-25,organic,pro,IN,Retail
9536bb99-0e2a-4441-be87-7d949dfa78d6,2026-02-08,referral,free,US,Healthcare
3485c512-55b9-4324-a037-018890a0e272,2026-04-13,organic,free,US,Tech
ec77e6f5-b555-4815-8f97-88c9921ee725,2025-09-03,organic,free,US,Tech
85e959ce-64df-40a0-baf7-76e7babeea8d,2026-02-28,paid_google,pro,US,Finance
b3d596d2-ea4e-4163-b3f5-a93fbb5aed98,2025-06-24,organic,free,US,Tech
b1b88c3f-202c-4e91-97e7-395d11adff0a,2025-09-24,paid_facebook,basic,US,Healthcare
abf3b532-5971-40dc-9355-0af726f0d83c,2025-10-29,paid_google,enterprise,US,Education
ad93a17a-94e4-4ffb-bdcf-c790597f8129,2026-05-04,referral,enterprise,US,Education
3ed6adc1-c505-4198-bf07-180d614cbf34,2025-07-20,direct,free,US,Tech
1d7b6e31-43e3-4d19-8109-6459b6a1ef75,2025-12-23,referral,basic,UK,Education
93a5d266-39a5-4cba-a14a-6cec10a1ea33,2026-05-01,paid_google,enterprise,FR,Healthcare
0d534e35-ccc6-4d5b-8eb3-02b13b1842d9,2025-08-18,paid_google,free,CA,Finance
03323335-6644-4840-bdc8-44fdb8ed99c7,2025-08-09,organic,free,IN,Retail
8de467cf-c8d0-41d8-9e4f-76e46725e041,2025-06-27,paid_google,free,FR,Retail
b7ecd84a-b7bd-4121-b5b9-abad007238f2,2026-02-26,direct,free,US,Healthcare
6339ab8f-8d54-4840-97d8-1c221c118117,2025-07-20,organic,pro,UK,Finance
19a0ba03-7a93-4ce7-a5d9-efc2b871d39c,2026-03-19,paid_facebook,free,UK,Healthcare
5d85b4e5-3baf-4343-b426-1ddeaf972ab1,2026-02-02,referral,pro,US,Tech
28d3b294-2710-48c1-89f2-07733c85b7dd,2026-02-19,direct,basic,CA,Finance
2246b6df-dc25-45e8-8f25-b498d83a0bfa,2025-08-18,organic,basic,CA,Education
2ab379c8-7d58-4d4f-92d2-9dbce94069e2,2025-12-07,organic,basic,AU,Tech
295accf9-a340-4654-85bd-a52c703ed783,2025-07-17,organic,free,AU,Education
6abcb1cf-550e-470a-a7ec-091f9d5b2ed8,2026-05-27,paid_facebook,pro,US,Tech
1cd89eb7-8888-4d65-86c2-8561bf855e9c,2026-05-20,organic,free,US,Tech
8b5931e5-1590-4fcd-9175-6d22b19bf2a9,2026-05-18,organic,free,US,Tech
c8280b57-9644-4853-b84e-39e7398ce843,2025-12-06,organic,free,US,Tech
2d991400-751b-4e1a-8729-9d5863709840,2026-02-11,organic,pro,UK,Finance
2bb679df-7a69-4205-b6df-66f5c43a4886,2026-01-08,paid_google,pro,US,Finance
fb023547-8ade-4988-8aae-16aa9c326a57,2026-01-27,paid_google,free,FR,Tech
90244778-d57e-48bf-8f20-6c9377a918ec,2026-02-24,direct,free,US,Healthcare
bc76832e-dfe3-4954-93fe-85595a65604b,2025-06-01,organic,basic,US,Tech
a4864f99-3de8-4a6b-bf06-7574d3394b18,2025-07-04,paid_facebook,free,DE,Tech
db476d9f-4444-46b2-88b6-207f14fec3f1,2025-08-18,paid_facebook,free,UK,Healthcare
a02b6cac-4a11-4591-93e4-c5c845a3cbf8,2026-01-22,organic,basic,UK,Healthcare
3d43c796-7940-411c-9636-b38beab61683,2026-04-30,referral,free,UK,Tech
bf0798fe-5f8d-4f82-9150-ba428087e88d,2026-05-15,organic,free,US,Retail
a9377b95-1b2a-4faa-847a-525b822100a6,2025-09-06,paid_facebook,free,IN,Retail
ecad1e55-9af3-4db0-9bf7-f48a1e0afdba,2025-08-21,paid_facebook,free,UK,Healthcare
307e0b70-68c1-4945-bd7e-228cc8b26c76,2025-12-09,paid_facebook,free,US,Tech
a5df717c-1608-4081-b613-b6bcc65b6d23,2026-02-08,organic,free,US,Education
fb8ce3a8-8499-41e3-939b-392404da45b0,2025-07-08,paid_google,free,AU,Education
605a7897-4826-470a-92ec-4044a5eec62b,2025-06-14,paid_facebook,free,US,Tech
4192ed4c-a69b-48eb-9647-2f9fd20a063d,2026-05-13,paid_google,basic,IN,Tech
9fb242c4-5911-4bda-a59c-17271757f075,2026-04-06,referral,enterprise,CA,Tech
d84c4e37-1bbd-4ad8-952d-640289d148fc,2025-12-26,paid_facebook,free,US,Education
22ee3d29-3974-46ae-b71b-53f51612460d,2026-05-23,organic,pro,US,Education
da586cec-1394-4f57-a969-b7f298ae5050,2025-08-28,organic,free,AU,Healthcare
2fb8c018-a326-433f-8542-c56445da8f9b,2025-07-26,paid_google,free,CA,Finance
065e9ecd-7075-411a-9581-43d7a85c3282,2025-09-02,paid_facebook,free,US,Healthcare
d47d36cf-8036-4395-885d-37a49592551e,2025-09-01,organic,free,UK,Healthcare
6f0b200e-44b7-483a-8682-5fc090cd4264,2026-05-06,organic,basic,CA,Retail
f9c1f3fa-7a7f-44a0-abf8-da404400196d,2025-08-24,organic,free,US,Healthcare
2c913be8-c4f7-4128-be3f-81ee9545da13,2026-01-31,paid_google,free,CA,Healthcare
87e17479-c2b3-448f-a88b-fb0fcbaca77e,2025-06-22,paid_google,pro,CA,Healthcare
ac3cf3a9-6ab0-4231-aab7-8f1109eb1064,2026-03-18,paid_google,free,US,Healthcare
6ca18748-d267-4c2a-9baf-080b7ce54f40,2026-02-27,organic,free,IN,Finance
9fb27789-d0d6-4fbd-ae98-9998cca8b588,2026-04-02,paid_google,free,AU,Retail
e47f952b-18d1-4e32-a9f5-1b77040f2afe,2025-09-30,paid_facebook,free,US,Education
2add1419-21cb-4aef-a344-1acf67612ed1,2025-10-06,organic,free,US,Tech
7048309e-ceef-4b59-8606-0fc3b8557180,2025-09-21,organic,free,CA,Education
b3e01534-1798-494d-bfb5-f718e516c9d7,2026-02-28,paid_facebook,free,US,Retail
20866caa-a9aa-4c3a-808b-1bdbb6d24cdd,2026-05-02,referral,free,DE,Healthcare
3f32b0c1-e66c-43a9-b3ba-ae7321197439,2025-10-08,organic,basic,UK,Education
ec59b367-42c1-4e51-bd0a-8d7e79500953,2025-10-10,direct,basic,FR,Healthcare
fd795a6d-cf97-46a3-82e6-36e0905cf70b,2025-08-24,organic,enterprise,CA,Finance
15f40ab0-b092-499d-a4d3-0e1fb60325fc,2026-05-16,organic,pro,US,Finance
6f7592d9-846d-4500-8723-d1a3960a2a56,2025-08-20,paid_google,pro,UK,Retail
bfd5c50d-4c43-4d51-82be-5440ddfdb7ac,2026-04-21,paid_facebook,basic,UK,Education
795b8e41-b1ea-4bc8-974e-5ae6e9903174,2025-08-08,organic,basic,AU,Finance
ca8fafab-c046-4af2-9b09-1b848604afaa,2025-10-26,paid_google,free,DE,Retail
f98bd905-f0e6-4768-988c-84589eae7b01,2025-06-16,organic,basic,CA,Retail
9f86f206-2087-4b6a-a9a0-2f605872ab14,2026-04-03,paid_google,free,US,Retail
261238db-81db-457d-a269-0c6d82575c5e,2025-09-13,organic,pro,UK,Education
5cfc1000-a9ee-4752-ad2a-8144a7532589,2025-11-12,paid_google,free,US,Education
9ca1f5ee-98a9-4b89-9866-8bbd54b628ad,2025-12-18,paid_google,basic,US,Retail
547522e6-07ea-4c70-a014-19b819a8157f,2025-12-14,paid_facebook,free,US,Tech
98f6f685-951b-448a-b3e6-7fcf718e67bd,2025-12-02,paid_google,free,US,Education
cea4585f-7e90-4821-b91c-dd7385e2cfb2,2026-04-18,paid_google,free,DE,Education
1e0067a1-f795-40ec-9b8a-16546d44ec26,2026-02-20,paid_google,free,US,Tech
bea61031-96ac-4df6-826d-e821558b4278,2026-05-29,direct,free,CA,Education
e266efa0-36bc-4011-9264-10256cf319ba,2025-09-08,paid_facebook,free,UK,Education
f6f786a1-2afe-4e1c-89fc-87a4053a4e01,2026-05-08,paid_facebook,free,AU,Finance
80133fac-85fe-4451-9792-4f3c8590bbee,2026-04-16,paid_google,free,IN,Tech
9e34764f-a779-4be6-8e58-1df4bb9c6bd5,2025-12-31,paid_google,pro,IN,Finance
ca6abb0d-3cd6-4230-a58a-189261215f93,2026-03-05,organic,free,US,Tech
be7d5ecd-1060-4a07-baaa-90b6bc4a889d,2025-11-09,paid_facebook,free,AU,Tech
74dc6a7b-e2ba-4020-b2a2-54e2763663da,2025-11-04,organic,enterprise,US,Tech
851661ab-1171-42bb-8868-933d1114cb27,2026-02-06,organic,free,US,Education
4115e166-6050-46b6-88ad-e5148da2b55f,2025-09-05,paid_facebook,free,FR,Retail
ad2dce44-bcb7-4ea0-9f5e-7376042cf3e0,2025-06-18,organic,free,FR,Healthcare
ec6d3b9e-3e8a-44e2-ab14-348f66007058,2026-04-23,direct,basic,US,Retail
a918958e-596d-4b1e-b0f0-b17355ffbda3,2025-09-05,paid_facebook,free,UK,Education
bf4cbeb7-7e71-4055-b733-9623e2761b2b,2025-06-01,paid_google,free,US,Education
84048e19-a264-4210-8d82-b467c15a24f6,2026-01-02,organic,basic,IN,Healthcare
4bc13fee-7ec6-464a-97ca-4043847724b9,2025-10-10,paid_google,free,IN,Education
480b8baf-1fa1-4567-9609-6a79af8fc7e0,2026-02-15,paid_google,pro,US,Tech
0d11b08d-a214-4b7b-813e-3691ed61e7f4,2025-10-03,organic,free,AU,Finance
e5a0957c-ee48-4d95-afa7-031ab1e0bcc0,2025-08-21,direct,free,US,Finance
8ccb401f-e4ed-47fe-b106-7cec17cd2c8f,2026-03-10,organic,basic,FR,Tech
fa81e014-7dc2-4bb2-bc0d-56b513a48377,2025-11-18,paid_facebook,free,FR,Retail
994012b1-febd-415a-b7bf-3a61cdcaf4da,2025-07-29,referral,pro,US,Finance
5f9ac722-0386-4280-98b2-837fb57a4482,2025-07-02,direct,enterprise,CA,Tech
bd26a98e-1b56-4ef7-9b9d-4b702e4df446,2025-11-08,paid_google,free,US,Retail
889a46b7-016c-4fa5-8bc9-4256fa6e3332,2026-03-11,paid_google,pro,US,Finance
59b0656b-f279-4b4d-bc53-3b88e363632c,2025-09-14,direct,free,DE,Tech
b0da8ea8-86d0-4457-9fc8-dc9c799a2fb3,2025-09-13,referral,pro,US,Finance
de6afbe7-c9a2-4567-91d5-432f2d3f6245,2026-01-14,paid_facebook,free,US,Finance
360f35dc-598d-4846-b86f-fee570515d29,2025-12-05,paid_facebook,free,FR,Finance
076cf2b9-0dd7-4943-8bdf-8c327b387a0b,2025-08-09,paid_google,free,US,Healthcare
f67678d4-e250-4c3f-9e70-b93f1e000fe9,2026-04-14,organic,free,UK,Retail
5bee886a-8e2b-4d68-b8ec-67feb106916a,2026-03-17,organic,free,UK,Finance
bf112224-0faa-42f8-acc8-83f4035b33f1,2025-08-26,paid_google,pro,IN,Tech
3c887c7f-fa4d-408e-8dab-98ecd32ff394,2026-05-28,organic,pro,AU,Healthcare
dd919f3a-52ec-4220-bd5e-99c0da4fbcc6,2025-07-26,paid_google,free,US,Education
21255d00-fc5c-437b-a124-033eaddb97d7,2025-09-21,paid_google,free,IN,Education
bd027e62-b305-4c44-9b76-c2a223bbeffd,2025-06-13,paid_google,pro,FR,Retail
18a5945f-418f-4d24-9943-e9aecf2f038a,2025-06-18,organic,free,DE,Tech
f53469b4-c932-4d39-a425-7daeec74ad7e,2025-11-29,paid_facebook,free,UK,Healthcare
52b8e41a-64d8-4100-bfb5-fa2e5660afa4,2025-09-21,direct,free,CA,Tech
581066ef-c0df-49ac-b02f-8d2f1245be93,2026-01-15,paid_facebook,free,CA,Healthcare
74f7b2ad-7278-45da-b9ce-8c868414650a,2025-11-18,organic,free,AU,Healthcare
96c01e98-617a-4b9d-8bed-06347885dfb8,2026-03-22,paid_google,basic,UK,Education
a578731c-2390-48c2-a515-f3b4cc75df71,2025-12-06,referral,basic,US,Retail
723020aa-3976-49f9-8ce2-bdcee58616a9,2025-08-18,paid_google,free,US,Retail
f3d5211d-48fb-44e4-a10f-6e273e111e59,2025-10-24,paid_google,pro,IN,Tech
69749b7b-2727-43ba-a372-da6911a08e5e,2025-11-29,organic,free,CA,Healthcare
972b6b71-63f3-422e-a8cf-9b9947c60567,2026-03-13,organic,free,IN,Healthcare
485dcf1f-daeb-404a-afe4-b18a4370f148,2026-02-05,organic,free,UK,Finance
d21327b8-1185-46d8-95e7-497cc445c36f,2026-05-20,organic,free,US,Retail
d98fffb1-2115-4180-9abc-bd6a1a03636b,2026-04-10,paid_google,free,US,Healthcare
ad150d5f-c421-4afb-9adf-516dfbe50b66,2025-12-13,paid_google,free,UK,Tech
65726702-a549-481a-b31f-5c9daeb9f644,2026-04-19,paid_facebook,free,US,Education
6c118a3b-74f8-44da-9c5c-63e878b712d8,2025-08-10,organic,free,FR,Education
5db28926-2345-43ab-b44a-c40d0f4a928f,2026-02-03,paid_google,basic,US,Retail
de029f4c-bc2c-4d6a-8cef-56101f29537e,2025-10-24,paid_facebook,basic,UK,Retail
2674e119-01c6-410e-9664-763692453c58,2025-09-14,direct,free,US,Finance
281b28ea-5fde-447a-9fce-0036906c30c3,2026-02-18,organic,basic,US,Retail
771c6856-eed7-439f-be17-4f4b06db7752,2026-03-23,organic,pro,US,Healthcare
ee561078-df4a-4910-a49c-e178f74f988d,2025-08-09,paid_google,basic,IN,Healthcare
bfffd901-f2da-4c7d-911e-f87a3e4297af,2025-12-10,paid_facebook,free,UK,Healthcare
197749be-42fe-47db-9a71-99c1dd087b7d,2025-08-07,direct,free,US,Healthcare
c7f75b23-88de-44ab-aad5-0a0c13d74da5,2026-04-01,paid_google,pro,US,Finance
2e931325-6348-4508-9623-f257996685bd,2025-07-22,referral,free,CA,Retail
dc75f788-a713-46c4-b991-3dc28ee62d56,2026-05-29,paid_google,free,CA,Retail
1d9dec7a-2920-4a8f-bc1d-c906037e3ad2,2026-03-12,organic,free,US,Retail
1a63aeba-574c-4efe-ae0f-3d816c0b1ffa,2026-04-30,referral,basic,FR,Finance
3edb5cd3-510e-4533-b830-267da53bbb17,2025-06-09,organic,basic,US,Finance
c42a4dc7-4dba-46b5-b32b-96d7bb1c9679,2026-02-06,organic,free,DE,Healthcare
07a76de8-cbca-4212-86d2-6802e38dbc79,2026-04-28,direct,free,US,Finance
cefbe91a-0ca9-4f09-b14a-7386399a0836,2026-03-25,organic,enterprise,UK,Finance
bd9aabb1-afff-4278-adac-480eded3c459,2025-12-01,organic,free,US,Tech
49725b93-c3bf-41e6-b847-0d15d409fee3,2025-11-26,organic,free,UK,Healthcare
f99617fa-13ab-4275-b86a-6b229946c321,2025-12-15,paid_google,free,UK,Healthcare
0e44fafd-34d7-4bc0-8178-c6705fb52b81,2025-10-06,organic,basic,US,Tech
af19a447-9dbf-42cf-95ce-adb50b13a813,2025-06-20,organic,basic,US,Retail
f73e682c-2c81-49a1-bcbb-027f4be1c6aa,2026-04-24,paid_facebook,pro,US,Tech
cd60449d-aea9-4a48-bb90-0164c6c85481,2025-08-04,direct,free,CA,Tech
79d16742-bb48-4433-9e05-83137fc1bc8b,2025-11-29,organic,free,DE,Tech
af4ddda3-1a30-4ed6-b8c6-3d61261bc697,2026-01-27,paid_google,free,US,Finance
109447cd-a060-4f5f-84ad-43e48e1c525f,2025-06-24,paid_google,pro,UK,Tech
158715ff-6c4c-4617-9512-7257362e072b,2025-08-22,organic,free,US,Education
0d7ace2d-74b3-4bc0-9dd2-5fc038e83044,2026-04-15,organic,free,US,Tech
45ecc5de-8d47-411e-9cdb-64d9b1afd856,2025-12-02,paid_facebook,basic,US,Retail
276d7195-9793-4911-b2c8-e8a011965d91,2026-04-12,paid_facebook,free,US,Retail
634f76f8-606c-4bc4-98fc-f06ddbb1ecce,2025-09-07,organic,free,US,Retail
d8dd1d61-9d15-4fe9-b70b-b8115a07df58,2025-08-01,organic,pro,DE,Tech
beac6896-0bca-46ca-b423-e11bbfd9fa8b,2026-03-13,organic,free,FR,Healthcare
3b8576f6-a846-4aea-b563-7ba5ae0e419c,2025-06-22,paid_google,free,DE,Retail
bbed5f19-6645-440b-b559-8617317b65ab,2025-12-29,paid_google,free,FR,Tech
17506f76-616c-433c-8395-49f78c538e79,2025-10-04,paid_google,free,IN,Retail
34c893db-e46d-4f2b-b103-9511eb122ec6,2025-07-12,paid_facebook,free,US,Finance
53730df8-45df-4551-934d-43d5069aa9b4,2025-09-06,direct,basic,UK,Finance
6c00b26f-cfd9-4ac3-a984-95b240610be5,2025-07-01,direct,free,IN,Tech
19dfaba6-1901-41a4-81ff-0fe3d63f4b4e,2025-11-05,paid_facebook,pro,UK,Retail
bcfb54c0-b8cf-485a-81a1-7d3b126f7199,2025-09-20,paid_google,free,UK,Retail
cb1c6824-324c-49f6-807e-381e8eed22bd,2026-02-02,organic,free,UK,Education
acefd995-59dc-4fef-a830-0bcb99344236,2025-09-30,organic,free,UK,Retail
03f98c71-3585-4288-b9d9-ee4ba696ce90,2026-02-28,paid_google,basic,US,Healthcare
bb9b277c-e2f6-47b7-8013-e0ddce8bff1f,2026-03-21,direct,free,CA,Finance
7ee9b32b-2c42-421c-83de-be3c5c08fde1,2025-12-24,organic,basic,US,Retail
9619e62c-27ec-4101-b17d-9b544f2c419f,2025-09-18,paid_facebook,basic,US,Healthcare
97bc7bd6-4458-44d7-8ca5-7f8abfe6c75c,2026-03-05,direct,pro,FR,Tech
e74150f7-e721-4f31-a865-e0b7987672dc,2025-07-26,referral,basic,UK,Finance
0fdb2e63-ed5d-466e-895b-a3aaa05faa32,2025-07-27,paid_facebook,free,AU,Tech
b2990596-36ae-4c61-ad31-d6f446f475b5,2026-03-18,organic,basic,IN,Retail
b647ee72-8a2b-416c-b18d-0d973d1d7842,2025-09-22,organic,pro,US,Tech
5b949239-c5ed-4f26-b743-98e6b5ae404b,2026-04-04,organic,enterprise,AU,Finance
fa56117e-d1d6-4dcb-a504-8fcfec3a1ef2,2026-05-07,paid_facebook,free,US,Tech
e8b341b9-cef5-457b-9731-f4f25b9bda7c,2025-12-15,organic,basic,DE,Tech
a8cfadae-caea-4136-8ffe-26afcfb09a0b,2026-04-17,organic,free,CA,Tech
7dcf8da1-778a-431a-8cad-00c7c06748c2,2025-11-26,paid_google,free,FR,Healthcare
07ad1b25-32a8-4aa2-a1f8-a90363b91bd6,2026-01-05,paid_google,basic,DE,Healthcare
ce0c4c46-3c5e-43aa-853f-4ec961013474,2026-03-04,paid_google,enterprise,US,Retail
353a5e5d-33d5-497b-822d-c902ec6573a6,2025-06-16,direct,free,DE,Tech
c5ec092c-dabb-404b-8caf-ccc5594e7d36,2025-07-31,organic,pro,UK,Healthcare
8f8057c3-9110-447f-abda-ba2a96c0d2b6,2025-07-24,paid_google,free,US,Finance
d68b4bf0-7e17-4b1b-ab25-b1d20a5fce4e,2025-11-15,paid_google,free,AU,Finance
62d5ad47-f4bd-40dd-a907-3a3eb2ab3c7f,2025-06-26,organic,free,FR,Tech
e71c664a-ad12-440f-a00c-21527935146f,2026-05-02,paid_google,free,US,Retail
d5f9b1e4-8fd7-4b4f-82f4-eeaa74580c5a,2025-08-04,paid_facebook,pro,FR,Healthcare
4fb140f9-312e-4484-ae05-09b34d436eed,2025-09-08,paid_facebook,free,CA,Healthcare
df25e36b-09e9-4391-88dd-c484258c44d9,2025-08-13,organic,free,US,Healthcare
3bd36aef-dc75-40a9-8eb3-abf760e49eac,2025-12-09,referral,free,UK,Retail
e1f67775-ed9d-47a3-a79d-cb2f6b6dfa1e,2025-11-18,direct,free,IN,Education
e0015348-ff25-4add-bec5-1773b517eb61,2026-02-28,organic,pro,UK,Healthcare
17236e37-f547-42ea-b824-9ce385d6ab60,2025-12-04,paid_google,free,IN,Tech
9f8f47ee-48e4-471a-84bb-cb439ba8762a,2025-06-23,paid_google,free,DE,Healthcare
2a7cc4c7-fa0b-492a-b2f4-2f97da3ff067,2025-11-28,organic,basic,DE,Healthcare
1082d067-505f-43c2-9bd4-de6bdfc74447,2026-04-23,paid_google,free,US,Education
3e60fc3e-fcc1-4b16-af71-31477af5041a,2025-09-16,organic,basic,US,Tech
f8d517e7-c8e5-4e3a-8a1e-733de2b6408a,2026-05-01,direct,free,US,Tech
0e298277-0337-42b5-8d4b-30cc57280ca1,2025-11-09,paid_google,free,UK,Tech
df98f8eb-8fbe-40e4-a371-912d5b278cb2,2026-03-29,direct,enterprise,FR,Healthcare
e305fd26-1c95-4099-b72a-e01501fd22a9,2025-12-23,organic,basic,US,Healthcare
30d635df-cbda-49b0-b33d-a94ca7f20d10,2025-08-17,organic,free,US,Finance
8cb27e37-28f4-44ff-807f-dc1fe9bf3dcc,2025-06-16,paid_google,basic,FR,Education
4cb82a9a-3cc3-4045-9e5d-b6272e6950ae,2026-04-23,referral,pro,IN,Tech
b9201bc2-ff49-4fd3-b303-de07c4688d20,2025-09-04,paid_google,free,US,Tech
678b9108-557a-43a7-8238-299cb144af9f,2025-10-25,paid_facebook,free,US,Finance
d60e6acd-a804-44c9-88d4-eecbe44b4c38,2025-06-02,paid_google,free,FR,Healthcare
a0dbbded-d771-47b7-aa93-919fae698149,2025-06-10,organic,free,UK,Finance
aeb88171-8c6d-4915-b3e1-b36751ef6340,2025-10-03,paid_google,free,CA,Finance
af46d611-d6ba-45db-9f0d-699fee8a1e17,2025-08-20,paid_google,pro,IN,Healthcare
2b9088e1-14a2-4f50-a8a6-0a955ab10dae,2025-10-18,organic,free,CA,Retail
f885fc21-2f2d-40dd-b401-71ef81865310,2026-04-22,organic,basic,UK,Education
4a734cab-fc68-4c12-938c-80fc768c8c2e,2025-10-28,paid_google,free,US,Retail
f4515df5-195a-48fd-ad61-3552252a6d22,2026-03-15,paid_google,free,IN,Retail
feaa6716-a53e-452d-b847-8bf574139d9e,2026-05-27,paid_facebook,basic,FR,Education
27496cdd-73ed-4dcc-aadb-528918396f23,2026-05-06,organic,free,FR,Retail
f871076b-eb2c-4dbd-981e-ccbc1fc9bf9d,2025-10-07,paid_facebook,free,UK,Healthcare
5e28e782-852d-40eb-96cd-9e4dc9a03d07,2026-01-25,paid_facebook,free,UK,Retail
acf0c3b9-9ec6-44e2-9daf-c005b8b0897b,2025-07-28,paid_google,basic,US,Retail
e446a105-7ace-4fc1-8177-0752cf538508,2025-12-15,paid_google,free,US,Retail
e7f39e56-601c-404e-855d-d18960bd3beb,2025-12-28,referral,free,DE,Healthcare
14ddf6fb-c120-4924-a687-d7ca38649b0e,2025-07-15,paid_facebook,enterprise,US,Finance
d8f9760f-508a-4e2d-b50b-7cf81f14758b,2025-09-05,referral,enterprise,US,Tech
e7f28558-ab23-4ac5-ac30-1d10cb08975d,2026-03-06,paid_google,free,IN,Education
4f41bc93-bef9-4490-a323-1c485613f44a,2025-06-23,organic,free,IN,Education
994ed0c5-1c50-4fcc-a927-0cf3b23b6fdc,2026-05-01,organic,basic,CA,Healthcare
fb095223-b775-4d92-ab9f-9428b6176054,2025-07-14,organic,basic,IN,Tech
9bee8e97-fdb3-4b8c-930e-74de097f464c,2025-06-27,organic,free,UK,Retail
0ccd635e-aa8c-45fc-9e3c-214430153aed,2026-03-09,paid_facebook,free,US,Education
d8e17f03-4a76-4b03-bd09-e2a6fe16d018,2025-09-05,paid_google,basic,FR,Retail
a4a158ab-b034-4e8e-bd37-d7ab44a732bb,2025-07-06,paid_google,pro,DE,Healthcare
5c9dd69d-4b1d-40f0-830f-738efd45870b,2025-09-17,paid_google,basic,US,Healthcare
045f816a-2e0d-4ace-97ed-25140e76eac2,2025-07-25,paid_google,free,UK,Healthcare
b88626b0-c97b-4186-bf8a-4291cdd51cec,2025-12-09,organic,free,US,Finance
5417b525-8c18-4010-969c-06a085f4f34f,2026-01-05,organic,basic,CA,Healthcare
1beba98a-a126-4ce5-8a6f-6210a79281cd,2025-12-02,paid_facebook,free,IN,Retail
4fa0f4a8-148f-445c-99d8-724c7b1c46b0,2025-08-08,organic,free,US,Finance
8dce19f2-1d5a-408f-8f8a-ef8521f7249a,2026-04-13,organic,free,US,Retail
c040095d-8573-49cd-9eb3-66965d51aaf0,2025-10-08,organic,free,CA,Healthcare
468e27ce-cd67-46ca-bc93-8d8d75d1e70f,2025-07-25,organic,free,FR,Finance
79b3ec73-a587-499c-89bc-cf464674e992,2025-09-05,organic,basic,US,Tech
1669c561-839b-48f4-9b85-e12442a1e195,2026-05-02,paid_google,basic,IN,Healthcare
a604ec55-e221-4632-a42f-4972fb4c8f04,2025-08-26,organic,pro,US,Finance
c1b6392d-b368-4585-8386-fa62ad331abd,2026-03-21,organic,basic,US,Finance
2eac0854-e040-4b66-be48-e7012f7be084,2025-09-27,paid_facebook,free,IN,Finance
50f8bfe6-cf1c-485a-9703-ea452c0bba9c,2025-12-25,organic,free,CA,Education
a874503b-ad82-48c5-a7e5-42abafb7ddf1,2026-04-30,paid_google,free,UK,Finance
c1cb5454-807e-417f-a96d-fe7c8cd9e94e,2025-11-01,organic,free,CA,Tech
06c83c96-d338-40e1-a3eb-9d6831e08519,2025-07-05,direct,pro,DE,Healthcare
bcc344a0-3e87-48a1-8465-f89d22c29000,2025-08-18,paid_facebook,free,IN,Healthcare
6dc21c24-e62f-49a0-93ea-3bd9cceb0799,2025-08-06,organic,free,DE,Healthcare
5fe66cd1-b314-472c-a968-f5f3e9467864,2026-05-09,organic,free,US,Finance
ba413614-1c54-4690-9b1d-3c4440e137e4,2025-07-04,organic,free,AU,Healthcare
42021b60-53e4-4b82-9ee3-354f920bbfae,2025-09-05,paid_facebook,basic,US,Tech
3e520661-8bae-4880-92c1-524fa272b7b4,2025-11-16,paid_google,free,US,Education
2fcdd097-032a-4667-9f0d-69486f095403,2025-11-16,organic,free,US,Tech
59401d7e-a079-42ea-b2f1-3167ff85740b,2025-10-29,direct,free,IN,Education
31b1183a-1cc6-4a67-a8ac-0988c3a6becb,2025-08-10,organic,pro,US,Healthcare
d09d01a6-f974-46eb-b3c0-8d9094621aeb,2025-06-03,paid_google,free,US,Retail
4c786a14-442c-48cc-8c96-e8f8567675bf,2026-04-10,referral,free,CA,Education
bd2166b7-893e-4770-85e8-c2a9c4078799,2025-07-02,referral,free,IN,Tech
0f3715bb-6687-417a-89e4-da3c0f1b0363,2026-03-14,paid_google,free,UK,Tech
e10ebbae-c993-442c-a0b6-dc411c2fabe7,2025-08-21,referral,free,IN,Retail
4cfe2e2e-83b4-4369-b07a-8932754e5b6c,2025-07-13,direct,basic,FR,Education
aea56ae7-759d-41d7-b3dc-0fe03d3d31ca,2025-09-13,direct,basic,DE,Education
194034f1-ca9d-46e3-a5e3-cc8e8a448fb5,2025-06-01,organic,basic,US,Tech
5a886a1a-97e9-4468-9a75-317c01006939,2025-07-31,organic,free,FR,Education
579fe382-9fea-4cac-9b5d-7292d09c4319,2026-02-25,organic,free,US,Retail
8ce00b97-e1ab-4ced-b84e-8c04a29b4c69,2025-11-27,referral,free,CA,Education
f623a957-f1cb-4a85-ad6d-8f5fa91111a4,2026-01-10,organic,free,DE,Education
17ace0fb-5239-4027-97ad-21f6f4f9bf3f,2025-06-06,organic,free,CA,Retail
adc57f0b-508a-4e53-80e1-14a6bfeeddf8,2025-09-11,organic,free,AU,Healthcare
b63162e3-3d91-4d3b-b245-9f1b18c85863,2025-06-10,paid_google,basic,FR,Education
fbe9d7e8-eabb-4175-95ab-9a6220984f88,2025-08-10,paid_facebook,basic,FR,Tech
04540c7e-c3ae-4cc4-bf32-7bac80068875,2025-08-29,organic,pro,US,Finance
ac7f8338-f05c-4145-88eb-905ddcccaaab,2026-01-12,paid_facebook,basic,FR,Tech
d61ddaee-3143-482d-a7d8-fefca1d99464,2025-11-05,organic,free,US,Tech
678d47be-6a56-41c5-8738-893a721f10f9,2026-01-14,organic,free,UK,Healthcare
e4074824-6c00-4087-ae5e-2a47efad8f75,2025-10-04,direct,free,IN,Healthcare
fec9732c-a61b-4dde-a81e-04d52f2ac257,2025-12-26,paid_google,free,FR,Tech
ee168ed4-6ffd-4d51-8585-e7022a62f21e,2025-09-05,organic,free,US,Education
941243df-dbfd-4211-a26e-9d3f7d744899,2025-08-13,direct,free,FR,Tech
ca9a0446-c61d-4e7d-9bd9-858b925d9cea,2025-09-23,organic,free,FR,Education
da58df4d-880a-46e5-9138-146b5313a7f2,2025-12-08,paid_google,basic,FR,Retail
edce48da-f8c6-401b-8106-97cc67902342,2025-11-17,paid_facebook,basic,US,Retail
57e3b9d6-7dd5-4297-86a1-caaf4c217872,2026-04-03,paid_google,free,AU,Healthcare
8125a4cf-6936-4648-9a89-7aeaa9d389b7,2025-12-21,paid_google,free,CA,Finance
28e0c568-08fc-4491-905e-258b4cb77c47,2025-07-26,organic,free,US,Finance
9eb77a84-c005-447f-ac42-3a40235fae6c,2025-12-25,paid_google,basic,FR,Healthcare
893f9756-1092-4015-bd26-a997fb4c4883,2025-07-11,organic,free,US,Retail
9429b90a-751c-4caa-9eaa-2d3561083155,2025-07-02,paid_google,basic,US,Healthcare
68f78c1d-c1ed-4372-80dd-5e5982366222,2025-06-15,paid_facebook,free,US,Retail
75bcd2b1-1ca8-4633-b6a6-fe3274c18b86,2025-08-01,paid_google,free,US,Education
d055c904-e2c9-4b8e-a602-958bfdc2c9e1,2025-11-02,paid_facebook,free,UK,Retail
2a33fac2-ac51-4e4b-a19f-0ff0724ae6e7,2026-03-11,organic,free,FR,Retail
10af2f6a-a59d-4997-9042-6892ada749bd,2025-12-26,organic,free,FR,Retail
15a66100-c688-4dff-89d6-7e27f889fe2e,2026-04-16,organic,basic,US,Finance
dd079f7a-1b4b-47e8-8fd8-82042d6c04a1,2025-12-04,direct,free,US,Retail
dad924eb-c91b-4f1f-b215-ff229644b31b,2025-10-08,referral,free,US,Tech
546cb3ce-a3cf-40d4-a405-e853d0f9da94,2025-10-05,direct,pro,UK,Education
3a4af774-1023-45cf-8c1d-84c87f143c1f,2026-03-19,organic,free,FR,Finance
4657df32-2c2b-4890-ba29-e5c183e7fc3e,2025-09-22,paid_google,free,US,Tech
0beab38f-8736-49de-bd03-54747f2a4e2d,2025-12-16,paid_google,free,US,Finance
c3baa24c-33f4-4cb6-98f9-86a3f1c06fca,2025-06-13,paid_google,basic,DE,Finance
65ad3d9f-b009-4680-91b0-f786d4fca0b8,2026-02-26,paid_facebook,basic,CA,Tech
4e7c9be4-96ac-4825-b2db-2a92a2364523,2025-08-28,organic,free,US,Healthcare
632bfa7d-5dbe-441f-bbed-d8f2258aa243,2026-01-01,paid_facebook,enterprise,AU,Healthcare
89c735c4-b95d-4bd4-b0eb-667713cbf722,2026-03-05,paid_facebook,basic,US,Retail
133497d6-f7f4-42c4-b93c-901160195ba3,2025-12-20,organic,free,DE,Tech
d9fc7668-cff0-43d5-9385-d24e79e07f86,2025-08-13,direct,basic,UK,Retail
2837ee84-c29c-4ff9-9189-97c888b4ae6a,2025-06-25,paid_google,free,IN,Healthcare
a624680b-cbbb-443e-b168-fc3308d5a8f3,2025-09-09,paid_facebook,basic,UK,Tech
916e4dbb-70f2-4521-9e15-4e9fd8862755,2025-11-23,paid_facebook,free,US,Tech
96d93ed0-7ee5-45e5-aa33-79033824a65b,2025-09-25,paid_google,basic,CA,Tech
020806aa-7153-42f2-9e0b-a6bcee06f153,2025-11-13,organic,free,US,Retail
8e3a7a35-ea0a-48fe-8a57-0e02b7f0868c,2025-07-11,paid_facebook,pro,US,Finance
34494f0d-ce18-4668-a04c-8026ef960413,2026-05-10,organic,free,UK,Finance
02cc1809-e624-4c5a-a508-73e615aa3c97,2025-09-28,direct,basic,US,Finance
dd3eace5-c452-444b-8ede-3bbc222463d9,2025-09-05,organic,free,IN,Tech
90b1ebfd-80cc-4d37-b6bf-e3eb2cad577e,2025-10-23,organic,pro,UK,Healthcare
10154716-b364-4fe5-848f-f3022805b0b9,2026-01-02,direct,basic,US,Retail
437e629e-79da-4bb1-8008-19777f2c1bee,2026-01-15,organic,free,US,Retail
751ae2b7-88f4-43c1-871f-b0f39bbd2d45,2026-04-09,organic,pro,FR,Healthcare
b32c9226-9256-4622-94c0-e976d4e3e6af,2025-10-08,referral,free,US,Finance
fa07f5a9-a451-47aa-821e-5c18540c848c,2026-05-18,organic,basic,CA,Education
0fbcbc63-9664-446f-8bba-7db5c4624498,2026-04-14,organic,basic,US,Healthcare
6e2307cc-23be-42c6-bad0-db34e7efd46c,2025-10-15,organic,free,US,Finance
925e7fb9-422d-4be9-919a-5e9f5f3fc3e4,2026-04-20,referral,enterprise,CA,Tech
12fc7461-95dd-457f-9e0b-55f55c757dcd,2026-05-03,organic,free,DE,Healthcare
4f2ba547-145b-4394-a244-7e13a9f882a5,2026-02-28,paid_facebook,free,IN,Finance
eb94b9ad-e055-4ad8-9292-b2b085235fd3,2025-09-25,organic,pro,CA,Retail
81adf4fe-44b2-492a-82b4-2412127fa90d,2026-04-02,organic,basic,UK,Education
3b3b368a-6992-481c-b3f7-88f49514016b,2025-09-02,organic,free,UK,Education
5c9580bf-101e-41a5-9329-d31c472a6689,2025-11-15,direct,free,UK,Education
1f443359-bc67-49a8-8fe1-82858a5100dc,2025-12-20,paid_google,basic,US,Finance
470f6ad4-b133-4078-a7fa-e4ba0a4bd936,2026-05-07,organic,free,UK,Finance
4c78aa11-367f-4c72-a0e1-adb61c59437f,2025-10-27,organic,pro,US,Tech
ddfa03eb-be7f-47c7-a6c2-3a868da6a1c4,2025-11-30,paid_google,basic,CA,Education
ffba95be-fb1d-420d-bd05-205a88da10e1,2025-10-30,paid_google,free,UK,Retail
60d09a15-f407-4a41-8c83-b915868e0927,2025-08-13,organic,free,FR,Education
e6c72bef-f56d-4867-9942-cca2b0b95996,2026-03-01,organic,free,US,Healthcare
a96521fb-fa1c-4eb2-9f60-5fc048d838c5,2025-07-12,paid_facebook,free,CA,Healthcare
a35151d9-b5b9-480e-8437-5b58f8e78fd7,2025-12-29,paid_google,basic,UK,Retail
c5d8c59a-d7e8-4d87-a2bb-a3ebc46409e1,2025-09-09,organic,enterprise,CA,Finance
1d2cd24e-c28d-4496-9b8e-c58ed8021bca,2025-07-15,organic,free,US,Education
49c05238-0a37-4b27-b3cd-0d9e3039b894,2025-08-21,paid_google,free,US,Healthcare
c04cda3a-0311-4fe1-9004-9237a7a23ce0,2025-06-17,organic,free,UK,Retail
b34e9cdf-3aac-4a27-bc08-96a99fd5134e,2025-08-12,organic,basic,AU,Tech
4e4af22f-5a7d-4012-9ea1-7be054986e80,2025-06-14,paid_facebook,basic,IN,Healthcare
af718c37-f267-4bc3-9555-7c88e8cb8f9b,2025-11-04,paid_google,basic,UK,Healthcare
6886aeee-6b5c-4677-abe3-c34929198f3d,2026-01-09,paid_google,free,US,Education
5253f859-58ab-469f-82b9-6261bca47239,2025-10-10,paid_google,pro,IN,Finance
d4f7bdb5-7aea-4e1f-acc8-41d18ebc4bb5,2026-05-04,paid_facebook,free,FR,Healthcare
0cbe0b7d-3897-42f3-a5fd-6c1530896b10,2025-07-17,organic,basic,US,Healthcare
696545c5-4e6b-4cda-9ba1-343638552d2c,2025-09-15,organic,basic,IN,Education
1c76081f-18b2-4cf6-9fb3-2ec6253c0b51,2025-09-16,organic,basic,US,Finance
0d979709-f250-42ef-a513-a453be025fa3,2026-02-20,direct,free,FR,Tech
02beb5e0-b130-4fc8-8314-f3f268c9b611,2025-12-22,paid_google,basic,CA,Tech
e21f94f1-9d7c-4e10-ade2-e3f49205ba34,2025-08-18,organic,free,US,Tech
c79ff9ac-6784-41df-ae14-0f9b312d9f01,2025-11-02,organic,basic,US,Tech
79b86d00-38ea-4b3d-843d-dbe3f937a5fb,2026-02-26,paid_facebook,free,CA,Finance
fc1cc84d-319a-45d3-950f-6f6f4be9d082,2026-02-02,organic,free,CA,Tech
37c4fe4a-a9e3-4001-9cda-0e909654278e,2025-06-19,paid_facebook,free,CA,Education
2e73fb8c-5ed1-4e6b-aae1-bb7eb45745ef,2026-05-12,direct,basic,UK,Education
06944c76-138b-4d4f-b8ac-d6aed47d1521,2025-06-26,organic,free,CA,Education
d9509267-54d6-4958-b22a-bda6444c091b,2026-01-03,organic,basic,DE,Tech
9ce816d3-ac38-4b48-80fd-42495534bb3b,2025-11-01,organic,basic,FR,Education
76577a84-61d7-4f4a-b194-51548c7155ae,2025-11-01,organic,basic,US,Education
36b3d86a-461f-4b32-ae9d-a381ac629c25,2025-11-21,paid_google,free,UK,Retail
b39830cb-5462-43fa-9d07-6585d5277315,2025-08-31,organic,basic,US,Tech
28f7d16f-745f-4d9b-9bf8-852a2141f67e,2026-05-04,paid_google,free,US,Education
5e30cb21-21ab-46ef-b54c-08e85fdbb0c0,2025-11-28,paid_google,free,IN,Finance
b438781b-7935-4307-b676-9cd0933aaede,2025-10-09,direct,free,US,Education
e419bb07-c04b-4353-8373-1042a0324a86,2026-03-25,paid_google,free,US,Retail
9eb791fb-4644-4952-bfc2-f64ab2200c46,2026-03-02,organic,free,DE,Finance
ba857607-4429-41bc-b845-a46a6c3c6ace,2026-02-28,organic,free,US,Finance
7758cf35-5114-43de-aa01-cad7886aa688,2025-08-15,paid_facebook,free,DE,Healthcare
f441d4d0-76fc-47be-b434-6c91c9a197e7,2025-11-24,organic,free,US,Retail
02abedad-3e9d-4579-a136-1860b38a2b3a,2025-12-01,organic,free,US,Retail
b0166e2c-6c76-4c5c-8872-5ffc4e6b46e4,2026-04-15,direct,free,US,Education
42a03e67-dd3e-495a-a09e-30be0d1382ed,2025-10-09,organic,pro,DE,Retail
a3a2cc6e-7f37-484b-9165-dfcbeec6b8bb,2026-05-29,organic,free,FR,Finance
349f27a5-9d59-4487-a776-ea0935654002,2025-07-19,referral,free,CA,Finance
047df103-d3c5-4b40-b1e9-710dfb0b569b,2025-07-25,organic,free,US,Education
151bb050-b0ce-4e27-96da-030fa1b1e277,2025-11-01,organic,free,UK,Finance
29ff5aef-f543-4721-902f-84d082faa94e,2026-05-21,organic,free,UK,Education
90af2e88-9185-4cbb-8291-36dd0ad8cf7b,2025-12-17,paid_facebook,free,FR,Healthcare
99806b2a-fad8-42d3-bd0c-4a0bef2eb339,2026-04-04,direct,enterprise,FR,Retail
6d7c52b5-ff1a-4526-9e53-de525add71ae,2026-05-22,paid_google,basic,AU,Retail
8d6260b5-830a-4a77-886c-20955bbb640c,2025-09-26,organic,basic,UK,Retail
31c113ca-0d53-4636-b011-c1341142ba69,2026-02-18,organic,enterprise,US,Healthcare
451e83a6-1ff0-401b-a289-a8f5da15400c,2025-07-16,paid_google,pro,US,Retail
8553fddf-df0d-4936-9428-3e7fa32f47a3,2026-03-29,paid_facebook,basic,UK,Healthcare
2a9f9367-0d11-46b2-bee4-19285a5259ba,2026-05-22,paid_facebook,basic,US,Healthcare
f65a2433-b7bf-44a0-b2cf-4e8f1bdaa617,2025-12-06,paid_google,free,US,Education
6e5634a8-a66e-4419-96c2-5831a1c202a1,2026-04-06,direct,free,UK,Tech
afe54187-1ca3-4072-b716-8aa60c0f8054,2026-04-14,organic,free,UK,Tech
f2e30cea-c729-4677-9e9e-5929db93f593,2025-10-07,organic,free,CA,Education
92ea4845-4bc6-4cdf-9471-3707e63fabf7,2025-07-19,referral,enterprise,US,Education
e1c0889b-b5f4-4084-b7ce-e4017747c6e5,2025-06-25,organic,free,UK,Education
f662a32e-7024-41ca-a894-b6f1e02d1128,2026-02-21,organic,basic,CA,Retail
1c7556ec-6dda-46d3-9115-79b50e9119a1,2025-09-26,paid_google,free,FR,Finance
fb2bc02e-ba35-475a-8ccb-99c823d20dcc,2025-10-22,organic,free,US,Education
1e62f613-fa9b-451a-8c78-71486125adc3,2025-12-17,organic,free,CA,Healthcare
4d89deb2-c11e-4988-aaf7-9faa963cb01a,2025-11-04,direct,free,US,Tech
1cc1f606-f089-49c3-b840-cea47ae8700c,2026-05-14,organic,free,US,Retail
c9bc8d5b-e423-4e8f-8cbe-a84ff28c1086,2025-10-12,paid_google,free,US,Finance
f7ceea73-9460-4227-948c-57f66b87f3ee,2025-10-26,organic,free,US,Tech
7a4e8d70-904d-408e-9d39-6c8ccec245db,2026-05-02,referral,free,AU,Tech
234504c2-bed6-4b11-b48f-08d35eed832c,2025-08-10,organic,basic,DE,Tech
88754110-7f12-4a3b-a5cd-7af0d4f974ac,2026-01-19,paid_facebook,free,US,Healthcare
d0fd7a80-257d-4033-9190-b7b703b959db,2026-04-30,organic,free,US,Healthcare
7779658c-e579-4bf6-b4cd-9dc23cf96325,2026-03-26,paid_google,free,US,Healthcare
3a47734c-084b-4207-ac1a-c40ff85c5b09,2025-11-01,paid_facebook,free,US,Finance
06956536-5b8c-4453-8314-8ec50b908c43,2025-08-29,organic,free,US,Tech
ff72bcb8-544f-42a0-a522-14c6e121c900,2026-04-30,organic,free,US,Education
aceb5898-83b0-4c1f-bc78-aef6a4a0952c,2025-12-16,paid_facebook,free,US,Finance
c8e8a689-dcad-4fe6-8b23-0d8fb3c4a96e,2025-11-08,organic,pro,IN,Healthcare
84eb1f1e-8534-4476-b6ee-3d9932e9c747,2025-06-26,direct,free,US,Healthcare
8a651f40-4c99-45b3-adab-85d73e4437d3,2025-09-29,organic,free,CA,Healthcare
84151ae5-1883-4c86-abf3-28a27ccfba8c,2026-03-28,paid_facebook,free,US,Retail
79eb8450-0332-40fe-acd0-7471c0d070dd,2025-12-29,referral,free,AU,Tech
6eb72128-cd3b-410b-ab77-976dea5a84b7,2025-08-02,organic,free,US,Education
39926928-31ee-4c55-a670-a09549255970,2025-08-07,organic,basic,US,Tech
712f728b-c40e-4bcf-8db9-5d6f143c2f10,2026-02-08,organic,basic,UK,Finance
5aa5558a-7a26-44fc-b605-78f78c37da31,2025-06-02,direct,free,FR,Retail
e827e368-58a8-4102-9096-f62acd21d66d,2025-09-16,paid_facebook,pro,AU,Finance
2a16af9a-f70a-45f7-b552-5be0b7c1282b,2026-03-13,paid_google,free,UK,Healthcare
9644087d-9727-4dc5-b835-f1a99f4a88d4,2025-07-19,organic,basic,US,Healthcare
4390af33-34fb-4b1a-8da7-53681e1f3c87,2025-10-18,organic,basic,US,Education
1f35b734-bef4-42dc-898f-840f7018a023,2026-01-04,paid_facebook,basic,AU,Tech
e4995e8d-574c-4d08-addc-9b9963ca0b68,2025-07-14,direct,free,IN,Finance
e5519f6d-d3e8-4b4f-91eb-b371acb0cc27,2026-02-24,organic,free,UK,Healthcare
823e4f8a-194a-4ffa-9e10-c61353f140c5,2025-08-17,paid_facebook,free,US,Education
1dc496ea-5aab-4821-bf55-4d274787616b,2026-01-02,organic,free,IN,Education
ecfc0ae8-34d3-4471-a313-ba7039b66335,2025-09-06,paid_facebook,free,UK,Finance
a4063192-91bc-48bf-a030-f7375e988e33,2026-01-22,organic,free,US,Tech
2a117e44-ad9e-42eb-919b-8cbe483b1926,2026-03-09,paid_facebook,free,US,Retail
084eef58-c649-4b39-8930-872b6b16f338,2025-10-27,direct,basic,US,Education
6f78554f-f2b7-4326-983f-e8f5026152c1,2026-03-31,paid_google,free,UK,Finance
3e569162-82df-4a85-9bf7-8180332da49c,2025-08-05,direct,basic,AU,Healthcare
03c56050-9a2a-488a-b4d7-c16eeb328c86,2026-01-20,organic,free,IN,Retail
84646d63-caf5-43c4-a8c3-982138458459,2025-08-26,direct,pro,CA,Retail
35ac66ff-d15a-430c-8282-60e4b8538cee,2025-08-18,referral,free,FR,Tech
ab6d2603-e81b-4797-aeae-ed3c06433871,2025-12-22,organic,free,US,Finance
bfec2659-7992-47bb-ba20-88d2ac282a6e,2026-03-06,paid_google,pro,US,Tech
e9a08774-4e82-4b47-8ba8-3a886526f0ff,2026-05-03,direct,free,US,Education
de84ef2e-0bce-4920-b0e3-4b12c8f99054,2026-02-09,organic,free,FR,Education
271e00c9-d79a-4968-ade2-b7749cbb10ae,2026-03-31,paid_google,free,UK,Finance
0de0b55f-f382-47ce-85f4-874a3870945a,2025-10-08,paid_facebook,free,AU,Healthcare
533e089b-172b-4bb6-8d2d-47d0e8bbf01c,2025-08-23,organic,free,UK,Education
c6e06dbb-1bc7-42b1-a8d9-6abdb1db29ab,2026-03-03,paid_facebook,free,US,Education
0f6e2a44-4f11-4018-bae0-ad70b46986f1,2025-12-04,organic,pro,US,Healthcare
b1d921ea-c7c5-4f0b-ae8e-648db0784aa1,2025-07-16,organic,basic,DE,Retail
0dc0ef18-444a-4d4d-aa6a-310e774d5fcd,2025-11-30,paid_google,free,US,Finance
35d389df-3b18-4e26-a7e1-bff141dd6ed9,2026-02-23,paid_google,basic,FR,Retail
72e4c047-1ecd-4c83-a0e5-11d9165e2565,2026-03-23,referral,free,US,Tech
cac46188-367a-4fdf-8a7c-5230e0b0340a,2026-04-18,paid_facebook,free,US,Healthcare
9b1352f3-5f83-4a5e-a951-e4606c90c08b,2025-09-08,paid_google,free,US,Finance
b4862536-ace2-4947-a604-40f72ec9eaa4,2025-08-17,paid_facebook,basic,DE,Healthcare
79cdaec4-9201-4a37-ae5b-27a2c05b20aa,2026-02-27,paid_facebook,free,US,Healthcare
35b1d1d3-05f9-4e9e-bcf6-bef3adae4794,2026-05-05,direct,basic,US,Retail
2f71cbbe-a6c7-4ba6-aebc-929c7ae38d17,2025-11-09,paid_facebook,free,US,Retail
02960730-79a3-4305-8f40-3eb2b5fab94f,2025-07-14,paid_google,enterprise,US,Tech
1b50b7cf-7ca0-4982-9e70-8e3208dac9ea,2026-01-24,organic,basic,UK,Finance
b73384a1-7168-4b2d-a169-5c642dea2a96,2025-10-12,referral,free,FR,Healthcare
b4e6d92d-56e1-4f1c-ad64-635c7c280a6a,2025-12-09,paid_facebook,basic,DE,Tech
8eda29bf-e427-43ac-9b8a-6e464c5b8c39,2026-05-22,organic,free,US,Healthcare
fc48d46f-9d44-404d-a019-460040279b52,2026-03-05,paid_facebook,free,DE,Tech
13bc81e1-4671-4c75-9eba-e5a64a35f9d7,2025-06-18,paid_google,free,UK,Healthcare
5d311c85-380d-4241-961d-68dae9f33e8a,2025-06-12,organic,free,US,Retail
5146593f-9086-4a1c-a2f3-fe17803ef6e7,2025-11-27,paid_google,basic,CA,Education
20805d85-b9df-463f-a40d-9b4130b9b5d0,2025-10-01,organic,free,US,Tech
387b4151-defb-4cb1-a51d-2d434b02c5e0,2026-02-01,paid_facebook,free,DE,Tech
e3d51597-1015-4c5c-b07d-51cdbf1141a5,2026-01-08,organic,free,CA,Education
2ba9ebbc-e759-4a85-83c6-4072be649165,2025-07-21,organic,free,US,Retail
cdb1b251-c1bb-400e-8bd4-90290cb4a5ba,2025-08-10,organic,free,UK,Tech
310349a6-ef53-427b-a4d0-aeb601e83a99,2025-07-18,paid_google,basic,UK,Retail
2732c2b7-cf73-46a1-a4e1-7f42f9bf17b6,2025-06-19,organic,enterprise,UK,Healthcare
c6c8b157-7bd8-4e08-8cf4-9cf20e107d05,2026-02-17,referral,free,US,Healthcare
83a7f5a1-d6ed-48f9-a414-54ed8c931d19,2025-08-23,organic,free,UK,Education
8a380318-fcc3-4452-99f0-dd68ac07722a,2025-11-02,referral,free,UK,Finance
f3004989-911a-41cd-8eaa-98352be59f99,2025-07-23,paid_google,basic,IN,Retail
b3d12a09-b60f-4fab-b82d-71338e2ba4ea,2025-09-15,direct,free,FR,Finance
f3c655fe-519a-48d0-987f-4eab8334b3a5,2026-05-23,organic,free,US,Finance
9ec5dc20-6f9d-4326-b8e6-82a2d84d6176,2026-03-31,organic,basic,UK,Retail
54412dfd-480b-4f03-9283-105387d2c8e0,2025-10-13,paid_google,free,IN,Finance
05d7b3b4-d44a-4ead-a055-e5d253be1a9c,2025-08-08,paid_facebook,free,US,Tech
568fc5cc-52c6-4135-8ec3-d7f623ad8d64,2025-06-11,organic,basic,FR,Healthcare
28fa7aff-6a2b-445b-b4f2-45a68362f4fe,2025-10-21,organic,free,US,Education
654655c7-1e8a-469a-8791-11894655d0fa,2025-12-09,paid_google,free,AU,Retail
58e31c11-76b9-428f-adb9-5683d24eeb2f,2025-08-08,organic,free,CA,Education
a89bf80c-1c5a-407e-919f-ffb86a315c6b,2025-06-23,organic,free,UK,Healthcare
c38b7721-6203-473e-b03b-66f54f457848,2025-11-28,paid_google,free,DE,Education
10b1208b-fb38-4e13-b642-32187b0d022a,2026-03-20,paid_facebook,pro,FR,Retail
51f09636-402c-4b63-b521-3ddee204d383,2025-06-09,direct,free,FR,Education
e1941856-36ca-47da-ba39-f0e16eefa1a4,2026-02-26,organic,basic,CA,Finance
03c144f2-3461-465d-b1c4-31b27abf1e95,2025-09-01,paid_facebook,free,US,Finance
65c055f4-5ff2-4b53-9e74-32dfe5a57884,2025-06-17,organic,free,DE,Healthcare
7a80ba5d-dfc3-44f6-8058-545719fec8ec,2025-11-01,organic,free,CA,Finance
22cc1479-adf0-4551-9f10-a559c9c8ce1f,2026-04-24,paid_google,free,US,Education
54649a7b-893d-4e44-8fa9-a586a9f33960,2025-10-27,paid_facebook,free,FR,Tech
a6301cee-68ee-4b02-891e-6a749d4bcaf5,2026-02-22,direct,free,IN,Education
d3400de5-0290-4b32-aa29-ee1361a2bc31,2026-04-24,paid_facebook,free,UK,Tech
61053048-d7de-4e56-bd20-7313f0576ed5,2025-09-14,organic,free,UK,Education
1d655d52-e719-4a68-bb51-4963d87a8f77,2025-07-05,organic,enterprise,FR,Tech
ac75aa06-a660-4fd1-9955-edc6236ac2c9,2025-09-27,paid_facebook,free,US,Tech
ba5c44b7-9aab-46a9-a980-5cd06f79e72f,2025-06-14,paid_google,free,US,Retail
5370a979-a22c-4986-82cd-a7ff389ad08a,2025-06-14,organic,free,UK,Retail
32476073-f294-403e-8a2c-f449c2553d2d,2026-02-21,paid_google,free,DE,Education
571abb06-66d6-461b-87de-c7034fea72a9,2025-10-18,direct,basic,UK,Finance
431d0842-dd4e-4c3e-a378-a78d70497d30,2026-03-21,paid_facebook,free,IN,Retail
620e6b32-6a75-44a7-8d36-b41b7107d622,2026-05-30,paid_google,free,US,Tech
8b8f4e1c-535e-4a53-988d-351800189f72,2025-09-27,direct,free,CA,Education
d11655fe-561f-473a-858e-7b2550ba3f47,2026-01-24,paid_facebook,basic,US,Finance
e4b76168-34cf-4463-aad3-6773be649986,2025-07-04,organic,free,UK,Education
b9e65a7b-2cb5-4d91-9935-941acdbed6eb,2025-11-16,organic,free,UK,Tech
3dc5b6da-1dc6-4512-8cca-53449c79a77a,2025-06-10,paid_google,free,FR,Retail
343005fc-8450-4a91-8a9d-ed71e7fc751a,2025-09-30,organic,free,US,Retail
c592a709-183d-4f47-ab2e-b5e76b45fe67,2025-10-23,referral,free,US,Healthcare
aab88a09-0c13-4591-b0b9-7f56c98fd838,2026-01-09,referral,pro,US,Healthcare
fcb67050-9195-47ca-9d20-5569258f3ac3,2026-02-12,organic,basic,US,Education
fee8b784-7020-422f-8407-6f0e8ad9f219,2026-02-23,paid_facebook,free,US,Education
b9ea9332-735a-4d27-aac6-c86acf72c98f,2026-05-25,paid_google,free,AU,Finance
5a5b018f-da2a-42d9-9edf-035c34aff2a5,2025-06-04,organic,free,US,Retail
9aa94f27-c8c2-4271-bc08-2e92400f0ec2,2026-05-20,paid_facebook,free,AU,Retail
377d06af-0673-46c6-bcc0-8778483bb771,2025-09-14,paid_google,free,US,Healthcare
46117d79-cdbd-4733-b5f2-451d361e9943,2025-08-24,paid_google,free,DE,Tech
cc2faf46-ae70-454c-8b20-f985a73e7518,2025-12-31,organic,enterprise,US,Tech
62752ed6-838b-4afd-b17d-797bc0c70e12,2025-09-29,paid_google,free,FR,Healthcare
2ae04f94-fe86-4fbb-9f4f-465cfb66b73f,2025-10-10,organic,pro,IN,Education
64038991-f663-428e-a0c4-0f51d837e161,2026-05-04,paid_google,free,US,Retail
e56c9f48-731c-4cc5-8246-affc87f9b0a7,2025-12-14,organic,free,UK,Retail
60daf2ee-588d-40e3-a340-45215ae0c341,2025-06-19,paid_google,free,FR,Retail
c4bf6506-adfa-42bd-b841-5a7e6e6b0bd1,2025-10-08,organic,basic,UK,Tech
aed04ae6-5170-44ed-ab04-0b8f33f33eec,2025-06-12,organic,free,US,Education
fb8c4291-e4c1-4718-aa6f-0be6a09b97cb,2025-08-20,organic,basic,UK,Tech
77088122-fc88-4d3d-895f-8bec36935535,2026-04-26,referral,basic,DE,Education
8bb782a7-3262-4d7b-8cfb-c670280bcc83,2026-05-20,organic,basic,FR,Healthcare
745b2e55-1c64-4e12-9158-2c98df8e30ec,2026-02-17,paid_facebook,basic,UK,Education
173600be-3966-432d-b365-c887bba59173,2025-10-03,organic,basic,US,Tech
db6bc989-2838-415f-844f-4b0906fdb97f,2026-04-03,paid_google,basic,IN,Retail
8006bbf4-36a1-4068-b07d-31719b54f7db,2026-02-22,paid_facebook,free,FR,Tech
9e77a7f6-7fea-4267-b518-da5b4f6c2f2b,2025-10-18,organic,basic,UK,Healthcare
e2468d2e-6604-409f-b270-48a380dca181,2026-04-25,organic,pro,US,Retail
c6409488-d01c-4478-b91e-bc54e2bc1eb0,2025-06-02,organic,free,UK,Tech
53f1760f-d3f4-4bbe-9e8d-753513d221d8,2025-06-08,paid_facebook,pro,US,Retail
0e7592f4-3705-4dbf-9cd9-0ad570f246cf,2026-02-05,organic,free,FR,Healthcare
84ba06d9-be46-41f7-ac44-854edaa87afc,2025-10-17,paid_google,free,AU,Education
2d007057-d125-44ff-b656-3b12a58b7eb3,2025-10-02,organic,free,US,Education
774aa158-c33d-4270-a7ae-17abbdae065d,2026-04-05,paid_google,free,FR,Finance
ff452e2d-b3fb-4006-aa2e-40b8f1b94e3f,2026-01-14,paid_google,basic,FR,Retail
d72a6171-21ed-4514-819c-02138472f445,2025-06-10,organic,pro,US,Healthcare
f7702922-5fdf-40da-a5c9-0064d3cafa12,2025-12-29,referral,basic,CA,Tech
68fd3a7a-d0aa-4746-8e80-4914e83d1656,2025-09-20,direct,enterprise,US,Tech
4d1cccea-6e4d-4bff-be9a-5e64b5e29232,2025-06-08,organic,free,US,Finance
e06f649f-d49f-438e-8155-d3b42a319644,2026-03-19,paid_facebook,free,UK,Tech
abe4f2c4-fdd1-48a5-9987-80590477ca1a,2026-05-28,organic,free,US,Healthcare
ceffe221-78e7-4829-8fed-fc09492c3168,2026-02-08,paid_facebook,basic,DE,Healthcare
8060035d-aef5-4b59-b81d-8c474ff015db,2025-06-14,organic,free,FR,Education
1a6de075-b89f-446c-a43c-2279d89eca4d,2026-01-26,referral,enterprise,US,Retail
d8ac6490-5cfa-45c1-b969-1f9375165426,2026-01-28,organic,basic,US,Retail
056ddf4e-2cde-4ed6-8280-577ae58712ef,2026-05-08,referral,enterprise,US,Tech
f89f6d4c-14ea-452f-a73a-325b1374a097,2025-10-27,paid_facebook,free,FR,Retail
df983ecf-6929-4314-9de1-5e780de2a185,2026-01-22,organic,free,IN,Finance
52550a08-13ef-489d-8432-8e17dd23977f,2026-04-02,organic,basic,CA,Retail
67b1f441-1331-4cf0-97ce-991a95a9487f,2025-11-14,paid_facebook,basic,IN,Tech
e47eaa60-1e13-418b-9952-afb03ba93197,2025-06-20,organic,free,US,Retail
85d6b6c9-86bc-453b-a80c-e6f32f1315cd,2026-01-02,direct,pro,US,Healthcare
fe97cefa-86f5-49ee-8934-cd136303b0da,2026-05-09,direct,pro,US,Healthcare
8b37f23a-1830-4a07-a2d5-c411d39962f0,2025-10-13,paid_facebook,free,CA,Education
b633b341-b39f-455d-8a7b-28a300d2eefa,2025-10-07,paid_google,free,CA,Education
4de0a6fb-0161-474c-bf5e-75dee1648feb,2026-03-21,organic,free,US,Education
158e2971-b570-4953-b66f-318f702ec74f,2026-02-01,referral,free,US,Education
c4dd08a7-253b-4c17-adc7-9bbb97aee62a,2025-12-06,organic,basic,CA,Retail
b7ee8154-9a8c-4876-8d63-a984b9a21319,2025-07-14,organic,free,US,Tech
ff6712d4-4ea5-48b9-807d-8b3ebd3d9bfd,2025-08-25,organic,basic,US,Retail
8b6c741b-96f3-4866-b2e5-c96c167e4296,2025-07-14,direct,basic,US,Tech
c7f692e0-6137-4bd8-a3e4-962261209c42,2026-04-26,organic,free,US,Tech
92b37308-baba-47a1-bf80-c1234d04d892,2025-10-23,referral,free,CA,Tech
42be7aef-a3d2-43a8-b77a-582ca12cabed,2025-07-21,paid_google,free,US,Tech
985bb2b8-4f17-4adf-bb9d-34ca7a8a8273,2026-01-28,organic,free,DE,Healthcare
a79a18aa-5d2f-45ae-8d41-6060b7081ff4,2026-03-21,paid_facebook,free,US,Tech
de9855f6-cc7c-4a01-a876-a86d9b0b61f3,2025-07-21,organic,enterprise,UK,Retail
68f80d3f-0739-44d3-af97-efbba5f84cc2,2026-02-21,organic,free,FR,Tech
34f666a3-86d6-4992-a562-02d847d42c6c,2025-09-28,paid_facebook,free,US,Healthcare
5e27af6c-ca4a-4b96-8865-b713b320f904,2025-12-17,organic,free,US,Retail
71d71fba-2e6e-4d5b-b5d3-8b23ab41276d,2026-02-03,organic,free,US,Finance
61f041b4-d51b-4f34-af99-f61e1e373f01,2025-08-09,organic,free,US,Retail
ca0688a0-f021-4cf1-89d2-c80a827ac28a,2026-05-07,paid_google,basic,CA,Healthcare
80c00015-b862-469f-a4e8-c7fc77e90a0f,2025-07-27,paid_facebook,free,US,Healthcare
1924d449-e739-4573-9530-511fc4ae5152,2025-07-09,organic,enterprise,US,Education
44e499fa-c564-485e-ad4d-e021518ab3dc,2026-03-16,organic,free,FR,Finance
4a90fa4b-bcbb-43b9-8c92-b775340bbe4f,2025-06-18,organic,pro,IN,Tech
ad4d297f-aaeb-4b98-9a9c-5ce31b3a9719,2026-01-06,organic,pro,US,Healthcare
eca12689-1162-4d83-8d08-4b59475a3dfa,2026-04-09,paid_google,free,UK,Education
acc2dee3-a54b-4879-ae6d-6b7aeda20fa3,2026-01-30,organic,free,US,Education
c2216dbd-3774-4245-8e85-69ecec516ec9,2026-05-18,paid_facebook,free,US,Tech
cd2f3e97-b37f-4f28-827c-857c1caa28d9,2026-03-31,direct,basic,US,Retail
7886cb57-8e91-4d8c-bcfe-3c6bab61d6d9,2026-03-25,referral,pro,IN,Finance
ed6d170b-fbd8-40a0-9664-09c2ebdaeff9,2026-03-10,organic,free,US,Tech
c179418d-3a72-4e38-a1e5-7d4a58310fb2,2025-08-13,paid_google,free,AU,Tech
e9ad2582-8c6f-4b80-971b-210a9fc35a9c,2025-09-18,referral,basic,US,Retail
b3c6491f-3326-44f7-bb0e-ce201a3c5d1e,2025-11-27,organic,enterprise,IN,Retail
3bdc1477-17c9-4ba3-8311-416c36c34f4d,2025-07-02,referral,basic,US,Healthcare
02b5ac4d-54c3-4190-bdfb-a649f8465b37,2026-01-20,referral,pro,CA,Retail
2a827337-ffcf-4757-a06c-bbb56cb988da,2026-03-09,organic,free,US,Retail
9fd9a3ff-1dc7-4c65-b5e6-2530aad82b8c,2025-06-25,paid_google,basic,US,Finance
c84e595a-cca8-46b8-a853-85a7a7cc8248,2026-04-27,organic,basic,AU,Finance
36ded901-2c9c-4f18-a8bc-8c7b5e54bcea,2026-03-06,organic,basic,US,Finance
ce5d75ac-8681-4cf2-968a-b592571d5498,2026-01-12,referral,free,FR,Tech
162ddff2-00d9-491e-8052-ad1a480cfe55,2025-07-27,direct,free,IN,Finance
1e8a36fa-c5c3-44f2-916c-460041300bdf,2025-11-27,direct,free,US,Finance
428d70c5-e03d-4198-8040-e491c83367c9,2026-01-18,organic,free,FR,Education
7344f7a3-10fb-44fa-a80c-2123ea0b0d7d,2026-05-09,direct,free,US,Finance
161f6005-7385-4847-87fa-44440f061096,2026-03-14,referral,basic,US,Tech
b8803181-56e7-410b-98d9-f20b03889daa,2025-08-03,referral,free,DE,Education
ae1bea43-ed3c-4bcf-aaf6-d5ac9e90632a,2026-01-18,direct,free,FR,Tech
c55c9f1a-b143-4957-8050-ccde58bf8a16,2026-03-16,paid_google,basic,US,Tech
9e1b7894-a153-4acb-8cb9-e92a8b7c4371,2025-12-30,organic,pro,IN,Education
e906bf74-2fba-46ef-8d7b-094330fc3740,2026-02-13,organic,free,US,Education
fdab53c8-546e-46b2-b6ea-a0d0f6377b1e,2025-06-18,organic,free,IN,Education
cb643a3d-c944-449a-8328-054c512e355f,2025-11-22,paid_google,pro,US,Education
a591e1fd-d819-4023-ac51-b27adf655cbb,2026-01-15,organic,pro,US,Tech
772a120d-c664-48c5-b69d-d8c639e6048b,2026-01-12,paid_google,free,US,Education
87ea4936-afe7-49f7-88e3-51447a4b5a7e,2025-08-23,organic,free,UK,Retail
a4767062-c718-4cf4-bb9c-669e6f168da6,2026-03-18,direct,free,IN,Finance
ed429b04-139d-4bdc-a98d-69d7409f36ef,2026-02-01,organic,basic,US,Finance
cc2c9e43-e5c3-4d95-937c-1ec0adb27302,2025-09-18,paid_google,free,CA,Retail
7f8e6148-c4ed-41d2-ae7f-23b719ebe793,2026-02-09,paid_google,free,UK,Tech
4ddf749a-d077-45a9-931a-232b4bd3e8d9,2025-08-27,organic,free,US,Tech
0b509301-9aef-4754-8794-ed3f80134373,2025-08-11,paid_facebook,pro,UK,Finance
478bee93-df8f-4001-9bc6-33b2f9d07411,2025-06-30,paid_google,free,US,Healthcare
0c36922d-48b0-4579-8eee-7bc5683b0722,2025-11-19,paid_google,free,UK,Retail
2783610d-3974-4d2f-8a59-4217a0d4d265,2026-04-05,referral,enterprise,UK,Retail
935d7c16-8000-4cc2-9b7b-c2fd31b50d40,2026-05-09,organic,free,US,Finance
80f505a0-4927-43e6-a63b-bbac7b3f7f80,2025-11-24,referral,free,UK,Education
46dc1d38-77ea-4f88-8d1f-ec84056a6bab,2025-10-17,referral,basic,IN,Healthcare
533d66cc-61ae-42f8-bec5-e58c37fddadd,2025-12-11,referral,free,UK,Tech
073d3f18-22c0-40b0-874d-774543cdebfa,2025-12-03,organic,basic,CA,Tech
e6d186c1-4004-4396-8149-e031d153ec2c,2026-01-04,organic,free,UK,Tech
e399cec7-cedb-40e3-b2a0-c0ade7e38b2e,2025-11-11,paid_google,free,IN,Tech
230034cc-5c5e-492b-86fc-1982559fd99c,2025-11-08,organic,pro,UK,Retail
d0b48e36-13ba-4e7a-ac7b-5b5310a17d8e,2025-06-13,organic,free,US,Retail
543e97b8-fb9b-49c8-af82-bc851ed06bd4,2026-03-23,organic,basic,AU,Education
97c995aa-69c7-49ac-af73-e63743129029,2025-08-28,paid_google,free,US,Retail
94896b26-fce5-4b12-9df6-ef13e301e1d8,2026-04-20,organic,free,US,Education
71018d7b-c282-45fd-9d86-65d5decb7a25,2025-07-12,direct,basic,UK,Education
3ada47d2-e034-4fd2-add4-e84e02a78dae,2025-12-27,paid_facebook,free,DE,Tech
ff77d608-0a46-4eb9-96ce-e13ffe3cf7ee,2026-01-15,organic,free,US,Tech
df7bb602-2abb-4108-9e7f-740c80f5bc5d,2026-05-16,referral,free,US,Retail
d497e909-d178-4d10-ac31-d14cfde882d0,2026-03-02,direct,free,US,Retail
eb6f9638-6381-415f-8605-23ed3440cfb2,2026-03-06,organic,basic,US,Education
a1df1906-b026-41fc-95d5-caf9c550e872,2026-02-06,organic,basic,AU,Finance
e30a6142-fd57-4b9f-851b-ed2279cbdb43,2026-04-06,organic,basic,FR,Tech
3b58920c-414e-4252-bcc4-db5f33609f57,2025-12-25,referral,basic,US,Healthcare
96bcacae-6d14-455e-a11c-27719cb06859,2026-04-17,organic,free,US,Finance
8d86adc8-e0f9-44a2-af5a-0c8fded5bab2,2025-10-18,paid_facebook,free,DE,Tech
40c98b6f-3fa2-4978-8135-ca8b96474b20,2026-03-07,paid_facebook,basic,US,Tech
d127541f-aabb-4cbd-aab0-f658e15cceb7,2025-07-04,paid_facebook,free,US,Retail
1b08fa79-92f2-4fc7-85ac-6c98d5b5e7ce,2026-04-05,paid_google,free,US,Healthcare
65de03c4-0e9b-44dd-8964-bbf949666329,2025-06-18,organic,pro,US,Healthcare
907a7302-41bc-44f5-9faa-0b3e61277aa3,2025-07-27,organic,free,US,Tech
955063b5-66a4-412f-ae83-ec74f7c21fb7,2025-09-20,organic,free,US,Education
81afa6be-52cc-43b1-856a-95cff0a7b31d,2025-06-05,paid_google,free,CA,Healthcare
49026c31-f83f-4f12-8af4-70e05a539533,2025-11-29,referral,basic,CA,Finance
db310392-e292-4758-9cb8-0f52840880cb,2025-06-13,referral,free,UK,Education
cdce2568-2813-43a7-96ab-287e1910faee,2026-05-05,organic,free,DE,Retail
a2ed0c64-a48b-48cd-905f-fba6a0f34056,2026-03-12,organic,enterprise,AU,Tech
55b3bc22-9324-4444-afe4-50cba4f17f2f,2026-02-14,referral,basic,US,Tech
168e2885-43c4-4ea2-b58f-ed4cb53780f1,2025-08-29,direct,basic,UK,Finance
4f42a54a-1bb1-47ab-b212-06bb1853ae8a,2025-09-12,organic,free,IN,Finance
c0636d1e-bd83-4ff4-b8d0-a1335074b5d8,2025-12-03,paid_facebook,free,DE,Retail
b20ed3aa-3af2-4aa1-9597-b140ec221e2f,2026-02-05,organic,free,US,Retail
395d5267-723d-4764-9815-e8c8fc98af2c,2026-02-10,organic,free,UK,Healthcare
ebf55c03-7dcb-4bee-9362-1f5fea1f0da4,2025-08-15,paid_google,free,UK,Education
88ba8ce0-6ac3-412c-b65e-c40f2355f3a1,2025-09-16,referral,free,CA,Tech
a6a9d4ce-84e5-43a1-8176-588b0cfc99a2,2025-11-03,organic,free,US,Healthcare
0ab2c3aa-5988-4ad8-be72-82d5ca666914,2025-08-21,paid_facebook,basic,US,Retail
00e6e6d7-45db-4adf-93d3-b49738d53307,2025-08-16,paid_google,basic,IN,Finance
e9e9f0ff-34bb-4497-97b1-0fd17fc59106,2026-02-13,paid_google,free,US,Healthcare
38ec17df-45a6-4f39-877c-a362eedc82e5,2025-10-05,paid_google,free,US,Finance
e78b2cc5-8b6d-46bb-b939-8058a660e77b,2026-03-09,organic,free,FR,Education
7c8bdcf9-9454-4bb0-b7c2-32c42cd8993e,2025-08-27,organic,free,US,Finance
5d996b6b-09a5-47a6-b9b5-4e270aa4ef72,2025-12-21,paid_google,free,US,Tech
ab637ce2-6eff-4a17-975c-c04979e7132f,2025-06-16,paid_google,free,AU,Education
b1ae8eb2-4e79-4b11-9860-daba0160ab7d,2025-10-29,organic,pro,US,Finance
42a7df29-4f09-497f-8f55-4f1293ed10fd,2026-02-09,paid_google,basic,US,Healthcare
4806d6c1-46be-44ae-9c82-2f40f92bc6ba,2025-12-05,paid_facebook,basic,CA,Tech
f02513cb-a8ab-4333-a629-0168b43f8028,2026-04-25,paid_google,pro,US,Tech
6c142ffd-191d-4bc5-81a0-62cddc1a9277,2025-07-02,paid_google,basic,US,Retail
48f4245c-2a67-4401-b648-9b9a223fe1c0,2026-02-26,paid_facebook,basic,US,Retail
a16afc79-adfe-46eb-8c8a-53e081ccf343,2025-06-05,organic,free,US,Healthcare
e7142f1b-0d78-4f20-b242-54af07b8c668,2026-04-26,paid_google,free,DE,Retail
00015135-ea18-42cd-9207-f6873edcd298,2026-04-04,organic,basic,FR,Finance
9ca05e19-0e71-4537-bafc-b1d69f7f7484,2026-04-29,paid_google,free,US,Retail
ee77893c-d6f0-4049-b0c2-506dee9ec6f4,2025-11-16,paid_google,basic,US,Tech
2bcf144f-8e2f-41c9-8525-e25bd4d5e0a9,2025-11-28,organic,pro,US,Healthcare
e4c4532f-3e8e-466d-b71d-a333d2505ee0,2025-11-25,organic,basic,US,Finance
474d2856-34f5-4cd8-8632-c4ab75ebb6dd,2025-10-21,organic,free,AU,Tech
94f298e9-e7d6-4dda-af4c-9dc6f97d83e5,2026-05-28,paid_google,free,DE,Tech
7d196a72-67d9-45b2-9576-579cf3ff63a5,2026-02-03,organic,basic,US,Education
c8d24817-f5d8-41af-89b5-3bae74008f69,2025-10-05,organic,enterprise,US,Retail
7cb9adf0-e940-4dd1-b085-35f08a11c876,2026-02-18,paid_facebook,free,US,Finance
3a14d524-99fb-4059-b3c4-92ec42182476,2025-07-10,organic,basic,AU,Healthcare
b5bf80f4-d2fd-46a1-a8d6-e01e0686fb13,2026-05-21,organic,pro,UK,Healthcare
d08e86d1-7c84-4c52-8ab0-930f3851623a,2026-02-10,direct,free,US,Healthcare
08fd7349-1a38-4436-8b9f-7ab4fe277784,2025-10-21,referral,basic,FR,Education
ec7658fa-1227-4c67-94c5-f188ae5735a0,2026-01-26,organic,free,FR,Finance
61aa67ad-0345-4136-a26a-6c4d4ad94e3a,2026-01-14,paid_google,free,US,Tech
a8669811-2e46-44b6-8d26-e15c4fd5c640,2026-05-07,paid_facebook,free,US,Education
09a426ab-86e2-4537-b1fc-d049f61a5ee6,2025-12-15,direct,basic,US,Retail
45337bea-93c6-4e57-bf67-30be035e4d7b,2025-08-04,paid_google,basic,US,Tech
edf3eed8-64f2-4d1c-be2b-9dd192a43d84,2025-06-11,paid_google,free,CA,Healthcare
dbb2c523-55f2-414e-baff-0f71f60962d2,2025-09-16,referral,pro,UK,Retail
e2849f4e-e673-4c8e-8c20-a4abf6481069,2025-06-26,organic,basic,UK,Finance
50448e22-b421-462d-b5f7-419cdd9a1905,2025-10-29,paid_google,basic,US,Finance
92f05528-fbe5-4386-85a8-a6a83dd30c79,2026-01-07,paid_google,free,IN,Education
2e0da8a2-0877-4b60-adb3-5815d711f150,2026-05-07,direct,free,UK,Finance
2c9b7448-a7b3-48c3-ad1d-7c529947bb76,2026-01-23,direct,free,US,Healthcare
0752fa6b-df18-4265-8657-eb92e303455b,2026-01-23,organic,pro,IN,Education
8587979c-7318-431a-98c2-d8db4d87cff5,2026-01-05,organic,free,FR,Education
c5fd7c35-39a3-4efc-bc37-17bdab202d93,2025-10-29,organic,enterprise,US,Healthcare
7eee89e3-6979-4416-9275-7d7968dccc82,2025-10-01,organic,basic,US,Finance
5a3b9b7d-ca3e-4428-92b7-6ed4b3cbd00c,2025-10-22,paid_google,basic,US,Retail
39395433-1ca2-4845-908f-24caa42f6d75,2025-12-06,paid_google,basic,US,Education
da968911-5972-42e5-ad5c-605e51a38cbd,2026-02-10,paid_google,free,IN,Retail
66ce06fe-7338-4554-af26-15e6abdba837,2025-08-07,paid_facebook,basic,CA,Retail
e78d8fc2-d21f-4fe5-b83d-728d17c6f344,2025-09-12,organic,free,UK,Retail
37e2d3a1-03f1-4a45-b273-2c2d2e55681e,2026-05-02,paid_google,basic,IN,Retail
bd55bb71-ae1c-40b3-8335-5ba2db2e58aa,2025-11-06,direct,basic,FR,Healthcare
56ea646e-5ae1-4de0-962e-6e86a662e54e,2026-04-05,paid_google,basic,US,Tech
cd47a138-2e0d-420d-8e33-fb42378061a7,2026-05-28,organic,basic,IN,Finance
00c652b4-77cd-436f-a22d-f3c433c22b67,2026-03-27,organic,free,US,Tech
7311681b-ff6b-406f-b8d2-65f5fce6cf2d,2025-08-29,organic,free,US,Tech
6594e701-56a9-4ee5-b2e6-142284616538,2026-05-23,paid_facebook,basic,DE,Education
753a2eba-b2bd-42be-9d76-722545266aa1,2026-02-11,organic,free,UK,Tech
a9951ab6-5f3e-47e0-9635-09177542f87c,2026-05-19,referral,free,US,Tech
6bef7b3e-08bd-43e7-9f76-f375878f590a,2026-01-06,referral,free,US,Healthcare
6106f12a-7d2f-4660-8d22-424a9904580d,2025-06-09,paid_google,free,IN,Retail
7ac5114d-b529-4eb9-9319-95ecccceb156,2025-06-12,organic,free,FR,Tech
d035839d-8319-4ef9-a797-d2ccfe3aea62,2026-04-21,paid_google,basic,CA,Tech
c70635fb-4936-49b2-ac5f-f5900584aa1e,2026-01-30,referral,basic,US,Education
7e89ffc2-39e8-4455-ba97-582073bd313d,2025-11-29,organic,free,US,Finance
60d7462b-203c-45b9-abeb-b94ccddee527,2026-03-11,direct,pro,US,Education
81a2ac6d-e637-4716-9e0a-2f7ee26592aa,2026-04-08,paid_google,free,UK,Finance
200489cf-3cd3-411c-a14d-1ec957e0b5ef,2025-09-07,organic,free,US,Finance
69d62ccc-6e2f-4126-8e45-40b4cc4af29d,2025-12-14,paid_google,basic,US,Finance
d30ebb58-1fcf-4940-a3e5-2c7a719e8f3e,2026-01-12,organic,basic,CA,Healthcare
4987f7eb-841b-4d8d-8e47-41cb26c8fa40,2026-04-29,paid_google,free,CA,Healthcare
8a47679c-2eb4-4b4c-bc4f-0581ca3e9c16,2025-09-11,paid_google,enterprise,CA,Retail
7ddf7486-cd78-4067-9d29-baf63bc270bb,2025-09-14,organic,pro,FR,Finance
64706b04-2b46-4f49-a03d-4d7b85932f49,2025-07-28,organic,free,UK,Healthcare
976a5c7f-982b-4bcf-bda1-ebbaf149714e,2025-08-17,organic,free,US,Healthcare
7229e52c-fe45-47d2-a0b2-ec4bd2d144e2,2025-08-14,paid_google,basic,AU,Tech
de391f06-885a-43cb-a523-30cdee2d41d2,2025-07-12,organic,free,US,Finance
dd2cd9c7-6f0b-4f49-99e8-80401668ae51,2026-04-20,paid_facebook,free,US,Education
28ea051e-8b33-43b7-9536-ca81455ebf8f,2025-11-28,organic,basic,UK,Tech
f23359b9-4b15-4eaf-9a75-fc41cd14000e,2025-07-03,organic,free,US,Healthcare
ee5e9707-3b51-43db-ab71-1cfd27bf17c4,2025-08-10,organic,free,US,Healthcare
483f6c79-7108-48d4-8f80-f57bcead8f3b,2025-07-26,organic,free,CA,Healthcare
fa76ccda-55ec-4430-bd7c-a86cd592c008,2025-09-13,organic,basic,FR,Healthcare
6479dfab-114a-4910-8bba-c6d73e0815f4,2025-12-17,referral,free,CA,Education
aa2dd845-2859-4ecb-b30e-20f513b43328,2025-09-09,paid_facebook,free,US,Retail
00881f4d-6a4e-4c3c-8c91-56fbba72a458,2026-02-11,direct,free,US,Retail
a8ea27c4-ced6-4ee5-8a98-ef345da16ca6,2026-04-03,organic,free,US,Finance
e41359fd-f17d-43e4-a1d0-78265742c2e3,2025-08-13,referral,pro,US,Healthcare
76565ba3-3ee0-45ad-9aa6-e76c4177af44,2025-11-18,paid_facebook,pro,UK,Finance
a50ad980-41fe-4f62-a716-50d8fa3f00a5,2025-10-21,paid_google,free,CA,Education
2ce01af4-1a76-4a32-9bc3-05abef87d05a,2025-11-13,organic,basic,UK,Finance
e9ca6eaa-d799-4a29-9c29-2b9eddce053d,2026-02-16,organic,basic,DE,Retail
6a4570c0-fbd2-4cc6-b667-056a820aa3d9,2026-01-07,referral,basic,UK,Retail
a5f44355-e78c-4b78-8aac-da2f1e9160b0,2025-08-22,paid_facebook,free,UK,Retail
b4dddd58-b63d-4ca2-ac9f-b115ef32f95e,2025-11-29,paid_facebook,free,US,Finance
2dcc5a13-1d66-463b-9d62-544f7447307d,2026-04-03,organic,basic,AU,Healthcare
6105f837-eceb-4fe0-8b04-5a0158cc0c5a,2025-06-10,organic,free,FR,Tech
6c70b8cb-ecc7-45a7-91b6-9de09617aeb1,2025-06-04,direct,free,FR,Retail
28f55210-9041-4d75-9feb-3e5032893d70,2026-05-17,paid_google,basic,FR,Finance
ac98e052-4593-4600-b5e4-9a75babfdcd4,2026-05-02,paid_facebook,enterprise,FR,Tech
c3a37186-72ea-4696-8f1c-fa6dfbbf248f,2026-03-19,organic,free,IN,Retail
8003686a-d52b-4681-8650-e06a449878a0,2026-03-08,paid_facebook,basic,UK,Retail
ba19b07f-7369-4873-8273-7b7dc39da2e1,2026-01-01,organic,free,US,Education
2ef9b2db-76a6-4945-b116-c07c6706a95b,2025-09-06,organic,pro,IN,Retail
eeb6d71c-f45b-4a3b-bc26-b27517ec3c9b,2025-09-09,paid_google,free,IN,Tech
e8b1a679-315c-40be-8ec8-4624be448fa6,2025-06-09,paid_google,free,AU,Tech
3b654779-67eb-4385-a40c-2831547d308f,2025-07-31,organic,free,UK,Healthcare
dd765dbe-c020-4142-9455-2dc2c9dc40fd,2026-04-05,paid_facebook,free,DE,Tech
28e4af1f-d2ec-4825-b66a-703b65bf3370,2025-10-24,paid_google,free,IN,Finance
dd4e0c66-529b-41b6-b029-5eb20278e6c0,2025-08-02,direct,free,US,Finance
3e5c0689-cde5-4aa2-bbde-7ff51868bdbc,2025-09-29,organic,basic,US,Retail
a5934953-e2c9-4455-859d-4c0d95b578a7,2026-01-12,organic,free,AU,Healthcare
4795b52a-8097-4a4a-9c67-f111bef53183,2025-09-13,direct,basic,US,Retail
1b2d34e6-7cb8-4f34-8b93-f0cc03f2285b,2026-02-15,paid_facebook,free,US,Healthcare
09c0e2bc-c0bf-4878-b0f4-015cf3197d6a,2026-05-15,paid_facebook,basic,US,Education
ddae771a-bc0b-40cd-a968-8e79acf62652,2026-02-10,organic,free,US,Healthcare
2eaa7cd6-ec04-4f16-9446-97d19f1a5fd8,2025-12-24,direct,free,DE,Education
73634cd1-0143-4a34-b12a-e59b60a30466,2025-06-28,paid_facebook,free,US,Education
b75ddee2-1f9d-4b3d-a9d5-19fef0046f6b,2025-11-17,paid_facebook,free,US,Retail
98ece7e1-8ce9-4b9f-ab31-55e99535d3a0,2026-05-02,direct,basic,UK,Finance
0df2b495-e221-4983-995e-ea2a8f897543,2025-08-15,paid_google,basic,DE,Healthcare
b2b9f8ff-0547-446a-8494-01031d261c67,2025-09-24,organic,free,IN,Retail
99234e47-7a82-48aa-afca-b69d0a0e7643,2025-08-08,paid_google,free,US,Education
964766b4-180b-4ba8-9fb7-5662e32ea6f1,2026-05-20,paid_facebook,free,AU,Education
79bce94f-0834-4dbb-be82-a8e6a12c516e,2026-01-20,paid_facebook,free,CA,Tech
6d7bd4aa-9774-4c8d-83d3-9ebd9d69ec0c,2025-06-01,paid_google,basic,US,Tech
2e9ce6d7-e1e7-4b05-896d-d12794bd0b37,2025-11-14,organic,free,CA,Healthcare
c2e28cb0-ccb6-49b4-991c-eff1465c79cb,2026-05-18,referral,free,AU,Finance
648b73e4-e3b7-4545-9058-8b6e3cd9e8e5,2026-01-04,paid_google,free,CA,Tech
7c549e66-ad4b-4712-8448-8e1906bbff7c,2026-02-28,organic,free,FR,Education
e9511eba-1614-4c33-8577-d34827ee1140,2026-02-06,paid_google,free,UK,Retail
52b8b64c-8e4b-46a1-baee-7259c748bf4a,2026-05-13,direct,free,CA,Finance
045d8370-62cb-4a27-9070-afab411a0543,2026-05-10,organic,free,US,Healthcare
d504b115-c96d-4cf4-8e9f-81d5ad885b98,2025-11-21,organic,free,AU,Retail
4e1f4960-239e-4639-9cd9-0f903f3e4971,2025-11-17,organic,free,CA,Healthcare
9fa65746-35e8-4c07-8574-b17943b97bb8,2026-02-01,organic,basic,UK,Retail
cbfe9955-86c9-4ac4-9bbb-196582bc7d2a,2025-08-29,organic,free,IN,Retail
1e77cf17-6f3e-48e5-a07c-521af689cefa,2025-07-19,referral,free,UK,Finance
bb1203a3-9bd9-476b-8f7e-5fdf827d4ec7,2026-03-21,organic,free,IN,Healthcare
95ce7472-d0b5-4cf4-ab52-ba42089a3945,2025-10-28,referral,free,UK,Tech
945b074a-e31b-4d75-a67a-e94c1ced3cf2,2025-10-10,organic,free,UK,Retail
058be61e-536b-4836-82e4-3d337366de49,2025-07-29,direct,basic,US,Retail
721bb3d6-3903-4578-b010-6c2dada8e4cd,2026-04-20,organic,pro,UK,Tech
9f0cdcdc-b56d-406a-949d-4dedbc71958d,2025-12-16,paid_google,free,UK,Finance
df5ec727-2ca0-4f84-92ea-25bdb7bae0ca,2026-01-01,organic,basic,CA,Finance
7f28314c-32ad-4e82-baa7-1bd6517688b4,2025-07-19,organic,free,UK,Finance
19eafe4b-37bb-402d-a3ff-bc2f1512f4f3,2026-01-18,organic,free,US,Education
fae70c78-adef-4ecd-8cd9-a11bcf088774,2026-02-02,paid_google,enterprise,US,Education
85edeff8-e871-4442-a37f-52fb13010d5b,2026-01-25,organic,basic,IN,Finance
db04ea33-6f11-4bb7-a188-2fb752ec1456,2025-11-15,referral,enterprise,CA,Finance
d88d7720-6455-41a6-a8bd-cdf811761e51,2025-07-18,organic,free,US,Tech
719b013b-e9ce-4385-8647-4275a1a2618b,2025-07-21,organic,free,US,Education
e8180e93-3bc3-4bcb-94dc-6532fac2166d,2026-03-26,organic,free,US,Healthcare
cdc6c30a-7a38-457d-ab75-daccd7bf60a0,2025-09-06,paid_google,basic,US,Finance
4fe8c6f4-f34f-4d65-98ba-975bcf62733b,2026-01-02,organic,free,US,Finance
6440a33f-df0b-4b1f-b2e7-26d7873e3069,2025-11-24,organic,pro,US,Finance
d961ee9c-b0fb-444f-a40a-675b82fb2cb2,2025-08-19,paid_facebook,free,US,Retail
2731086b-2446-4a0e-8001-1f4a18140b84,2025-12-02,organic,free,UK,Education
fc05cb20-0ba6-45ce-96e0-66c1b87aa2b1,2025-06-27,paid_facebook,basic,UK,Healthcare
c523d17e-3b87-4c39-9fe6-8ffee82a7f5c,2025-12-12,organic,basic,IN,Retail
491348da-0134-4809-9802-8bbed700059a,2025-12-31,paid_google,free,CA,Retail
a6ed5588-8a3a-4fe1-a5f2-41c7f6a9b592,2026-05-08,direct,enterprise,US,Healthcare
35d32e88-3df1-4b3a-80f0-21d6b2be7e31,2025-09-22,organic,free,UK,Healthcare
c9fc11e7-43c9-49cc-b10a-c93fad5d4f46,2026-01-28,organic,free,UK,Healthcare
aa27eaa3-bfb4-4fb6-9c8a-d40dd58ccd42,2025-10-02,referral,pro,FR,Healthcare
58e5e361-730c-47ac-a554-677157ceda4b,2026-04-01,paid_google,enterprise,FR,Healthcare
89a7be3a-ce59-46e6-ab3b-a9910527a393,2025-08-15,paid_google,basic,AU,Finance
04610636-dd51-48a9-b8cd-ccb1a0efd6f9,2026-04-07,paid_google,pro,UK,Healthcare
4e1b9e09-81fe-44e1-bd46-15c29f21b03e,2026-04-08,organic,basic,FR,Healthcare
3654b884-dbb9-4dbf-8feb-3d9a0920969e,2025-12-13,referral,pro,US,Education
2495728d-d73a-481b-aacd-4e377fa916ff,2026-05-17,paid_facebook,free,CA,Finance
bd4d6181-863b-4764-8a1c-5d7d40ac3460,2025-07-14,paid_google,basic,UK,Retail
8e712595-c609-461b-92da-0893ee081b44,2025-12-03,direct,basic,US,Finance
fccea1ac-80f3-48e6-b728-27c1b84a4d35,2026-05-09,paid_google,free,US,Tech
9f817d54-1913-4b6b-a9f9-4ea820766488,2026-02-01,paid_google,free,UK,Healthcare
6ec4bfd2-fac3-49b9-bff5-f429659306de,2025-08-23,direct,free,US,Retail
80c5fcb1-ca67-4b40-9cf6-3692b92bac70,2025-12-24,organic,basic,US,Tech
2cd5289e-3440-4683-9c55-74410e307e72,2025-10-29,organic,free,US,Retail
04b2ef72-b1b9-4ea9-bbdb-ef4aa1767aec,2025-11-03,organic,basic,IN,Finance
4d1ec3c1-d517-40f9-92cb-d27b883958a4,2025-06-16,direct,free,US,Tech
990812fe-88a9-4f7b-8d2c-229b439c9f7b,2025-11-12,paid_facebook,free,IN,Healthcare
0cee2792-6a2f-4abc-97f4-c4a8bbe33422,2025-10-23,organic,pro,IN,Healthcare
add53514-efc3-42d9-8e6e-d47503acb3a9,2025-07-07,organic,free,UK,Tech
f6c2a20f-ec15-4006-b0fb-74cce99c2e2c,2026-04-29,organic,free,US,Finance
de07f75d-437f-4228-8509-9ea9b682fad0,2025-07-15,organic,free,US,Tech
50d9c927-bd6b-4929-96ff-8478cb6c80d3,2025-12-23,direct,basic,US,Finance
d23b0541-3b1a-4aa5-9b6b-3233eb60295d,2025-08-01,paid_facebook,enterprise,AU,Retail
cf15f6a2-2e6b-411c-8a56-b1cd185ba0d3,2026-05-22,direct,pro,US,Finance
de5eab34-5ae1-478f-a549-6202b8a03808,2026-04-04,paid_google,basic,IN,Tech
325afaa0-8f0d-4035-9d4b-b2b1d4816bb7,2025-06-19,paid_google,free,UK,Tech
f368d1e1-5393-4807-a41b-009810680dab,2026-03-27,paid_google,free,DE,Retail
e4b3e15d-efa4-45ae-a0e0-7938498fcd80,2025-06-07,referral,free,US,Tech
fcc4f704-f026-421c-b950-beef105ff735,2026-02-04,direct,free,IN,Education
5f4b2e01-ac0d-4e8e-a328-9136cf6b62ef,2025-09-25,direct,free,IN,Tech
d991716a-84d2-48f0-b53d-9f8b122e0213,2025-08-07,paid_google,free,US,Education
416c98e9-3b46-4000-8466-5c6e15fcb0e8,2025-07-04,organic,basic,US,Tech
da100921-b7b5-4da4-8037-bcc2a15fa0ef,2025-12-11,paid_google,free,US,Tech
21f1cbe4-bd97-44de-8801-d34bfbd9c297,2026-04-21,organic,basic,IN,Retail
bd025d84-3049-4b7f-91e2-bdbb47234ec7,2025-07-25,organic,pro,UK,Education
6e703ab9-0620-47ec-939d-499ab9c35805,2026-02-21,organic,basic,US,Retail
8fa747f0-eaa0-4bbe-ad84-f2e1ff0a254a,2025-07-12,organic,basic,US,Education
cdadbe8c-8d4e-4904-8adc-56be53e9b6fe,2026-03-24,paid_google,basic,US,Education
577d2342-989f-4de7-93b2-328cc580538f,2026-01-17,organic,free,US,Healthcare
be5d287f-5b83-4bc6-828e-d1470a697df4,2025-06-10,paid_google,free,US,Education
1ec2f5b5-faac-4a2a-8c78-d537d9f9882d,2026-05-24,organic,free,US,Retail
d5c9a794-b1bd-4ee3-832d-9f7cc47f04e0,2025-10-06,paid_google,free,US,Retail
b61c0094-6749-4c13-b0b3-2535c2d58669,2025-11-26,paid_facebook,basic,UK,Finance
c5ec218f-354c-45cd-9c45-b7f023ab71ad,2025-12-10,organic,pro,UK,Tech
de4cc334-9c53-4fbc-a70f-7c9d97f62de6,2025-08-31,paid_facebook,enterprise,US,Healthcare
99042f98-6158-445e-95bc-a884118b0cf5,2026-01-17,paid_google,free,US,Tech
4b07f8ac-651d-4676-a6e8-ebf0de47733e,2025-08-17,paid_google,enterprise,DE,Retail
845c62e2-5632-4d9b-bd3e-40807331c3ed,2025-08-24,paid_google,free,US,Healthcare
50b1a045-1e15-4796-936a-5cadf16407b4,2025-06-30,paid_google,basic,US,Education
835a184e-0a50-45d6-bc03-2fe2788044c7,2025-12-30,organic,free,US,Retail
31c81065-6b51-4e31-ae0d-2517a876ed4d,2025-07-19,paid_facebook,free,UK,Retail
847cf2b8-9698-48b0-8d94-5d0319fd8c84,2026-02-20,paid_google,free,US,Retail
8adb60f2-68e1-4c19-ae2e-f0a5403a3a40,2025-10-23,organic,pro,FR,Retail
a99eac3a-3a12-4890-841b-8b4601c0f776,2025-08-08,paid_facebook,free,US,Healthcare
793c20dc-6b71-4820-b6e9-39442bc58f8b,2025-07-28,paid_facebook,free,US,Tech
89e61ed5-28c6-432a-85c1-4027dff00c2e,2025-12-02,organic,pro,IN,Tech
4c8b7830-bc21-4c9e-aefa-a92688dd0981,2025-08-01,paid_facebook,pro,US,Education
3eadc528-e91d-40ed-a6a6-7ff2fbaa07d4,2026-04-04,paid_google,free,US,Retail
ea0f3452-78ac-4a2a-b1c3-0d03a7293886,2026-03-23,organic,basic,UK,Retail
f11a1c5d-5b51-450a-8d0a-864d80e2df65,2025-11-13,paid_facebook,free,US,Tech
f8ee2cbd-bbff-4dde-be0f-f48bc3cde221,2025-11-18,paid_google,free,AU,Education
85b46c8f-d4e3-43ea-b949-de0c6d594540,2025-08-02,organic,free,UK,Finance
eb80af2b-a5d8-431a-b6f3-b5f081d22e8d,2025-10-25,referral,free,US,Healthcare
fb4799d4-4576-4263-945e-c5f886a1f32f,2026-04-02,referral,free,US,Tech
7ebaf305-0ecd-4d62-a0f4-5d79f1b9e051,2025-11-08,referral,free,US,Healthcare
4ece5d62-c130-4bf6-8b60-d95bee31ca24,2025-10-19,organic,free,IN,Tech
fb77268d-2527-4a14-aaad-7a277ecef7c6,2026-04-30,referral,basic,UK,Education
13f5dc09-6b4f-4e53-a596-162fc2badf65,2025-09-05,referral,basic,FR,Retail
c1ab90a5-9645-4e33-8a52-ce066c5390c8,2026-01-07,direct,free,UK,Finance
ad664722-0f31-415e-b6cd-b7bd90263327,2025-07-13,direct,free,AU,Healthcare
4ff45f22-dbbb-43bc-9df4-8a2d78c09e8e,2026-03-19,organic,basic,US,Finance
a0b4597a-2cc0-45c9-bec2-07ba9d1bd253,2025-09-16,organic,basic,US,Retail
2cd93a13-dde5-4554-961b-34262c69f6f8,2026-02-21,organic,basic,FR,Tech
83ee0711-065b-4c18-bbb5-2382f5d1aa0c,2025-09-03,paid_google,free,US,Education
f8ee40b6-cd86-4958-b017-fd63c2a39e30,2026-02-17,referral,free,AU,Retail
e04c5915-9b62-4f0d-904f-2f77a37a6f90,2026-04-09,paid_facebook,basic,US,Finance
81b8694f-4031-4c28-9c23-fe35ddc811e1,2025-08-10,paid_facebook,free,US,Finance
b6350bce-d7fa-4728-8e51-11092bbd43ef,2026-01-05,organic,pro,IN,Finance
b6cd5f21-0070-404f-9396-98c07c0582b8,2025-06-21,organic,basic,IN,Tech
b9c4c39c-5f67-4c9b-8f85-5792cc219517,2025-08-31,organic,free,AU,Finance
4d2c6ae9-4c05-423d-9f30-4490b35b2903,2025-10-05,paid_google,free,DE,Tech
d7cecdc5-12b8-474c-909e-0598a1d8d0b1,2025-08-19,paid_facebook,basic,UK,Finance
6e22e5d2-356a-4016-a21a-d6579e574679,2026-04-08,referral,free,US,Healthcare
670b95a3-b543-447c-8601-1844a9c996e9,2026-01-24,paid_google,free,IN,Healthcare
9e24c0b5-83f9-496d-95e7-a34faaf306dd,2025-11-29,direct,basic,UK,Retail
3daee50d-97b1-4a9c-82a6-70c2dc377512,2025-06-25,organic,basic,FR,Retail
3d8e155e-1077-4577-9e55-f69a3ba8be7d,2025-11-03,paid_google,free,US,Education
b9141e1d-03d2-4009-98bb-b5439c810b5b,2025-06-05,organic,free,US,Finance
817b3c33-a450-4e68-9d00-b65b370f5e3e,2025-09-28,organic,pro,UK,Finance
839d69e7-a358-4978-92e7-cf0d9c829b00,2026-03-04,direct,enterprise,US,Tech
47c7ab92-f857-4b97-a62e-77b3abe4e2f4,2025-06-18,referral,basic,US,Retail
9dea74bf-02af-4028-b45b-9ebad7018000,2025-12-15,organic,enterprise,UK,Healthcare
26c5c47a-7088-4b3e-b5a5-5c1accd4d607,2025-07-27,organic,free,FR,Tech
f7714ff0-d8c1-42c6-9c23-c763d1e10c0c,2025-09-01,organic,free,US,Healthcare
b392ac12-8cb2-4794-bc64-e31e47603940,2025-06-19,organic,free,US,Tech
629e4a14-8de5-4a68-8337-0a76c4b60902,2026-05-19,paid_facebook,free,DE,Retail
82746e07-7228-46a3-b238-f071db89c357,2025-12-10,paid_google,free,DE,Finance
985bbadc-b156-4338-b640-377cd0348ce9,2026-01-23,paid_google,free,US,Finance
bb479fdb-d73d-4143-b790-945d20ea6288,2026-03-04,organic,basic,IN,Retail
cce41e65-02c4-4197-bd2e-f15e56ba2107,2026-01-13,organic,basic,US,Healthcare
082e7c25-0e49-45dc-9c80-c4693893d6cd,2026-01-19,organic,basic,FR,Education
1291da02-e86d-4705-a15e-e7dac280cdb0,2025-07-10,paid_facebook,free,IN,Education
b5e5e6b8-315c-429b-bb90-738aa68eaf45,2026-04-19,direct,free,UK,Retail
811b9711-ce08-4135-897c-37df16fd744c,2025-10-31,organic,free,AU,Tech
4185d2a2-7ff7-479e-88c3-e37a9c067680,2025-10-05,organic,basic,FR,Finance
65f45264-d2f6-4ef6-8d56-63fcd1dc081c,2026-01-23,organic,free,US,Healthcare
c2dd4f88-162f-4386-8909-e9a65f6991a4,2025-07-25,organic,free,US,Education
9e455465-e4da-4f6a-8452-5141622e574b,2025-11-19,organic,free,CA,Finance
e55187d0-ad13-472f-80b3-709609f70742,2025-09-17,direct,basic,CA,Retail
a1999a7a-17d3-4e33-8c99-07702bb18572,2026-05-20,referral,pro,IN,Finance
b385e754-951e-4a7d-a949-59f53946667a,2025-12-01,organic,basic,UK,Education
e6337117-d754-40ba-a47c-cc75234ceed5,2025-12-15,organic,free,US,Healthcare
0c18fe7d-4b6c-4c2a-98e9-d087b85336b2,2025-08-26,organic,free,AU,Tech
0a5e80b7-689d-4d40-99fc-12819a757a39,2025-12-18,organic,free,FR,Tech
923e759e-47f4-4932-95d1-f4e95db9dd89,2026-05-03,paid_google,free,DE,Finance
819b048e-20eb-4462-b736-95582d3b7ae7,2026-04-18,paid_google,free,CA,Tech
33d92293-c273-466e-8551-ddbae41ff2ea,2026-03-02,paid_google,free,US,Education
69bd3a71-6d34-451d-b96e-8ca5ce36b5f6,2025-12-28,referral,free,CA,Healthcare
13f1c225-76f9-41df-a524-4f59fa1542a9,2025-09-26,paid_google,free,US,Tech
f03b430e-25ae-4cbe-95a3-de2b5093ad40,2025-12-08,organic,free,UK,Tech
25f14fc6-8c16-463e-8137-4141a0452682,2025-07-12,organic,basic,IN,Retail
93083d56-6888-428b-8580-35d6e1f205af,2025-07-12,organic,enterprise,US,Tech
867fa0ef-eb21-4f9c-b8fc-e2219c326843,2026-04-11,paid_google,pro,UK,Tech
afa0607c-f71b-4ef4-aff0-459188962ea0,2026-03-03,paid_google,free,US,Education
01a567fe-f533-4354-96f5-72b55c9f4a3a,2026-04-25,referral,free,AU,Tech
bb9eaff8-3d69-4543-807e-ed735386a618,2025-06-17,referral,pro,US,Retail
34c0ab65-4e7b-4fe4-84c2-4b3e96b6c28a,2026-03-10,referral,free,UK,Retail
a68beca9-8627-423f-aed0-634893738ee3,2026-02-13,paid_google,basic,US,Retail
b03e44b1-756e-4c1a-a570-c2123f9bbc30,2025-08-02,paid_facebook,free,UK,Tech
29d6595c-dd49-4554-87f6-2ea89c9ce8cd,2025-08-01,paid_facebook,pro,IN,Finance
e1b6c720-3249-4120-a45b-5b08a00be961,2025-09-08,organic,pro,US,Finance
72389e56-6a83-40a0-b614-513c01ce4388,2025-06-19,organic,basic,UK,Education
7cc30c45-cefd-45ea-ae98-ef08de208fa8,2025-06-17,organic,basic,IN,Finance
915d1487-25ff-4ffc-91a8-ef7bc7b91a85,2026-04-21,paid_google,free,CA,Education
5f1654da-61ae-42c1-802c-723ba8772704,2026-02-01,referral,free,US,Education
af14e0a1-5f6d-4138-be92-38117a534e3b,2026-02-06,organic,free,UK,Retail
b500f248-c8f5-41e8-aaac-0de72d7b426f,2025-08-20,paid_facebook,free,US,Healthcare
c4b88ff8-8218-4fc3-8235-a175d6f96d44,2025-07-09,paid_google,free,IN,Education
bad012f8-30cc-498f-82c3-8896b4c80185,2025-07-06,direct,free,US,Tech
4606adf8-de91-472c-b452-66c2d7754e9d,2025-12-14,paid_google,pro,US,Retail
50fab49b-9144-4cdf-810a-9752c279dcf6,2025-11-05,direct,free,US,Tech
9d934219-e9ff-4ead-9d01-3a1069d9d6f9,2025-12-21,organic,free,FR,Tech
5d472424-1adb-485d-92fd-10964017fbe7,2025-12-13,direct,free,DE,Finance
17bbfbea-f15c-4c39-b6b3-22732548c9ce,2026-01-02,organic,free,FR,Tech
2b4dbe64-f9e7-453b-9998-f791e6d9beb0,2026-03-12,paid_google,free,CA,Education
f705702f-ac27-41ab-b070-ba56d48b62a3,2025-12-13,organic,enterprise,AU,Tech
92289fe9-5e15-4bdf-8ebc-283c7eafad78,2026-04-03,paid_facebook,free,CA,Tech
e515ebc9-2453-4898-bedd-d71e851f6bbe,2025-10-30,direct,free,UK,Finance
ed2e3b78-4c22-4d7e-8843-fc52eaa17a34,2025-06-14,paid_facebook,free,AU,Tech
bd72c731-bd2e-483f-8d9a-d9156952af5b,2026-04-21,paid_google,free,IN,Education
aa5c67d3-9939-49cb-8d48-e61e064b4b02,2025-10-24,paid_google,basic,IN,Education
8c194f57-16e6-42c2-8daf-b321463a1ffe,2025-07-27,organic,free,DE,Tech
a89c9afd-a833-4ba7-9056-9b3e0bd7a851,2025-12-28,paid_google,free,FR,Education
19b518b4-360e-415c-8076-7484e35870c6,2026-02-23,organic,free,US,Education
1144e938-9a89-4fca-b34a-ce7755ed3c2d,2025-12-27,referral,enterprise,US,Finance
37f116e6-0995-405e-9483-b108633be0be,2025-06-17,referral,free,UK,Retail
e07341f9-d00d-4432-b3ca-9d06d801f567,2026-03-13,direct,pro,US,Retail
8f08b8e0-c6bb-46c3-a817-caa580edf4d6,2026-05-10,paid_google,free,FR,Healthcare
49e5e288-a64a-4ae9-8366-1efd8413f7f5,2025-12-20,paid_google,free,FR,Retail
9ccd553d-9cda-4e3e-99b3-b773b4f09a31,2025-09-07,paid_google,basic,CA,Tech
322ae0dd-831a-4091-a48e-ea6e2ec0524c,2026-03-06,paid_facebook,free,IN,Education
b2646350-dba5-446c-a23c-307810a11040,2025-12-26,organic,free,US,Retail
dbce9114-fb31-48c2-a180-80f32c5a4bad,2025-10-07,referral,free,DE,Finance
f178c11d-a7f2-4634-8739-7882adc9bab8,2026-05-01,organic,free,FR,Healthcare
48ca2a3e-619e-4269-b631-2b5558bf8b96,2026-03-15,paid_google,basic,US,Tech
877fac2f-659f-4f36-a688-9ed30a4f5b78,2026-02-07,referral,free,US,Retail
3bfe8b82-8c9a-41e4-9d50-ea38c1b2607f,2026-02-20,direct,basic,US,Education
44c5468a-f16a-4c79-a5fd-7840adaee5cd,2026-02-26,paid_facebook,free,IN,Finance
9bee62be-3dad-47b4-859b-cee3c047d2e8,2025-12-05,organic,free,US,Retail
9a8727d7-c583-4b50-81f8-ab2ea593380d,2025-12-31,organic,basic,US,Education
fc95a892-5cc5-4d0a-abf6-cf92ad8cd61d,2026-03-10,organic,free,US,Retail
30907d18-7b76-439f-a75b-d58ffc6352e9,2025-12-28,direct,free,CA,Tech
787d9c7e-6d64-48fa-bccf-e255ba0af57f,2025-08-15,organic,free,FR,Healthcare
05fd1f56-9b2f-4add-b89c-c2b74238fd70,2025-10-26,direct,free,IN,Education
12391b9d-c837-4a52-a51d-756ab23bad21,2026-04-17,direct,pro,UK,Healthcare
05603052-ac1c-41c8-9288-bd3d9e7b74b8,2025-12-30,referral,free,US,Healthcare
8afb49fc-083d-4253-bce1-ea1b9b0dab2d,2025-09-17,organic,free,UK,Finance
32c1ca88-2543-4a11-9a93-70779ef8dbba,2025-10-07,organic,basic,US,Education
0c7ac635-0dc9-42de-a98d-b138a5602ce9,2025-06-10,paid_facebook,free,US,Finance
0ddefc85-056f-42fd-87ac-f02d0d8704a5,2025-07-17,referral,free,US,Healthcare
b26b8743-79fd-4709-9a15-5adb888cf863,2026-04-11,direct,free,US,Tech
c7d400ff-32b6-4b67-98b7-dba1c1b74484,2025-09-04,organic,pro,US,Tech
d8ce0eec-6bd2-49ef-9506-16c8a08212ff,2025-09-11,paid_facebook,enterprise,UK,Retail
53d08694-ea33-4bb3-9218-830b214bde89,2026-05-08,paid_google,basic,US,Retail
13ab05dd-5187-4743-85e9-199b990352ee,2025-10-24,organic,free,CA,Education
c99895d2-2d04-4040-adc3-4b184131b033,2025-06-27,paid_google,basic,IN,Tech
15ff64aa-ccc0-4fc0-b4ee-07db3bb5a285,2026-01-06,paid_google,free,UK,Healthcare
50e16e31-91c8-444e-9b53-ae2aac7c30d3,2025-06-18,organic,free,IN,Tech
f8afaa3e-79d6-44b2-8ac0-bbb2429643f8,2025-11-14,organic,enterprise,FR,Education
2b8d86af-f83d-40c1-89c3-c54f829336e2,2025-08-21,paid_google,free,US,Retail
94baf56c-1532-413f-8e9c-85f871b592f9,2025-08-11,paid_google,free,CA,Retail
0dd2448c-58d5-4bbc-8a8b-aebcbf8f20a4,2026-04-06,organic,pro,US,Finance
d59d6357-33f9-4d21-bb14-ccec18bd351c,2026-02-09,organic,basic,US,Retail
4fe4fd36-e658-4295-950f-f9e2fb2ac42c,2025-11-09,direct,free,US,Healthcare
e7f45331-803d-4875-9fdd-171522446e18,2026-04-23,referral,free,US,Education
56ec19f4-ca85-4ce4-9f15-f0b7861df787,2025-07-08,referral,free,IN,Retail
9d291c6a-7d31-4240-88c9-e632ab44aba1,2025-12-18,organic,free,US,Retail
238946a1-a7df-441a-b8f2-5b8c090133a2,2025-12-17,organic,free,CA,Healthcare
ed3c259a-5f8a-4c41-9aa4-9bba1e12e9ca,2026-02-10,referral,free,IN,Retail
cf0797e1-da0e-43dc-84a4-907292117f0c,2025-11-26,organic,enterprise,FR,Healthcare
26757d37-8226-448b-ad39-79d9347e1040,2025-07-05,paid_google,free,CA,Retail
aa3616c1-9ad7-4fd9-adb6-a2e52e9bb383,2025-08-21,organic,free,US,Healthcare
4f2a4b6a-0144-4870-8415-1024dbcab508,2026-01-06,organic,free,CA,Retail
34ae55dc-96f2-4f20-b894-629389fd1b17,2025-11-05,referral,free,UK,Education
231c0d80-593e-4c07-a171-47f9d313f2c5,2025-06-04,referral,free,FR,Finance
5969289a-1b3b-4709-8ee7-728b8cb4a079,2025-11-14,direct,pro,CA,Finance
9154019f-dd1b-4dde-a8b9-bdf74960ee22,2025-12-21,direct,pro,UK,Tech
c6e125cd-f3f1-4c44-9b7e-65da66590c9f,2025-12-11,paid_facebook,free,CA,Finance
1f76b637-9acf-4eca-80a8-c6701dcbdd71,2026-01-21,paid_google,pro,US,Healthcare
31381c64-adcb-4d31-a4a4-665a5280ffc0,2025-12-23,organic,free,UK,Healthcare
2c782d02-2f09-443e-8dca-21ff779f9b2d,2025-10-28,paid_google,basic,IN,Finance
faab2540-e9c8-4a2e-8db0-51a6a7a2f6a4,2025-11-06,organic,free,US,Healthcare
c6990cf7-9296-4c1b-b463-ca00c05267dd,2026-03-06,referral,pro,CA,Education
def2f1f3-69d9-437b-8a94-88a6ff45b446,2026-03-31,paid_google,free,US,Healthcare
e83731a6-9ff5-4e3c-bd98-ae656b471dfd,2025-11-13,paid_facebook,free,DE,Education
43345cc0-fe84-4806-a5c2-3c1837416bc0,2026-04-07,paid_facebook,basic,FR,Education
22d0134b-d2e0-4124-8512-aecbd889894c,2025-08-07,organic,free,IN,Education
34f84f08-14c7-41ea-8853-2b91c91e362d,2025-08-27,paid_facebook,free,IN,Retail
3a3e7a8c-e342-4a33-9c1a-a494deb390fb,2026-01-03,referral,free,FR,Tech
b7489e5a-2517-4d09-ab8d-6939b103a7ed,2025-06-01,paid_facebook,basic,US,Healthcare
cbaf1834-5299-4c13-b950-e07ec3f437cc,2025-10-13,paid_facebook,free,US,Retail
20056f0f-2cdf-47a2-9f89-ccb7b9c4214b,2025-12-02,organic,free,UK,Tech
cc698904-6d84-46e9-af48-6e2233610b32,2026-05-17,direct,pro,US,Retail
5a1864ae-f2fd-4d95-8957-5661194855c8,2025-10-18,paid_google,free,FR,Healthcare
d32dc656-20dc-4249-9b9f-0d1151de8db9,2025-09-14,referral,free,US,Education
0a1b71d3-fd1a-41dc-9119-3ff96a241627,2025-10-11,referral,basic,UK,Retail
31873a27-c1e6-4079-b110-69e320ffcd43,2025-09-16,organic,basic,US,Tech
c61f04b7-2ea1-45bc-82f6-5a49246791be,2025-11-25,direct,enterprise,US,Tech
1fc11439-c8cd-4413-8bc4-036a77d62156,2026-03-25,direct,free,US,Tech
68b16853-c268-49c1-8e0f-8ab85fea5e56,2026-05-24,paid_google,free,US,Retail
96b3bc83-2c23-42c2-a2dd-18bd11e33c36,2026-05-25,paid_facebook,basic,US,Tech
6cfe7240-3cc0-483a-8b80-31a82c2a490b,2025-10-24,direct,basic,FR,Finance
313ecb69-7482-4e2e-840a-84c69360b50b,2025-08-13,organic,basic,US,Tech
414ea094-1f68-4f5b-be0f-f5e95eb9a8cc,2025-09-16,direct,free,US,Tech
41c9e682-17f1-4c63-94f1-e2eb699ae10a,2025-09-30,paid_google,free,IN,Retail
ad744424-18e7-4de5-894f-cb078aececde,2025-06-17,referral,free,US,Healthcare
db7e2be2-336b-40a0-a123-adcf0cec1f32,2025-12-13,paid_google,pro,AU,Retail
12d59aa8-40c2-4c62-8fde-fce8b54e6ded,2026-04-23,paid_google,free,AU,Retail
99ff5f45-d2c1-4250-9c7f-238e06ce0733,2026-04-14,referral,free,FR,Finance
b477bdcb-bbd6-4ae5-9cd7-09ace9fcb79b,2026-03-24,paid_google,free,AU,Healthcare
33df0897-bb0a-4507-97f2-da4c3b063357,2026-02-07,paid_google,free,US,Retail
25a3d126-8b0c-4c8c-b4d4-8b2801aaefcf,2025-09-27,paid_google,free,UK,Finance
be5404be-6a30-4caa-ba5a-c1fb8e66aa08,2025-11-09,paid_google,basic,UK,Retail
0ddb12e4-7e34-4e5d-bf07-68d3089f2065,2025-12-15,paid_google,free,UK,Finance
cc9ec2aa-9c8a-4e60-bc91-611719133529,2025-07-15,organic,free,US,Education
fd5c886f-5c5c-4b1a-ac07-50d5cc179010,2026-04-10,organic,free,US,Tech
5e317154-b1a9-4550-9c26-e35f011d97f6,2025-11-26,organic,basic,IN,Tech
b28afcf8-617a-4c5b-86c5-e0c00ace9e3f,2025-07-14,paid_google,enterprise,US,Retail
dcd7e888-28a7-4d9f-951e-4a131ea1236d,2026-02-26,paid_google,basic,US,Finance
032df748-77f6-4a24-bbdd-851d68aff2b1,2025-08-17,paid_google,basic,US,Education
c147fec6-30b2-4593-81a1-41cacd9bbb0e,2026-04-22,organic,free,IN,Tech
54558a7b-9605-4d88-ad35-a1238baf8683,2025-11-25,organic,basic,DE,Retail
f26f0452-30fb-4548-a5af-7050270b48bf,2026-05-23,paid_facebook,enterprise,UK,Retail
dcbfd61b-20a7-4bbd-8d4a-5295ea615d75,2025-06-03,paid_google,free,AU,Finance
66289b4d-1312-4c83-aa4d-98140ff8fbe0,2025-12-31,paid_google,free,US,Healthcare
1723ba6f-de71-4558-bb4e-7368f46e7d64,2026-05-08,organic,enterprise,UK,Retail
018534c1-c370-47d5-83ac-863cbbfc9beb,2025-08-13,paid_google,basic,US,Education
6ce0e0a2-032c-4b9a-8354-f79d3fcb01bc,2025-07-21,referral,free,UK,Education
8df7479f-d6d5-4ec1-807b-2284cb6c9f36,2025-08-06,paid_google,enterprise,FR,Healthcare
88c89b09-55ee-4704-b122-7e246be1cb8f,2026-04-28,organic,free,US,Education
ac31156e-8e20-436c-95a2-b8e1451c2ab9,2025-09-01,organic,free,CA,Finance
c65df663-c6a9-4e81-9679-a3c9ababa9d2,2025-11-23,direct,basic,IN,Retail
563ac5ce-9e43-4f36-b800-7a6472fcc59d,2025-10-23,paid_google,free,IN,Finance
608c2507-4e81-4b2b-946b-d3a717f3ec6e,2025-06-07,organic,basic,US,Healthcare
6085ee8b-895c-42a2-a578-10aa7ed8bb2b,2026-02-24,direct,free,US,Healthcare
ee1ce671-5642-44e4-bac4-dcc1a1611c1d,2026-04-18,organic,free,US,Finance
099a6ccc-5e85-4bde-a004-0ea2d3130b0c,2025-06-04,paid_facebook,free,US,Tech
cbb92478-c4be-48e4-b3b4-4247dd3cafc6,2025-10-16,organic,free,IN,Healthcare
017a9a0e-6a4f-44b9-8095-d384c00e9395,2026-01-17,organic,free,US,Retail
08e7136c-9889-44f3-a109-4a4c75c85992,2025-08-27,paid_google,enterprise,IN,Healthcare
dd3f851b-7f8b-4625-b3b9-e8d130faf538,2025-06-17,organic,free,US,Finance
07afd88d-d250-4b89-aa49-880d747ecd34,2025-07-22,organic,free,US,Finance
58dd13c6-9ecf-42eb-a3d1-1c07ab4259ec,2025-10-12,direct,free,IN,Education
f7fd1976-aa56-4073-a1e2-a1925e8f6798,2025-12-28,organic,basic,CA,Tech
611080aa-0d3a-48e6-8b6f-9072efdef76e,2026-04-21,paid_facebook,free,US,Finance
2b682131-fcbc-4ee1-a688-d4dc67130968,2026-01-05,organic,free,FR,Education
179a7ae6-70a8-4ff0-8ccf-2c5dde038d03,2025-12-22,direct,free,US,Education
c79841a6-f1c6-4e99-90a2-d4df62a5114a,2025-12-28,direct,free,CA,Retail
1067ee5a-a0a2-4b52-9a69-fb9ce36b140c,2026-03-04,organic,free,US,Education
8e021aba-2879-4551-92c3-78a910ea87a2,2025-06-24,paid_google,basic,US,Tech
8fb44e8c-49a0-47a7-9ea0-464cb8835170,2025-06-04,paid_facebook,pro,FR,Retail
6d343ee1-2a73-4970-bf9e-0bc2e76e270e,2025-10-30,organic,free,DE,Finance
ffe6094a-2878-4be6-a9d3-47d2f037cd7d,2026-02-14,paid_facebook,pro,US,Finance
c40e75f0-90fc-453d-b809-b1246d5c22e1,2026-04-20,direct,pro,DE,Education
618c1d2b-1a89-4057-bda4-a7060aa13a2f,2026-05-23,organic,pro,US,Healthcare
578649f2-d6cc-4462-931e-d65f72a5e2f7,2025-11-15,referral,enterprise,DE,Tech
7d3f48ce-0f39-4b71-9494-fe04748e6957,2025-11-23,organic,basic,IN,Tech
8b6a35af-38ae-4ca4-a9e4-bab131486107,2026-04-06,paid_google,free,US,Education
0b2366f7-43fc-459b-a69f-1d907d551646,2026-03-18,organic,free,FR,Tech
62033e4a-af72-474e-a54b-0eae0fb7d735,2025-07-26,paid_google,free,UK,Retail
f7eff112-37fd-4fc6-afe6-0d5fe0a9c3b9,2025-09-16,organic,pro,US,Education
a4e9503e-dd1e-4935-a194-ea889ae255e5,2026-03-23,organic,free,US,Healthcare
22b5e79c-0e4f-4ad0-99b0-1c6af3ed94c0,2026-04-20,paid_facebook,free,FR,Finance
db6ce53d-0962-49d2-bfa8-97813b29041f,2026-03-29,organic,free,IN,Tech
67c7d894-1715-4f6d-b50c-19a10eadd72b,2026-04-30,paid_google,basic,US,Finance
f9a320c0-92a2-4d6d-8425-02eb9b24710c,2025-10-19,organic,basic,US,Healthcare
deccd9d5-1a59-478f-99d9-93595ca521a9,2025-11-02,organic,free,US,Healthcare
d1fdc157-51c1-48d3-81d0-3a887866dcec,2026-02-17,paid_google,free,US,Retail
6dedc2a6-75af-4360-9833-c964e5544716,2026-02-28,organic,basic,US,Healthcare
62beb8e4-f870-4d42-b4fe-486b5d8334d3,2026-01-18,paid_facebook,free,UK,Healthcare
bb6165de-221a-4510-98a7-444c5d788384,2026-01-27,paid_google,free,US,Tech
cd2777fe-fa6d-408e-8230-4c7ecc3cfc47,2026-05-21,referral,free,US,Finance
a5a9735e-b27f-49d3-a021-78822437e7fc,2026-05-03,organic,enterprise,CA,Tech
a63dc361-1e2d-497b-94d3-d90057be75cf,2026-02-13,paid_facebook,free,US,Tech
f30f8a47-877f-42ba-9812-8117f883b982,2026-02-04,paid_google,free,AU,Education
71c7ec42-a251-4ae8-b9eb-88aa289664c0,2025-08-16,organic,basic,US,Education
09b9610b-6882-4f6d-a230-4620d4e82ec4,2025-11-27,paid_facebook,free,UK,Retail
8456d7a4-6741-4799-9607-93b739d6b7a7,2025-08-05,paid_facebook,free,CA,Retail
c3f77b1d-f24d-4231-923e-02e6fae4c245,2026-04-04,organic,free,US,Healthcare
f6994dab-b02e-4d19-944a-56ea43225464,2026-05-14,direct,pro,DE,Retail
d3d74afa-4615-4db0-b15d-4bbf432f2ec5,2025-11-18,paid_facebook,free,UK,Retail
0aac1f78-a108-419a-ace8-aaf17478d2c9,2025-06-22,organic,basic,US,Healthcare
4767d689-7b6d-44d4-985a-34944d3e0b14,2025-09-15,organic,enterprise,FR,Finance
7d7bee95-d937-41f8-9b98-777237afbf88,2026-04-19,paid_google,basic,DE,Healthcare
daf16648-c31d-4556-8473-fac920c70fc6,2026-01-13,organic,basic,IN,Healthcare
dbb035f0-9dab-4f50-a49e-1608c5fea195,2026-01-02,organic,basic,US,Finance
ba02a42b-d89a-4ee9-bfcb-caef17d2f366,2025-08-08,organic,pro,US,Healthcare
d8e34159-99a2-4a1b-a5aa-21085613b98e,2025-08-23,organic,enterprise,CA,Education
b9874d65-8596-468c-83d9-eb96c4cb0522,2025-09-11,paid_google,enterprise,US,Retail
4d92af34-5c69-44d1-bf53-dad83643810b,2025-07-09,organic,basic,UK,Healthcare
b47c2de8-9beb-4bb2-b0b0-6d3557d58bad,2025-06-13,organic,free,IN,Tech
d21a27de-5108-478e-a1aa-91345138a605,2026-03-24,organic,free,CA,Retail
84d86435-6578-45e0-94aa-723f2be0d643,2026-04-09,paid_google,free,IN,Education
cc920b92-c195-4043-8b86-efccf896cecc,2025-11-28,paid_google,pro,DE,Education
1369f927-7a74-4dd3-865e-b50bc1ee3784,2026-02-23,paid_facebook,pro,FR,Healthcare
65699b12-88f3-4575-885d-c7199849cbb3,2025-06-13,direct,free,UK,Finance
06565a48-914c-4fec-bf71-b8d28778ebd1,2025-09-28,organic,free,US,Tech
f5a803a9-64fd-49ac-b1ca-797c1d6adaae,2026-05-19,organic,free,AU,Healthcare
62ce5119-ece5-43c7-a528-a486af9d9fdc,2025-07-27,paid_facebook,free,US,Finance
7a845642-28c0-4e9d-aac1-d3a43062deda,2025-07-10,organic,basic,US,Education
8a79a96e-4bc4-43bc-b2f6-30d369dadfdf,2026-05-02,organic,free,CA,Retail
8827a0ee-ff29-4af5-a18a-b62a07f3a36c,2025-10-06,organic,free,IN,Education
593ecaf7-3a2d-43f9-97d8-e555e65a9ea0,2025-11-20,paid_google,free,CA,Healthcare
e79d2cf8-818d-458e-af02-fee6693733bc,2025-07-05,paid_google,free,US,Finance
b5831b47-9b26-42d1-95d2-cbdf75e53472,2026-02-14,direct,enterprise,FR,Healthcare
09756bbb-f2e0-4db6-b2f9-94982eb0348f,2025-06-05,paid_google,free,AU,Education
888e4059-e351-4d1c-b0cb-a4cdbe19712d,2026-01-04,paid_facebook,pro,CA,Tech
11bee070-d699-47a9-a6a8-3de13b2a5254,2025-06-11,paid_google,free,US,Education
c6aff1c9-a163-4615-af51-943a5610cc1d,2026-04-23,organic,free,UK,Healthcare
2167e5e6-614f-4148-9131-816de0c7b134,2025-09-25,organic,basic,US,Finance
32b52dd3-e88d-4c1c-bf14-126f70f85794,2025-12-01,referral,basic,IN,Healthcare
3a7165f5-a7ac-4b3c-bf5d-afe78a9961a6,2026-05-28,organic,free,DE,Retail
5550bc82-7165-48fb-ae7e-fd889ec5f14f,2025-09-24,organic,free,AU,Retail
4d02c6c7-8fbf-48be-8182-a23c355c35c6,2025-11-09,organic,free,UK,Finance
e4e84138-42c9-46a5-9670-768b3bdd1267,2025-08-06,organic,basic,AU,Education
9e2f5cfc-52d8-4d76-b4f5-eb547d8b86c4,2025-12-17,organic,free,IN,Healthcare
b8721dc0-3481-4859-9e15-d8e351a251ab,2025-07-01,paid_google,free,AU,Retail
8d563e74-b8fe-4713-9a3b-a65214918527,2025-08-14,organic,basic,FR,Tech
de045bf8-b3ea-4083-9d7d-51c66b072a8e,2026-01-23,organic,free,AU,Retail
e338ac86-9130-4bf4-b528-7401b01bf2cd,2026-04-23,referral,free,US,Education
931d60e2-4392-43c9-966f-2af760ddb4dd,2025-08-05,paid_facebook,free,AU,Finance
b9b3cfba-93cb-49bb-905c-878d57bc6a0d,2025-08-09,paid_google,enterprise,US,Tech
6ec4d92f-797a-4ef8-ac47-82deccda6b5a,2026-03-24,paid_google,free,UK,Healthcare
fc991b9c-0ae9-4ddc-ad2f-1ea7a3918744,2025-06-20,organic,pro,IN,Healthcare
a66c229e-556a-4c93-bbec-67d705bed6f8,2026-01-12,paid_facebook,free,US,Finance
7d210a00-49d1-426f-af17-414125618614,2025-12-16,paid_google,basic,US,Tech
c3115a69-aa49-4197-aeb2-85a3ac6188f8,2025-07-09,paid_google,free,IN,Tech
91b39ab0-0eac-4185-ad47-162f6d582e59,2025-10-23,paid_facebook,free,FR,Tech
f91960b2-dbad-4a27-8094-ac90da16a427,2025-07-15,paid_google,basic,FR,Finance
46b01f2a-caec-4a2c-a6d2-77711201aa68,2026-04-22,paid_google,basic,IN,Finance
8898413a-f8a7-444d-ad39-b0d1f6754585,2025-08-30,paid_google,basic,FR,Healthcare
07f2e412-2792-46fc-9d58-96c98b7a5a16,2026-01-24,paid_google,basic,AU,Retail
de048c4b-9fe1-4667-bc36-9b6abde435c1,2025-08-09,paid_facebook,free,US,Education
414999eb-7f13-4dfd-9325-8641d40e9efe,2025-11-13,paid_google,free,US,Healthcare
28792f63-0a33-4b89-9b89-ca2ee5b1c47d,2025-10-08,organic,free,US,Tech
3edcd933-cf98-4a63-aaca-36bee7cc16d2,2025-12-31,paid_google,pro,US,Retail
d1835178-9a7b-4b2b-9431-1a22919bb2db,2026-05-06,direct,free,IN,Education
34d8fc19-f6cf-48e9-a3dd-589ba990c836,2025-08-28,organic,pro,UK,Tech
dce051b9-cdf0-4e37-8a1e-9ac9501882a4,2026-05-01,referral,free,AU,Finance
a6aaefc5-5e7f-488b-808f-d018095221e0,2026-02-07,paid_google,basic,CA,Retail
5668676d-ee9f-4dbc-b980-b9e2492c40c8,2026-05-15,paid_google,free,UK,Finance
328de1f3-aa2b-456f-97e5-fa516bb0c668,2025-08-11,referral,free,US,Education
e3018653-1f90-4d94-b2cf-04c4f91e53e0,2025-11-12,paid_facebook,basic,IN,Education
91ca3cbf-f989-4869-b193-ef6116a5e1b5,2025-07-19,referral,free,CA,Tech
b4206fe4-98bc-4cbb-95e0-1d5fd5251d47,2025-07-22,organic,pro,US,Finance
5c0f7af4-d22c-460d-aa84-eb1f52a45a4b,2026-03-16,organic,basic,FR,Healthcare
129d24da-6fe1-4334-bdd5-75451cf92914,2026-03-05,paid_google,free,UK,Healthcare
d4a40d5e-694f-49bf-8dbd-cd2cbc048709,2025-09-22,referral,pro,US,Finance
88089769-b9f3-4b89-97b6-7bb2d90b46d0,2026-01-25,referral,basic,CA,Education
534ce9ba-3836-4bb2-ba22-76b41b37f13d,2025-10-11,organic,basic,US,Retail
40e3cf88-1c9c-45b8-8942-a31651546ce5,2026-03-01,organic,free,AU,Finance
2731354e-5b27-4994-bf2f-1d33c7bf4f78,2025-11-13,referral,free,CA,Tech
deffa6ae-7ebd-4db3-a250-ba468433588e,2026-03-20,paid_google,basic,DE,Healthcare
233667f9-8e99-4492-9de8-210043ee943a,2026-01-29,paid_google,pro,US,Tech
55d1a79d-b4f9-45e1-b955-f0ef504e9010,2026-04-16,referral,free,DE,Retail
28cf6d7a-d562-4161-8220-db87963c89e8,2025-10-16,organic,free,UK,Healthcare
f77b8d43-ab5e-4b8d-b141-c206451ec8ed,2025-08-18,organic,free,US,Healthcare
8c0e27d4-50c5-432b-a056-d4968e74872c,2025-11-17,referral,free,US,Healthcare
c769d91f-e738-4ee0-bce2-dd82b5f00890,2025-10-01,organic,basic,US,Tech
e9d9bb18-4182-462e-bd9b-11554ffd7d75,2025-11-23,organic,basic,IN,Education
6394a11a-3873-4bc2-aefb-ee3ada84c302,2026-03-27,organic,free,US,Tech
706c6b6a-7fed-4391-b74e-1738d0185186,2025-08-21,organic,pro,UK,Education
069f1ee8-6fe4-41fa-b1f9-5650c6a6e45b,2025-08-26,organic,free,CA,Finance
cd81b178-2f0f-4420-b706-8ae497f931c0,2026-01-11,paid_facebook,basic,IN,Healthcare
5594b259-ed92-4a11-8cc4-d7cc42504912,2025-06-16,direct,free,IN,Tech
e4894823-0a67-49f2-8e7b-af452f9412a5,2026-04-06,organic,free,IN,Retail
91e2f7d3-8002-42d5-a43c-5264a06620b6,2026-05-24,paid_facebook,pro,US,Retail
e694e548-6434-40e2-b113-e3110e8327d0,2025-11-10,organic,free,UK,Education
1805db9e-80c2-43d1-bfdf-66984de851de,2025-09-06,organic,free,US,Education
8f950354-ae45-4fbc-93b2-1233954f218b,2025-11-03,paid_google,free,IN,Healthcare
e0664d34-1a95-4e9e-ac92-ccbeec44facb,2025-06-02,direct,free,IN,Education
593afe37-003f-4e88-aac5-1792d84b36b8,2026-05-16,direct,free,US,Retail
bfbbf62f-6034-477a-9275-7c7047380c20,2025-11-16,organic,free,CA,Tech
bf17d922-57f6-4ff8-a384-d7aa8bd318d9,2026-04-11,organic,pro,US,Tech
4bb6a6b4-c6a3-4215-8e3d-e0ba75659a5b,2026-04-21,direct,basic,IN,Education
969ce832-7e57-4d88-b23d-f3ff9b9b7e2e,2025-08-31,organic,free,IN,Education
1e4bc3e8-36f4-4726-a61e-9ece63252350,2025-11-28,paid_facebook,basic,US,Retail
ce729599-241f-47af-9505-1bc26fc3a5f1,2026-01-17,organic,free,AU,Finance
6c536c37-8e82-4d93-af6d-efe345934ad6,2026-03-28,paid_google,free,DE,Tech
a42ea2e6-a7c7-4c3d-96b3-fadcc86e93d5,2025-10-26,paid_google,free,US,Education
a5b4c1a6-a308-43ce-9bd1-6e4f54c03031,2026-03-07,paid_google,free,US,Healthcare
27624982-064a-4ebb-bce1-976f426c6873,2025-12-06,referral,pro,US,Education
fa6f2b69-e02c-48d0-ace5-b29a02f7dc2d,2026-05-13,organic,free,US,Education
6e3c8f61-d363-4506-b400-d76f1f298f4f,2026-05-16,organic,basic,US,Tech
e1b6d668-fb2e-4067-874d-7ed25389ae39,2026-04-10,paid_google,free,UK,Education
2b2d67bb-bf48-4a5f-af9c-84d2c93e2bee,2025-10-06,organic,free,US,Healthcare
f874ceea-b234-48ba-91c2-ee0dc82d139f,2025-06-07,organic,basic,US,Healthcare
0fe3b403-a983-4b7e-9253-34863f121261,2025-07-17,organic,free,CA,Healthcare
71015816-4089-4fbd-8d4d-afbe208c37bf,2025-07-23,organic,free,US,Retail
e7bf6806-5aa0-431b-9f16-7947c684a742,2025-12-04,direct,free,US,Healthcare
ded3908b-0fef-4aab-8cdf-a23c49f58c95,2025-07-08,paid_google,free,US,Tech
b0c2efb5-e26a-4fa1-90cf-2b2287272650,2026-01-12,paid_google,pro,UK,Finance
19d92d46-89ba-42e3-8e01-c8e3540d01f4,2025-07-23,paid_facebook,free,CA,Education
79daa3a0-e15d-42b5-ad2f-ae8e2df08ffd,2026-01-10,paid_facebook,free,US,Education
f30a03f4-d071-4813-b72f-a6449958d158,2025-11-01,paid_google,pro,FR,Education
233aff36-3709-47e2-8d9b-b35f07d57576,2025-07-18,organic,free,UK,Healthcare
12fe00e6-52b7-4a04-9e2d-7a85c654748c,2026-05-17,organic,free,CA,Healthcare
f2df1650-85f0-4e95-b7cc-f887cb005b4a,2025-10-25,organic,free,FR,Healthcare
c6ca5fc2-01e0-404b-86f2-1460b6af3589,2025-08-03,referral,free,US,Finance
0bc03b62-9ad1-4a47-9618-9914dd34b1ab,2026-05-15,paid_facebook,free,CA,Finance
f9e73acc-ef42-4e24-8c54-1384a1e06563,2025-11-29,paid_google,free,UK,Finance
dad1f01c-ef22-4c00-9a20-1576c54d0591,2025-10-03,organic,pro,US,Finance
9c3e5cfb-cc39-47bb-92f6-7da570a993c0,2025-11-26,paid_google,free,CA,Finance
1ae90faf-89b9-40b1-88bc-59cbc1d4b53e,2025-07-09,paid_google,free,US,Education
fd81ba6d-1ede-4e13-8071-ec5810a29c27,2026-02-15,organic,free,IN,Education
dc46ad86-2da4-42b7-b4c9-ebe2075c80ea,2025-06-03,organic,free,US,Finance
a2d8b142-d802-461c-b30f-11b4aee64d1b,2025-08-03,referral,pro,IN,Education
2003fdb3-3d53-4a75-94ce-a65c31c74131,2025-06-29,paid_google,free,FR,Finance
d0cc4f1f-7f22-4071-adac-49a5fd7679fd,2025-06-11,organic,free,DE,Finance
c1340c5a-d8db-419e-89e5-e3102e3d1786,2025-09-05,organic,free,UK,Finance
e0c45281-fd4c-430a-a377-793e0abbf7b8,2026-05-24,organic,free,US,Education
11a9084a-d74e-44c3-8994-ff72726e51d1,2025-12-20,paid_facebook,basic,FR,Retail
9a663f29-9cbd-4f38-b687-25c2af9ca163,2025-06-21,paid_facebook,free,CA,Retail
13d24c18-7c04-46b9-995f-81aa60939205,2025-07-09,paid_google,free,US,Retail
f4f598d8-55cb-4539-8fee-b82d31b1a72e,2026-01-09,direct,free,UK,Tech
9520b293-2e5c-46c1-860e-d25c2b3e70f0,2025-09-10,referral,free,US,Retail
e97afc44-c8c2-40f5-80fd-d6f2fe3de883,2025-07-16,referral,free,UK,Retail
bc540747-55ed-4df7-88aa-a2f55925a3be,2025-08-05,organic,free,US,Retail
2bf29c9f-0771-492d-9ac2-9ab9c79a55d5,2025-08-30,paid_google,pro,US,Healthcare
b2a33ae0-11b1-4545-b01e-a2219b6dde47,2025-11-11,paid_google,free,UK,Finance
8b07afdf-bd87-4179-a11a-0ede40a87a28,2025-09-19,paid_google,pro,FR,Education
ecd4e84a-3d50-41fe-92b3-51e4d24d2c4d,2026-05-04,referral,free,CA,Healthcare
ae7e72b4-1184-4769-bf3c-d50b6480b50c,2025-10-01,organic,basic,US,Finance
0d4ef5ae-7d64-4970-a708-254249466af9,2025-12-10,referral,free,US,Retail
5c2c8a84-b281-4c3c-ab48-6d320fd9df45,2025-09-07,paid_google,basic,IN,Retail
13ab49d6-e9b6-412f-8050-0482533df183,2026-03-18,organic,free,UK,Healthcare
4ff6052e-d5f4-4905-b808-307aa0181ba7,2025-11-06,paid_google,free,US,Education
ea632ed8-13f3-4c6e-b631-8495f2b902fa,2025-09-11,organic,basic,CA,Healthcare
710edfc5-007d-4e59-a5b1-bd7d369a9610,2026-03-08,organic,free,US,Healthcare
24ee2e7f-78e1-4fce-8688-b5b2d03e7d77,2025-07-13,referral,free,US,Finance
a36698e1-3846-4473-99a9-e2ca2d8d7da9,2025-08-23,paid_facebook,free,AU,Tech
60b7164e-6e2c-4694-a140-45709be02660,2025-12-08,organic,free,US,Education
8f7d1cc2-c039-459c-98e4-c616fb4b0f1b,2025-07-21,direct,free,US,Education
b107051b-a361-4460-a980-e536e7cb86cb,2025-12-27,organic,free,US,Healthcare
e941a10c-e584-4aff-b72a-c6ed0c482f67,2025-10-04,organic,free,US,Healthcare
35a477ef-27fd-4da0-afc3-17b78e7b3352,2025-08-08,organic,free,AU,Retail
6082d073-d320-4ddb-beaa-1d66d563b697,2026-02-20,organic,free,AU,Healthcare
24f60600-c08d-4b53-9d44-89b6c45defb4,2026-02-13,organic,free,CA,Finance
ed8cea91-670d-477e-886f-da29daf6fdf7,2025-12-05,referral,free,DE,Retail
eaff54d7-d5fe-4a83-8891-34a034e0fe5d,2026-01-16,direct,pro,US,Tech
ea7b6dc0-2de9-46a3-9dc0-126f23ea0e83,2025-12-06,referral,free,US,Finance
9d39ee7c-25e6-40d7-8daa-08f3e53a01c4,2025-06-10,paid_google,pro,US,Education
86a95b11-9859-4350-85fe-01e78626f590,2025-09-22,paid_facebook,basic,UK,Education
0bd08c6b-fc8e-439b-a5d0-32526f8f89ad,2025-08-15,paid_google,pro,UK,Finance
8dc2b679-eca6-4a50-b7e4-b5aa02a0a492,2025-11-11,paid_google,basic,AU,Healthcare
62179bb8-3c14-41de-93e2-d1b36c126068,2025-08-24,paid_facebook,basic,UK,Healthcare
9af5da82-7ce5-468f-b325-8dd8e715346e,2025-07-19,direct,free,US,Healthcare
004b94fb-dd51-4112-9f3b-be626b4046f5,2026-04-22,organic,free,AU,Education
9a11d0f6-4c77-427b-ac40-c066bdf2251d,2025-11-24,organic,free,UK,Finance
41b0ea39-167a-49f6-b26a-74cbc81353e0,2026-01-04,organic,enterprise,FR,Healthcare
f47392f3-93b0-4891-8ac9-3a833eaa06ad,2025-12-06,paid_google,enterprise,UK,Retail
2f79e7f6-30b6-425e-960c-5f6ee2e85906,2026-05-12,paid_google,basic,US,Education
4806535d-ca67-42a9-a57b-d1ce3979964b,2026-01-16,paid_google,pro,DE,Finance
8234591a-ecba-48c1-b65e-bfd74fe8a756,2026-02-10,organic,pro,DE,Finance
edf5a0c3-43a9-4334-9388-4d6c36ee37d3,2026-01-22,paid_google,free,US,Finance
30502b23-1d8d-45ab-b842-081ade283da3,2025-06-26,paid_google,basic,US,Finance
3182ae74-0e84-4a6f-b5ee-941bad5f94fd,2025-08-11,paid_google,free,US,Tech
80b895d7-1209-4e46-b452-870ebf62f73d,2026-02-16,referral,free,US,Retail
7a14d7b3-93fa-4d68-8c88-86c7fcf53bcb,2026-02-09,organic,free,IN,Tech
10dba860-75a1-4b60-9edd-e3a88cf6264d,2026-02-26,organic,free,US,Healthcare
f295e06e-40c8-4a88-9837-2508f8194b02,2025-10-01,organic,basic,US,Tech
4ac7ca40-cd44-4619-8edf-ea288aea9b4a,2025-10-22,organic,free,AU,Tech
30de5bc9-5e69-44cd-a4cc-bd1968a5a94b,2026-02-12,organic,pro,FR,Education
8e9585d8-4548-4119-b162-aa83f4bea27a,2025-10-22,organic,free,US,Finance
1d095ffb-0113-4872-b403-38052e89d93b,2026-02-14,paid_facebook,free,US,Tech
a34a76d6-9479-411d-a902-ba1eb073c546,2025-07-17,organic,basic,US,Finance
b0e66f4a-62d1-4b05-9df5-c9c8027fac3e,2026-05-17,referral,basic,IN,Retail
a0b94d4e-382b-4f87-b82a-ae59888cd368,2025-06-13,organic,free,UK,Tech
ce0f93a1-c7b5-41a3-81c9-ffbd714ff511,2025-12-25,organic,free,US,Education
c205c9f8-cf97-44dd-ad6e-f8c530015f25,2026-04-07,organic,free,US,Education
fb834c35-36cd-430e-9faa-29e9e77eeff3,2026-01-21,direct,pro,US,Healthcare
478927fa-522e-4df4-bfa4-5952c353c6df,2025-10-27,paid_google,basic,US,Tech
958f833f-29be-4718-bd78-7c10b1d4f41d,2026-04-18,paid_google,free,UK,Retail
9d4bf629-85b2-4293-997d-d7b24b4bad2b,2025-11-02,organic,free,CA,Finance
91e09305-1a0a-4483-b10e-169c0c9b04d4,2025-11-13,paid_facebook,pro,US,Tech
38519e13-1bc1-4126-b5c4-35d70c23348e,2025-08-29,paid_facebook,basic,DE,Healthcare
5f9fd11a-b65c-4b32-b135-cef0611345d7,2025-12-03,organic,basic,UK,Education
74b20885-ecaa-41de-a4f0-35def9755a86,2026-04-14,paid_facebook,free,US,Tech
1288f888-e1a7-4c52-9d8f-b18f664a9db0,2026-05-24,organic,pro,UK,Healthcare
ceca807a-c90d-45d6-8983-26d178ed6c90,2025-11-21,organic,basic,US,Retail
6fc39ef4-04cf-4602-94cd-2e68124686bc,2026-01-03,paid_facebook,basic,US,Finance
cee5713d-abf2-44fa-8b32-61d5ab9fb7ea,2026-02-19,direct,free,US,Retail
8aace1b8-25b0-46e1-be55-799d0a10a93b,2025-09-05,paid_google,pro,US,Retail
caf39073-eb8b-4f92-88ef-d63ed6546529,2025-09-25,organic,basic,US,Finance
81468c3a-1926-43a7-a020-3a09681095c4,2025-12-16,organic,pro,CA,Tech
528fc5d2-d322-4514-96f4-da441de08373,2026-04-16,direct,free,AU,Finance
f8fb9751-d7b5-43e8-a272-1a5eab379363,2025-06-21,organic,free,UK,Healthcare
faca6d69-bc29-46d8-b30b-e52619af4527,2025-12-17,paid_facebook,free,CA,Retail
cf02fde9-d1f9-407b-8b4e-e210b1506c1c,2026-05-07,paid_google,free,AU,Finance
2b4d781d-bed2-4ae5-acff-00ae86aa8945,2026-02-03,paid_google,free,IN,Education
8e2141f1-d650-4b9c-8379-f2b8bd5be228,2026-03-03,organic,free,US,Finance
93c7e31a-fee0-45bf-94df-bdac69f08b14,2026-02-19,organic,free,UK,Finance
1ae136b0-ac6e-4767-80b6-1982f1fd9386,2025-07-28,paid_google,basic,US,Healthcare
519644bc-ae43-4318-8f22-ef5c86162957,2026-03-29,direct,free,UK,Retail
1b36e300-646f-4e4d-af61-9ec914b46b64,2025-07-01,organic,free,US,Healthcare
7646e0c3-3aa2-4003-b179-78aa068b5d4a,2026-02-04,paid_google,pro,US,Healthcare
99e3ab9c-d801-47a4-87ef-1cf7b77c5c7e,2025-09-01,paid_facebook,free,US,Education
60bfd126-fc3e-4ccc-b23d-4115a7fbc32c,2026-02-20,paid_google,free,UK,Healthcare
c7b0c570-316c-417d-b8de-79f41ab17888,2026-02-26,paid_google,free,IN,Healthcare
bfae9703-0000-463c-acfb-a209162c65cb,2025-09-02,paid_facebook,free,UK,Education
6066ac3c-b448-4b8b-8998-595424abb4d2,2025-11-01,referral,free,US,Tech
6a0dbeac-993d-4b51-a424-d471d2566125,2026-03-12,organic,free,FR,Healthcare
23ed09a4-c577-45f4-9473-512983fe1f8f,2025-08-19,referral,enterprise,US,Finance
898eee5e-450c-4297-8e54-c3de78128653,2026-03-19,paid_google,free,DE,Healthcare
aec26a23-252e-42d0-b504-98cf0f9acdcf,2025-08-23,paid_facebook,free,IN,Retail
e269a66a-581f-4adc-a133-966e16c353ea,2025-07-07,organic,basic,US,Finance
4214c1a5-0547-4e52-938e-217e19387528,2026-05-08,paid_google,free,US,Finance
0a49f1e4-45b3-4879-9ea3-1930ae3c4af8,2026-04-23,organic,free,US,Tech
7b5c5b05-6c31-45f8-b1bf-ffea50b191bb,2026-01-18,organic,pro,FR,Retail
9ad2a440-cc50-45a8-8028-c2e813c58f55,2025-09-01,organic,free,FR,Retail
971d2e63-0296-401b-888f-b21d78e45cc6,2026-05-02,referral,pro,US,Retail
e9fe207f-2bec-4f2f-96de-2ad379f48af2,2025-09-10,paid_facebook,free,US,Healthcare
2a35a036-f4f1-4f1e-b9e7-72cf04610422,2025-11-13,paid_facebook,basic,US,Healthcare
46d26c2d-cd8c-4871-a7de-8a2bcc3573a9,2025-11-06,paid_google,free,US,Finance
972f1e7b-8448-4014-82c5-652ea634dd35,2025-06-14,referral,free,FR,Tech
a47ff67f-43f2-4151-9b8c-6e8ec51fad68,2026-01-11,referral,basic,FR,Healthcare
c9e99c02-3d72-4922-b672-d9d52bc32f23,2025-08-12,organic,enterprise,UK,Healthcare
0c78c7fb-7bd5-48b4-85f9-84b560ba27d8,2026-02-04,organic,basic,US,Tech
36a0380d-6f2b-44dd-b964-287ae431cb2b,2025-08-30,paid_google,basic,UK,Retail
d0a84228-6a60-45cb-9c45-35558d79a0ef,2026-01-02,organic,enterprise,US,Finance
b0be15f2-aa46-4362-bca6-70cf2636d4ca,2025-08-29,direct,free,FR,Healthcare
1dca2476-c377-4e6f-9925-2a0b71d13ca7,2025-06-29,organic,free,AU,Tech
2ef47b2f-31ed-4137-af8f-e242376e37af,2026-04-01,paid_google,free,US,Tech
95338fd4-9c43-4b70-ba5f-f0c746cdb0a5,2026-01-06,paid_facebook,basic,US,Retail
bcd8e92c-601f-45da-97d0-4ef1d73484a0,2026-04-24,organic,basic,FR,Education
e2ea5520-f8d5-4152-97a1-acc68d8db95d,2026-01-01,organic,basic,CA,Education
7e44f6cb-36cb-448e-8d6b-c2052904dae6,2026-01-07,organic,pro,US,Education
bf9cb4c7-27b0-407c-a561-f42671fd214a,2025-07-12,paid_google,basic,US,Education
afecd3c4-1a7f-4d14-b3db-9ad8121bc547,2025-10-13,organic,free,US,Healthcare
3dec0c7b-2160-480c-ad34-469b99347869,2025-07-12,paid_facebook,free,US,Tech
d14a390f-b23f-4e85-87c9-9c8e35fceeda,2025-11-11,paid_google,pro,US,Finance
aca02cd1-7e30-41bd-8b95-25ddaaad8aa0,2026-05-27,paid_google,free,UK,Healthcare
4cfbf781-26ee-4824-86a3-1ec946cfba08,2026-03-10,organic,free,CA,Education
13253ca2-b48a-4851-8fbd-1b7ee4d45d58,2025-07-28,organic,free,IN,Finance
9654f9a0-8c63-4bb4-a4d6-bb82d0a15b2c,2026-03-29,paid_facebook,free,US,Finance
d3cb20a7-d45f-4805-b052-53560f40af16,2026-04-18,organic,basic,US,Education
d8f4d995-33aa-4351-a1bd-e2a9c7ebaeb1,2025-06-25,paid_facebook,free,CA,Finance
573709b2-3890-459f-ba52-b94acc601a17,2025-08-12,organic,pro,UK,Healthcare
7148b662-a961-46c3-b643-8fb68b74bcd7,2025-10-07,paid_google,free,DE,Retail
78fd6f69-14f7-489b-97da-577566132819,2025-08-26,paid_google,basic,UK,Healthcare
524d4005-525d-4e45-857e-53334b1c73d7,2026-04-26,paid_google,basic,US,Healthcare
c6e11ade-e51a-466d-808d-90b70e85a750,2025-10-31,direct,basic,UK,Retail
3306ec08-85b9-4cfb-a7f2-f24a825fad2b,2025-11-29,organic,pro,IN,Education
c289d797-b143-4abe-a0db-5b15d113ed2e,2025-10-03,referral,free,US,Education
27897958-03ab-4596-bc98-0587d2a6a6c0,2025-08-06,organic,free,FR,Retail
95aa9185-8d9c-436b-817a-109bac3f850a,2025-06-06,organic,free,IN,Healthcare
eeba57e0-51db-468b-abea-96386deafefe,2025-10-03,organic,pro,DE,Tech
f0f9886a-c1df-4d6c-b9fd-fa41890c9808,2026-04-10,paid_google,enterprise,FR,Finance
11d2f647-2f2a-4f66-837f-8cd733d31981,2026-04-22,paid_google,free,US,Finance
82946ef8-1838-4656-ac34-51e6b9b943b2,2025-07-23,paid_google,basic,UK,Finance
74b19047-c192-4a76-bc50-5d2d4e3150ab,2025-08-05,paid_facebook,free,UK,Tech
e031b93b-8d6e-4a1e-b977-1077bb3717af,2026-04-10,referral,free,UK,Healthcare
18733f06-bfa2-475b-adc2-3ecd39dcc6e2,2025-08-21,paid_facebook,basic,US,Education
e2a9c4b2-f6e0-435e-a7e2-b0150ddbba3d,2025-08-26,organic,free,FR,Retail
2307a0da-af87-4d9c-baa7-4789cc444ce5,2025-06-02,organic,free,FR,Finance
0a8188a2-2610-479f-8ea5-67f3d7fa07d6,2025-12-21,organic,basic,CA,Tech
217712a0-e0a9-4910-94ad-5efe590b99b6,2025-10-28,organic,basic,US,Retail
d9ef9997-af18-40b9-95cf-3125e8616dc4,2026-03-20,organic,free,IN,Healthcare
cd39ddf8-b076-4e57-bbcb-b488d55da63c,2025-09-11,organic,basic,IN,Tech
310441dc-4de3-40d3-acf1-be6c0e8d3b6a,2025-06-24,direct,free,UK,Tech
cfa4fc28-1434-48ea-9772-3c0e000ae62b,2025-12-29,paid_facebook,free,US,Retail
91b1b30c-2ebc-4e2c-8cad-84614963cfe1,2025-08-04,referral,basic,US,Retail
14a13605-b34e-4d75-8f9a-cf095d8e46b3,2025-12-26,direct,free,UK,Finance
565d159c-ed53-499b-ba9e-5675c7403c15,2026-02-06,paid_facebook,free,US,Healthcare
4226feee-31bd-4640-8f13-cefbe4cf83d7,2025-09-25,organic,free,IN,Retail
e75bb830-aafd-45a5-8330-c0995076f1d1,2025-09-24,paid_facebook,pro,US,Finance
cf73f977-5ee3-4199-b601-829f8fe4714d,2026-01-23,organic,free,FR,Finance
87d696f7-bbf7-420d-8491-55b3176e9aff,2025-09-13,organic,free,DE,Retail
33ba38d0-2673-4642-ac8b-ff17dff46559,2026-02-14,organic,free,US,Tech
dda2521b-2779-4f57-8db6-85f8af89de4f,2025-07-16,organic,free,US,Tech
6fe61db5-8cdd-485a-a602-408d6eb10eb7,2026-04-07,paid_facebook,free,CA,Tech
554b71b9-4607-4870-a8ac-44b30c75511a,2026-04-27,referral,free,US,Finance
459cf7c0-8ad4-449f-a42c-45176a9aa997,2026-01-02,organic,basic,US,Tech
23c55a1c-a0fc-47cc-8973-0798061d833a,2026-03-28,organic,basic,UK,Healthcare
0051be1c-f028-47b6-9504-6b2165a58001,2026-04-29,organic,basic,FR,Tech
da0ee212-53d8-40b1-89c7-14be2d0e5329,2025-06-24,paid_google,free,US,Tech
f1fe0af8-f46a-40ff-9a02-2d3647d331f4,2025-07-05,organic,free,US,Finance
9064b78e-c5a4-4e8d-8586-87145b1b25fd,2025-06-24,direct,free,UK,Education
e734245b-4c56-403f-b4aa-10fcfe543214,2025-06-28,organic,free,IN,Healthcare
59d7f887-f728-4072-b840-d735ae775edd,2025-06-16,direct,free,US,Finance
d2474932-a422-4d32-9c79-bf3c609e3e46,2025-07-29,organic,basic,IN,Healthcare
5a1c34cc-f021-416c-b3e2-e17b68a762c0,2026-01-29,paid_google,free,US,Healthcare
3901ee58-a875-48ca-a4c0-b8fd39ce49ce,2025-12-24,organic,free,AU,Tech
cb569b96-f8b3-4bd7-a10f-22a3b4b686b6,2026-02-26,paid_google,free,CA,Healthcare
8cf76b93-d817-4874-a026-a7fcfd263208,2026-02-04,organic,free,UK,Tech
df40d8e6-1d05-4abf-9c0c-51383f5d2051,2026-02-22,referral,pro,AU,Healthcare
2f8df591-3aa7-4912-b778-c9f4be7f5b12,2025-12-10,organic,free,IN,Education
fc2c19d5-8335-4271-99ea-f82c01a1007a,2026-05-01,paid_google,pro,IN,Healthcare
7a80b0a6-6200-4fa6-8a0d-42240d8e8042,2026-01-04,organic,free,US,Retail
d88b578a-c370-4e67-9c82-86ca2751a0a3,2025-09-23,organic,pro,CA,Tech
ea5e3dcf-e233-4de8-a1d5-bf3d57899778,2025-08-07,organic,free,US,Education
381fbc19-37cf-4a4f-b09a-6fba3ab32f84,2026-03-26,direct,pro,AU,Tech
df0ce468-0c34-4a34-b437-06d056b6d124,2026-04-21,organic,free,UK,Education
929565d7-94be-4da0-96fb-ea5b0a2b45fc,2025-08-14,organic,free,AU,Tech
c4f2a8aa-607d-4b30-8960-3740334dc7c3,2025-09-11,organic,free,US,Retail
71d7cb14-4b64-4489-8818-f9aa332e367a,2026-03-24,paid_facebook,free,US,Retail
f156c0ee-ac88-41ea-bcd0-54a27908a394,2025-11-25,organic,free,CA,Education
3029ba62-e38d-485b-8cf8-61bb0d5e3ec9,2026-01-01,referral,basic,US,Finance
09056c3a-6cd1-4b46-8a7c-612e110682fa,2026-04-11,paid_google,free,US,Tech
32940d83-3ea1-42a8-911c-c61678b88b73,2025-07-09,paid_google,free,FR,Finance
1726d732-b1fb-4061-aa59-1ca43bb18d5a,2026-02-14,organic,basic,US,Healthcare
74c078a4-f244-4b3a-9eaf-6dd730998d06,2025-12-21,paid_google,free,US,Retail
67bbabd8-26d3-4bb7-aca4-08535f477997,2025-06-07,organic,free,FR,Tech
bc773cae-b81c-4edf-8715-9de3097c352e,2025-07-19,organic,pro,US,Retail
03bd7515-29f4-4ff8-9866-1aa19be51d71,2025-06-26,organic,enterprise,US,Healthcare
f7fa2d49-4705-4f7d-97b0-55dce6ee8199,2025-11-08,paid_facebook,pro,IN,Education
32f29e4f-9982-4e17-8090-3cdd70fd2da3,2026-05-23,organic,basic,FR,Tech
11d8fdb0-a67f-49f3-adf3-e50086a7c959,2025-11-23,organic,free,IN,Tech
71018942-1609-4552-bc99-073463cf4e2c,2025-08-18,paid_google,enterprise,DE,Tech
7f6cd4b5-058b-4886-9835-77381c87485b,2025-06-02,organic,free,US,Education
d5c71786-99b2-41da-841d-546e94095500,2025-10-10,paid_google,free,US,Retail
d12445d7-a634-41cf-b47a-3412bb4f47b0,2026-03-03,paid_google,basic,IN,Education
4e682493-a23c-42ca-b8db-5e70899aba51,2025-09-25,organic,free,IN,Retail
7559568a-5fa1-41a9-9225-156b1c3af82e,2025-11-11,organic,free,CA,Tech
7111adc9-be28-4217-ae0c-37d6e21c4c27,2026-03-15,organic,free,IN,Education
122263f4-5ef2-4513-9194-597604d002de,2025-06-28,paid_google,free,DE,Healthcare
3b763343-f528-4c07-94e8-6e1b900aabd4,2026-04-29,direct,free,UK,Education
80371fff-e5ea-4740-8436-ca0da63b9d78,2025-06-01,organic,free,FR,Retail
e3b2a821-f7b5-425a-8121-8a698d07d1cd,2025-12-05,paid_facebook,free,CA,Tech
4002ff81-f8ae-479e-950f-4715caf0a6a7,2025-07-26,paid_google,free,UK,Retail
bb404f48-16a0-48ed-9c8e-07971ef03aba,2025-07-05,paid_facebook,free,US,Finance
66aed525-e5af-40ef-98ae-b89302add373,2025-09-20,paid_facebook,free,IN,Tech
4d8bf300-b141-40f8-91ca-c96d0eaa0183,2026-03-13,organic,pro,CA,Healthcare
ce81966e-f13b-42de-bd98-ff61ad212157,2026-04-06,organic,free,AU,Healthcare
16822735-d9f1-4644-a4bc-e2909b22c1ff,2025-07-06,referral,pro,IN,Finance
e40d60ee-3bd3-484b-a24c-0e293048d2f8,2026-01-03,paid_google,free,UK,Retail
04b30d1d-a75c-4ae2-ad0f-3ef07ad05f2e,2025-08-19,organic,free,FR,Healthcare
ef1b1d95-563a-4643-b7ba-afa15308465c,2026-04-10,organic,free,IN,Retail
1ba0c482-a228-4b08-9966-53dc931245db,2025-08-22,organic,free,US,Tech
7df9f9a5-078a-46bf-b602-850c19bef51f,2025-08-04,referral,free,CA,Education
6ef5ac89-7e73-483f-9c0b-25d3f4c99908,2026-04-21,paid_google,free,US,Tech
6ec1c74d-c739-4664-b9e5-1b44436d4046,2025-10-06,paid_google,free,UK,Retail
0ed362b9-4fed-4796-a8a9-4643db950a7c,2026-04-03,organic,free,IN,Finance
50bfacf2-08fb-4238-a329-aa86f9e8a3f2,2025-06-22,organic,basic,AU,Tech
db352b3f-4141-464d-9416-d7f79ff39605,2026-01-02,organic,enterprise,CA,Healthcare
599f2e6f-572d-4beb-8e20-9d3f9182ba56,2025-09-15,paid_google,free,IN,Tech
a2c8d15d-153e-4417-959e-09cfaceae813,2025-09-17,organic,basic,UK,Tech
0f7f2041-65a1-4d55-b8ca-c5a6568eae53,2026-05-23,organic,basic,UK,Tech
532c14b7-015d-468e-84f0-be9818b3f928,2025-11-28,organic,free,DE,Finance
e7a4b53a-ae2d-491f-bd5d-9c046cf40063,2026-05-22,paid_facebook,pro,UK,Retail
ac73fe15-1285-4929-9112-059982a5d968,2025-11-11,organic,enterprise,US,Finance
fc4f1910-8439-4d69-8f71-906f2c7114fd,2025-08-07,paid_google,free,IN,Healthcare
ab90596d-84cf-4b69-a6e7-63f8e707ee0e,2026-03-19,referral,basic,US,Retail
8697243b-3e52-4d02-aec5-33d624165272,2025-11-27,organic,basic,FR,Healthcare
b5a359f0-5b5b-4ead-b638-8314defd0a49,2025-11-28,organic,free,US,Retail
e9a13ce0-6190-4c9d-aee3-b86249df4849,2025-11-16,referral,free,CA,Retail
e872a05d-6223-4a24-8322-1b4460e97f38,2025-06-22,paid_facebook,pro,CA,Tech
46b0ea53-c3b8-40fb-9625-02ad8ae7f167,2025-08-05,paid_facebook,basic,US,Tech
33d6f4de-437b-4f12-aebd-805d0071f1c3,2025-06-21,organic,free,AU,Finance
52a4ff82-4152-4f62-a5c4-ebdc5533f992,2025-09-08,direct,free,UK,Retail
28e27a04-e805-4422-9ffd-9b767b0b791a,2026-03-27,organic,pro,US,Healthcare
19e9aacc-244c-4362-b729-db0da9059e51,2025-09-11,direct,free,DE,Tech
f1f71b93-4da9-40bb-9b1a-8646c346c6ef,2025-07-17,direct,basic,CA,Healthcare
2a850b5e-0ccc-4927-9ae6-3496bbcfe6bf,2025-07-09,paid_google,free,IN,Tech
cea65a46-73ca-43cc-a3c9-1e03f843e2fb,2026-03-12,paid_google,free,FR,Retail
7959b48f-a0c8-411c-b976-941863410119,2026-04-06,paid_facebook,free,US,Healthcare
aed4045e-5d81-48b5-a431-1e95adc65266,2025-08-29,organic,free,IN,Finance
27238eb7-46ab-49b4-a0b0-147d072bcb4c,2025-08-24,paid_google,free,IN,Finance
30c9085a-c480-4e76-b9e1-ca62414f4ce3,2026-02-28,direct,free,DE,Finance
a8f50204-ebb5-4620-8515-5a281e4c1111,2026-05-02,organic,basic,US,Tech
57c2aab6-7e85-488d-86fc-fa0214e31e24,2025-12-05,direct,free,DE,Tech
14c4f8de-47b6-4eb0-a6df-296d6d1a332d,2025-11-06,paid_facebook,basic,CA,Finance
a45fd7d5-ea9a-416d-8579-6c845c525457,2026-01-29,paid_facebook,free,US,Healthcare
fba837cf-235b-45b8-a899-64c32442922b,2025-08-12,organic,free,US,Tech
b99a8641-eee3-4fb6-bab8-071134d95be5,2025-07-19,organic,free,UK,Finance
773d2fdb-07dd-4094-8969-c8f96cebce75,2025-09-09,direct,free,IN,Tech
1b636c58-dedf-41aa-8b03-9d5421121b80,2025-06-02,organic,enterprise,US,Education
7364ecb8-c0ad-4306-af33-e100ff0e62c3,2026-01-30,paid_google,basic,DE,Healthcare
9f6b095f-66f5-4886-b269-1a3898e0f36c,2025-11-23,paid_facebook,free,UK,Retail
15aa51b7-2697-4faf-9b90-4e28e5b6a4de,2026-01-24,organic,basic,US,Healthcare
18ca3655-d109-47b4-b55e-aaf49ef5ca81,2025-07-29,paid_facebook,free,FR,Retail
fc10446b-c134-4105-82c0-48c88fd58bf0,2026-05-19,organic,free,UK,Finance
a82c6e32-26d2-424a-b87d-b7702ecf5688,2025-09-07,paid_google,free,CA,Tech
8ae15f04-d515-41a4-b7d3-2e2a0e9b02d5,2026-05-25,organic,basic,US,Finance
fa37044a-9112-4825-a3d7-d6febf97d1c5,2025-06-02,paid_google,free,US,Retail
6fcb5588-8b6b-451b-b041-142ea272e3ab,2026-01-29,referral,pro,UK,Education
d2a9ee55-7e47-4e25-8fea-5f867158d5e8,2026-03-24,organic,free,DE,Retail
636f244b-0328-4473-815e-e167ee1f6c9a,2025-12-28,paid_google,free,US,Tech
20c8acf7-7b79-4366-a423-e666d4e54129,2025-10-01,paid_google,enterprise,IN,Education
27ab01a1-1955-4b7a-b9c7-1550f27fb0a5,2026-01-15,organic,free,UK,Tech
729114a1-fc74-4cd2-bb6c-b8a92d9b972d,2025-08-21,paid_google,basic,UK,Education
408c547a-feb9-4e0c-892f-14bbe2197b99,2025-10-22,referral,basic,DE,Tech
7d5ec798-bfe1-4fec-a898-65f1c37852cf,2025-10-18,direct,pro,US,Retail
12640b04-7f7d-4314-b440-0128e981496b,2025-06-29,organic,free,FR,Retail
5560303d-bac9-4736-a284-ba03b9d8c743,2026-02-25,paid_facebook,free,DE,Retail
16061d42-60e6-4508-b956-85d99a59dd35,2026-02-02,paid_google,basic,US,Retail
e05a1032-b2e5-4bfe-9ce8-11b7daa99f36,2025-06-12,direct,free,UK,Education
4bda17f2-3029-468f-b389-ee7562ce01c8,2026-05-21,organic,free,US,Healthcare
99c4ce5e-1958-4d20-8c82-3286739c8e18,2026-05-03,referral,free,UK,Healthcare
1d5fc1d4-46f6-4d9e-a050-7a9257233dec,2025-09-14,direct,free,UK,Finance
3a624cab-3de1-484d-8d8f-1872f6737e9d,2025-07-02,direct,free,FR,Healthcare
36f8944a-f56a-447f-8938-ea49ad65de46,2025-08-13,paid_google,free,US,Finance
41bb2a55-7f27-47f9-8688-6579d6f8d059,2025-11-18,organic,free,UK,Retail
97769337-76ed-4110-99c3-0fb4fb63b202,2026-05-03,paid_google,free,IN,Tech
2f480677-01c7-4ac1-87a4-78a8c6bd50e2,2025-08-08,organic,free,CA,Healthcare
12da9cc2-fda7-4f12-aee2-4f7c9358e93f,2026-03-28,paid_google,basic,US,Healthcare
d804de24-6495-466f-8888-8b567d420efe,2026-05-28,paid_google,basic,US,Retail
fe269f98-2d2f-4480-bb6e-679c5caeb527,2025-10-15,organic,free,US,Retail
30eebde5-2377-41b7-97f5-93636987bbfd,2025-09-08,organic,free,US,Healthcare
7ece1819-6ac3-4af6-b7d9-5a2e912eebaa,2025-10-24,organic,free,US,Retail
0f7ddbc8-0b9b-4868-ab0d-24a19aa3e0d8,2025-06-09,organic,free,IN,Healthcare
60398651-79d5-4e71-9378-a640bf926c9a,2025-08-01,paid_google,basic,US,Tech
0fd130c1-716a-474e-a901-bff20c9d4844,2025-12-02,organic,basic,AU,Tech
10cc3bf2-b2ec-4c07-bd84-673a1f103590,2025-06-29,referral,pro,US,Finance
a8bdbb71-6824-4de2-9cf3-ba77f356842c,2025-09-22,paid_google,free,CA,Healthcare
56a5173e-05c5-4a2e-800a-c732381e634b,2025-10-21,paid_facebook,free,UK,Tech
512a4b5a-f1d7-4240-9328-7a5b94350996,2025-09-28,organic,basic,US,Tech
d3ef9704-7c59-4afd-bdff-01bd9ff7220f,2025-11-17,referral,free,US,Education
fa50749b-a1e3-48f9-ad14-2156f985e3ab,2025-11-04,direct,free,US,Tech
aa50cd33-211c-43ab-a490-68a007cfd87a,2026-05-01,organic,free,CA,Finance
3e7621ac-6dd6-4ef8-8770-0f107bae2a51,2026-05-15,organic,free,IN,Tech
7d65e63b-67e4-4658-beb7-b0d851e6e18b,2026-02-15,paid_google,free,FR,Retail
43da8836-5537-45f6-9974-6d8fa0cccc29,2025-08-21,paid_google,free,US,Education
77047275-9ede-43b7-9d1b-64903e586a7c,2026-01-28,organic,basic,FR,Healthcare
89d74e77-22d4-48e8-adf5-2f273ddba8f0,2025-11-19,direct,enterprise,UK,Finance
50c80f2e-dd55-43cc-a974-021b39cfec7f,2026-01-17,paid_google,free,US,Tech
ea430c61-007b-479a-9762-b97cabb1871c,2025-12-25,paid_facebook,free,US,Healthcare
f2e610dd-fc2f-49d8-be0d-47fbbebbb8ae,2025-08-14,organic,free,US,Tech
7120ecec-f2c2-4a4c-b2f3-57c611ac8519,2026-02-25,organic,pro,UK,Education
05bd80df-3fdf-41b5-8995-6b6608f45507,2025-09-22,organic,free,FR,Healthcare
a8894170-c5d1-496c-bebb-6e6807403f7f,2025-08-01,organic,pro,US,Retail
915d945e-88bb-4cb6-b3d1-b2bc366a9874,2026-05-28,direct,free,US,Retail
75ecfd25-480d-4a0a-98c7-43a87e91dfcf,2026-04-16,paid_facebook,basic,US,Healthcare
832878a9-0d0e-4ba5-8c25-4480e88593f1,2025-09-10,referral,free,US,Retail
a0fb400e-5774-4feb-8375-ac4ff2334630,2026-05-28,direct,free,DE,Finance
aed21631-ac33-42d6-ac76-7fa3ad985f2f,2025-12-27,organic,free,US,Education
b9b668c3-e56c-4ebd-b271-fba3a8f2d0b0,2026-02-10,organic,free,US,Finance
46816bd9-e053-4dbf-94ca-bae9c9ce5065,2025-06-20,direct,basic,FR,Healthcare
7668b988-2c66-45de-9647-634e03613add,2025-07-28,paid_google,basic,US,Finance
fcbbbc92-d682-4e84-b625-b1df4c1dcebf,2025-09-20,paid_google,free,US,Education
980664a1-fa21-43ff-94c2-8839cf83d642,2026-04-09,paid_google,enterprise,IN,Education
1073b968-b5f7-4aa3-b147-7a0ff0a83552,2025-12-13,referral,free,UK,Healthcare
562bbf95-c28d-489c-a45c-2749658e941e,2026-05-19,paid_google,enterprise,IN,Finance
210928ee-6170-46df-89ec-49d587acd59a,2025-08-31,referral,free,UK,Education
c36fc76e-7d4e-4a60-8af4-78fc58ebde84,2025-07-22,direct,pro,US,Healthcare
604125ed-e197-4127-af3f-ea6213a049e2,2026-03-20,paid_google,free,US,Education
d1ed2edc-de46-403e-a8d0-eb02c75b03d1,2025-06-08,paid_google,free,DE,Tech
76d6b1b5-dbbf-4cf2-a89b-3b8902983570,2026-03-27,organic,free,US,Tech
ec61bc0c-ee3c-4938-92ec-eaedf64b24fc,2025-09-06,organic,free,FR,Education
4a16d116-c6b8-4cb5-b219-4eaad2dcc59f,2026-01-22,paid_facebook,free,US,Healthcare
d5e009fd-52e3-4d70-b5d9-c0f2ebbb2cc1,2025-08-08,organic,free,AU,Tech
dbcab98c-bed0-4bdf-84b2-987561849e8e,2025-07-15,direct,enterprise,IN,Education
fc53a683-bb15-459d-9efc-b6855451f930,2025-10-15,paid_google,enterprise,UK,Retail
e1739e7b-673e-4ed4-b472-e886a911a100,2026-01-20,direct,enterprise,US,Finance
2dcefda7-4526-4a4d-9736-9c1b9474ee2a,2025-07-02,organic,enterprise,IN,Education
bb86b957-85bf-4874-9e15-fac45198b983,2026-03-16,direct,basic,UK,Tech
5c90a85e-7623-41fe-8cc5-a75e6904a7a7,2025-10-04,paid_google,enterprise,CA,Education
ed5a04d4-42a1-4eee-b1ef-8c27cc3b4767,2025-08-06,referral,pro,UK,Healthcare
a3d642f3-a97a-4112-b849-5eae6b4d53e4,2025-06-30,organic,free,UK,Tech
2fee39fc-207f-4896-a8d3-1074a55a4fb8,2025-09-22,paid_google,basic,US,Healthcare
f4079966-2e4d-4982-9553-0200b0bec6bf,2025-12-21,paid_google,pro,US,Healthcare
0e7b3f4c-57ea-4d0e-9f28-8d8540f0d08d,2025-06-29,organic,basic,US,Healthcare
81b4c12c-3afe-44fe-82ce-ede225b7c581,2025-10-09,organic,free,UK,Education
54ad1544-0bff-4e09-a1db-f15942a5cc30,2025-12-02,direct,free,FR,Tech
be78f288-dde1-47c9-b998-87439a093103,2026-02-08,organic,basic,US,Healthcare
95b6e815-26a3-4b42-a773-91646657dc26,2026-03-13,organic,enterprise,US,Retail
77d2dd15-a013-49b3-a067-f69475688ba6,2025-08-01,organic,free,CA,Finance
ce27085c-2c2e-439b-935d-cc08910a9e12,2025-06-03,direct,free,US,Education
0a05206d-0b2e-49bf-bb69-78f71dfaaeb8,2025-08-07,paid_google,free,DE,Retail
3693af34-7dfa-44e6-a207-f984d1b5e9de,2025-06-25,organic,free,US,Tech
1166dd58-0985-434e-b1fd-b86ffd007574,2025-11-26,paid_google,free,FR,Finance
098354e1-fe7e-41c1-9bf5-76bd3f7225e5,2025-10-19,referral,basic,US,Healthcare
ed3ab68c-e087-4b18-86be-4b3ff5bcab68,2026-01-17,organic,enterprise,UK,Retail
5fa862aa-8613-4718-86d0-f46048397d86,2026-03-27,organic,basic,IN,Retail
1e110cce-02f5-4b26-954b-b7a707f0f431,2025-11-10,organic,free,UK,Healthcare
43c8c42a-08a3-4070-a8e2-5a4eed0a4061,2026-04-07,paid_google,pro,CA,Healthcare
a8279b59-dc6b-44bc-9496-80b48efbf61b,2025-10-08,paid_google,free,US,Retail
b52f5ac3-bd99-442b-b68e-50c6cec24a3f,2026-02-01,paid_google,free,US,Tech
1f410d13-dc7d-4326-a24a-1e4a8841102e,2026-03-24,paid_facebook,free,UK,Education
108a6f0f-ac88-4ef8-99a2-58e97a702ce5,2025-11-19,organic,basic,US,Tech
164bb82b-2fdf-49a9-a9c7-262ba65caab5,2025-08-03,organic,basic,US,Tech
ca7a0de1-63f6-4f5d-ac6f-15aa9d5a9ee0,2025-07-01,organic,pro,AU,Education
265fa1ff-ee5c-4e06-95fd-51617a114882,2025-07-17,organic,free,IN,Tech
2598d790-02a1-4249-b37a-1008bb075e29,2025-10-08,organic,free,FR,Finance
2a6fd8d1-3d02-435f-ad6f-0b30f4b530bb,2026-05-18,paid_google,free,UK,Healthcare
ae2afc55-728a-453b-b207-3d6fbb30270f,2026-04-29,organic,basic,US,Retail
0570d56d-3b0c-428f-965f-4911cfd5b00c,2025-09-18,paid_facebook,basic,US,Education
4d4675f8-640d-4f0f-8b58-e92c885703e2,2025-08-08,paid_google,free,DE,Tech
980d4387-42f9-415a-b65b-a98af1f3a5ef,2025-07-28,organic,free,UK,Retail
147f2b23-65c7-4782-96b1-3297ba514e56,2025-09-14,paid_google,enterprise,UK,Finance
46ee0149-a3e6-4256-931f-8b2ebb515f99,2026-03-27,paid_google,pro,US,Tech
03421845-71f2-4c7a-9c39-85013ad3da91,2026-04-26,referral,free,UK,Tech
f0889ba5-f2dd-4a45-b1a4-2ef08fd01134,2026-02-11,referral,basic,IN,Tech
4ed7193e-f5d6-49e6-98a9-233fbd677c45,2026-04-08,paid_google,basic,IN,Finance
9d40497e-50f8-4e28-b5dc-1d35472d808b,2025-11-18,paid_google,free,FR,Healthcare
b5975b5c-bb93-4ee6-8a2b-3317db8654bd,2025-11-09,organic,free,UK,Retail
999e1718-71be-4408-af00-9c4e9ae3d0b3,2026-03-13,paid_google,free,UK,Tech
aa2ce803-c92a-4544-888a-29bbbcfd139b,2025-08-10,direct,free,US,Tech
176ec915-124b-4a19-88ab-a5ca7890ae2d,2026-02-10,paid_google,basic,US,Finance
580a7879-3a35-4f02-9813-1218a4bcf902,2025-07-25,organic,free,FR,Finance
23ac5dfc-d7f3-4854-ac76-0ec4ff453247,2026-04-19,paid_google,free,US,Retail
e4ec14d9-e0ef-41be-a0d2-06fc71d2261a,2025-06-03,direct,free,IN,Retail
a20d0d13-f95e-4c7b-b3bf-12d23790074d,2025-06-26,organic,free,FR,Tech
0ffdab81-9ec2-4685-a80a-5022e36e44a9,2026-04-09,paid_google,basic,US,Tech
52b05072-92a1-4f93-bcf9-da5b6147a133,2025-10-04,organic,free,US,Tech
6057e29b-7833-4c63-bc42-58774be592e7,2025-07-23,organic,free,UK,Tech
b39ead0d-d05c-46a9-80c3-9aa717a19300,2025-12-15,organic,enterprise,US,Tech
386af1d9-a30a-4dcf-bf8f-29fd39f9ac10,2026-03-26,organic,free,US,Finance
2fc3b72f-c464-4081-9ebf-dce10de9f002,2025-12-05,organic,basic,UK,Healthcare
ef0f8b11-c9dc-4d31-8a7a-8ea27fcbf8fe,2025-12-03,paid_google,free,UK,Retail
d57fabde-62b2-429a-9b0d-a9ddc6e88a00,2026-04-01,paid_google,pro,CA,Finance
5ed8791b-eca3-44ca-b424-7c9f8382c000,2026-03-25,organic,basic,AU,Education
2532f056-4591-46e8-8064-7e4910f429a0,2025-12-21,direct,free,US,Education
b4ba98d2-7d14-439b-8f64-a1296af76ce1,2025-06-11,organic,basic,US,Education
2d6bf669-155b-4a1b-a990-88351bc87682,2026-05-25,paid_google,free,US,Retail
da3c88e0-27be-48a9-b20e-bc7e88e2860d,2026-05-20,organic,enterprise,UK,Tech
f49b2a0a-a12d-411e-8ddd-065003716640,2025-10-24,organic,free,FR,Education
78675711-a0b1-43b1-82ed-73f3700377d0,2025-08-24,paid_google,basic,FR,Education
7f2cfdf3-f5f9-4789-a1d1-5a3243121789,2025-09-08,paid_google,free,US,Healthcare
3248afd3-aab9-402c-a07f-e6446b314cee,2025-09-12,paid_facebook,basic,US,Finance
75f57c48-bf81-48ab-9a52-2bc8203b0162,2025-07-16,paid_facebook,enterprise,US,Retail
65d60128-cb9e-4f65-80ee-4bd44a19929b,2025-07-14,paid_google,pro,UK,Retail
7cf3dc71-603b-4e3c-a763-43d168dce7b1,2026-03-05,organic,free,AU,Healthcare
74ff867e-50e9-47c7-b2f1-3efc0e1425dd,2025-11-28,paid_google,free,IN,Education
ef559d50-8f7c-49f8-8052-1122fbdd1119,2025-12-04,paid_google,free,FR,Healthcare
d63c72e1-0f64-4c89-84d6-b0a5e87249e6,2025-09-22,organic,free,DE,Tech
fcb73a0e-f6de-4bcd-8342-b77ad1b4b8b7,2026-02-10,organic,free,US,Education
0e51aee5-d9dd-4d85-8960-01048d8f3998,2025-06-30,organic,free,US,Retail
dc11a417-1c83-488b-92e2-fdb8a2a868b4,2026-02-19,organic,free,US,Finance
acf1e966-22cc-4b41-bda4-43337ef9dbfb,2025-09-06,paid_google,free,CA,Healthcare
ee37d9d8-0d4d-43e4-990a-d4d92154e95c,2026-04-09,paid_facebook,free,UK,Healthcare
6c5e9f01-ac00-48e8-8421-b61da1dcb40b,2026-04-25,paid_google,free,US,Retail
b5781d6d-b1fe-4413-99ab-fc13b32f05d8,2025-09-23,direct,free,US,Education
d4a58ab9-e4cc-4bbe-ba7a-0f82b2e5159a,2026-03-03,organic,basic,US,Education
049f183b-55dc-49d3-bea0-c3d7056c601b,2026-03-08,organic,free,US,Education
7141b143-8783-4944-aafd-5d0f4c9615d7,2026-03-02,paid_google,free,DE,Finance
530ed4b2-2aa6-4549-b5bf-7d91e87f84b7,2026-02-16,referral,free,IN,Finance
b0e1ec00-ddce-4d42-ad98-03e31fd726a7,2026-04-27,paid_facebook,free,UK,Education
111e94f5-603a-45c6-b3e9-743583503713,2025-12-24,paid_facebook,basic,US,Finance
fbe1b518-b36a-4768-b7ea-3f864acfc41e,2026-04-24,referral,free,AU,Healthcare
844468da-23e7-48bf-bab7-17ffe3d6324f,2025-12-28,paid_facebook,free,UK,Education
5696fead-dd12-4322-ac6b-33bbd8056445,2026-01-01,paid_facebook,pro,CA,Finance
f2c9c287-6206-4be1-a0c0-7fcb7305d745,2025-07-10,referral,enterprise,US,Healthcare
2094781b-7ec2-4923-93c4-a302a42e7f65,2025-06-26,organic,free,AU,Healthcare
0dbe1b82-f3d8-4b25-9ac9-a488a0f1c091,2025-06-27,referral,free,AU,Finance
a81f3403-e2a0-4f19-8f18-8f9c0e98a6e1,2025-12-07,organic,free,DE,Education
ff6d2b4e-be38-4f81-b31b-e49d9a1d5297,2025-08-22,direct,free,UK,Education
a909f3df-15ba-4681-96f8-71b98f707873,2025-11-17,organic,free,US,Finance
1b412905-269f-4290-ba66-e02f8f6dbcde,2025-11-14,paid_google,basic,US,Finance
7ef7ef4f-cc49-4709-a096-8a75a96d3d4d,2025-12-05,direct,free,US,Tech
0b525f9b-a93a-4ec5-bf50-bda399010aca,2025-11-16,organic,pro,US,Healthcare
b0293355-b2ad-41a9-a5c2-0f2ffe4f8a74,2026-03-16,paid_facebook,free,US,Education
d4e02aa5-ac36-41a8-b676-62f366f74499,2026-01-15,organic,free,US,Retail
3e853e16-a7ad-4b88-b9aa-93707a956158,2025-09-05,organic,basic,DE,Healthcare
3266b376-827a-40c8-92fe-45dff3695c98,2025-06-16,direct,free,UK,Education
9432d40c-0362-4a67-91e1-81bf174becc3,2026-03-06,organic,free,IN,Tech
30800f38-43ae-4b77-b4ba-a387759ea5a2,2025-10-13,paid_facebook,free,US,Healthcare
c2d38f65-7837-470e-ac4e-a90773c3518f,2025-06-26,organic,free,US,Healthcare
69234481-b6ec-4847-9cae-8fcd62ddec70,2026-05-18,referral,free,US,Education
cb73fd9f-68c7-4eed-a5f6-47e82bc86834,2025-06-12,paid_facebook,free,IN,Retail
87526413-d77a-443b-b55a-f12e5915392a,2025-08-11,paid_google,free,US,Finance
08fa37bc-721f-4b81-bfc2-afe38d2e82fb,2025-10-11,direct,free,US,Retail
2dddcddb-5c64-40c0-84a9-cea49a878f67,2025-09-14,organic,enterprise,US,Tech
936fbe43-dfb1-4d65-ab36-49d4425f2984,2026-01-06,paid_facebook,free,CA,Healthcare
4c345d81-ab9d-45ae-a2c3-758db77c37dc,2025-11-24,paid_facebook,free,US,Education
07b9b596-08b6-4f3b-97a0-7d91efed260a,2026-03-09,organic,enterprise,US,Healthcare
6782a9da-c78e-41d7-bfa2-6875afa8a156,2025-10-11,paid_google,basic,UK,Finance
1dd84a89-b428-4cf6-8c7e-04042051cb57,2025-06-22,paid_google,free,IN,Retail
a16ed41f-8518-4e5c-b192-6a4d287f61f8,2026-02-24,paid_facebook,free,US,Retail
917208e2-d788-4204-bd45-91fd10bb1df4,2025-11-08,organic,basic,CA,Tech
7aff4456-0642-41f0-9a66-3512b48f7bc6,2025-09-15,organic,free,US,Education
5c24cf10-dc14-4fbd-b328-c16ea1d55ed6,2026-03-06,organic,basic,FR,Finance
0dec1870-1e7f-4546-b224-f4884294392b,2026-05-19,organic,enterprise,IN,Finance
754afb36-9c63-4649-af8b-c8c23e6e798a,2026-01-21,organic,free,CA,Education
147cb2d5-6e94-42d9-8d25-e122d9917daa,2025-06-18,paid_google,free,US,Tech
664f59f9-967f-4a5f-a823-6c9628331235,2026-01-28,paid_google,basic,UK,Finance
438da654-895e-41b1-aff2-f5b34af33d82,2025-09-25,referral,free,AU,Tech
44bbfc33-c2b2-4686-9a52-cafe72d00707,2026-03-13,paid_facebook,free,IN,Education
8bc55027-8235-4224-89f4-cd51be6bffd6,2026-03-09,organic,free,IN,Education
72df5c13-8068-4edb-9866-5ce2867c5a8b,2025-10-22,organic,basic,US,Education
01a74c42-68d6-4c63-99cc-7bf1e1ebaf0e,2025-12-22,paid_facebook,free,US,Finance
cee12b4a-48f4-45fc-b05b-fffa74e2af39,2025-07-09,referral,enterprise,UK,Education
fcd780e0-bea3-4113-85c8-7d0d74324c45,2025-11-01,paid_facebook,basic,US,Finance
e109bea3-a017-452e-b3ea-c813588b41d0,2025-11-23,paid_google,free,US,Tech
6469c8b5-7e8f-48e9-b3dd-a817d7198bee,2026-01-27,organic,basic,UK,Healthcare
0b9f3349-d82d-4c07-bed1-aad174730c3c,2025-10-12,paid_google,free,US,Tech
8808b063-f3de-430f-977f-76c11ce4d98c,2025-07-16,paid_facebook,basic,IN,Finance
bac9a469-f50a-4711-9556-1cc129ce6856,2025-07-20,organic,free,IN,Retail
61e83664-9cd9-45b9-8565-0226ff0ff41e,2025-11-13,paid_google,free,UK,Retail
dd5824ae-f773-4ea1-bfb4-2b800d6b0a2c,2025-09-14,organic,basic,IN,Healthcare
7aa09c73-a0b8-46bd-8188-dbcd2d416b68,2026-01-02,paid_google,free,CA,Education
017ce1ce-de13-46ce-8938-fcf8bfd29c93,2025-10-24,paid_google,basic,CA,Tech
d165dfc2-da9a-477d-b196-93a61d5a526b,2025-08-11,paid_google,basic,US,Tech
02e6cef2-9ec4-4eb5-bd68-984ad7d1f3fe,2026-04-26,paid_google,free,DE,Finance
ba182564-c136-425d-9f2a-76517dae4fc8,2026-02-28,paid_google,free,CA,Healthcare
29333abc-a2ec-40ae-94be-296856f1af4e,2026-02-02,direct,pro,CA,Education
2866b7f3-7672-45a5-a05a-e7264e6045ad,2025-12-03,paid_google,free,US,Healthcare
6af86b9e-9fe8-4f9f-8acf-83268d93eda2,2025-08-09,paid_facebook,basic,US,Retail
36c4cdd9-6ad8-4926-8adb-bb96d57e53c0,2025-10-28,organic,basic,FR,Healthcare
3969aff5-ff09-441e-bd6f-b11eed53cdeb,2026-02-01,paid_google,pro,FR,Education
5089a39c-f151-4ca6-926e-21bd4bf72301,2026-02-17,organic,basic,AU,Education
00a74415-e1fe-4c40-b446-db96689946fc,2025-06-26,organic,free,FR,Tech
6ea74fed-5c15-4aa1-bef0-203aa45d6f81,2025-10-18,organic,pro,US,Tech
e2a48f92-e6e5-44bb-b033-825d941dc952,2025-09-07,paid_google,basic,US,Education
f2f96f9a-1718-4619-9614-3a023174c14c,2026-03-05,paid_google,basic,DE,Tech
d8802689-a6e8-42a5-849b-75b73cafcd14,2025-07-21,referral,free,US,Tech
62872354-bd05-448b-84ef-d55713fe7f8c,2025-10-29,paid_facebook,free,US,Tech
841f4bad-4cf9-4ed2-8695-a600186c8172,2025-09-12,organic,basic,AU,Education
0ccd3210-7c60-4656-b00d-7c57cd7917df,2025-08-28,paid_facebook,free,UK,Tech
e4f60a0d-7ce0-41d5-8456-5e0011cd25cc,2025-10-19,paid_google,free,US,Retail
bca36a34-fc68-4880-b362-b8b01908c1ab,2025-12-30,paid_facebook,free,UK,Education
14a4778e-af05-4961-9c2d-f4bb671e13c5,2026-01-19,paid_google,free,DE,Healthcare
60ea9e60-f248-47d5-af2f-5cad27e0762a,2025-11-30,organic,free,IN,Finance
22d307eb-77c4-4de8-aba1-266f5d303a58,2026-02-06,paid_google,free,CA,Finance
a6ccbd8f-feab-481f-83f6-204a165de8c0,2025-06-09,paid_google,free,FR,Retail
1879b442-beea-4637-a01e-4c6114a7d2a3,2025-08-18,direct,basic,UK,Education
4bb377ce-443f-4b64-b305-2431876fd500,2025-07-22,organic,free,US,Healthcare
52f51467-fb3c-4fa5-b430-05ad0e5c4374,2026-02-24,paid_facebook,free,US,Education
af5804b4-f22b-4105-80c3-53d371a32c0e,2026-01-12,paid_google,free,US,Healthcare
8b5226cd-9c4b-406b-acb9-bd4a4fe53ebd,2025-07-21,organic,free,US,Healthcare
daf00b24-d921-4052-8283-a5cd124a7ded,2025-12-03,paid_facebook,basic,US,Education
80ac8140-6d45-4c70-86ef-0d051f4d8c8a,2025-07-04,referral,basic,US,Tech
eed1b7fb-96a5-4b04-80d9-c0f2bdc227f4,2026-03-18,paid_facebook,free,UK,Finance
865e57ca-f3c6-42fd-80a7-2b1dfa519ec3,2026-01-16,organic,free,US,Tech
79c75a36-6c62-4b30-ab57-57a29077f3f1,2025-10-09,organic,pro,US,Finance
6abcf3b1-0504-4f05-bc03-60d794c834e4,2025-09-28,organic,free,US,Tech
165dc06f-7b17-40de-8d00-5d7e8c0adaf5,2026-04-22,organic,free,US,Education
83e2dc32-c5e9-4f52-83e8-fcf4341b0414,2026-02-02,paid_google,free,US,Education
496f274e-9915-4384-ad21-671f00ffdc62,2025-12-09,paid_google,free,US,Healthcare
1dcb917e-34b7-4a17-a3ce-3f522b8be4f4,2026-04-19,paid_facebook,free,UK,Retail
a7415c34-46ad-436a-8560-5adabba601c3,2025-12-27,paid_google,free,US,Education
706d11be-730c-4225-a790-268da1b3788f,2025-09-11,paid_google,free,UK,Finance
5b379452-ae40-4de7-8841-c619e1ee770a,2026-04-25,paid_google,free,IN,Healthcare
f696b431-464c-4415-b8a2-00f3e0b895a0,2025-10-11,organic,free,US,Finance
cee104a3-ab38-497f-98de-8bfa9207b8c3,2026-04-19,paid_google,free,US,Tech
973472e5-546b-45ed-be53-7fd4b5c2fa36,2025-10-17,organic,free,UK,Retail
9cd3a185-55b5-4740-8e39-19e4e5be7635,2025-09-29,referral,free,DE,Education
35315f29-22ad-422e-9c2c-3be2de1b6bab,2025-09-02,referral,free,FR,Tech
f47c1505-7723-4c21-968b-7e855311ea0c,2025-10-07,paid_facebook,basic,US,Healthcare
224b3a73-1fb0-4516-b566-973006fa10b6,2025-08-30,paid_google,basic,US,Finance
66f59ec0-85ca-4b07-a987-ee4be7f38d2e,2025-08-31,paid_google,free,US,Retail
7af88d81-6c71-4a09-8e53-580d44bcbcab,2025-08-02,paid_google,free,UK,Education
51adaee7-5c1f-428e-b824-dea3b3ad615c,2025-06-29,organic,basic,UK,Finance
08751fba-a729-4355-9d1a-52b334b8b94d,2025-12-27,organic,free,FR,Education
cadfe170-5bda-4576-81bb-c5784964c6cd,2025-06-12,direct,free,DE,Education
2a7edc10-e257-4502-86ff-9a4a76dc45de,2026-04-29,organic,basic,UK,Finance
f9091e15-214b-46e6-add4-a738e20e914f,2026-03-24,paid_google,pro,US,Education
aeb42e59-3525-4b66-93d5-5b56be86699b,2025-10-08,referral,free,US,Healthcare
f033dccd-c39a-4651-b0bc-4fd6bb971f01,2026-03-20,paid_google,free,UK,Retail
aa9051e2-d830-4db5-a30a-0e4dcdec7d9e,2025-11-20,paid_google,pro,IN,Tech
ee248b8f-0e48-488f-a841-47be598ffa3c,2025-12-25,referral,free,UK,Retail
c4f36ce2-7d04-45b4-b095-527740a59a3b,2025-06-24,paid_google,pro,US,Tech
555db81b-f2dd-4e70-bec0-0b2ea82bdc2f,2025-09-07,paid_facebook,free,CA,Healthcare
cc4ab418-a1d7-4178-94d7-3f4401724e5a,2026-05-22,organic,free,UK,Retail
88af5133-f65d-4cc6-b6f9-a50d8d19ef46,2025-10-17,paid_facebook,free,US,Healthcare
745e98c2-d698-4439-bc48-32ff44bc5a5f,2026-04-10,organic,enterprise,IN,Finance
45b0462b-0259-4296-958c-2574f5adca6e,2025-11-21,organic,pro,US,Tech
ede6ae93-d031-41f8-80dc-d8e4e067ae84,2025-06-29,paid_google,free,UK,Finance
f2ae91e9-8f20-4bdc-af75-07b5f02cbd56,2025-10-21,paid_google,basic,FR,Finance
7a9eb7bb-5abf-49c8-9189-e1309c24c7ce,2026-04-12,referral,free,IN,Retail
cc5d513c-c64c-4bdc-9dda-3e80ee98ca1d,2026-05-17,organic,basic,US,Education
106642ac-49ee-4777-8884-3662aeb32015,2025-07-12,paid_facebook,basic,UK,Education
37a32c4c-21b2-42b3-a6f6-2213ae42e8f6,2026-03-26,organic,free,US,Healthcare
d063d250-d105-4af5-b607-e8740676b5b0,2025-12-25,direct,free,US,Retail
35dd53a6-50ee-4a22-91f4-6a6de51b3df4,2026-04-26,paid_google,enterprise,US,Finance
96802b0d-c0d0-4b7a-9e7e-e9c0f7e6fbc8,2025-12-09,organic,pro,DE,Healthcare
372a5463-d05b-4457-a5d9-7cc8ffa666ea,2025-11-07,paid_facebook,free,UK,Finance
84ab2b29-2931-462f-8adf-0cbad37fbcd7,2025-08-03,direct,free,UK,Healthcare
c0bb570d-7cef-4ad6-9808-bbfc55424fbd,2026-01-29,direct,enterprise,US,Tech
7054022b-c484-4cb2-8eb1-9772086cfb1d,2026-02-13,organic,free,US,Healthcare
edba165a-6af9-4ff9-8f43-5dacfcc046f1,2025-10-30,paid_facebook,free,FR,Healthcare
8380a537-e452-46cb-918a-e8d982422db4,2026-01-01,paid_google,free,US,Finance
ed8680fd-6dcd-4d41-8691-46f266634046,2026-04-18,paid_facebook,pro,US,Education
3ff62168-2256-4e7a-8d20-3453ccc52706,2025-11-13,paid_google,free,US,Finance
ccc63220-d071-4612-b87c-b3a218fe9221,2025-07-01,paid_google,free,US,Retail
50b61186-2fc2-4a87-a5ba-8ff8d4d15328,2026-01-18,referral,free,UK,Finance
22b0e9e1-e8a6-4542-abe9-529ae6f0b30b,2026-03-09,referral,pro,CA,Education
b65622ae-1909-4f02-b8f2-3b94a1ce1bd8,2025-06-29,paid_facebook,basic,CA,Retail
2a34bb0f-e85e-45f8-950e-2e18922544a1,2025-12-12,paid_facebook,basic,UK,Education
36c2e33f-9f53-4e11-aece-756a6087924a,2026-04-30,paid_facebook,free,UK,Retail
3bbc1056-e55d-421d-b358-fd0e8289adf2,2026-02-11,organic,pro,US,Finance
708a4c23-e67b-40b6-8899-0df492fb8f05,2026-03-08,paid_facebook,basic,AU,Education
ebe55ced-56b4-4cf0-b13b-65be0cddad2c,2026-03-31,paid_google,basic,UK,Education
7a6f5023-491e-45f1-9523-e55adf99eb92,2026-04-17,organic,enterprise,US,Tech
c29f1b00-f283-4820-b7df-9935a952e3c7,2026-04-19,referral,free,US,Tech
717446c4-79fb-4b22-9ebc-44bb3f28fbfd,2026-05-12,referral,basic,UK,Healthcare
e62b8354-e974-4b47-bb92-5be0d05a35a8,2026-03-21,direct,pro,US,Tech
2d0137b8-a82a-4740-986a-7532d0a710cc,2025-08-26,paid_google,basic,FR,Education
a18b55e1-8d48-4109-a46e-5c70da8016a4,2025-10-27,paid_google,free,UK,Healthcare
c5fdf44f-f551-424a-860f-9a2601fdf4f6,2026-02-04,direct,free,FR,Finance
302cb099-65ef-4409-ad0e-ed6ced4ab521,2026-04-17,organic,basic,IN,Healthcare
b95cc51b-36e4-45d7-aa14-9e426f9375be,2026-03-10,paid_facebook,free,AU,Retail
94d2d8ff-9eb5-462d-9876-05383ad9a042,2026-05-28,direct,free,US,Healthcare
7dceca85-dcbf-427c-aa4a-c26f3f208858,2025-12-15,paid_facebook,pro,US,Tech
67cda7f1-310a-4988-82bb-43b44ae5dc5e,2025-07-14,direct,free,CA,Finance
36de039d-405c-4ac9-abb7-5438160ce691,2026-05-22,paid_google,free,US,Retail
6a7aea4d-bb42-48d8-ae00-a00a206fe41d,2025-06-28,organic,basic,FR,Healthcare
6b8fecb4-87f5-4a24-a407-567073bdb7a8,2025-06-17,organic,free,US,Finance
096fef48-f313-40ee-8afa-8ad9a0fa90ce,2025-10-05,paid_facebook,free,CA,Tech
2d45b7d3-d6da-4481-b0d4-6ba7a71e4a63,2025-11-15,organic,free,DE,Finance
b7a866d0-1108-45a1-a738-dc4fe7ba2b44,2026-01-30,paid_facebook,free,US,Finance
7ea18367-20c2-476d-ac11-323552b31cc4,2025-08-15,organic,free,FR,Retail
d4814c01-3fbb-4098-91fe-3af464f0e38b,2026-01-17,direct,free,US,Education
c9eb8451-558a-4c9c-b94f-2de5868f0e67,2025-12-21,organic,free,UK,Tech
7a30e1db-2622-4036-adab-a64eb836d13f,2026-02-03,paid_google,free,IN,Retail
2d65d70b-9589-4f44-84b0-00dfb65a07b9,2026-03-29,paid_facebook,free,US,Retail
e49af49b-6c33-4c0b-a32f-4163ea2b148f,2025-12-31,referral,pro,US,Retail
edd12d5a-8353-4428-9b1e-fe7e69eb8304,2026-01-01,paid_google,free,US,Education
179e12a6-0bd6-4ba2-913c-042aee347f45,2025-11-05,direct,basic,US,Education
9da8a77b-934a-42eb-86d1-7e1c5ee582ba,2025-08-08,paid_google,free,US,Healthcare
c7a007cf-b8bc-4a16-bcb8-08032ec6fea1,2025-08-24,organic,basic,US,Healthcare
d5af19ea-4656-4aec-b329-75a105937dd3,2026-02-22,paid_google,basic,UK,Tech
4d4c649c-8d69-4ba6-bf36-be625b24473a,2025-08-08,paid_facebook,free,US,Tech
f73a541a-78a5-48dc-85de-1a845f61695a,2025-09-07,paid_google,free,FR,Education
e5be509a-159a-4ae7-885f-d045b6ec253a,2026-05-13,paid_facebook,free,CA,Education
88f0e4d2-8b1f-4588-b175-816a5a69fd00,2026-01-02,paid_google,basic,US,Education
e4b30670-4880-4217-bd22-72aec9feeed0,2025-11-08,organic,free,CA,Retail
3d193697-8999-4420-9a17-908ef6b18113,2025-09-02,organic,pro,IN,Education
41c5aed3-bbb6-4207-b6a6-c2f133e2afac,2025-11-21,direct,free,US,Retail
34aeaa71-6490-4e5d-8455-88c92ade5a5f,2025-11-12,paid_facebook,free,AU,Retail
1a77cd09-8de1-4225-9356-dc71882d3df8,2025-09-23,organic,free,CA,Tech
8a9936e7-49df-48bd-b8f4-d3fd0970719c,2026-01-06,organic,pro,AU,Finance
2a3a2154-fb94-4580-b13e-948ec1978adb,2025-07-01,organic,free,IN,Healthcare
40e1763f-a36f-49b7-a69d-ca93de464339,2025-06-11,referral,basic,IN,Healthcare
fd75330a-9d01-40be-9a33-0a90a49feb3e,2026-05-09,organic,free,US,Tech
c107eb1f-f8c9-4cd0-b1cd-fb71c08353de,2025-10-08,paid_google,free,US,Tech
99644488-d627-4ce6-a5b1-dce44c070260,2025-09-13,organic,basic,UK,Education
28e27f33-7e74-4989-b612-79a93dd23728,2025-06-27,paid_facebook,pro,US,Education
95fefc78-2e79-4f54-9e72-c434c73f0953,2026-01-13,organic,free,UK,Education
aff0df26-e80e-419f-b9cf-35938e8067f8,2025-06-02,organic,free,US,Retail
78044432-021b-45d7-83c1-f5a34ec6de15,2026-05-25,paid_facebook,basic,US,Retail
a9c23c10-c6cd-40b4-ba84-a0c4452ba387,2025-09-09,paid_google,free,US,Education
6b32c8e7-fbde-4e0b-951e-c979db3fb384,2025-06-21,paid_facebook,basic,US,Retail
5ae54b17-378e-4249-989f-bdc2ece9381a,2025-07-28,organic,free,CA,Tech
42ca54d1-a1cc-4391-a725-cfc89d2e14c4,2025-11-27,paid_google,free,US,Education
b3424d7b-9f81-47db-8e77-0255a4f8f6a9,2026-05-07,organic,basic,US,Healthcare
7130617d-431f-404d-aad3-4817a526e683,2026-05-15,paid_google,free,US,Healthcare
adb5d0ac-379b-4898-a0b7-a858e60298d2,2025-06-20,organic,enterprise,IN,Retail
f089a21b-d035-43d8-8e0b-560529019a97,2026-02-10,organic,basic,IN,Healthcare
0fba6eeb-99b4-4b1a-820c-2ff15f991375,2026-04-13,organic,basic,US,Education
9a26dd89-48eb-4129-8ed3-d6a5b6d9f7d1,2025-07-08,paid_google,free,US,Healthcare
1b600e3a-d578-4a9c-a4ef-51c1a05018ee,2025-10-26,paid_google,pro,IN,Tech
3c23f81a-b083-4eab-a4a6-0546beeaa094,2025-06-25,paid_google,basic,DE,Retail
ee1ed4c5-5e94-4538-b313-4f331746ec51,2025-09-29,paid_google,free,US,Healthcare
8505c6e9-d1e8-4f4f-bd3f-348e11463c55,2025-06-26,organic,free,CA,Retail
a3c87468-cf4f-4965-8d65-51e2cd3175f7,2025-11-16,organic,free,US,Tech
83a5c959-0515-40e3-8768-6997a2faf75d,2026-04-19,organic,enterprise,US,Healthcare
1f1c0b1b-189e-4386-91bc-2273873ce4da,2026-01-11,organic,pro,IN,Education
f3ab294f-edda-4df3-8128-30166ffe1bcb,2025-06-01,organic,pro,US,Finance
61c2fcde-ba4b-425c-9581-5fbec2be0c49,2026-04-03,organic,basic,IN,Healthcare
f3c3fbda-c146-416d-ac0b-da6bc093cae2,2026-02-16,referral,free,US,Tech
6e327feb-2fcb-4b04-b549-075395e133c4,2025-06-13,paid_google,free,UK,Finance
42b593d9-257d-4498-95ec-1ba544175946,2025-07-18,paid_google,free,US,Healthcare
d4d95573-0095-4c3a-84b8-84d8303774ec,2026-04-09,paid_facebook,free,US,Retail
f0d8e758-b148-421a-b19b-b2ef886ff88f,2026-03-18,direct,free,US,Tech
6859b7b7-0b35-4947-9dd0-4a923025fbee,2026-04-28,paid_google,pro,UK,Healthcare
bfe80adc-ac4e-4e79-b7a6-05d1ce2088b3,2025-09-02,organic,enterprise,US,Tech
303c3183-4e0e-4e2a-8774-7f95a0276aab,2026-02-16,direct,free,US,Education
8b8a7acd-13d0-42b1-910b-710d2e69e5a1,2026-03-05,paid_facebook,basic,US,Finance
3e3eeb4c-8df0-474d-9b97-46d250cf34a5,2026-05-25,paid_facebook,free,IN,Finance
a5d66647-6852-4353-93b6-f628c352a1be,2025-12-22,paid_google,free,CA,Education
d182eebc-1a35-4836-b7e0-bd91e80375c9,2025-12-02,paid_google,basic,US,Finance
512cf1e2-648c-4346-bac5-36a8804e0887,2025-11-22,paid_google,free,UK,Finance
91ab8ad3-863e-4d3d-acc4-6d4cff2adb71,2026-04-05,paid_facebook,pro,CA,Education
d3c315e1-8f07-41bb-8f78-16c5b49d3c2e,2025-08-08,organic,basic,DE,Retail
652f75ef-93d9-4129-8f80-af2fd399f354,2025-09-12,paid_facebook,basic,US,Finance
728ec2c0-fbb5-42cf-b507-e7813bd26375,2026-02-01,direct,free,US,Retail
e76a2039-1e3d-4ebe-ac95-3020cde39ecf,2025-11-08,paid_google,free,CA,Tech
e1231c0b-ec65-4ef8-9bf2-9a0fc387d8d7,2025-12-17,organic,free,US,Tech
256f1f9c-a3f2-47fb-a6da-a21b17bed01a,2026-01-02,paid_facebook,basic,US,Finance
6a3d877d-7e0f-48ad-bc00-3568edbb02ea,2025-12-29,organic,pro,IN,Tech
fac237f7-af68-4f81-aed4-1c9479f2946f,2025-06-16,direct,free,US,Education
97759a8d-b491-415d-9b3b-1ccdb3d285a9,2026-04-28,paid_facebook,basic,US,Finance
245ca291-4ce3-4db2-ba29-522a5d4e93ae,2025-12-22,organic,free,CA,Education
527681c5-c08b-4e6f-835a-8906d9a1eed0,2025-07-09,paid_google,free,US,Retail
8d638a1d-67d6-42b7-acae-2169375408a5,2025-08-28,paid_facebook,basic,IN,Healthcare
146bd1a4-95da-4e38-816e-a2526e317ba3,2026-02-11,organic,basic,FR,Healthcare
a0664be8-5800-4dd7-a221-55d12b4afdc3,2026-02-09,organic,free,UK,Finance
339a8a57-e458-4642-8dfb-07c8bcbb5ea6,2026-01-02,paid_google,free,UK,Education
f14551b8-cc97-41e8-a6cd-a98027b782a4,2026-03-30,referral,free,UK,Healthcare
4fb8d437-e0ad-48ae-8b57-6c428b1b50e0,2025-11-19,organic,free,AU,Finance
47c85d90-07c2-4078-8d15-3010a6ae7cba,2025-10-15,paid_facebook,pro,US,Healthcare
b4d7643c-8d0d-40d9-bf63-8aacb6657814,2025-11-25,paid_google,free,US,Healthcare
304a5e4c-a56f-4173-abf4-7140b842d4b2,2025-08-16,organic,free,DE,Tech
9e70cf76-e313-4617-a475-a0a437b7f894,2025-12-05,organic,free,IN,Finance
716fbd0c-7f86-471b-a61d-dc20676ea0b4,2025-06-15,organic,enterprise,US,Healthcare
04234506-d7dd-44d5-b14b-15cf0a30c094,2026-03-19,direct,basic,AU,Finance
1ae46b29-18fb-4161-bf0f-28279b919cc3,2026-04-15,direct,basic,US,Tech
bf4a7ff3-5fd9-4187-adf5-62e13ec4e1c7,2026-04-21,organic,free,CA,Finance
6f7e3a6c-3b39-4dd9-ac7e-2ef039960c86,2025-12-31,paid_google,pro,FR,Tech
831841e9-a8ce-424e-b719-e9df0f485679,2025-12-25,direct,free,UK,Healthcare
ea1e5a21-f033-4d34-989a-5b060aca888f,2025-11-16,paid_google,basic,IN,Healthcare
fcb91aa5-dd1e-47d4-8c26-2148381f9ebc,2026-04-26,organic,enterprise,IN,Healthcare
ea396ce8-c116-4101-a60f-be3ad4a895d4,2026-03-07,organic,free,DE,Tech
60eb2573-2462-419e-b092-b2bafd927b3d,2026-04-01,paid_facebook,free,FR,Retail
ccc10d7f-254c-48f1-a988-2e5000453fd9,2025-10-24,paid_google,free,US,Tech
b69dce5f-de5b-4559-ad5d-da3e2371e62a,2026-02-18,paid_google,free,US,Tech
027e54a3-4307-4c99-a309-6602a11946d2,2025-06-04,paid_google,free,UK,Education
847d85d5-6e55-475c-9160-feafe3d48da8,2025-08-29,organic,pro,FR,Healthcare
ed860047-4191-4f59-9f56-1ac405baa983,2025-07-30,organic,free,UK,Healthcare
2a79019c-36c2-46f0-8b4a-0c864829b899,2026-04-07,direct,basic,AU,Education
90a70819-edd5-4b2c-9272-b24512335b2a,2025-06-16,referral,pro,IN,Retail
85c11635-e054-4aa9-b90c-23f8eb56272a,2026-01-13,paid_google,enterprise,UK,Finance
99a4476a-9c11-4b6d-a954-f4eb1d074588,2025-06-29,organic,free,UK,Healthcare
08396e46-5993-4fb1-859f-baf48c2c4dd0,2025-10-29,paid_google,free,US,Healthcare
cc4557ff-e7da-458c-9250-1981a4d19e01,2026-01-31,paid_google,free,US,Tech
b4b5111e-b2a2-4ae8-b8cf-53b0d84881c9,2026-02-25,paid_google,free,DE,Retail
a2cd4b0f-0a76-4658-ae63-e9ed913d8573,2025-08-18,direct,basic,US,Retail
e3a69f28-01fe-40fc-b6dc-cde733502995,2026-03-16,organic,free,FR,Retail
ecea7f73-d02f-4b7b-853b-86ec2b5cf485,2025-10-31,paid_facebook,free,US,Retail
469ae359-de2e-4f31-ac4e-795e465c8e87,2026-03-04,organic,free,US,Education
7cf9c6a6-766a-4085-8bc7-75bf6ff6cb38,2026-03-06,paid_google,basic,US,Tech
f363065c-8480-4cc3-a907-22a94194ced3,2025-07-27,paid_facebook,free,DE,Education
9001af5f-693d-4809-8019-7034176a6f71,2025-12-03,paid_google,free,US,Education
8d7450d1-06b5-4c4f-80c8-01cb0fe2b657,2025-09-01,organic,free,IN,Finance
57d1a967-730d-4b7b-a15e-dce885e4ba66,2026-03-03,paid_google,free,US,Tech
ecba6396-9290-4249-af64-0e899a0217c1,2025-11-05,direct,basic,UK,Retail
82117c55-0b0f-4035-91d3-37c80758ce3a,2026-03-02,paid_google,free,US,Tech
b278cf93-a0c8-422a-b563-ef961cef1623,2025-11-28,organic,basic,US,Retail
71470676-dfdd-4892-a2d5-4d5f5605ac9d,2026-05-25,referral,free,US,Finance
b11192ea-0503-425b-b659-6029bafebaf2,2025-08-16,organic,free,UK,Healthcare
b6b20134-f019-488a-9c4f-269d3b754aee,2025-10-29,organic,free,US,Education
8acdcd30-950a-46f4-929e-0d31a8c50942,2026-01-24,paid_google,free,US,Finance
feb72941-9452-4b86-8478-fd4b77a65a0c,2026-03-16,organic,basic,US,Education
413da48d-0937-415c-882e-705574bd080d,2026-01-17,paid_google,free,US,Retail
b6dc0042-a58d-43d6-ae5a-b3e845a92f5d,2025-06-18,paid_facebook,basic,IN,Retail
cc9f6c73-fbf1-4ef5-bda8-7e56719764b2,2025-08-12,organic,free,US,Finance
fe040df0-5ca0-4afa-9333-15b67ac915d5,2025-12-06,paid_google,enterprise,US,Healthcare
d9377589-823c-4580-baf7-15755cd861c0,2025-06-17,organic,basic,IN,Healthcare
23b151f6-2072-40b8-9ea7-11597f827dba,2025-06-19,paid_google,basic,US,Education
7920b6d4-ef02-4174-9351-d7ddce7e2ba9,2026-01-05,organic,free,US,Retail
b366eeaa-dda4-411d-933e-182a0b447976,2026-04-22,organic,enterprise,UK,Retail
26740dde-5b25-4734-a244-35be520a8531,2025-09-28,organic,enterprise,AU,Healthcare
72c5053a-b9b9-4bb5-9db4-b2cc7d2ee072,2025-09-09,organic,free,UK,Retail
42377e46-748d-4bf0-bd80-d45debe89b1c,2025-07-04,organic,free,US,Retail
9c02bc1d-943c-455d-8bec-2f9bf614f51f,2025-08-23,paid_google,free,US,Finance
55c0b3b3-3c62-4938-9425-b8ce7ddc323a,2025-12-13,paid_google,free,US,Healthcare
d06585b1-bdfb-437a-a675-ef423874f27a,2026-04-26,organic,free,FR,Healthcare
99357941-2c7c-404e-9a83-ae6da8ce6cc7,2025-12-19,organic,free,IN,Tech
cede17b8-d306-4823-b544-de162700614c,2026-05-10,paid_google,pro,US,Healthcare
c0216a18-f272-42f1-b191-8ee138bb5d4a,2026-05-07,paid_facebook,free,US,Healthcare
95d5021a-4f06-45d4-8cba-4319c6754898,2025-06-11,paid_google,basic,US,Tech
50bb4948-beaa-4707-8875-eb96927afeb6,2026-05-13,direct,free,FR,Retail
bac54e1a-fa7f-4d00-b394-a0cf3253497e,2026-01-04,direct,basic,UK,Retail
29aaa755-9b84-410c-b5fc-a2f4892054db,2026-02-08,organic,free,AU,Education
7b4ea773-23ab-47e0-ba9f-75837ff73c1c,2026-01-08,organic,basic,UK,Retail
ed4cffd8-985d-47be-86f3-a767c78471fc,2025-08-19,referral,free,AU,Healthcare
a98298df-77d8-4d48-906d-6968524da341,2025-06-07,organic,free,US,Education
3dbedcf8-7eac-4c7b-82a1-b4d1ec02f939,2026-02-27,paid_google,pro,US,Education
4e085bf1-33ff-4fd7-ab44-aa8002eb932b,2026-01-13,direct,free,US,Retail
f032ff9b-161f-419d-b5c7-1f497f3d7288,2025-06-16,paid_facebook,free,FR,Education
80e8b611-c89d-4329-bd5d-39b020ce3ed6,2025-06-12,organic,free,US,Tech
6ca7c868-0c9b-4b0f-b725-0628472a5326,2026-03-18,paid_facebook,pro,US,Education
3899412d-d891-42db-8db9-82b7b3d69435,2026-01-27,organic,free,IN,Finance
791b6e56-4d8e-4c7d-b649-707492f96749,2025-06-21,direct,basic,DE,Tech
15738ab9-00fa-48e3-b9d0-b185074d9802,2025-11-25,organic,free,DE,Healthcare
1b685749-df0b-4748-b809-8616b99711f7,2026-01-14,paid_google,free,US,Retail
e59de90a-cdd2-481c-ac25-817a25b24474,2026-02-28,paid_facebook,pro,FR,Retail
a2441512-9e4e-4f96-80fd-35e35d3881a7,2026-03-15,organic,free,CA,Finance
d2d6dde7-957a-4260-8581-de85d07075fe,2026-03-24,organic,basic,DE,Retail
6c4a442c-6ddc-43d2-855f-79e3d5545665,2025-10-12,organic,free,FR,Healthcare
1b396cf9-2cee-4ba3-8d61-51b9fe692e3b,2026-03-10,paid_google,free,US,Education
23e49c7f-ee73-4466-a742-4c78895cd18b,2025-10-31,direct,free,UK,Retail
4e431a4c-0223-4a39-8f0b-a0c145b566dc,2025-08-05,organic,free,UK,Healthcare
135ab054-0819-4b26-b039-d22454583601,2025-10-15,organic,basic,AU,Tech
62b01ebc-1e50-42f3-8207-69c2f75b1f37,2025-08-31,paid_google,basic,US,Healthcare
7114f340-4805-4983-ae93-1b1428638383,2026-04-13,organic,free,US,Finance
c36dd6f8-7573-411a-b2e1-9f56fc989132,2026-02-14,paid_google,free,IN,Healthcare
3eddbe7f-209b-459d-b66d-63fb10b07085,2025-09-11,organic,free,UK,Retail
17bb658f-f4fa-4719-8c0c-2bace91a79df,2025-07-25,paid_google,basic,DE,Education
12100815-0af3-464c-b670-4a423a518961,2026-02-12,organic,basic,CA,Healthcare
03ac52ad-ad72-4b31-b019-e855c7a1b416,2025-09-09,organic,free,US,Finance
ebfe4140-27f8-4b1e-bea3-3930de410a5e,2025-12-15,paid_facebook,free,FR,Tech
1e259505-61f5-454a-b8c5-f534352f7604,2026-03-28,organic,free,UK,Finance
62910a02-b576-4f74-9461-de756ee91de4,2026-01-12,referral,enterprise,UK,Tech
db3bfdcc-5d39-417d-b919-2e075de51190,2026-01-23,paid_facebook,basic,FR,Healthcare
69616c1f-6b77-43db-8ae7-6be3055de5ca,2025-06-26,organic,free,CA,Education
1f4677e2-0f2d-4571-bddc-a33d668f21fe,2025-09-29,direct,free,UK,Finance
81fe985b-356a-4134-af29-7ffcbac32c93,2025-11-29,organic,free,US,Education
18e2c81c-864e-4358-be1f-efec409784f4,2025-12-16,paid_facebook,free,FR,Healthcare
63a893f3-708a-4739-9651-dbdaa4079a05,2026-03-29,paid_google,basic,US,Education
ecc37a6c-2a6d-4f7d-b20e-a4caa29baa17,2026-02-10,organic,free,US,Education
80540283-3eb2-4d4f-b798-13ecf763a775,2025-09-30,direct,pro,AU,Finance
e95e6166-a4f4-4450-9425-4375f3ba90ca,2025-07-01,direct,free,UK,Healthcare
a82ff55e-b10f-496c-a462-8e86de8129d7,2026-04-11,paid_google,free,US,Education
d70df160-4c8d-4ccc-8d98-820dd1dbe6fb,2026-03-12,paid_google,basic,US,Tech
9ac610ce-caf4-4b4f-8c4f-5e6d384814e4,2025-09-14,direct,free,FR,Retail
da69a315-f9b9-44ce-b458-ba34e2965f57,2026-01-10,paid_google,pro,UK,Tech
57b36bc4-42c8-4905-9cf1-32a9deb3f482,2026-02-28,organic,free,US,Education
79ae5584-39ab-4d17-b6a0-aa9316750ae5,2026-01-18,paid_google,free,DE,Healthcare
7626c290-b072-4b12-af5b-75d98e89c500,2026-02-11,referral,basic,UK,Tech
6c42d4d1-0313-4376-8bf8-3b9c6a5a9c7d,2025-06-24,referral,free,US,Healthcare
e21172ea-d2dd-431d-b386-8786097960e4,2025-09-17,direct,free,US,Tech
1fc39428-3520-4351-b6e0-61acbcb64aee,2025-12-08,organic,enterprise,IN,Healthcare
ad16d483-c2b1-4682-922a-c13e1b0748d1,2026-05-13,paid_facebook,free,UK,Education
6622aeda-1cc8-49cb-9ed4-0ca38940a3cb,2025-06-25,organic,free,US,Finance
67ef0be1-8c40-465e-9473-29dc3d8f60f7,2025-12-04,paid_facebook,pro,UK,Tech
2542e768-62db-404c-b65e-0d96e655f736,2026-03-15,paid_google,free,US,Healthcare
7e9f5fce-cfdf-4e59-8da8-f97d21a4a928,2025-09-24,organic,free,FR,Tech
d6c2fbed-c1ef-4863-a2a7-c745bd559cc4,2026-05-04,paid_facebook,free,US,Healthcare
6fce4caa-6919-4072-8f87-cd731ec78447,2025-07-07,organic,free,CA,Healthcare
cb867957-b4eb-419c-80e8-4a12207d2a25,2026-03-09,organic,enterprise,CA,Finance
5fe9e2d5-ff62-4565-bca9-31e9a147e0dd,2025-10-15,paid_google,free,CA,Healthcare
c49fc5d0-bc34-4ffa-bdca-28589c634601,2026-01-13,paid_facebook,free,US,Tech
441e94aa-a860-46fe-aa38-19c429c40b32,2026-04-16,organic,free,US,Education
0150a5cd-4fdf-4287-b5cb-20f45b4bedb1,2026-04-24,organic,free,FR,Retail
efa43348-8738-4570-a411-59a799f33cb0,2025-11-29,organic,basic,US,Healthcare
d2298b74-0c1c-4cb4-8da2-b28b2c33516b,2026-05-28,paid_google,free,IN,Retail
379b03fb-9b13-4bc1-a709-8338e8483639,2025-08-25,organic,basic,US,Education
d4a4f807-3ce4-494b-8b2f-214981542db1,2025-07-23,paid_facebook,free,US,Retail
775e08ad-e34e-460d-921a-70367120f578,2026-05-14,direct,basic,UK,Healthcare
f6e52650-58ef-4f72-94f0-e88329b4aa9e,2026-05-21,paid_google,free,US,Tech
70be1eb7-88f1-4092-b1c9-89184c0613fc,2026-01-21,paid_facebook,free,FR,Finance
f5d71a25-55c0-4c09-bf3a-b553a148b1e0,2026-02-22,paid_google,basic,AU,Healthcare
152e7832-c0c9-43a9-af57-2aea5e7ffe6c,2026-03-14,organic,free,FR,Healthcare
f48bce63-ffe6-4c24-bafc-8b1605db9fc0,2025-09-08,organic,free,CA,Finance
efc4fde0-823d-4a7f-b240-50c117d3049d,2025-08-26,paid_google,free,US,Finance
6fdc5995-c20e-43a3-ba52-f5f968b6e16b,2025-06-15,direct,free,UK,Finance
f9055bfa-b153-4df8-a5bb-1b1a0bb2aaca,2025-09-09,referral,basic,IN,Finance
94f54ea4-7e1e-4282-9286-6501c7de2876,2025-11-12,direct,free,US,Finance
6e036ce0-400f-4e59-83d2-f2058a29dc4e,2025-06-29,direct,pro,DE,Healthcare
269203a4-9284-4f4d-bb85-a57c4e06d7f9,2025-09-22,organic,free,CA,Retail
d35785f9-92c3-4386-be3e-d8b402fce2e7,2025-09-15,organic,pro,IN,Tech
dafddd9b-3b50-43a6-a6fa-9f52b792089f,2026-05-30,paid_google,free,CA,Healthcare
12bacafc-ec31-4f37-8306-82c37977d4eb,2025-10-08,paid_facebook,pro,AU,Education
21549dee-5800-4c2d-8682-3d1134e7369b,2025-08-23,paid_google,free,US,Healthcare
13cd5fa9-d3b1-425d-a0dd-6a1f046784a4,2026-02-26,referral,free,US,Healthcare
4bdeb40c-a751-416e-be5f-1331f18b4861,2026-01-30,paid_facebook,pro,UK,Retail
fb746152-3d12-4603-b827-8e40406ef0a5,2025-12-31,paid_google,free,UK,Finance
fbc8c332-2920-4c31-a41f-83cbb73e863d,2026-04-02,organic,free,FR,Education
c511c3c8-8f32-4a86-a37e-f85131e48ef9,2025-11-13,organic,basic,US,Retail
e8cb3706-cd4b-4d82-9982-3a0996ec488d,2026-03-06,paid_google,free,DE,Tech
96bd1086-adac-4d4c-b7fb-36501826344a,2025-07-29,direct,free,UK,Education
46b0926a-a650-451f-b5ab-b51594aab591,2025-08-29,organic,free,UK,Education
4dd5efff-2cd1-47ae-a768-601b14298816,2026-04-27,paid_google,basic,US,Retail
95568963-709b-4062-be5b-6558392d8d0c,2025-12-11,direct,free,CA,Education
4fd5274f-beb5-4b92-bf3b-109059aa3171,2025-10-01,organic,pro,CA,Healthcare
362d20a2-d086-4876-bacc-4d6a756695b3,2025-10-14,organic,basic,US,Healthcare
b96d90ad-fc5b-4cde-835d-f0074205de36,2025-10-17,paid_google,basic,CA,Finance
771d752a-2dbe-411b-9da3-3e5a3bd53f7f,2026-01-15,paid_google,free,US,Retail
667648e3-b881-49a2-86c1-d8cb9d8af876,2026-03-01,direct,pro,CA,Healthcare
3725111f-4c66-4626-b083-3e9c80db2667,2025-07-20,organic,free,CA,Education
11d6323e-c6e0-47f6-b2a5-49738b0aee93,2025-09-26,paid_google,pro,IN,Education
6efaf56f-02c4-4487-9f79-3438bde605af,2025-12-19,organic,free,US,Healthcare
5464a53f-5442-47ec-927d-959eed360830,2025-12-08,paid_google,basic,US,Retail
15b58df9-1bdd-44c5-9227-9a09377c6315,2026-05-30,organic,free,AU,Retail
685053f1-d0df-4bc0-9696-113c45cb7ef0,2026-04-19,paid_facebook,free,US,Tech
16df9100-0bb9-4063-bf27-6bc69f852c16,2025-11-28,paid_google,free,AU,Retail
27e102b3-f639-4b9c-a0dd-3894ff5218f6,2025-08-17,paid_facebook,free,US,Healthcare
bdd36213-50b6-4b14-befa-f88337d08af7,2025-08-14,paid_google,free,IN,Tech
75d78774-9419-4565-b365-150aacbeb631,2026-03-22,paid_google,free,US,Education
5ca5f8ab-e047-4905-a690-b4d0c5f7d313,2026-03-08,referral,free,UK,Healthcare
ea48c0f3-639c-4f63-8a01-1131b6e4131a,2025-06-21,organic,basic,FR,Finance
64f404a5-7e03-4d56-84f7-9e741e6ee51b,2025-11-18,organic,free,US,Finance
e157ae60-b868-42c5-a7e8-0eb1eb4ff645,2025-06-15,paid_google,free,US,Retail
ed737c82-06c2-4435-b876-ecfec950cad1,2025-12-28,paid_facebook,basic,UK,Tech
13ec4645-1dbe-4311-951b-69254610ce79,2025-07-18,organic,pro,DE,Tech
bf103864-bbb9-4dac-a93f-338579858be8,2025-08-25,paid_google,free,US,Education
07868d47-ffb3-48ef-b96f-c6723d8171d5,2025-10-27,organic,free,AU,Retail
0491a89c-999b-41b9-b8e0-a797962683a3,2025-12-05,organic,free,IN,Tech
7e209883-1949-4f85-a795-e98c705d59b4,2026-04-02,organic,basic,US,Healthcare
4b97369d-d71b-46f9-a100-3d2118faa7c6,2025-10-29,direct,basic,US,Education
77bb61c1-ad31-4f47-b8aa-4b5d998bee13,2025-10-19,referral,basic,US,Tech
0376a6bf-2347-46e8-ae3e-34067133550d,2025-08-08,organic,free,CA,Finance
10c3336b-b480-4231-b7a0-42aff6c1aa31,2026-02-15,organic,basic,UK,Finance
49ebd8da-8163-4d95-97ea-b260d5d97ea0,2026-04-30,organic,free,US,Tech
2e78dfc9-74b7-44ef-aa82-58910352e4b0,2025-06-09,organic,free,CA,Finance
a697165f-7401-4be5-a08d-d20104e0fb4f,2025-09-29,referral,free,UK,Healthcare
5f0052e7-6dec-450a-af4e-ff5b0985f738,2025-09-09,organic,free,US,Education
a9a956eb-c22c-45fe-bbd3-4c2cb3121840,2025-10-27,organic,basic,FR,Healthcare
55e33b24-81fb-4d12-99a2-06a8ed0016d3,2025-10-24,organic,basic,AU,Finance
8071a856-2b82-4ac4-8efd-fa180a142685,2026-05-19,organic,enterprise,US,Tech
1ab7fffa-7093-48ad-b465-e818a5001bff,2026-01-29,paid_google,free,FR,Tech
9ed4c7fb-b633-4ca5-a9b8-2c7b06038924,2026-01-27,paid_facebook,enterprise,FR,Education
cf02b141-6b79-4dcf-bf1d-3916c5994587,2026-05-03,organic,basic,US,Finance
21a1da78-2dbb-4455-b3fd-9a783d0bd9cf,2025-07-13,organic,free,US,Finance
0eb50811-7d1a-44c9-9023-aee0a771ba75,2025-09-03,paid_google,pro,IN,Finance
fe1541e2-76ba-498b-8846-a946e685e56f,2026-01-12,paid_facebook,basic,FR,Retail
1ed6e0f6-257f-4abc-8140-2bba21b8fa5a,2025-06-06,organic,free,AU,Tech
a9353651-2921-47f1-9ae1-ee24ebf865e7,2025-12-31,organic,pro,US,Finance
af1b9347-1043-44c4-8f74-ff204c77d69a,2025-12-23,organic,basic,US,Education
dedade0b-531d-4ecf-bd13-a3cceecd338a,2025-08-06,paid_google,basic,UK,Retail
3e886618-b4ae-40da-a6b9-05522e586acb,2025-09-08,organic,pro,US,Finance
e42c0503-ff50-4c61-a601-ab38d992b10e,2025-06-12,organic,free,US,Tech
e7ccd05a-13f3-47eb-92eb-1b0ea2fd9b96,2026-01-23,organic,basic,CA,Retail
1ab79ad4-505f-4f7d-a72a-b5499f655183,2026-04-18,paid_google,basic,UK,Healthcare
1c3cc23c-b5d8-49ec-8501-13d0c30b8b02,2026-02-13,organic,free,US,Education
5c18ab8d-7349-4fb8-89a7-3d368bfa7266,2026-05-03,paid_facebook,free,FR,Tech
eec4703e-8b99-4fab-9030-969585758798,2025-10-13,paid_google,basic,US,Healthcare
36065f78-ae69-45ed-aade-7728ea190c1c,2026-01-08,paid_google,free,UK,Tech
9805f22e-a194-4ef7-954b-1a14c4affbf0,2025-11-03,paid_google,basic,UK,Education
05c5634d-4c23-4d3f-9f3f-fe35f07271b2,2025-10-20,paid_facebook,pro,US,Finance
379df851-2a50-4043-9b34-915a50c9f48d,2025-11-05,direct,free,IN,Healthcare
71384715-9ba7-4d8a-9a00-b59246031ab2,2026-04-22,paid_facebook,free,DE,Healthcare
7b41e378-778a-40f7-aa84-cb768e18946c,2026-05-10,paid_google,free,UK,Retail
b8ed7b0b-a701-4f88-b6c4-a0a8dc2314ee,2026-02-17,paid_facebook,free,IN,Finance
dfc665cd-0336-42be-8f4c-7c831feb329f,2026-03-10,paid_google,pro,US,Education
2abc5413-524e-402c-9a02-920130bd6a41,2026-05-04,organic,free,US,Retail
929f629b-125d-4f6e-b6ac-68ed0f611b02,2026-05-10,organic,free,UK,Healthcare
4af53b54-62cf-43a8-b9d6-f94b58b622dc,2026-01-15,organic,basic,FR,Tech
2e3cd54a-122c-4ba9-bd17-d2c903e143eb,2026-03-07,organic,basic,UK,Education
4b91db6a-1de2-4060-95db-0b11b2dcabb3,2026-05-24,organic,free,US,Retail
bd757238-df52-4158-811c-6d4afa975ba3,2026-03-17,organic,basic,CA,Finance
2b96360b-7b92-4645-b59f-8e0b3f49dba4,2025-11-15,direct,free,US,Tech
9bd4ddcd-87dd-4694-99cf-34d0aab8ab3d,2025-07-17,organic,basic,CA,Retail
05e4dc6e-fe3e-456b-99bf-d6b2701f9924,2025-12-20,paid_google,free,US,Education
e4a1f3ad-af9e-4335-91c8-8bbe5dcbd700,2025-12-31,direct,free,UK,Tech
edd0a5d8-887c-4c62-bb38-3322a9ecdd12,2026-02-01,paid_google,pro,IN,Retail
0744e9ae-6290-43dd-944e-e0adca170e4b,2025-06-24,paid_google,free,US,Retail
bfe1d9be-8ede-48bf-bee6-837e9768fbb6,2026-04-17,paid_facebook,free,FR,Education
4b6ac8f3-f344-43c0-92c3-4f4eaa587fab,2026-03-01,organic,pro,US,Finance
526e4139-da3e-48b0-a566-ff5326545518,2025-07-14,organic,basic,US,Tech
019e3387-c00f-4550-9f09-9e3974a6608b,2026-04-28,referral,free,UK,Retail
98d20b90-a73f-4116-a6c0-75b1e88d2575,2026-04-09,organic,basic,FR,Education
82dd9397-2437-4a96-9d00-e5a6b57f7ca2,2026-05-29,referral,pro,US,Retail
9b180567-2b23-4e76-8143-9b0049bd4443,2025-11-03,organic,basic,FR,Education
55866e8e-53ed-4f0e-b1f7-47ff3a916f86,2025-12-16,paid_google,free,CA,Education
83bc9205-b782-4e7f-9e20-da39182f533a,2025-11-09,paid_google,basic,IN,Retail
4ad93cfd-94bb-4310-b523-c4b615948cde,2026-01-20,direct,basic,FR,Education
1df08809-7b82-48a1-af21-64e4a7cad1ca,2025-11-10,organic,basic,UK,Tech
63a3801c-667d-4c46-b898-7ec9eb2a8307,2025-09-24,direct,free,CA,Education
e957e558-6fe6-441d-b509-300e46b65d8f,2025-09-01,paid_google,basic,UK,Finance
306cc01c-8261-40e5-9795-01f43b0638df,2025-07-12,paid_facebook,free,IN,Finance
f4d4a9b3-542b-4517-8214-95d5c29ea1ac,2026-03-11,paid_google,basic,US,Education
fb4fbec6-19e1-4b05-a698-450633b9f302,2025-12-27,organic,enterprise,IN,Tech
fcba1fdd-b9e5-4388-bdeb-dc127e868f1e,2025-12-23,paid_facebook,free,IN,Healthcare
4062054c-d863-45dc-80f2-acfee8dc992f,2026-01-06,organic,free,CA,Healthcare
53aad750-6b96-4c5d-b9e9-eb4054a12a5a,2026-03-07,organic,free,US,Tech
b058129e-0403-4440-8a01-8dc5fe6b2ab3,2025-10-14,paid_facebook,basic,IN,Finance
6cec46a2-740a-4434-b125-1d3a05151cf1,2025-09-14,direct,free,US,Education
58d5c9b6-9139-446e-a363-2b4b7e295bdf,2025-09-26,paid_google,basic,FR,Retail
2cbc4fc5-009c-4ad7-8a31-350da98b6450,2026-01-23,paid_google,pro,US,Education
2a5056df-cf5b-4ffc-9c17-36e95cb6f482,2026-04-05,paid_google,basic,IN,Education
43c559f3-d99c-4aa2-be65-7fc80a94fadf,2025-09-08,referral,basic,US,Healthcare
798f60d3-2d6f-441b-a15c-7b5bd01e4611,2026-02-16,direct,free,IN,Education
51f9e492-b70b-4962-be52-0892a03a56e0,2026-04-01,paid_google,pro,UK,Healthcare
c695d79d-9d2f-49dd-9467-ff23de278cc5,2026-05-20,organic,free,CA,Retail
eb3faf5f-b7e6-4ec1-ba88-5003fc92d945,2026-03-13,organic,free,US,Education
6bd3902b-826a-4674-a442-163cab62f474,2026-04-24,organic,free,FR,Tech
54614ca4-c804-4882-baf9-4ea2d7eb6b97,2025-09-11,referral,basic,US,Education
e9129f62-37ce-42b0-84d8-7082f9bf9565,2025-08-02,direct,pro,FR,Tech
bf8192d8-55be-4f1b-b5ed-ad16f00fce0c,2025-11-22,paid_facebook,free,UK,Healthcare
d7de56b3-adf3-4d1e-b58c-1c099397fd75,2026-03-09,direct,basic,US,Education
3a9dfebb-8706-4de1-b75a-529748c64467,2026-03-20,organic,basic,CA,Healthcare
9523ffab-b0b7-4a61-a01d-c83a60ed9c3d,2026-01-12,paid_google,free,CA,Tech
5cb3346e-bd7e-4d00-87cd-4e06318cee35,2025-06-07,paid_google,basic,IN,Healthcare
d9a191a4-e892-484f-ad7d-2f3b39b6775d,2025-10-05,paid_google,free,US,Finance
9b06742e-45a3-4293-80ca-1ee9d24f6d31,2025-08-31,paid_google,free,FR,Tech
cc86cb2e-f09c-4c9e-8f8c-1fd6362da055,2025-12-07,organic,pro,CA,Healthcare
070fffca-378e-4fe8-ad90-765ca4f08e2d,2026-05-25,paid_google,free,US,Education
790775d7-1aab-4683-9615-1435b33ad84f,2025-07-23,paid_facebook,free,UK,Healthcare
3ee29ed5-f064-46cf-8c24-45be4cdba6b9,2026-01-28,referral,basic,US,Retail
85da1194-fc3f-4fc2-a0f5-5c463507b5a4,2025-10-10,paid_facebook,pro,US,Tech
931be590-aabe-4214-857f-9659650fac15,2026-05-30,organic,basic,US,Healthcare
10319a68-15e9-4ddb-9f26-fc458722bf29,2025-09-20,paid_google,free,DE,Finance
f40fa80d-2119-402b-9442-744a12d77be8,2025-06-07,organic,free,US,Retail
f999b5ab-8609-4353-8b95-576ffaeacd1b,2026-01-16,organic,basic,IN,Tech
90dcd383-7ae1-49fb-9fc4-56de22f8c7b7,2025-11-03,paid_google,free,US,Retail
59ed5020-3552-4511-a225-f6c73e764cf3,2025-12-14,organic,free,US,Education
f957ed03-80d9-4417-b57d-c9dff63d13de,2026-04-19,paid_google,free,US,Finance
304ba7d8-3155-40fa-b98c-e0275efa9439,2026-05-30,organic,basic,DE,Education
ef3d23a1-92df-4ee0-8bd8-dd97bcd807a2,2026-01-09,organic,free,US,Healthcare
0d286b0f-e5d7-46de-b29a-7cda621ea6bb,2026-02-05,paid_google,free,US,Retail
c4bbb9c5-47f3-4b80-a351-50c5bef559a4,2025-08-22,organic,free,US,Education
b26d62cc-78ed-4c5a-80b1-6611e94e7f72,2026-01-26,organic,free,US,Healthcare
d9b0fa64-6d47-41e6-9dbe-d3da3c327d29,2026-05-26,organic,free,FR,Finance
04b8fef9-1d2e-4725-9e88-207affb32bf0,2026-04-19,organic,free,FR,Education
11f061d5-bf0a-4d3c-9368-2315eb1109a9,2026-02-18,organic,free,US,Retail
11304d2d-a934-4824-80d0-8be23f76a7e9,2025-12-06,organic,free,US,Education
57abaf33-9130-4743-8850-066a84051544,2026-03-17,paid_google,free,IN,Finance
7099d8e6-b43b-4963-a2e4-a9c9d5f73be6,2026-05-28,organic,free,US,Healthcare
1668828c-33b5-4ef6-8b8f-48eb5453af5d,2025-07-28,organic,free,AU,Education
ef643363-f8a8-4405-bb07-76f6f9a35b82,2025-06-09,paid_facebook,free,US,Education
9adb3e01-1dc0-4008-a45e-c494bc3db84e,2026-03-31,organic,free,UK,Tech
8650c093-c17d-4e3f-8aad-77e4647655da,2025-09-23,paid_google,free,US,Healthcare
8f1b927b-b514-4c9e-94c2-c30372020bcc,2025-12-27,organic,enterprise,DE,Tech
8ccc8494-d07f-430b-bd70-5501ad359f78,2025-07-11,direct,free,US,Tech
ece3fc9c-2e1c-4030-9919-964004f5caec,2026-03-31,organic,pro,US,Finance
80d11d1e-e5fb-4179-8f46-f5f767852b48,2025-11-20,paid_google,free,UK,Finance
ecd897eb-26ba-4a0e-b975-9d92a3f12068,2026-01-20,organic,free,US,Retail
8766a3e6-9906-4bb8-81da-eab054a790d8,2026-03-08,paid_google,basic,US,Healthcare
c3158ae6-2640-482a-af00-91cf460dfbc6,2025-08-17,paid_google,free,US,Healthcare
1d85dc8a-3477-4630-9a3e-637eaa04dedc,2025-09-16,organic,free,FR,Finance
19345050-b23d-44bd-a9ed-2984fa11b91e,2026-03-08,organic,enterprise,US,Finance
2ef8cb50-d692-406a-a2ea-cea8cc82c94c,2025-07-09,direct,free,US,Tech
6b07ea56-c796-4c8c-b345-0c30684c8437,2025-09-27,referral,free,FR,Finance
b1f7f150-be2e-4d67-bf2f-ec20757714e2,2026-05-01,paid_facebook,free,AU,Education
d8a7f740-49b2-4c13-a70d-3ec1965ad8d2,2026-05-02,referral,pro,CA,Healthcare
79ea9450-a73b-42ea-9449-364ce8895f37,2025-06-27,organic,pro,CA,Retail
7a306eba-2581-4a38-80f7-c8da332442ec,2025-09-12,paid_facebook,free,AU,Tech
2b9eb762-2296-4317-bcb3-3550fef390b5,2025-08-13,organic,free,US,Education
eef558ca-a621-496a-89bf-263cd12ff261,2025-12-08,paid_google,basic,CA,Finance
38154601-2c32-49ce-83ba-11aece9ce523,2026-04-20,paid_facebook,free,US,Retail
11e3bfd4-8fbb-4c3a-8d12-af801c8633b7,2025-10-25,organic,free,US,Finance
cf766c1e-a65f-4040-9ee1-5596849966ad,2026-02-10,paid_facebook,basic,US,Education
d3ff0b7d-43b4-408a-bbe8-19bf03fe36ce,2026-03-11,paid_google,free,IN,Retail
1ffb3866-7cda-4ef6-95cb-19248609f8e2,2025-12-30,paid_google,basic,DE,Finance
ed59fb8a-8616-4fdb-aaf6-106192fb560c,2025-10-01,direct,pro,CA,Education
cda3d222-4970-4e8c-a468-dd5a2d11a855,2025-12-23,referral,basic,US,Education
53d6f045-907e-4446-b80d-406e2a10ca33,2026-01-26,organic,free,UK,Retail
f5077f1e-5a42-4cec-a9e0-ae19a7f61ba6,2026-05-05,paid_google,free,IN,Education
f31e0adb-30eb-48d4-8ef5-6c493038d357,2026-03-13,paid_google,free,CA,Finance
efc32d1b-db3a-4895-8860-1a202d7f9fb1,2025-06-22,organic,free,UK,Retail
70d81c3d-8830-43eb-943c-9f17ed44a958,2026-02-14,referral,free,US,Tech
168116ed-8fa3-4d2f-864b-c837e82f9cc6,2026-05-23,organic,free,CA,Education
91af4b4b-31bd-4425-a020-35f89394ab8e,2025-09-13,organic,free,US,Finance
6762f564-a3c0-45c3-8a26-ccb0d0a76087,2026-02-13,organic,free,UK,Retail
cbbabb96-87ed-4351-a856-7da29dc836bf,2025-12-21,organic,free,AU,Tech
25629a25-bcf8-4549-823c-c886108261e7,2026-04-06,organic,free,US,Tech
322f44a6-fc4e-499b-8835-57d09e27a563,2026-02-17,paid_google,free,US,Healthcare
0e7ad8c6-6adb-4da2-88c9-74f5a4f941fe,2025-09-15,paid_google,free,FR,Healthcare
01ecb379-a279-4f3c-b98c-ffea0d19eaec,2026-02-06,paid_google,basic,AU,Retail
5dce14ff-fdb4-4792-8505-798229d579f5,2026-01-07,organic,basic,US,Education
8dbc49ab-25e9-4b04-8116-d1866952374c,2026-01-08,paid_google,free,US,Finance
12515c93-9ee5-46f1-93f1-af889739cc18,2026-02-13,organic,free,US,Education
74786826-c3d5-45ec-9143-333f5eea8615,2025-12-18,organic,free,US,Finance
2247a68b-8145-47c2-8877-dbdd72d3b1c9,2026-02-13,organic,free,AU,Finance
a02e4c40-7c54-4054-a436-459141f1e4d4,2026-05-15,organic,free,US,Healthcare
c7952dd4-480e-46c8-8432-349042d67e5a,2026-01-11,organic,enterprise,IN,Healthcare
a34c5d1c-a8a2-429f-b96f-c07a6148503a,2025-12-19,paid_facebook,free,FR,Education
5fd7d39a-3b3d-4281-bb12-bff72d896fab,2026-01-12,organic,basic,US,Retail
c70d66bd-3e82-489f-adb3-361cab2e2c7b,2026-01-22,organic,free,US,Finance
cab87f7b-fc11-4458-a1bc-9a5e1937b20e,2025-11-30,paid_google,free,AU,Healthcare
c2298355-264d-4f4c-9e52-0e681fa7204f,2025-12-17,direct,free,IN,Retail
f4d851d8-3b5b-4f45-aab1-118769001fba,2026-05-23,referral,basic,US,Healthcare
3b7a7a2d-59f2-4c3c-a4d4-08dc3713dfa4,2026-02-01,direct,free,UK,Finance
c0ae8558-cc0e-49d5-8bd5-ab0fc0993f91,2026-05-19,referral,free,AU,Tech
84f375a7-e215-4b39-a6db-b314d88e93cf,2025-09-19,paid_google,enterprise,US,Healthcare
ac40274d-2ef7-447e-b2d8-3ed7e7a28b15,2025-06-06,referral,free,US,Retail
955baa15-e8d2-4437-8a0a-72cae485f9b3,2026-01-22,paid_google,free,US,Education
251a4a7d-f6da-49db-8f1a-baa297b19545,2025-10-05,organic,free,FR,Education
9749d1b5-c00e-43f5-845e-e110b07804a5,2025-09-12,organic,free,US,Finance
3d969927-fbb5-4778-ac6f-bd5425790f00,2026-01-23,paid_google,free,US,Tech
700edb31-02df-4212-a58c-8e42af642601,2025-11-02,referral,free,US,Healthcare
5c40c312-0635-4249-8da8-3a81dcd514aa,2026-02-12,organic,free,FR,Healthcare
c69993e3-1b5a-4129-93a6-9ba454e519d3,2026-01-21,organic,free,US,Tech
a7b503b0-d5cc-4ece-9ea7-a01601868b0b,2026-03-16,paid_facebook,basic,IN,Finance
63f0bb49-d154-41e5-93d3-8f670e27c18c,2025-07-10,paid_google,basic,US,Finance
b9f55c95-3cea-4022-8ed2-19209a0fa0a4,2026-03-15,referral,free,IN,Retail
9bed1273-bc60-44d2-9d22-5679e46f182a,2025-12-14,direct,free,IN,Retail
c8cf5f6c-9cf2-4fc2-8046-aba42f03fa0a,2026-02-28,organic,free,US,Retail
1a570219-015c-400a-98a7-6e6c364e0827,2026-02-19,organic,free,US,Finance
5f6172c8-e447-46f9-b823-33eccb4018ec,2025-07-27,organic,free,US,Healthcare
e902c60c-b4e9-4fba-94a4-821f2ce15393,2026-03-25,referral,free,US,Education
aafe568d-e4f6-492f-9e73-0fd421787fea,2025-09-06,organic,enterprise,IN,Finance
1714faed-a67a-45a7-a7a0-ccb23a54a40a,2025-10-15,organic,free,US,Tech
375a7561-9dc2-46f1-9c50-bc14b5d46086,2025-08-26,organic,enterprise,CA,Education
9c66227a-2d06-4dbe-8aa2-93d977942a1e,2026-01-28,organic,free,US,Finance
318ac10e-091a-41cc-828d-441aebe1c83d,2025-12-16,organic,free,US,Finance
bc0bb3a3-1109-4cfc-8f98-eb3e562a61f4,2026-04-06,referral,free,US,Retail
5aab6651-0c94-47c2-9784-45f77c79a472,2025-08-23,paid_facebook,free,US,Healthcare
7c102529-0e76-4961-bf6d-3e7c3ef9dbd0,2026-01-28,referral,free,US,Healthcare
51c66824-7557-4db0-8517-66cecb3bc78b,2026-03-08,organic,free,UK,Education
896b8fa2-d0f8-489d-8fb4-d3ed1db22971,2026-04-19,paid_google,enterprise,US,Finance
e384182c-4ae2-419b-81dc-31f460f166a7,2026-02-07,paid_google,free,AU,Retail
64ec437d-7653-4c2b-a96b-b8d0e364f6f4,2025-12-07,paid_google,free,DE,Tech
4e638161-392a-484d-894e-d2acac37cdb7,2025-10-30,organic,basic,AU,Finance
2c18ba98-f5fb-43bd-8ccb-eb476418f730,2026-03-29,paid_facebook,basic,FR,Retail
ed4532df-0b92-43d3-95ac-93118085d411,2026-03-05,paid_google,basic,FR,Tech
e5f7094f-5ac8-4a95-8df7-bb7cb1e46ce2,2025-10-17,organic,free,US,Tech
a6b9add3-d591-4eda-b195-996f48bb8969,2025-11-23,organic,free,US,Education
eab83a1e-c992-489a-ad75-c5a39dfdbe36,2025-06-08,organic,free,UK,Healthcare
625d5777-c933-4ece-a4b8-5cbc9bcc46fe,2026-03-22,organic,free,US,Healthcare
d5c4dc8f-167c-47d9-b735-c8c934c875e9,2026-01-21,organic,free,FR,Education
72f217d5-b357-47e8-bca7-5d661789da22,2025-11-10,organic,free,US,Finance
c3180e9d-3a1c-4b15-a580-af5e0239e718,2025-07-19,organic,pro,IN,Retail
151dfb3b-559d-46d7-958f-82be69f662f5,2026-03-29,paid_google,pro,UK,Healthcare
af794642-53d1-4016-8a9e-cc3f090b3482,2025-07-08,direct,free,FR,Education
6de8f87c-ed4f-4a08-b368-c7da29f0ef94,2025-10-14,organic,free,IN,Healthcare
8436af1f-c33f-4de5-bed2-a51e3f5ecb2d,2026-04-06,organic,free,US,Healthcare
415cde75-b53e-4d5f-9b80-a98b9e8a8228,2026-01-05,paid_google,free,US,Healthcare
e34d4a00-5980-4565-b589-d4090794c035,2026-05-14,paid_google,free,DE,Finance
20aa9bb3-18ec-4a47-b17f-151ac06bb124,2026-03-23,paid_google,pro,FR,Education
b4b14993-2d06-4b2c-a1f1-1c0ef1d63001,2025-07-04,paid_google,free,AU,Healthcare
0b6ff5a8-84b5-4ba1-8913-9a957a24450b,2026-05-18,paid_facebook,free,IN,Healthcare
cce23f9d-ba48-4aec-917f-fd5a776d9127,2025-08-18,referral,free,US,Education
2dbc2791-b375-4ae3-8c13-6f04af6ac51b,2026-01-22,direct,enterprise,UK,Tech
fe2bdfa0-1ddd-4960-96a1-1afdf2a3b780,2026-02-28,paid_google,pro,FR,Finance
03b0e205-1ae2-4ffc-84b7-0d223be1109b,2025-11-08,direct,basic,US,Finance
88fac399-bb10-4cba-a31a-9c321733088e,2025-11-22,paid_facebook,free,UK,Retail
91b6b6b4-b0ea-4439-a73b-ef9b6bef20be,2026-04-04,paid_facebook,free,US,Retail
18a03b2b-b11e-4a14-9581-0ad6dbe58863,2026-01-07,paid_google,free,CA,Tech
19540d1f-fa75-4e94-a9ea-c9475fe21f13,2025-06-09,direct,free,CA,Retail
5e30d4a0-de1b-41ab-a256-f229f5f18baf,2026-03-16,direct,basic,UK,Healthcare
b41d191e-4029-4a50-9880-6529e6cf8159,2025-09-21,organic,free,US,Healthcare
9a47f98f-5234-4943-96f1-4ba50fed551d,2025-12-22,paid_google,free,US,Retail
9861498f-c5c0-4932-b0a6-c0cdc841d539,2025-12-03,direct,free,IN,Finance
8d0a892b-d568-4971-950a-37a65cc4aac8,2026-05-07,organic,free,FR,Tech
9611e52d-7340-47a9-8f59-c0c9e41395c9,2025-12-14,organic,free,US,Healthcare
37ced47f-6877-47aa-897a-8b04624c283b,2026-02-21,organic,free,US,Tech
0d0227a0-0bd6-4ece-9732-f1790a3a2564,2026-02-17,paid_google,free,IN,Retail
1a6b6a47-cc46-49cb-bd04-fd52365a9cea,2026-02-03,paid_facebook,free,US,Education
f493cca6-6b64-4536-871d-a4f25848b0af,2025-09-23,organic,pro,US,Tech
7ba5e034-0df7-4241-8b1a-9e7f4c024ce1,2025-09-29,paid_facebook,free,UK,Tech
e5bbade1-3881-4530-8fde-5bfd00b1ca09,2025-10-19,referral,free,CA,Retail
d9b6efd9-78ae-40fc-81e3-178e3d2c05e7,2025-08-04,organic,free,US,Retail
3f6f3115-92f9-4b53-b466-a846f98dacc2,2026-03-03,organic,basic,FR,Healthcare
50b68aff-4252-44b0-be7b-0934201da0fd,2026-04-09,referral,basic,US,Education
34ec9251-7015-4062-92e3-5c88b9da957e,2026-01-25,direct,free,US,Education
f51e1bc7-85ca-46a4-b9d2-a0dd0ce15eac,2026-03-29,organic,free,US,Tech
ed8f7dfd-2407-4935-8768-0a9e72ff07cf,2025-06-10,paid_facebook,enterprise,IN,Education
893f38a2-74a2-4824-b4f1-6ef638ae14b4,2026-01-19,paid_google,basic,DE,Retail
3ed75aa1-8132-401f-a303-52eddcbccf89,2025-12-12,organic,free,US,Retail
81e635af-b573-42ca-9cb6-81ec637fee66,2025-06-12,referral,free,US,Retail
30548f30-0e00-4d34-ba1c-bc3b3b6fc289,2025-11-24,paid_google,free,US,Tech
da25da95-6a70-4e99-bb1f-33983ed0c97c,2025-11-24,paid_facebook,basic,US,Finance
72e61a53-3981-4385-8d76-a4233878923c,2026-01-03,organic,free,CA,Retail
4610f754-8290-461b-9e53-98d610d5b469,2025-06-11,referral,free,IN,Education
6101067d-6a17-4c4e-9103-3737cb2b1198,2025-09-26,organic,free,US,Education
e064a7e9-ad47-49a7-9c39-edb5ccf2a038,2025-11-11,organic,free,FR,Retail
634edd1b-12a2-401e-837b-fca407923e59,2025-07-09,organic,basic,IN,Finance
cfb5f8af-e6e4-4f88-9bfd-870dd1a31b6c,2025-07-23,organic,pro,US,Tech
1901f8df-f33c-4e0d-9548-908283fe30ad,2026-01-04,referral,free,US,Retail
b904b8b0-2a33-456f-b8d5-383221acc7d2,2025-12-23,organic,basic,UK,Tech
87417a8e-9226-417a-ac92-66c5cd24c168,2026-04-08,paid_google,free,UK,Finance
9f7137d2-3466-42d3-a7e6-783f456f4ae1,2026-05-26,referral,pro,UK,Retail
7b9832dc-1252-4ad4-8862-58d4c727e09e,2025-07-26,paid_google,basic,CA,Retail
7b0e8f4f-93a0-4119-a186-84c6d96ca2b7,2025-09-26,organic,enterprise,US,Retail
14256014-f02d-4cc4-89fd-5cf97bd1ac84,2026-02-08,paid_facebook,enterprise,US,Healthcare
4f559d1f-7e29-4e79-921b-3f4ac849fd66,2026-03-13,paid_google,free,AU,Retail
536e2bb4-aa7d-4eac-b1b6-118965160d83,2026-02-23,organic,basic,AU,Retail
4f2054e1-4ff4-45e3-bf4b-ccf011eed3ba,2026-03-18,organic,free,FR,Finance
0bc19a18-13b5-46cf-a93c-73d13a95ae64,2026-04-29,paid_google,free,FR,Finance
83e8382e-ee47-49b0-a541-31fee684ece1,2025-11-27,paid_facebook,free,US,Healthcare
455634b9-f8e2-44e7-88e2-9dfab06fc220,2026-05-24,paid_google,free,US,Retail
0476eec2-8180-4865-b8d4-82786a25c9b0,2026-01-21,organic,basic,DE,Education
5e792af8-1929-4ccb-9e67-70afad3b8ba5,2026-05-09,paid_google,free,FR,Tech
7acd4b3d-aab6-45a2-8391-eea9f4c578e6,2025-12-13,organic,pro,US,Retail
f248023a-bed9-4141-8eef-3de98cff1696,2026-04-04,organic,basic,US,Healthcare
177c5457-1424-425f-bfaf-73503cf59ce9,2025-08-19,direct,basic,US,Education
bfd246fa-d931-44d3-b6ba-69e5bfe7a0ae,2025-10-13,organic,free,IN,Finance
c6db2ace-0dde-4495-a34a-199b3f222021,2025-06-22,organic,free,IN,Tech
2a1f6c02-98a5-4abf-9b2e-dde808deb395,2026-04-27,referral,free,IN,Healthcare
4f47c1d1-7571-4613-85de-ade43260b0d7,2026-01-11,organic,free,US,Finance
313f1bc6-ecb2-4da8-a542-3f186d17033d,2025-07-28,paid_google,basic,US,Retail
1eb7c007-51e5-489c-94c9-271b47fff87e,2025-09-01,paid_facebook,basic,US,Healthcare
3e2ba5a9-1bf2-44d5-93af-e5976a959850,2025-12-09,organic,free,US,Retail
e718f072-dc09-4706-a209-6359f9494cca,2025-09-11,referral,basic,FR,Healthcare
f9b4a963-b9fb-445e-a2f5-8d8cc6e98fea,2025-06-07,paid_facebook,free,US,Healthcare
253d237c-8e91-41ac-9f4e-00087285b414,2025-10-06,paid_google,free,US,Retail
79ebc237-9d08-49bd-8087-8dade031feee,2025-07-25,organic,free,IN,Healthcare
1dcfd9b0-a45a-48ac-b050-9bacc7e9ab69,2026-01-17,direct,free,US,Finance
9427e265-5c73-4e6e-92b9-90ce04753bd7,2026-05-28,paid_google,basic,FR,Finance
8cb0e2d5-ed08-43b1-aa90-3f58cc265154,2025-08-01,paid_google,basic,US,Tech
d9154172-310a-438d-9324-c80f834f7579,2026-01-26,referral,basic,AU,Tech
37fc123e-dd4e-4b53-be95-a5177d442519,2025-08-29,paid_google,free,AU,Healthcare
b4585cc2-076a-4401-80d3-a52a33bdec99,2026-01-18,paid_google,free,US,Finance
95ae1556-92a0-4ee2-9695-7e32f4cf8598,2026-01-19,referral,free,US,Retail
7bde6cae-7cfa-4678-8dba-53cc77e4a930,2026-05-20,organic,enterprise,US,Healthcare
a7c45984-3a1a-4a3b-8a66-c575f9fbc238,2026-04-29,paid_facebook,free,UK,Retail
e8ba08fc-b71a-4a5c-aba2-8a6ed16fd7e2,2026-03-19,organic,free,UK,Education
23dc97ba-b61d-4a2f-9f55-577c6c593e39,2026-05-11,paid_facebook,pro,FR,Tech
3b02b7cc-4e91-4d1c-914b-7efaace4eaa8,2025-10-30,paid_google,basic,US,Healthcare
e5dc7eea-8e26-4155-8c5d-f48a78c3ce0f,2025-10-23,organic,basic,US,Healthcare
a9b0bec8-a889-4c65-9b59-7a0ee1aa7031,2025-10-08,organic,enterprise,US,Retail
bda0cd13-ae3c-4b4a-886d-2b4a4313f0c5,2025-10-19,paid_google,free,IN,Tech
f4c6025e-3e33-4e68-92e8-0a414dcd02d1,2025-09-01,paid_facebook,free,FR,Retail
ed8732bc-e08d-4847-ab35-4ff9cba52d42,2025-09-22,paid_google,free,US,Retail
a64d39a0-40ef-48e4-8cda-c1b73ea6b8f6,2026-03-11,referral,free,US,Tech
173bc88f-c994-4dab-9863-a40c864715a7,2025-10-21,organic,free,US,Education
bac94943-9ebd-43e1-b6be-f4c368aa8c3f,2026-01-09,referral,free,US,Finance
e7afc8d9-07de-49c5-8b74-6fe02ea8f6b2,2026-01-18,organic,basic,UK,Finance
c1e1dc13-67ee-4812-87d4-f471a872857c,2025-07-03,organic,free,US,Education
d61496a8-1d13-4efe-bd40-507b4066dd02,2026-03-03,organic,free,DE,Tech
8201eec1-8908-469b-9cc2-c0c04ff41c5b,2025-11-17,direct,basic,US,Healthcare
5aca9225-b959-4272-a14f-e9a69f4a03e5,2025-10-18,paid_google,free,FR,Tech
c158a833-74bc-4cf9-96ac-de760d856249,2026-05-23,organic,basic,US,Retail
29c66288-b37c-4441-894e-09f6c0841697,2025-12-18,paid_google,enterprise,DE,Tech
96f0db14-6afb-4cfb-bfcd-5c6c32204caa,2025-06-23,paid_google,basic,FR,Finance
ba29ff85-d498-49b2-9a98-20f55c4e374b,2026-01-10,referral,free,FR,Healthcare
4a2a8241-53bf-48fe-ad4c-27e77d0bd1f6,2026-02-25,paid_google,pro,AU,Education
9180c907-854d-4a7b-8ec6-c60ae55a8d4f,2026-05-13,paid_google,free,US,Tech
02213469-d916-4df5-8fce-b735301e43de,2025-10-31,direct,basic,US,Healthcare
a0b8e685-a6bb-4c94-926d-8cc2b6166885,2026-04-29,direct,free,IN,Healthcare
e63af5f6-326f-4131-9a50-1faa7868003f,2025-08-24,organic,free,DE,Finance
c7425f0f-0e7d-4428-a3b6-d80cab6a59d5,2025-09-17,paid_facebook,enterprise,US,Retail
2fee9d48-9f96-4f91-950f-3d50c00fc7aa,2025-07-01,organic,free,FR,Healthcare
f57849c4-1a6a-45bd-8135-8c72c6c90999,2026-01-15,paid_facebook,basic,CA,Healthcare
ac2617d1-048e-4082-b935-5dc5e521caaf,2026-01-26,paid_google,free,US,Tech
497f090a-69fd-4902-b242-4e51499a4c67,2026-05-29,organic,basic,US,Education
7be32333-59bb-427d-91bb-033b0aea1085,2026-04-06,direct,enterprise,US,Tech
799f9f44-1f04-42ba-8464-eb2cc24db59a,2025-10-19,organic,free,US,Finance
01850c16-2d7e-4bb3-b88c-2d6b0a673c5f,2025-11-03,paid_google,free,IN,Healthcare
95c68dbd-5f2f-4399-9e1c-7659445d34db,2026-03-26,referral,basic,US,Retail
860d42d4-6fb5-4951-95fb-2ec0cb701021,2026-05-11,organic,pro,UK,Healthcare
f4aaf524-b00f-4464-a0c9-e1c2c7656962,2025-09-07,organic,free,IN,Retail
167789d0-a6bb-46ac-b4be-5c9f7e3a273d,2025-07-17,organic,basic,DE,Retail
f4387703-ba33-4ab8-bb00-fccc1ab6ba41,2026-04-23,paid_facebook,free,UK,Retail
67797f01-31e5-477f-8b9b-101b5b6909fb,2025-08-06,referral,free,UK,Education
993d61e3-1cae-4c37-bf80-f5a5dadcf483,2025-08-01,organic,free,FR,Tech
afc762c8-4d67-4792-8497-f20879373908,2025-09-17,organic,basic,US,Finance
d95b4046-c931-445f-923c-1c21263a2bed,2025-11-14,paid_google,pro,US,Education
27564264-2855-413d-9485-f7ab1a8f3018,2025-07-07,paid_facebook,free,DE,Education
35c7b7af-7a0b-4138-a3bf-fcc5eea4bb28,2025-09-27,paid_google,free,US,Retail
9eba45c4-817f-4ea1-a61d-a41a371458dd,2025-08-25,paid_google,basic,US,Education
c0d2fa98-7e63-4ddd-831d-f288e1bb25f7,2025-07-22,organic,free,US,Finance
4dc66744-cf6e-41ae-84d4-7a3c4ffaaa13,2025-08-30,paid_google,pro,US,Finance
40865ebe-ec82-4e64-8cfc-43fb0fb4b0d8,2026-03-16,organic,free,IN,Healthcare
eceef605-5204-4d6f-9975-03d4fea98e53,2026-05-03,organic,free,US,Education
ad9eb936-f37e-42cc-bf95-4618b4198fd5,2026-03-25,organic,free,UK,Healthcare
9ff275b7-300e-4c44-bae6-d99e90784e24,2025-12-21,paid_google,pro,AU,Finance
d4e08daf-d8fa-4754-9b08-e82a819da95e,2026-01-24,organic,enterprise,CA,Education
89d3142c-cf3f-4ef7-92c6-ed9213ba5e82,2025-11-02,paid_google,free,CA,Retail
b304d7d2-6c8c-45ee-a226-8522469ee5e8,2026-01-26,paid_google,free,US,Retail
22446fed-0bd1-4a2f-b7c9-82a1852b78ce,2025-10-14,referral,free,US,Education
6fbbdbb5-a4da-4bb1-8539-941167e554b5,2026-05-28,paid_google,basic,US,Healthcare
7a2670ae-9819-4cc5-8bbb-4305a44dfc58,2025-08-03,organic,basic,UK,Healthcare
b19749d5-24d3-42c5-a6bd-b23a76ffc190,2025-10-01,direct,enterprise,UK,Retail
bd23788a-f734-4eea-9ef1-50796089e2ce,2026-02-09,organic,basic,CA,Healthcare
a2934306-852a-484e-9130-b556bbf9fef6,2025-09-22,organic,pro,DE,Retail
f4deb5a4-f68e-4453-897c-b08d0fb12036,2025-06-20,direct,free,US,Tech
b6e1099d-9e3f-49ac-a563-922e72a6d3f4,2025-06-16,paid_google,free,US,Retail
7ccf3142-977b-48b0-a45e-c9386c79c644,2025-10-23,paid_facebook,basic,UK,Tech
5a43ce1f-fca4-470b-8482-3cb53375728d,2025-12-25,organic,free,UK,Education
891d85d4-a109-43be-a68f-b5a89e4e191b,2025-06-19,organic,free,US,Tech
1efc3dd3-290c-41d1-8200-3e63f924ebe8,2025-11-13,organic,free,US,Finance
5fbaa39f-c7ae-4922-bc59-cde80be799b7,2025-07-08,paid_google,free,AU,Healthcare
c7e04446-4b0e-41d3-9a93-f4b278a35764,2025-11-28,organic,free,UK,Tech
e2e6da5a-2dec-4a78-b489-0302bd2e7d97,2026-05-15,organic,free,US,Finance
4e2021dd-1eb9-42b0-9af9-ed53c6fecdec,2025-09-13,organic,free,FR,Finance
b0c99cbc-8656-4073-bafb-40f93240b86c,2025-09-08,paid_google,free,US,Healthcare
9a1b571d-bf3f-41d4-a46b-fcf9ad12f58c,2025-08-29,direct,free,FR,Retail
8b1fd7bf-e8b2-44ed-9945-f4461331adb8,2026-03-27,paid_facebook,basic,US,Finance
20b62667-2523-4e4f-9559-6341689cdfdd,2026-04-28,paid_facebook,free,UK,Tech
bc4f492e-3022-43d3-bc22-00a1a20ff5c9,2025-08-18,organic,basic,UK,Healthcare
ddd4b851-e52d-4cbc-8a61-206affe50219,2025-08-12,organic,basic,CA,Tech
ee243e91-4dc0-42b0-993f-302f67eeb092,2025-11-23,organic,basic,US,Retail
fc7244e0-8733-4e6f-b55d-a3cfbb755a92,2025-09-04,paid_google,basic,UK,Healthcare
0ddf5f29-49da-442f-bebc-dd6e9c64f66a,2026-05-11,paid_facebook,free,US,Finance
1cf3ee94-d1e3-4a3c-a3bc-a6abcd2b907d,2025-09-11,direct,free,US,Tech
0f407dbc-3591-4d60-afa9-13590f5a2ae3,2026-01-10,referral,basic,US,Tech
8e9edbb9-b635-4baa-8764-615b8f9325c4,2025-06-06,organic,free,CA,Finance
ff1de474-9e8b-47d1-bace-91b83e5ab149,2025-09-30,referral,free,US,Finance
42f8688d-1f51-4385-9201-7931f93066ad,2026-01-22,paid_google,free,US,Retail
65bedc6f-fd86-43da-a2df-bafceec820ac,2025-09-24,organic,pro,US,Retail
ed1f7a3f-883f-40a9-a4cf-0ee4dd821280,2025-11-10,paid_google,free,US,Finance
6297da54-0600-45d8-82ca-26f0d1fae258,2026-01-12,paid_google,free,CA,Healthcare
511df9ad-fb0a-4822-b564-6530254afe99,2026-01-16,paid_facebook,enterprise,UK,Finance
3e2e0d35-29b1-4cbf-b2ff-81e037237527,2025-11-29,organic,basic,US,Finance
d689b765-e374-4ba7-b84a-45efcdbe9ae1,2026-02-04,organic,free,FR,Education
a6d6e525-2462-4fb0-9c4c-ad52a073dc6c,2026-04-14,organic,pro,UK,Healthcare
d6a326b2-a408-4668-b1c2-4a77b9c46aa7,2025-12-27,organic,free,DE,Healthcare
650fa50c-6145-4320-8731-3d9fc7b7d4b3,2025-10-22,direct,basic,UK,Retail
eeaa88e4-dbca-4e96-a339-24e19edb3f3b,2026-05-11,direct,free,US,Retail
691e05d6-06f1-403d-b42c-b9fb9259cb54,2025-09-04,direct,free,UK,Retail
96d58af0-df87-45e0-97aa-be3418632c86,2026-05-12,organic,basic,US,Tech
2f57aa0b-58cc-499a-965e-8ebcef742f85,2026-01-30,organic,free,CA,Healthcare
b71106f8-4865-47a3-adc9-f50e394d5df1,2025-08-25,direct,free,FR,Education
5a1d1248-eb8f-4438-b7da-0f8ebe805fb0,2025-12-01,direct,basic,US,Retail
4a774d5f-8537-471b-82e5-1608bf482ae2,2025-09-29,organic,free,US,Retail
5b083c49-68ce-40ec-bbb0-0b483aa0cc6c,2026-04-28,paid_facebook,enterprise,US,Retail
ab97a6cd-f472-4c15-80c2-c309266bb7bc,2025-08-31,organic,free,UK,Retail
2844b18c-e2b2-41b1-b3d4-e590159161f6,2025-08-09,direct,free,IN,Retail
a142899b-a111-4df9-beeb-1ade8b6ad857,2025-10-11,organic,basic,US,Tech
0c7e95c1-464f-4b48-96c9-a60cea3fda1f,2026-03-06,referral,free,US,Education
ef71e718-881f-422d-945b-797f0cd85873,2025-10-15,organic,free,UK,Healthcare
f9916028-2195-45eb-9389-91ba185d69a6,2026-04-10,paid_google,free,UK,Education
38b4b154-f28f-44b4-a3aa-27aa75d9efe7,2025-12-04,organic,enterprise,UK,Finance
4aa2d1ae-9551-4d40-b587-b993eb2987eb,2026-01-07,paid_google,free,US,Healthcare
2fab196d-433e-4a4e-94ad-6bab37ac278b,2025-07-16,paid_google,free,IN,Retail
279a0bc6-b868-4349-8b3d-69d4472dbbd8,2026-03-05,paid_facebook,free,US,Finance
7c29bbaa-744e-44fd-be63-d40f6bbc0d58,2025-12-09,organic,free,US,Finance
c3b359af-fb58-41da-814e-0ac5ce3c8df1,2025-06-08,paid_facebook,free,US,Finance
0d7fed9f-5664-457b-bbc8-ef2f063a4924,2026-03-03,organic,basic,CA,Finance
ca98602e-1756-42ba-b1f7-10c4e32b747c,2025-11-26,organic,enterprise,US,Retail
fe28bb07-bf1a-4746-933c-7c582a1d9373,2026-04-30,paid_google,free,US,Finance
daf5ad45-f116-4844-b877-01efcdea2f4b,2025-07-09,organic,free,IN,Education
bacb6888-c49a-4880-92af-a38558af8030,2026-03-20,direct,enterprise,US,Retail
94a1eaf3-f3c5-4cb2-8596-8a7d076f314d,2025-11-25,paid_facebook,free,FR,Finance
1eb4ccba-e2dc-4684-9b47-13d5b96674e0,2025-11-09,paid_facebook,free,FR,Finance
73423cc0-1995-40ef-a6c8-dedb998e79ec,2026-04-27,organic,pro,CA,Education
b4925bd7-afd1-47d6-9679-d1d4e08515ab,2025-09-12,organic,basic,IN,Tech
0371fd5d-d3af-4ee3-a3e0-bbaa849ffe39,2025-11-08,direct,free,CA,Tech
5ee94e17-3b5b-40f9-a1f2-d4b07edd7b80,2026-03-14,organic,free,US,Education
f623e013-be62-457a-93cd-db63364af840,2025-10-01,referral,free,UK,Tech
3b6195da-7211-45fd-8afe-72d22da20a74,2025-07-24,organic,free,IN,Healthcare
22219ba0-81ab-44a7-ae32-b12ed9daad8f,2025-07-04,organic,basic,IN,Healthcare
ab16cbea-f87a-4487-9244-0fc6def515a8,2026-01-28,paid_facebook,free,DE,Healthcare
5ba3c9d9-639b-4d71-bed8-4dc42c929980,2025-09-21,direct,basic,FR,Tech
1e37a1fa-71e8-4657-a84d-1b7093ec1c11,2026-04-14,organic,free,US,Healthcare
e04839d5-b65f-46d8-960d-13ea4da1abf8,2025-06-23,organic,free,IN,Healthcare
0737fe08-d23d-46a5-b219-66ab65015026,2025-07-16,paid_facebook,free,CA,Tech
96bc04c2-8dee-4e3a-95ad-490a8335c6ef,2026-04-08,organic,basic,DE,Education
c8014410-dd38-453e-8b47-c2b2b39dc7d7,2025-10-13,organic,basic,US,Retail
5f5bac99-ebb5-4032-b815-bd976aa57f27,2025-09-26,organic,free,IN,Healthcare
04158122-c3b5-4c30-8296-7e71ae212298,2025-12-06,paid_google,free,US,Tech
b5610260-364b-405d-85e4-550e27103df4,2025-10-09,paid_facebook,basic,US,Retail
93fd2dfd-28a6-418e-9dab-3ab4dde5f9b7,2025-12-29,direct,free,US,Retail
28936703-63d3-4d98-83f1-cb0b95d8f055,2025-09-21,organic,free,FR,Finance
5a8f7951-24b1-4e0e-a512-821e82bbcdf1,2025-07-14,organic,free,CA,Retail
304ab656-9148-47fd-a555-610225f2e228,2025-10-06,paid_google,free,UK,Healthcare
c86f6dee-8a50-4249-bc44-37d513a013c5,2026-05-30,organic,basic,US,Education
c801ca65-dd4d-471d-bce9-67480b13c2e2,2025-11-05,organic,free,CA,Healthcare
409c9079-d042-4507-846f-0488769a4a7c,2026-02-28,paid_google,basic,FR,Finance
9821d7c4-d669-4423-a479-5baa98d9d97c,2026-04-11,organic,pro,US,Retail
6abcff4c-83fb-4e89-b25b-47e3b02189b0,2026-05-21,paid_google,enterprise,FR,Finance
e26eb2cc-cbec-4c4e-8e18-b68ed898e0df,2026-05-06,direct,free,US,Healthcare
046b457c-e53e-4583-b19a-dff324ff8dc5,2025-07-15,referral,free,FR,Healthcare
881b9d49-9389-4370-ab57-22bce7554429,2025-09-16,organic,free,CA,Healthcare
12f25dd2-6ab4-49a5-8e8b-efa5d3abad59,2026-01-05,paid_google,free,US,Education
c825bf4e-3861-4a81-b097-1793470e6d0c,2026-04-14,paid_google,basic,US,Healthcare
822be955-0726-4bc2-a488-4b6b77a60ecd,2026-04-11,referral,pro,US,Healthcare
51526dae-d1c4-42e3-8087-9c477438e008,2025-11-24,direct,basic,US,Retail
a935c48f-c373-4a3a-ad97-4118230080fb,2026-01-14,referral,free,CA,Education
0eab27a2-b711-4ca6-a1cc-6c0f674a076e,2025-12-08,paid_google,free,US,Retail
4b7a02ba-89c1-4065-8f26-cf0e031691ad,2025-11-07,organic,free,FR,Finance
2436d806-5b17-4dbe-88b8-c1f7574266bc,2026-02-22,direct,basic,IN,Tech
a5990c6e-234d-4c36-b444-4dcaf3355066,2026-05-24,referral,free,FR,Retail
da70b207-7882-44ec-b2ca-db6b0797409e,2026-04-22,referral,free,IN,Education
487008bc-f4d4-406e-9c1c-6bbd07ab3e58,2025-12-07,organic,free,UK,Retail
9e4fcebc-816a-4644-a900-8fcb43e06c7c,2025-11-22,paid_google,enterprise,US,Tech
0724713f-4b6e-4dec-889b-d367a81973d8,2026-03-17,organic,basic,UK,Retail
25dd4bca-59f9-48cc-bdc0-90db5c4d5cf5,2026-05-23,direct,pro,IN,Tech
7cb3a900-65de-4c1f-8454-57f6d1f392c1,2025-10-23,direct,basic,DE,Education
5d36f6bb-455f-448d-8c2e-3679488ab23d,2026-01-18,organic,free,US,Retail
31796aaf-4801-41c0-9b0e-2bcc10e6ac10,2026-05-26,paid_facebook,free,UK,Education
13abd402-3e86-4566-b95e-9f86f9490869,2025-12-21,organic,free,CA,Education
aef4ff5a-f256-460c-aada-dc30efa7f14b,2025-12-30,organic,free,UK,Finance
776a71da-e5bd-478e-b5c4-c7f1fc834867,2025-07-10,organic,pro,US,Finance
efcc9a0a-3a8a-42b1-b3c7-fd5b0abd45e0,2026-03-02,organic,free,UK,Retail
d1f9093d-be81-47fd-81ee-97fe2cd7fc5d,2026-04-19,organic,free,AU,Retail
ac90932c-0e58-4070-b822-1057a8ce88c6,2025-08-21,organic,free,AU,Education
ecc0c0cf-8b91-499b-9dcd-7267104e23ec,2025-11-28,paid_facebook,free,UK,Finance
95ad9d73-231d-46b0-a276-d7a136469531,2026-04-16,organic,basic,FR,Retail
b2f6b0b5-8586-4b8b-8a9c-3104dca16de9,2025-08-22,referral,free,AU,Retail
948a6c4e-ef04-453c-ba1f-fef4981d24d5,2026-03-30,paid_google,free,IN,Retail
819c2bcf-df5f-4c60-be75-3973122698c9,2026-02-17,paid_facebook,free,UK,Finance
b534fc4c-a5f8-44cd-ab3b-55c14572e22b,2026-02-27,direct,free,UK,Retail
990cd7e2-f809-4fca-93b4-ecaa10d92246,2025-12-17,organic,free,US,Education
64863748-72ba-4e61-93e9-8afc1d39ff7d,2026-01-26,organic,free,UK,Retail
ab69750c-1383-45d7-8cab-b550346391cd,2025-11-27,organic,pro,UK,Healthcare
049eeed1-e81e-47c1-bc3d-fe21aeac69bd,2025-11-18,paid_google,free,US,Tech
1ad87e29-84c4-4d8f-ab66-3375b95b7a6c,2026-03-22,organic,free,FR,Education
59ac33e6-8fb2-4064-892c-483f152168fd,2025-11-24,paid_google,basic,US,Retail
8f8eb601-1623-4755-81f9-90b0a5f75d51,2026-01-23,paid_facebook,free,US,Healthcare
cffb05b6-e28c-4317-b889-34197f312043,2025-10-16,paid_google,free,UK,Finance
0ef6bd86-e311-4423-bf9f-9f960fbdf2a7,2026-04-23,organic,enterprise,CA,Education
3c6077b5-a6aa-4d4e-bc14-a38c84c6816c,2026-04-07,organic,basic,US,Education
5e3f56a8-0533-4d0a-8d47-a99f46305e52,2025-10-07,organic,basic,US,Retail
cd894173-ba4e-46db-aa3c-fa9000e03071,2025-07-19,paid_facebook,free,US,Finance
bca47add-cc1b-4d49-8faf-3b84f3ae348f,2025-11-11,organic,free,US,Retail
38262bf8-2096-4e94-b0fb-14ea7363c4f4,2026-03-04,direct,free,US,Healthcare
ef9bbd78-ee9e-4b4a-9ee1-dd99955c65fb,2026-03-20,paid_google,free,UK,Tech
9f2a2c6d-9cf8-4683-9538-ba7dc489f629,2025-09-24,organic,enterprise,US,Finance
efb7fc86-3e50-4c7b-9779-6088ee38565c,2025-06-24,organic,free,US,Tech
30576db8-ae38-41b5-9853-5e22d35411c3,2026-04-07,paid_google,free,IN,Healthcare
bcf497ca-44a0-4119-8f8f-9e74beab0e61,2025-06-25,referral,pro,US,Education
f123bc9c-fa43-4216-8ed4-ad9e134ec0bd,2025-10-05,direct,basic,US,Healthcare
1b869615-1a2c-4306-acd1-bfeb2b0d0cce,2026-01-20,organic,enterprise,US,Tech
6272d483-6501-4bf7-8ffe-8a223dc6a1f4,2025-12-26,paid_facebook,basic,US,Finance
0711c7bc-9119-4454-a8d3-8f1b213264fb,2025-09-01,organic,free,AU,Retail
9d6a4b49-d08c-4a62-b901-80d40f110be0,2025-09-02,organic,basic,US,Tech
0a678572-df1b-4078-b167-e41cee1184da,2026-04-23,paid_google,free,FR,Finance
09d9b99b-5313-426b-ab8c-48f22f593167,2026-01-11,direct,free,US,Tech
90d15efb-5dc7-48fa-8c35-1314a578d730,2026-03-07,organic,basic,UK,Education
76d980ca-d9da-43d2-b939-caa9d808015b,2025-06-11,organic,basic,AU,Education
947f68aa-7f1d-4923-ae63-5c0578820589,2026-04-25,paid_google,pro,FR,Retail
0ac6e957-8765-4c16-b112-4411d07ae478,2025-06-12,referral,enterprise,US,Education
0df220e8-0676-4562-b92e-d2ff0f6a1718,2025-07-05,paid_google,pro,US,Healthcare
a1f4f818-f0bf-43ad-bda0-459e33b30db6,2026-01-14,organic,free,UK,Retail
e31b76fe-1cbc-4359-aba0-e964ae53d938,2026-01-06,direct,basic,UK,Tech
bb38c624-dbef-4499-8e94-1961b8bf08f9,2025-10-19,direct,basic,FR,Healthcare
c58061ac-07b0-4f56-a88b-6f66c8671385,2025-06-23,paid_facebook,enterprise,US,Finance
23951e5f-ec5b-4b29-9e2c-bf59371be5e3,2025-08-22,referral,free,US,Tech
3d3ae2bc-5a2f-4a3f-a8bd-3d55e9eb5fab,2026-01-15,paid_facebook,free,CA,Education
cbd26f1d-7e8a-40a8-9a59-a669caa483e8,2026-05-10,organic,pro,US,Tech
95c8b9c3-f1d7-4fd5-87aa-2776f15daf9e,2025-08-19,organic,free,US,Education
b0a6bb28-1c63-426c-b2f1-0e3c5b977179,2026-05-19,paid_google,free,US,Healthcare
5e81efa6-e955-4ef8-85df-d59726f7a3f8,2026-03-17,direct,free,US,Healthcare
24c33028-34b9-4331-8d35-a6c827957fb9,2026-04-27,referral,free,FR,Healthcare
ad8106bf-29f7-494c-983e-b6992859f35f,2025-11-06,organic,basic,US,Retail
e24f7fed-bcc2-4cc2-b11c-29187c409945,2025-10-06,organic,free,DE,Education
30684110-cfac-4e40-b08f-a38e83982159,2025-12-07,referral,basic,UK,Tech
bc590a70-aacc-40cb-a4a8-720c9bc0ed88,2025-07-01,paid_google,free,AU,Tech
c1a0effd-0d83-4c4b-b3e2-98c82593e9a2,2026-05-25,organic,free,UK,Tech
d7119ec9-1bce-46fc-b160-f03f25883abf,2025-06-15,paid_google,free,FR,Retail
131b694c-087d-46ce-b440-84c969f9d7ac,2026-04-09,organic,basic,CA,Retail
f0db2ccd-cc5b-4bb5-a8ed-5277b934e039,2025-08-14,direct,free,US,Education
64902ac3-196d-49c5-93c7-94308cab7f22,2025-07-04,referral,basic,US,Retail
423d67eb-b1c4-4615-b627-1131fa4967dc,2026-05-25,direct,basic,FR,Healthcare
1da3c03a-5095-4690-be3b-0694c9baee52,2025-12-13,organic,basic,CA,Tech
e58e94c2-d507-49d0-8f54-d972897eb78b,2026-04-27,referral,basic,US,Healthcare
5bb910b6-1d76-46bf-b9d5-0dd84665d489,2025-06-29,paid_google,free,IN,Retail
4c151ab8-1548-44d5-a343-28cd6633d737,2025-12-11,organic,free,US,Tech
7870b250-9284-426b-968f-88cd5c77274e,2025-06-16,paid_google,free,AU,Finance
3cdaaa7a-8619-4c94-b848-eb01010a6509,2025-08-16,direct,free,CA,Healthcare
bf2d14b6-8ee7-49d4-b3fa-1bbf27a80777,2026-03-20,paid_facebook,pro,US,Finance
3d03849c-7f78-4536-9fd1-7162328b6d60,2025-08-20,organic,basic,US,Education
435cce35-b345-456a-a310-e988d1d73818,2025-10-02,direct,free,UK,Healthcare
a89dc47e-bdc9-4912-9260-b5f0a6ef51f3,2025-06-19,organic,free,FR,Tech
e2536ee7-b5c5-49e7-b538-16c37f44e95c,2025-09-10,referral,pro,UK,Tech
8420b5f8-89ad-4f1a-8bc9-4410e96a741c,2025-08-16,paid_facebook,free,IN,Finance
95601272-1d07-4422-a9cd-40c03c6a179d,2026-01-15,paid_facebook,basic,UK,Tech
7fa3faca-a784-4cb4-b36e-ed6815f38b5e,2026-03-24,paid_facebook,free,US,Healthcare
34b9823c-4162-4cf3-be42-476bae2b23c7,2025-12-20,organic,free,AU,Retail
21dc83b8-d634-496e-9c43-5ba786d257c9,2025-07-31,direct,pro,UK,Retail
4dc6df2a-c8f9-45f1-be3f-6a52e35c6a42,2025-06-26,organic,free,US,Tech
18ecf6a6-6a7d-43a8-a3f0-e7680a60ba32,2025-08-10,paid_google,basic,US,Education
f8f19882-5714-44e8-965a-027877eeeea5,2025-09-11,organic,pro,UK,Healthcare
34824c9d-a475-4967-853d-5badaf827ba0,2026-04-22,organic,basic,US,Education
0ea5aa27-ed33-4480-9ba0-a84e1c2cfa69,2026-05-29,paid_google,basic,US,Finance
ee0286f8-cfa6-4406-9097-9afcedeae715,2025-11-04,referral,free,CA,Tech
0767b9a7-99e0-4c93-9975-db57bc3f1ccf,2026-05-29,organic,basic,CA,Finance
eb2cf866-9f05-4646-b5b4-d856d20c04e2,2026-05-25,organic,basic,US,Education
785f8905-de3b-424c-9477-c3648e53ebaa,2025-12-11,paid_google,enterprise,US,Healthcare
cfe041a0-0b6d-4caa-be70-b07023f340ee,2026-03-02,paid_facebook,basic,IN,Education
3a7fb6bc-39ce-4998-af3e-78adb3c27aa8,2026-04-20,organic,basic,FR,Retail
d65325a9-d68b-4b76-8d95-095c690d0633,2025-12-03,paid_facebook,free,US,Education
0342b952-65b3-4a12-a282-9d86ecd6df76,2026-04-22,organic,basic,US,Education
1b4554ee-042d-4157-9c0a-f084a7f5b787,2025-09-21,organic,basic,US,Education
97598fbe-69d4-4ccd-ab6e-8b1e4ac4cbeb,2026-04-09,paid_google,basic,US,Education
dc87f1fb-44a9-4243-a670-3bd4e209f0d8,2025-11-12,paid_facebook,free,US,Healthcare
80bcb7db-d2d8-4c62-96a9-1298419d9e28,2025-07-31,organic,pro,UK,Tech
857af2f4-a583-4b6b-9f91-f0243f6fd4eb,2025-08-31,paid_google,free,UK,Healthcare
80340f13-50e5-4487-a4fd-a534bce07379,2026-03-13,paid_google,free,CA,Finance
e7e62784-ea7f-4a92-b22b-5c480ec04381,2025-10-31,paid_google,basic,US,Retail
870b84c8-693d-45e8-8c80-ff6e8a8d336b,2026-01-11,paid_google,basic,UK,Tech
37aab299-780c-4a65-b39d-076abab03dcc,2025-10-05,organic,free,US,Retail
ae7c0f8b-5caf-45bb-90f4-e336e4066ca7,2025-12-10,paid_facebook,basic,US,Retail
685f0617-abf7-4324-9825-48de4b51a801,2025-09-23,referral,free,IN,Tech
ad5460cf-ca87-46e8-8328-73fb9d5989e1,2026-02-17,organic,free,US,Tech
00df1aaa-d045-4655-9287-13b1f96964e9,2025-06-18,organic,free,US,Finance
5ae27351-bf3e-461d-a9e8-7095f3b8c8df,2025-06-10,paid_facebook,pro,CA,Healthcare
e3cebf8a-26ed-413c-bd4c-539abd356b0b,2025-08-31,paid_facebook,free,CA,Tech
f3db804f-6243-405b-be3c-31bfabda16f5,2025-10-17,paid_facebook,free,US,Finance
dc2ae525-097d-4ceb-812b-a53fb0752b85,2026-04-29,paid_facebook,basic,US,Education
c19a82c2-8977-4f09-b5c7-ac4672affd5d,2026-05-23,paid_google,free,CA,Tech
9d2e10d0-7f02-4fe1-aeac-55e340145690,2026-05-06,paid_google,basic,FR,Healthcare
8084512a-9a02-4fd9-a389-c62c5e343cef,2025-07-22,organic,pro,FR,Education
b866139e-4792-4bda-a52f-ddb470b27034,2025-12-12,organic,basic,FR,Education
6eb2cecd-449d-4b3a-a6e3-9b10104fee3e,2025-12-23,direct,free,US,Education
a18eb5eb-c61b-41dc-8256-bdb0fd1a0d88,2026-03-14,direct,free,US,Education
7f8386e6-821e-4311-9efb-2643719d1a43,2025-09-01,paid_facebook,basic,US,Retail
9858971c-a59c-4b83-ac8a-5fea22aa3039,2026-04-05,organic,free,US,Healthcare
af69f1cb-b94a-49a3-95b1-f2c407471a90,2025-10-23,paid_google,free,US,Finance
6c000dc1-6557-4031-b7e9-d09ac01520e0,2025-08-25,paid_facebook,free,UK,Tech
7249b4c2-090c-4e76-91f6-f58430bd9d67,2025-10-31,paid_google,free,US,Finance
f5d1f268-8e4d-4799-bf5f-74e320069768,2025-06-02,paid_facebook,enterprise,US,Retail
5c2c2bb3-7ac7-43ce-b64e-6b7f19b9b949,2026-05-08,organic,basic,CA,Education
e0128b20-d4a7-4913-86ec-aa357cb0cbf0,2026-02-15,organic,free,US,Tech
f1af36ac-3cef-4f3e-a8a8-dccbe55beb84,2025-11-11,paid_facebook,free,US,Healthcare
5e40d686-8fce-423b-bfea-2d2b2e58728c,2025-06-06,direct,enterprise,UK,Tech
6f203aff-5002-4ff6-adec-137c407af7dd,2025-10-27,referral,free,US,Tech
eeb0d238-8664-4edc-82c8-600a5f57f4f2,2025-12-22,paid_facebook,basic,IN,Finance
0f9d0976-bda8-467b-8e19-30c1ac87ecf7,2025-09-26,organic,free,FR,Education
f72457fe-649e-460c-bad6-06a8cd71d080,2025-08-28,organic,pro,UK,Healthcare
ca3e8c3d-19e7-4a22-a229-b3bcea730baf,2025-11-01,organic,basic,UK,Tech
84080181-f614-4bbf-ae39-72feaa8f3399,2025-11-14,paid_google,free,US,Retail
e67d247a-9fbb-4258-acb4-4913d75804b0,2025-11-08,paid_google,free,FR,Retail
420d2c68-6a1d-47aa-b1fe-964fe3733670,2026-02-25,paid_google,free,US,Education
29a9eab8-f75a-4dc5-80bf-2538cec06bd6,2025-07-26,direct,pro,AU,Tech
c27d9c29-2aaa-4838-8175-05d5273cb8e6,2026-01-14,paid_google,free,CA,Education
45e1ebab-c7e3-4c02-9af7-6ab4c6852497,2026-05-03,organic,basic,IN,Tech
bfc0799b-595e-4744-b30f-11ba727bded1,2025-10-27,organic,free,FR,Healthcare
2d36f3f3-1c2d-4f89-abc9-b32fa5bdfdce,2025-07-16,organic,pro,UK,Retail
a2837225-e79d-4f47-9cae-eeb76175b661,2025-10-22,paid_google,basic,US,Finance
a2daf732-3662-4d98-aa3b-6984a9b25c15,2026-01-24,paid_facebook,free,IN,Education
3b5379ad-ef38-46e2-a8d3-3eceb38e2bff,2026-02-27,paid_google,free,AU,Healthcare
49c08217-09bd-449e-bd7b-bdb9705d8f6f,2025-09-28,referral,free,CA,Retail
662ebe05-ac5c-4f1b-9cee-9ac43aabfd2c,2026-05-06,organic,basic,AU,Healthcare
359a8886-0454-4ade-8f99-6308a22b68b5,2026-01-06,paid_google,free,IN,Finance
f6573a93-346f-4474-8d85-a7f407727ffe,2025-06-08,paid_facebook,free,FR,Tech
46ab735e-0976-439d-9794-98c6280ad6be,2026-05-10,organic,enterprise,UK,Tech
34505a5d-8f69-458c-ad61-1374f137776a,2026-03-02,organic,free,US,Healthcare
6795975b-5296-4f43-bc76-f2f046714196,2026-05-19,paid_google,basic,CA,Healthcare
bb3a680e-2ad2-497c-8f29-9bd9a6149576,2025-08-05,organic,free,US,Education
ab60636b-7a81-441f-b52f-8c1983fee063,2025-08-18,referral,free,UK,Healthcare
f31543c8-2045-46e5-be79-ceda32d638dd,2025-08-25,organic,free,IN,Tech
d5f2718b-b901-4bf9-9af6-bfab851beef3,2025-10-02,organic,basic,US,Healthcare
436d583b-bcd6-4442-b7ba-d4ea83f7ee45,2025-12-19,organic,free,US,Retail
536e06ea-8761-435b-8e47-6719a438a286,2025-10-28,paid_google,pro,US,Retail
2483cf57-403b-4724-9f58-6b97ee5a2ff5,2025-07-16,organic,free,US,Tech
20384324-56bd-4816-b7b3-9ed3c1f61637,2025-09-21,paid_google,free,CA,Healthcare
a8ff73eb-f4c8-4b6c-9839-cad7831e0da1,2025-08-30,organic,pro,UK,Healthcare
252068a0-6e01-466e-b9e7-877da35f9930,2025-10-19,organic,free,IN,Healthcare
eac960d4-a3f7-4c3f-9d5b-50fb54cc5910,2026-03-16,organic,free,US,Retail
ddff4d2c-6c90-4780-9263-4b2fe1feebea,2026-01-04,organic,free,UK,Tech
75dd18f5-a3da-406f-82c9-c8b3b7aa87f2,2025-08-16,paid_facebook,basic,US,Education
9c15474c-9aae-4d8c-ba71-9973964770fa,2026-04-30,paid_google,basic,US,Retail
d47b9062-1c69-492b-8dc8-30a22508b817,2025-10-30,organic,free,IN,Tech
997a42f7-19d4-4b51-be8b-4bdef22516be,2026-04-19,organic,free,US,Tech
70408b1a-5834-44de-bd54-cc985055b572,2026-01-25,direct,basic,US,Education
a5b35ed8-e30d-4b53-80fb-08390f1818bf,2025-09-23,paid_facebook,pro,US,Finance
e4126918-6ecb-484e-bb92-7197c770b03c,2026-04-15,referral,free,IN,Education
be297b69-1ade-4693-989a-c1d9ee130f4f,2025-09-02,organic,pro,CA,Education
43c58516-b0db-4a66-ac41-bea65897bf3c,2025-07-18,organic,free,IN,Tech
ee38e5d5-5e94-4a00-8307-597326a3913d,2025-12-08,paid_facebook,free,US,Finance
bb6adcf1-f478-4e69-a3c0-bfb52bdba07d,2025-06-12,organic,free,UK,Finance
aef1fde2-22a7-4012-91c1-68fea6ba5bfd,2025-11-03,paid_google,free,UK,Healthcare
2d0c51bf-aec6-454a-b91e-4b1c6ba57d58,2025-11-19,organic,free,DE,Education
e283901f-60ff-4830-a625-174df5f0e973,2026-03-23,organic,pro,IN,Education
351c87cf-9419-4cd5-ae70-514a378003bf,2025-11-24,organic,free,US,Finance
590b324b-e92e-4c17-a3cc-a86b33e64a44,2026-05-07,paid_google,free,UK,Finance
c5c11e8e-68ad-4bc4-93c4-07ca207a6dfe,2025-07-27,paid_facebook,free,US,Finance
35185718-68ad-4239-8b79-c40c14519ba0,2026-05-09,organic,basic,US,Tech
6f7fcb75-897a-4aec-9d94-3cb916545c8c,2026-05-06,organic,pro,CA,Tech
a16f9d02-8a97-491e-b8ef-20f328b43ff1,2025-12-20,paid_facebook,free,US,Tech
c0643099-f327-4648-b643-73a23476773f,2025-12-02,organic,free,US,Education
c6630a55-e7f1-4fad-aa2c-c818ae6684ad,2025-09-29,paid_facebook,free,US,Finance
54cbcdd6-49bb-4880-9780-3ebe5c58e96b,2026-01-12,paid_facebook,free,AU,Tech
4fd0c5a9-e23b-4249-9b81-1aa090aed81d,2025-12-19,organic,free,FR,Healthcare
fd33bf56-f15a-4f85-b8d4-4784d2f2e3aa,2026-04-26,organic,free,US,Finance
09b61f6b-3f25-4b26-9986-e67631158509,2026-05-29,paid_facebook,basic,US,Finance
1357b9d5-fb35-49d0-8193-642f4363b320,2026-05-22,organic,free,US,Finance
0b5bcc62-a47c-48e1-9615-fe4be5278819,2026-01-02,organic,free,US,Tech
95fc4f08-fa37-4a20-8c4f-23d661d7108c,2025-07-13,organic,free,US,Retail
17a57110-2cc3-4a64-b5e5-b74d4244191f,2025-06-23,referral,basic,US,Healthcare
2ae77852-05f2-4a7a-838c-7906937a0a86,2025-11-02,direct,free,AU,Healthcare
f777f714-0bfb-4353-973b-0b73f31dba21,2025-12-03,paid_google,free,UK,Retail
9d88e1f3-4cf7-49d5-81e2-91372bfb0af6,2026-02-04,organic,basic,US,Healthcare
1468b915-9391-46f0-afa5-5672aa381779,2026-01-23,paid_google,free,US,Tech
684fb4be-52dc-420e-b5b9-73a621c914b1,2026-03-20,organic,free,US,Finance
6d5a528a-dfd6-4e36-b019-5fa687125eec,2025-10-12,organic,free,US,Retail
7ce01e0f-2645-4f07-bd99-3afe869cd40f,2026-04-17,paid_google,enterprise,UK,Finance
687ec6a2-3d8f-4de3-8f14-51cc94c4bbfe,2025-06-22,paid_facebook,free,US,Healthcare
6b31f7e4-b7e7-4910-9216-7467ab16eb65,2026-05-27,organic,pro,FR,Education
6d76a986-c0da-4434-88e7-a4a08a012a5d,2025-08-27,direct,free,US,Healthcare
36b64ee6-50aa-46e3-bb93-086341848b1f,2025-10-31,organic,free,CA,Healthcare
c2f85563-517c-4f50-a6dc-37132bebbd57,2025-10-03,paid_google,basic,AU,Retail
4dc26045-7de1-4bc0-a89c-a367cf3437e8,2025-08-18,paid_facebook,free,US,Finance
84f79058-beb9-4fda-b542-cadf02ed7c25,2026-05-12,organic,free,UK,Retail
f21cb04e-82c5-45f1-ba0b-63584c7d2081,2025-07-21,organic,free,US,Tech
4e922280-1424-451d-b7fa-454dc743369e,2026-01-02,organic,pro,US,Finance
91b59fdd-d96d-4fc3-8b25-0eb531f34356,2025-11-23,direct,free,US,Tech
0dd49849-be31-48bb-b61f-ec8a090557dd,2026-05-24,paid_google,free,US,Tech
538b35a6-a775-406b-991e-8d283a5a0f6e,2026-02-08,organic,free,US,Retail
1767e0b3-7eef-4d8f-a3d8-87975a5855a7,2026-02-01,referral,free,US,Healthcare
7de1b039-986f-4e94-83e3-c3c8af5284f8,2026-01-13,paid_google,free,DE,Education
c301881d-d856-4712-a184-2a245c4b10fb,2025-09-14,organic,free,FR,Healthcare
bf5ed0e4-ce48-4498-a17b-b5c9ac30e3dd,2025-12-10,paid_google,free,US,Healthcare
c037875d-77f4-4fb4-b2d1-1b923343f91a,2026-04-12,paid_google,basic,US,Finance
a387e041-42af-4549-be47-45d7472b2ceb,2026-03-29,organic,free,US,Retail
0a55bd90-6eba-4238-a21b-174f97eb098b,2025-07-06,paid_google,free,US,Finance
157a3b87-75b2-45bd-acff-501e0a475d60,2025-12-21,organic,basic,US,Education
a1874ae4-39c7-4e93-a72b-849774873bc0,2026-02-22,paid_facebook,enterprise,CA,Retail
ba5a8e9f-4e44-4222-9b6d-dda91fff8885,2026-02-23,organic,basic,US,Healthcare
0100e4e3-72c1-4b7b-a244-3b6745788185,2025-11-17,organic,free,US,Tech
ad18e0b6-737e-455d-8bd5-7d1d1f30067e,2025-07-09,direct,basic,IN,Healthcare
1a99e97c-6be4-48ca-a51f-9e2b77027571,2025-10-17,paid_google,pro,UK,Healthcare
b34ccfb5-51d4-49e0-baae-9a01545ca797,2026-03-19,organic,free,UK,Retail
d5aac41f-b169-4e42-85b7-7624fd1048f7,2025-07-22,paid_facebook,free,US,Healthcare
78758aa9-ac1e-45d1-915e-73f136d1ad4b,2026-03-14,referral,free,CA,Education
933ceb1b-6a40-40ec-802e-3d8ed13d0540,2026-03-16,organic,pro,DE,Healthcare
276c96aa-efbd-4f83-9845-4451519c16a8,2025-10-19,paid_facebook,free,UK,Tech
ac859c41-d8ff-471a-bbfa-9822637828d4,2025-10-24,paid_google,free,UK,Retail
5c22cec6-7d7a-4eaa-8baa-89f3ff7d2920,2026-04-10,paid_facebook,free,US,Education
93cc757f-1e2b-4ab8-9bf8-c3e85a082aa8,2025-12-01,paid_facebook,basic,US,Retail
2ae1db4c-a6ee-4852-9699-7c7d4eb68218,2025-10-30,paid_facebook,free,US,Tech
d1071669-fec8-4ab1-b290-1d960053dc47,2025-12-18,direct,basic,FR,Finance
d0e3dd77-6dc8-4298-9654-b4206d9923e9,2025-10-06,referral,basic,CA,Education
59386904-0ab6-4cc6-95e7-3514fa3a8f49,2026-03-14,organic,free,UK,Tech
a37ab7c9-3674-49f6-a48c-a5cd457a8d32,2026-04-07,direct,free,CA,Finance
7ab75cb6-77b3-4dd2-a322-dfa482443ff6,2026-02-08,organic,free,UK,Tech
a7a0e153-5ef2-4af0-9eea-9a7256f41044,2026-02-21,paid_facebook,pro,FR,Finance
b96a070e-5c9e-451b-a961-0b2a286c8cd0,2025-12-05,referral,basic,US,Finance
0f578ea2-1a89-4954-b7b8-1024cf22b0cb,2026-01-16,paid_google,pro,DE,Retail
d9444c69-7d11-4134-8ca0-39c5e4a77442,2026-02-26,organic,free,CA,Healthcare
98665295-cf73-4701-8512-e5ef8218f18e,2026-02-14,direct,free,US,Healthcare
49fcecfe-2133-4c87-9a5f-014926a09c96,2026-03-26,organic,free,US,Tech
c29ed030-945c-4e51-a8fe-13fc57368bfc,2025-12-15,organic,free,US,Finance
8eaf00bc-97b4-4be3-ba94-3703c692912b,2026-04-19,paid_google,pro,US,Healthcare
f63331c7-cbc5-4f59-a152-b8a02b8281e1,2025-07-26,organic,free,UK,Tech
7f051a9d-cf40-4f84-a5f0-bf8b29c0307c,2026-04-15,referral,free,US,Tech
cea7121f-3a3f-4b89-80e0-b7f16b6fe2c2,2025-12-20,organic,free,UK,Education
c31a2eb3-e1cd-41f1-b252-dd19d1e78bfb,2026-02-26,direct,free,US,Retail
3429f6b5-0844-464f-98de-5053e790edca,2025-09-17,direct,free,UK,Retail
14e5bb7c-dab1-4051-9663-a509b53a4197,2025-09-24,paid_google,free,AU,Finance
25a3c9de-7e63-447e-8ab9-16c166eac08c,2025-08-31,paid_facebook,basic,IN,Healthcare
06d59f01-1ca7-4b4b-a56d-73794485e10a,2025-10-16,paid_google,free,DE,Finance
7eb9843c-0f47-4e54-9b3c-86497c2cc1cd,2026-03-30,organic,basic,UK,Healthcare
d1310084-6a77-4f44-993a-64392ffdc458,2025-07-27,organic,free,CA,Healthcare
506fd68f-2e68-4b30-a8c5-8176aefc9fb9,2025-07-20,referral,basic,US,Healthcare
cd9e3b11-95f3-45a9-bb99-696bd7007c72,2025-08-10,paid_google,free,IN,Healthcare
6e20c35b-af6b-4761-aed2-87dcceee21eb,2025-08-21,referral,pro,US,Healthcare
022831ee-f7b5-486c-8ece-1668de5be44f,2025-09-13,paid_google,basic,UK,Education
32232c63-bf85-4e1a-8614-56a2417f9b65,2025-08-27,organic,free,IN,Education
17a4dbcb-ba48-4c6f-a0d8-4ce2458977e8,2025-06-02,organic,free,IN,Healthcare
78557640-cf0e-4918-a485-be0e5810ddde,2026-05-26,organic,free,US,Tech
87baad75-695a-48f3-a7b2-27a4aa3be10f,2025-08-23,referral,basic,US,Tech
88adba91-ebd9-4fcc-9146-322356160c73,2025-07-13,paid_facebook,free,US,Retail
54f1ea09-3044-4f00-825f-c5a7518aa693,2025-11-01,paid_facebook,free,FR,Healthcare
65749432-35ee-4a92-9484-ae67c15c6663,2026-04-23,paid_facebook,free,US,Tech
84e4ba82-9640-4cf3-bc41-bed1c0ddaad1,2025-09-02,organic,pro,FR,Retail
72286d31-1be2-4fb9-af00-ddcc275ae6ed,2026-03-25,organic,pro,FR,Tech
8a4a85b1-71c6-4841-ab9d-c8593c925de2,2025-10-11,organic,free,IN,Retail
e77bb158-a36b-4f07-b163-8343efeffb6c,2025-08-04,organic,free,IN,Finance
86f296fa-f10e-41d1-9464-56c070a581dd,2026-03-17,organic,basic,FR,Tech
d5bdd5c7-c572-4d50-b265-198ee1bcc116,2026-02-12,organic,basic,US,Healthcare
35cc46a8-8557-4632-a894-df668eb8f2ba,2025-12-30,referral,free,US,Healthcare
e1768e2d-7be8-43ee-8ade-f801927a2ad3,2025-10-26,paid_google,free,AU,Education
61c14a79-d283-4970-95a4-30d9d9aaa105,2025-07-31,organic,basic,US,Finance
0f5b2eed-752f-444e-8c68-2dab5db6283c,2025-10-27,paid_google,free,US,Finance
1bb738e8-e69c-481d-8d84-ae627454ab18,2025-08-27,organic,free,US,Tech
ba95edeb-cfea-407b-bd94-b5bf6cc90cc5,2026-04-20,paid_google,basic,US,Retail
644ea3fe-3b44-4d95-aa1f-e5563b978ee8,2026-03-05,organic,free,UK,Education
1318911d-3664-446b-8f2c-9e975d7a02fa,2025-08-21,direct,pro,US,Finance
c5854ce6-9aa4-4d0a-8521-73da0c4a71ea,2025-10-07,organic,free,US,Finance
a45ddd77-1836-462a-af8a-02dfcda2ae6c,2026-03-13,referral,pro,CA,Healthcare
88be70c0-3380-4d3d-befd-3bda0a8d1047,2026-05-19,paid_facebook,free,FR,Healthcare
a4f39868-1c08-40f5-8ee6-99db36340e29,2026-03-07,paid_google,basic,US,Retail
bd9cb83c-8562-4195-94ec-2fcb26a60ba7,2026-02-25,direct,free,US,Tech
ebc1634f-2a57-4123-9541-622fea94031c,2026-03-19,organic,free,US,Retail
75993061-b013-4228-b6b6-6079837e456c,2025-12-20,organic,free,FR,Tech
962547aa-3110-4885-90d9-08aefeb00737,2025-06-24,organic,basic,US,Education
9b890548-dc81-484e-9ac2-ddda98a0daea,2026-05-17,referral,free,US,Finance
6a43d4c8-ce9e-47fc-9373-2993ecb231ea,2026-04-07,organic,free,US,Retail
5640bb36-b48c-48c5-9b0c-98df6f29670c,2025-12-25,organic,free,UK,Tech
71d92ba9-0ccf-453b-b363-111220502ca8,2026-03-07,paid_google,free,US,Education
b85ce094-af19-49e5-9041-afe025d674b0,2025-12-22,paid_facebook,basic,IN,Retail
1efc996c-2c13-4e0a-9773-8b3e65908a72,2025-10-30,organic,enterprise,CA,Finance
f1184391-1711-4bf3-a0c0-05d95ac828d4,2025-06-26,paid_google,free,UK,Education
7ffc39a7-d769-49bf-8770-fedb3e37c0b3,2025-12-11,organic,free,US,Healthcare
760068b5-d824-422c-9cb9-bcba89949662,2026-05-02,organic,enterprise,UK,Finance
16c34bf0-9a56-4e4c-b6ab-e248e891a340,2026-01-24,paid_facebook,basic,CA,Healthcare
a441b2e7-b0de-4648-a89b-9a19292141df,2026-04-17,paid_google,basic,US,Education
a06f12a7-2e36-4c81-8634-4f6f12059997,2025-08-14,referral,free,IN,Education
6f227953-00f0-4b7a-8bbd-2e7514e4aede,2025-11-10,paid_facebook,free,US,Healthcare
8612f1db-cba7-4443-a2dc-83a87d7db4b3,2026-03-26,organic,free,IN,Tech
a16f576d-8f5f-4143-bd2c-dfe7bf08fa5d,2025-06-29,paid_google,free,US,Education
b3d5d351-4837-4b76-b6eb-b73223e31382,2025-11-12,direct,basic,CA,Retail
09dee040-bdff-4304-bdf3-a4b251a35399,2026-05-03,organic,free,US,Retail
621e065a-b9d4-4504-8cd6-4ad9e5f10edb,2025-12-03,paid_google,free,US,Education
df6d47ad-b76c-42af-81f5-7d9822093e5b,2025-07-24,paid_facebook,pro,DE,Healthcare
c4904f72-de26-47dd-96cf-7dc8d790c675,2026-03-22,organic,free,UK,Healthcare
f8cc40a2-dc6b-4bdf-a2be-b102e29c9759,2025-07-12,paid_facebook,pro,UK,Finance
7d1a6980-4115-4fcb-aac6-553a695f1328,2026-03-12,paid_facebook,free,FR,Healthcare
bdf2af4f-bfa9-4a4d-9d1d-0ad2683d8368,2025-10-16,organic,free,UK,Tech
465fd5c1-3ea7-4f17-a66f-c4c6766642f7,2025-12-04,organic,free,CA,Tech
501bdf50-d7c7-4479-b7db-e0c97d10fe0b,2025-12-21,direct,free,US,Retail
47a0f634-ecd3-40df-accc-a862e0264b18,2025-07-12,organic,free,US,Education
ce0dcabc-de26-423e-b55f-1f9dbd6d714a,2026-05-16,paid_google,free,US,Retail
166afa75-7643-4d84-9e20-74ec1f92048b,2026-03-15,paid_facebook,free,IN,Education
a6600cc6-4497-4f42-bc2c-113370a95dd4,2025-06-26,organic,basic,US,Retail
8b399f27-80fd-449a-ab91-e54707f44f65,2025-07-26,direct,free,US,Education
c9721b8d-1c49-4778-a29d-9095c7314bb6,2026-02-08,paid_google,free,UK,Education
7de507a7-650a-41f5-9b90-9e3bf8195276,2025-09-30,paid_google,free,US,Retail
25259d68-d9f2-4811-9019-cbd776f99667,2025-09-14,paid_google,free,FR,Finance
f8afdf2b-dbf2-45e6-875b-6d624bc0a32a,2025-10-08,referral,free,UK,Tech
8695768d-d6e3-477c-98a8-7857db6af574,2026-05-03,direct,free,FR,Healthcare
6e445364-98ad-4ee7-abdb-b355a576ee48,2025-11-05,organic,free,US,Tech
87bbab6c-2e9f-4cda-b7e5-3194dfbc7e15,2026-01-17,paid_google,free,US,Healthcare
1ecc0f85-2542-4bcc-9e94-f6fe7d628d0a,2026-04-04,organic,free,UK,Education
7c058a93-3fd7-491c-853f-1e3018dc57bd,2025-08-30,organic,enterprise,DE,Retail
50a87581-38c3-4042-9c93-6532de0aa052,2025-06-22,organic,free,UK,Retail
36816304-07f5-4df3-adba-30e2db7115be,2026-03-17,paid_facebook,free,DE,Healthcare
a9743418-d540-4e1d-8867-b949f56fa371,2025-09-18,direct,pro,US,Retail
49f83064-7bd1-4f2a-be4b-f59843ae39a3,2025-07-19,paid_facebook,pro,CA,Retail
db3bf647-a6fd-4c7a-9a29-6bd9bb050efb,2025-10-07,paid_google,pro,CA,Retail
4216e3a7-21ba-4d00-969f-b68471d9e8c5,2025-08-12,referral,free,UK,Tech
af2c7dae-67bd-41a1-82d5-23a9e71790bb,2026-05-06,referral,basic,US,Retail
b48419a0-193f-47fa-ab79-9ed10b989561,2025-07-23,paid_google,basic,CA,Finance
8e9d8952-8d59-4a26-99d6-9fce92fa6e28,2026-05-22,direct,basic,UK,Healthcare
1a26ca47-7423-4297-a4e0-08e152b8f515,2025-11-15,organic,free,US,Tech
94e0eb97-50bf-4545-8222-c9d6bd0892b5,2025-07-15,organic,free,US,Tech
47b93c42-f448-409c-b70d-58996bc35c3c,2025-09-13,organic,enterprise,US,Education
941d8a80-cbe4-455d-9816-768885cfafc0,2025-10-28,organic,free,UK,Education
005380ed-173e-447c-92ab-026077bcabbd,2025-10-24,paid_google,free,UK,Retail
7138125e-98e3-482c-8658-0458fa516536,2025-12-21,direct,free,US,Tech
4ec08b27-89f2-4ddd-922f-2f708010d0ad,2026-05-28,paid_facebook,free,US,Tech
e5588f8a-6306-4205-a041-12e19cdad313,2026-03-26,paid_facebook,free,US,Retail
1f947f0f-3a9d-42fd-9990-91525e6c593e,2025-11-14,organic,free,US,Healthcare
882ff331-da9a-4e57-8c2e-0702664455a8,2025-12-18,paid_google,enterprise,UK,Tech
09ee8572-e278-4a85-9ddc-5ce73071c27b,2025-10-12,organic,free,AU,Education
058c06ff-399f-460d-890d-ac91eb419dfd,2025-12-28,paid_google,free,DE,Retail
f2b2b08d-bb1c-414b-8c0d-4f2d9caca24b,2025-07-18,paid_facebook,basic,FR,Tech
7ec2430c-462f-4680-a50a-db10235df06c,2025-10-04,paid_google,free,US,Education
8885d4bb-6b3a-4b0f-8ea2-96a9b96638a8,2026-01-25,paid_google,free,US,Finance
16cd0056-6b79-49f8-9c9d-c9eff3624cb0,2025-06-07,referral,free,IN,Tech
716676b9-98ac-4bad-9805-28ae7bd67feb,2026-02-27,organic,free,CA,Retail
40176309-2c73-4ad9-b27b-7a85c2f60e7c,2025-07-07,paid_google,free,US,Education
446c2dca-7a01-40ae-928d-c3d05a78517e,2025-12-28,direct,basic,CA,Tech
60b1639e-a4e7-433c-87c4-91576a1c69eb,2025-11-12,direct,pro,US,Education
4bc013e9-7713-41c8-b66f-d444c4a7eb7d,2025-10-03,organic,basic,FR,Retail
d792c990-3ac3-4010-9199-615751cf7768,2026-05-03,paid_google,free,DE,Tech
dde27c6d-f9b2-4594-9f39-4efbeb826fdd,2025-12-09,organic,free,US,Retail
84bc07c5-1c19-49dd-8fdc-daceadcf1350,2026-01-04,organic,free,US,Healthcare
b0c76cd0-9220-4ab9-944f-d7ae77543257,2025-12-31,paid_google,free,US,Tech
67c29905-3b6c-4821-930b-9137a799f51c,2025-08-01,paid_google,free,US,Tech
ba388ad2-843e-40d5-9205-0e5e577ce91b,2026-04-24,paid_facebook,pro,US,Education
07024774-8f9b-442a-9593-a6b7b057e02d,2025-11-08,organic,free,FR,Tech
a776c915-0b5b-4a2f-ad63-b6095bad51d7,2025-08-05,direct,free,IN,Healthcare
9ba66050-941a-48b8-8e7e-c8ef426c4af5,2026-03-13,paid_google,free,CA,Education
d29c5f56-5155-4a8d-aec6-416e00fd9720,2026-01-25,paid_facebook,free,AU,Education
c7b71e30-a15a-40dd-8450-af2a3949127e,2025-06-20,paid_google,basic,US,Finance
a2ae5f33-c4d4-4250-aa71-1a1530c69135,2025-12-05,direct,pro,IN,Tech
d9251a8d-b494-4dff-b9d7-a2ca526d8e70,2025-08-21,direct,free,CA,Finance
10b387cb-cf07-4819-9e23-99893bec3576,2026-05-29,paid_google,free,AU,Healthcare
37cbd3cc-bb7b-4422-b49c-11515fe8ac41,2025-12-19,paid_facebook,enterprise,US,Tech
7b491d72-a5a6-4bff-a584-f8527eaff724,2025-10-10,paid_google,basic,IN,Finance
f4523fbd-c567-4779-9bee-3ab84a8cb735,2025-07-07,organic,enterprise,DE,Finance
4caa6e0a-c7ac-49e5-ac42-16c1cb8f5019,2025-10-10,organic,free,UK,Education
a49ff2ec-7f55-4d1a-925c-46c45b88a18b,2025-08-16,paid_google,free,US,Finance
df6f5841-62a6-4405-963d-e3980556a4a5,2025-08-28,paid_facebook,free,FR,Finance
244882d7-6e26-4bae-a9af-d70cef355365,2026-02-08,organic,free,US,Tech
e41dee18-dbd5-4d6b-8d6e-cedb73e09e8c,2026-05-10,paid_google,basic,US,Tech
2dbf4b54-edd2-4afa-87b9-6bf2e605e1b8,2025-12-11,paid_google,free,US,Education
de82dbb2-dff8-4176-9c01-e8ecd784c93c,2025-11-23,paid_google,free,CA,Tech
eea7f1b7-9e51-45fe-bdd3-1449add74711,2025-07-03,referral,free,IN,Healthcare
4d187377-da6e-4963-ac44-654a96dc2be8,2025-07-28,organic,basic,IN,Education
ce91601d-5171-4e2c-b204-a5dd65c958c4,2025-12-18,paid_facebook,free,US,Healthcare
1fb831b4-3641-45ec-acd4-c4d122d6b634,2025-06-28,paid_facebook,free,FR,Tech
048ea188-dc83-4f2d-8dde-dc1c35eef2af,2025-07-05,organic,basic,US,Tech
151304e7-8872-49c2-92eb-4bfe75324d76,2025-10-03,paid_facebook,free,FR,Education
d6662f61-e03c-4b01-b88c-89c866cd09b1,2026-04-17,paid_google,free,FR,Finance
2ec6abc4-6b6b-4daa-aef8-2ed8f0be8623,2025-07-12,paid_google,free,US,Retail
d013c5ca-b9e9-40c2-9fbf-0194dee131cd,2025-08-24,paid_google,pro,US,Retail
9cad1139-6487-469a-8534-b5159ce9789c,2025-12-05,direct,basic,US,Tech
ef9fc1c2-d3a8-441a-91c8-7ee5b7f09119,2025-09-19,direct,basic,UK,Healthcare
37370cea-4e12-4497-a82c-d58003cacbeb,2026-02-26,direct,enterprise,IN,Education
f48ae7fd-8e8a-470f-892e-0f64e667b9e1,2026-04-21,referral,enterprise,US,Finance
630427e1-84ff-42eb-a01e-2ad9fd1fae3d,2025-09-13,organic,basic,US,Tech
c39be8b1-17d2-4170-aa88-190cb8d64690,2026-04-16,paid_google,free,CA,Healthcare
d7def4fe-12f5-4327-a7b8-af6b039014f7,2025-07-11,referral,basic,UK,Tech
e2de2373-2927-4dd2-b899-eef0099b3173,2026-01-01,paid_facebook,free,CA,Retail
66e81b72-41b5-489f-8947-fed82abf1049,2025-08-10,paid_google,enterprise,CA,Tech
dd458cbc-d58c-4875-9931-e77f49996fe3,2025-07-26,paid_facebook,basic,US,Healthcare
1e44d1d1-4462-4de0-8c06-97988ab9885f,2026-01-22,organic,free,IN,Retail
9eff84e9-79e0-4568-9354-9970389900e5,2026-03-08,paid_google,free,IN,Tech
1d3605c7-219d-48eb-b1ec-2a61b4fecc68,2025-09-13,paid_google,free,CA,Retail
10cca41b-eaac-4c17-a0a7-d377bf85cd7a,2025-11-09,paid_google,free,US,Education
51bb62af-595a-4cd1-9f6b-9e2ceafb7a96,2025-12-08,paid_facebook,free,UK,Healthcare
b4b963a0-152c-48b4-b48c-28827f81e816,2025-06-09,direct,free,UK,Healthcare
58763da8-4585-4cbe-a843-417a492fa107,2025-07-30,organic,free,US,Education
63103a4e-7c41-4bf8-9b1f-f43b09f34d41,2026-04-01,paid_facebook,basic,IN,Healthcare
d75ffd73-d99a-4747-a4ec-3bb0566179d0,2026-01-11,paid_google,free,US,Healthcare
5e71bf53-6d0b-44a3-9909-52e59c131707,2026-04-03,paid_facebook,free,US,Tech
b4f4ddd1-1363-4fee-9791-2bc8e5eb6f6d,2025-12-05,paid_google,free,US,Finance
03c43156-1cde-404a-a87e-10fecd501285,2025-08-09,direct,pro,US,Tech
909cb16e-e74c-47f6-8355-ec808064f17f,2026-03-20,paid_google,free,US,Education
08551cef-0f0e-4a25-8b10-2cb235f11986,2026-03-14,organic,free,US,Education
7e429509-eda1-4c30-8f7b-219512d54640,2025-11-16,paid_facebook,free,CA,Finance
64f20536-802c-478d-bd48-52817f3a6606,2025-08-01,organic,free,UK,Tech
de95f5d4-56ac-463f-ad1e-16d60b1c931d,2026-05-15,organic,free,US,Tech
136c251e-e5d5-4c16-a89b-6df8464d958f,2025-06-14,organic,free,US,Tech
941b1953-2d17-42e8-9238-3a6c5c602951,2025-11-11,paid_google,free,UK,Retail
953309d7-b5e9-45b0-b4f2-c23dcf04b709,2026-01-31,organic,basic,IN,Retail
8eeb3769-348f-4089-82d9-1a69e7f050b7,2026-05-01,organic,basic,IN,Tech
50922614-aa1d-4bd8-a432-f71df7523e63,2025-06-08,paid_facebook,free,UK,Retail
f87c5b0b-05ea-415a-89e6-55073c04824d,2025-11-01,paid_google,basic,CA,Tech
6e1f35f5-bf9e-479b-904c-603d28c992ea,2025-07-06,paid_google,free,FR,Education
d55ed176-fa6d-4267-ba07-61850cedcfe8,2025-07-18,referral,free,US,Tech
0b91ed22-8cee-4bab-be1e-5dba3be9e5bb,2025-08-24,paid_google,free,US,Retail
e15249ee-756a-4e73-9f52-88a7a281ce19,2025-06-28,paid_facebook,free,UK,Finance
cc16ea2a-3275-4c2b-ade7-4c730b4330b5,2025-12-13,organic,free,CA,Education
604fc24d-702e-48fd-8238-7c91edf222c0,2025-12-25,paid_google,basic,US,Healthcare
d39fdf89-4218-468e-8bef-b538e06fdf95,2025-12-21,paid_facebook,pro,UK,Finance
88b8d8b0-a478-4df2-b392-8b722a5a1038,2026-04-03,organic,free,US,Finance
1c18b885-dca2-45a6-a6e6-006578f969c8,2025-09-12,paid_facebook,free,CA,Healthcare
356de64b-83c5-4d90-9f49-ae486b90d018,2026-01-16,paid_google,free,US,Education
b92aae90-2f33-4182-9934-650a5cf70950,2025-09-09,paid_google,free,FR,Healthcare
d4d0290b-eaca-4d30-9368-3238b569d11d,2025-06-29,paid_facebook,free,US,Education
ed8d591c-d484-4e19-9783-a870c3871b94,2025-10-05,organic,enterprise,AU,Education
ecd628d1-806f-426b-9098-0f65bb31bf27,2026-05-04,paid_facebook,free,US,Education
73a97cfd-d7e9-4fc0-b9b5-2c16b8e3488a,2025-06-10,paid_google,basic,DE,Finance
5b5afc8d-234e-480a-98d8-449baa8b71e0,2025-09-14,organic,free,AU,Education
e2aab111-2542-49f3-8f0b-c6fd10e97b22,2025-11-14,paid_facebook,basic,US,Healthcare
dd891045-ef10-4962-b767-f99dd8c3f05f,2026-02-12,referral,pro,US,Finance
bc80701f-4508-4e80-8b26-d27f79d6caeb,2026-03-22,organic,basic,CA,Education
40dfb2b0-d0e3-454c-8b15-8f89ac2265c1,2026-03-04,referral,pro,US,Retail
8225c0a1-4c8e-4c13-a1da-ccb952e1da30,2025-08-04,organic,free,FR,Retail
ae854c7b-9f74-4c09-bd63-d2b984957c5a,2026-02-26,referral,free,US,Education
0c62cdfb-ddb6-48c9-b394-a542ecbad759,2025-12-05,organic,basic,US,Retail
9df7fcb0-f460-4fc3-9ba6-c73c6a74c20e,2026-04-13,organic,free,US,Tech
aa64c27c-8a93-4922-8104-5b2e16f462d0,2025-10-16,organic,pro,US,Finance
8fa168c7-261f-4a81-bae8-527192a74926,2026-05-09,referral,free,UK,Tech
dc741ad6-5463-435e-b12b-dbf96014e358,2025-09-13,paid_google,free,CA,Finance
20533522-f2b4-4b98-9b3c-96ea08de9bb4,2025-07-04,paid_google,free,IN,Healthcare
82df723b-eed2-478f-8c34-c01ededcb541,2025-09-18,referral,pro,AU,Retail
cc569d34-d973-4b64-bf69-cff88e5a236f,2025-07-03,organic,pro,US,Retail
4cf54577-48c7-4ebb-8239-3eb7b91cb787,2026-05-20,organic,free,IN,Retail
8754c3ee-6c3c-4afd-ac35-62e70b45fe80,2026-01-17,paid_google,free,US,Education
709591d5-8b1f-4ca9-a58d-464b2220c943,2026-04-13,paid_google,basic,US,Finance
e20e5778-573a-4cf3-9c3b-1d065cf0d870,2026-02-21,organic,basic,US,Education
74eea281-8b9a-4006-a625-0364b97a76cb,2025-11-29,paid_facebook,free,DE,Retail
74e0349d-6174-4c25-aa7e-bc29c9ffe774,2026-05-06,organic,basic,CA,Healthcare
747e96e7-1ea5-463c-b01e-245716a925fa,2025-08-04,organic,free,UK,Retail
506497c9-94d8-4b04-bbff-450586b1856a,2026-04-29,organic,free,UK,Education
aa5dcb64-d861-47b9-9d9f-91d2a58573a3,2025-06-01,organic,free,US,Retail
f92ae8be-772b-4cd3-aea1-f9fbc08321b9,2025-10-11,paid_google,basic,US,Tech
461a2f42-5aaf-44a7-8b97-c3489a2389d1,2025-08-19,organic,basic,US,Tech
d7305717-44b2-4601-bd00-ef216e183a5b,2026-02-26,organic,basic,US,Education
30b1bd3a-8738-459e-a087-dbdd9918fe1e,2026-01-27,paid_facebook,basic,UK,Tech
37f07728-bfe7-4e7b-bf95-9d3fd6137843,2025-06-28,referral,free,CA,Finance
befb61e0-4d83-4ab7-9fa6-d7387baeac90,2026-01-09,paid_facebook,basic,US,Finance
7bf813a6-8733-49d9-a9a8-d7df844e412f,2025-06-23,paid_facebook,free,US,Education
96e6d240-3724-46eb-b147-2a62c9e6b6a3,2025-09-17,paid_google,basic,US,Tech
33937da2-580a-4e86-8984-6249d4cad7a6,2025-09-15,paid_google,free,UK,Finance
f4aebb2b-eecf-497f-9924-0212dbd1a45d,2025-10-23,direct,basic,IN,Tech
9e02e925-2438-4216-8217-45977c915ddd,2026-05-20,referral,basic,CA,Retail
d9411ee4-fa79-4a77-9994-fa6aefda36c2,2025-10-17,paid_google,basic,UK,Tech
0ca7d27b-6e7d-488b-ae9f-f94f8682c4af,2026-03-11,paid_google,basic,US,Tech
5c226a9c-ae6e-42f9-947c-b0189bb22d4d,2026-03-25,paid_facebook,free,AU,Education
e9671404-0e68-4e50-9518-49cc160021cc,2025-09-07,organic,basic,IN,Retail
bdc87f33-88d0-466d-83c7-e7e5c086ff26,2026-04-13,direct,free,US,Finance
3d30efca-e884-4455-8436-150cc69e6ebf,2025-10-01,paid_google,enterprise,CA,Finance
94abff16-8de6-4176-9df5-5302cd491b93,2026-04-16,paid_google,basic,FR,Tech
9696ab5e-9edd-4399-8e03-8cb5a8c4db82,2026-03-14,organic,free,US,Healthcare
f2e1dfbe-036e-415d-95aa-f1a1076c88db,2025-08-20,organic,basic,FR,Healthcare
65f27a85-35ea-4232-874b-bca9c64e16f2,2025-06-10,organic,free,US,Finance
5c818b71-5f3e-417b-a228-e0ff2aac6c1f,2025-06-08,organic,enterprise,UK,Tech
362bf8d3-fa00-4335-a0a5-8f5de8d8fc04,2025-12-22,paid_google,basic,US,Tech
f44a0995-5a44-445c-bd68-cb7407eaa616,2026-04-11,organic,free,US,Retail
ff6f61d6-e3ec-416c-b3b0-16337c8086e6,2025-12-14,direct,free,DE,Education
16edc8de-a76a-4df3-ab4d-fe42c09b9580,2025-12-15,paid_google,free,US,Healthcare
25875bee-2eeb-4906-b645-85e05daa6e0d,2025-06-30,organic,basic,US,Tech
ee850fd7-210e-4410-bbc7-a669b89f800b,2025-06-20,paid_google,basic,UK,Finance
eec11ee7-ec3c-4d78-bffd-da15a1a5d982,2025-07-18,organic,free,FR,Healthcare
0794ae8a-0d5b-4ddb-89a9-b6e766912c59,2025-10-08,referral,basic,US,Education
b4e5f397-427a-4b8f-9643-db362c60eb4b,2026-03-20,paid_google,free,US,Tech
dd24a48e-5489-4296-bc83-61ce30e9e513,2025-10-10,organic,free,UK,Healthcare
a18ef04a-c1d1-4c23-a895-b0408c0d313c,2026-05-22,organic,free,AU,Tech
f0e39557-0687-4196-926e-2cbb85f737d5,2025-07-24,organic,free,US,Education
190e6a4f-4644-4fb7-be8b-e67eebda8e68,2026-03-08,paid_google,free,US,Retail
92d73837-3409-4c7d-9aad-70c285a5bdd0,2026-02-20,paid_google,free,US,Healthcare
b6a7dc85-068d-4ac4-9d5c-045dc0c2f84a,2026-01-01,paid_google,free,US,Education
8e4de1c6-813b-4f75-b98c-fed221387270,2026-03-17,paid_facebook,pro,US,Retail
6f3a25d1-9080-4765-b1ef-188f65cc7994,2025-07-13,paid_facebook,free,FR,Retail
7899aa70-b6e1-48e5-ad52-21432750de94,2025-08-13,paid_google,free,IN,Education
c9c4a278-4e32-4dd0-b7b3-8f9176da0324,2026-05-16,paid_facebook,free,FR,Finance
053cfc61-4a51-4c02-bfab-011689fb5454,2026-03-05,organic,free,US,Education
fc9cefe7-7de7-4a39-aef6-03b911c5ca47,2026-04-22,paid_google,free,US,Tech
1008939a-8c04-4a4f-8610-e59a7c4d2c85,2026-01-28,organic,free,US,Finance
95caaf85-c594-4018-8cb6-dc906ede8458,2025-10-08,organic,basic,US,Retail
5035e9d2-1174-443c-be28-42167bf47bb7,2026-05-16,paid_google,basic,FR,Healthcare
86cee0af-c11b-45ab-8a3d-e8ba5fab3f63,2025-12-11,paid_facebook,free,FR,Retail
82102760-1251-4c17-96d4-ad6efe28996d,2025-07-02,organic,free,AU,Healthcare
fb9c4966-963c-4a08-a022-469d94a93fe0,2025-09-14,organic,free,US,Healthcare
17c3a7fc-503d-4e9b-9fed-2aff550ad926,2025-12-21,direct,free,CA,Education
0823df75-e128-43e9-afce-889ace58721f,2025-06-01,organic,basic,UK,Education
d6ae4d4e-fb6e-43c8-8eba-e30b39da2824,2026-01-31,organic,basic,AU,Retail
8616c6c9-f575-4d89-b0df-7ce35a980901,2025-08-11,organic,basic,UK,Education
201e3b90-929e-4be9-919f-00f0e373f63f,2026-04-02,paid_facebook,free,US,Retail
62d586b9-0136-46fe-bb3f-c423fda714c2,2025-06-15,paid_google,pro,US,Education
4b526b73-8d3e-4e64-b04d-21be9c1fa01b,2025-07-23,organic,free,IN,Education
76ef0f42-95db-4405-af2f-cd73b7867830,2025-06-08,paid_google,free,UK,Healthcare
9a3ff9ce-f64a-4b24-8ab8-a7fee2683598,2026-04-26,paid_google,free,UK,Finance
6ae06249-b9cf-40d8-ae15-dfd1d398302b,2025-07-16,paid_google,basic,FR,Education
ef1dccdb-c76d-423e-ac4c-839c38aa613d,2026-04-21,direct,basic,UK,Education
611eca35-0cfb-4640-8898-35ea71884f75,2025-09-22,organic,free,US,Retail
67a693b8-8861-4634-ae28-8262687b5980,2025-10-25,direct,free,US,Healthcare
af7c67a4-0758-4fc8-8b71-2d32ed04fb92,2025-11-13,referral,basic,US,Healthcare
473d763e-73ed-4e7c-9b11-865dc5c2636b,2025-10-17,paid_google,pro,US,Finance
b6a6b78d-acbf-46da-9361-bb837fccc240,2025-09-25,referral,free,US,Finance
0d45b95a-41f1-410d-b3b2-daf33d9a3de5,2026-03-26,paid_google,basic,US,Finance
25ca6200-10b3-4ce9-ac14-9d8588fcace6,2026-03-03,referral,free,US,Education
44fc8873-f03c-4555-bb8f-cc9e682c92a6,2026-03-04,paid_google,basic,US,Retail
5c38635a-61bd-433f-b166-a36d981ad24e,2026-05-04,organic,free,US,Tech
ffba8844-1e78-4a1e-aa52-18c0e2ead12b,2026-04-09,paid_google,free,FR,Retail
cf544dc5-7eca-4be8-9861-03256ab1faf2,2025-11-25,organic,basic,FR,Healthcare
fc5b021c-095d-4871-9167-0ab3a58a6b03,2026-04-26,organic,pro,CA,Finance
2e86b15f-0b10-4694-8112-f204871f0ecb,2026-05-20,paid_facebook,free,AU,Tech
27a5d259-fde0-4724-816f-cdbbe0f72ee8,2025-11-01,direct,free,CA,Healthcare
bc4a3c8d-c614-4c16-a988-5e14ebf46f1f,2025-12-18,paid_google,free,AU,Finance
3f906436-6bb6-4208-898e-91a32b4b1125,2025-09-23,paid_facebook,free,CA,Tech
b96f3dc6-ff6e-4717-9ce2-011e9b1962b8,2025-11-06,organic,basic,US,Retail
6711a01e-bbbd-47cb-8440-fceb3ffdc64d,2025-07-12,paid_facebook,free,DE,Healthcare
14b3ce6b-fa07-46d2-9bd7-90af762c2739,2026-02-02,paid_facebook,basic,US,Education
7e7103de-dad3-4909-bfad-2a8a0594fe5d,2025-08-07,organic,free,US,Tech
61e45f4c-4c55-4d3f-854f-2a6991cf8f79,2026-04-22,organic,enterprise,CA,Tech
bd3ccf62-9db5-4452-a8a1-858a4282fde5,2026-04-30,paid_facebook,free,FR,Retail
df4d8311-b917-46e7-87d4-1aad63b63e88,2025-12-13,paid_google,free,US,Retail
a70cad4b-c81d-44ed-bb28-740066c3ea3c,2025-08-29,paid_google,free,UK,Healthcare
e4bf89ba-cdb1-447e-b46c-ea2955cd2ad9,2025-09-19,direct,basic,UK,Education
c88af042-c75e-48a4-95af-2d23cfa34f63,2026-05-25,direct,free,FR,Finance
aaab6ef0-819a-4c7d-b9f2-1cff76608082,2025-10-23,paid_facebook,free,CA,Tech
403df38e-24c0-484f-9f1b-e432647c59a3,2026-03-02,paid_facebook,pro,US,Tech
c1e9bf2e-6683-489e-a801-72de3d11d41c,2025-11-26,organic,pro,CA,Healthcare
b9f176a7-4f17-431d-a479-5974972ec96b,2026-01-27,organic,basic,US,Finance
87a120db-514f-4968-83db-dc6027c6cd66,2026-04-22,direct,free,US,Finance
81cdca8c-0801-42ee-8a9a-555a6d27361b,2026-04-15,paid_facebook,free,IN,Finance
1112d782-a1fa-44a3-8d57-2b53914e6744,2026-04-27,paid_facebook,basic,UK,Healthcare
e6d24ee9-57ef-44be-bf6d-669867e70507,2025-10-31,organic,free,US,Tech
e9eb2927-6da6-41fc-ac87-b6018d8f5457,2025-09-12,referral,free,US,Retail
41df4f22-7c79-4592-a2ce-a38722935baa,2025-08-14,organic,free,AU,Tech
e3d518a7-2b40-45d1-a9f3-0d0f94a2715e,2025-10-06,organic,enterprise,UK,Retail
8297d9ed-e7fc-4f1d-98ac-beb13b830000,2025-12-16,organic,free,US,Retail
966d020f-118c-4496-a9f6-d86d568534cc,2025-11-01,paid_facebook,basic,US,Healthcare
40e2ef59-4c78-480f-a278-1b22b76d61f1,2025-07-26,paid_facebook,free,UK,Finance
0c04e15d-c8b4-4aaa-b1a0-2c768d97fc18,2026-03-05,paid_google,basic,IN,Healthcare
bc0f0e40-aeef-412c-a583-7caf163ba7f4,2026-05-11,organic,basic,FR,Retail
ce2b0984-3995-4636-8c4a-18c3fa0044ee,2025-06-19,referral,free,US,Tech
70acc3c9-ae3c-4670-b5d3-d7143827a078,2025-11-06,direct,free,IN,Retail
2838ee04-dbef-4d43-92c9-84020c6cfce8,2025-06-26,organic,basic,CA,Healthcare
ccc5a674-6ce1-4c9d-a585-75c39e58849e,2025-11-16,referral,free,UK,Tech
80cd524c-cd4b-4768-94f5-a322287ff42f,2025-06-23,direct,basic,FR,Finance
eb236e1d-0f05-4851-a1e2-c9d3cb05fbab,2025-07-17,organic,basic,US,Healthcare
496d8115-a8e8-4710-b5f2-ea94450e6f9c,2025-06-13,organic,free,US,Education
9a2363b9-b7d5-468e-b320-976b0bb7d9e0,2026-01-03,direct,free,DE,Retail
217b36ca-220f-4555-9adc-0b18d5a23ba8,2026-04-18,organic,free,US,Finance
740ddbee-fec2-44a1-9d5d-5a6022f78a69,2025-12-11,organic,basic,AU,Finance
56cdbef8-4779-4f67-aa04-b7b7b5a2ae35,2025-10-22,paid_facebook,free,UK,Tech
d1cfacc4-96f1-418d-b2c0-b7256ddcff18,2025-08-12,paid_google,enterprise,US,Healthcare
d407b7fb-e806-4107-acb4-6b6b7cbbcbb3,2025-11-03,paid_facebook,enterprise,US,Retail
2b3abb1c-795d-43f1-883e-33f2d73b087a,2025-08-16,paid_facebook,free,US,Education
246b4ea6-135d-45d0-bf1c-c39cbf792fa1,2025-11-16,paid_facebook,free,IN,Retail
0e41b3a4-ac37-4a2d-988e-53a13d9c6abb,2026-03-14,organic,free,US,Healthcare
9a2d5285-2e28-4189-bc7c-94c6d42db00e,2025-08-24,organic,enterprise,CA,Finance
b94597c0-6917-4482-8619-00b430bfc2f9,2025-11-29,paid_google,free,US,Education
d4f17429-ec32-44b7-992a-96766be78392,2026-04-11,referral,free,AU,Tech
fc9dd455-236e-408f-b00b-f0125db79466,2026-03-24,direct,basic,FR,Healthcare
6860269d-e5de-4624-9f34-af62011231f9,2025-09-20,paid_google,free,UK,Retail
78d8c270-e84f-46d0-b44b-7d539fc6200d,2026-01-16,organic,free,FR,Healthcare
7ffe5f1d-8890-4d24-8085-530c0184904a,2025-09-04,direct,free,US,Tech
bb351e10-adbf-47ac-b129-9bcf5180c95c,2025-11-15,organic,basic,US,Retail
1be0317f-1be6-41fd-89c3-f23c6fe305db,2025-11-03,organic,free,US,Education
6a7c5f1d-c016-4b98-ac5e-3934a18de8f9,2025-09-13,referral,free,UK,Retail
45134bdb-38eb-4bbf-8d11-b0ef452b304a,2025-12-10,paid_google,pro,US,Retail
218cfff9-cc0c-4b92-b180-f98eec47e9aa,2026-04-26,organic,free,DE,Tech
5e3daed6-8fc6-41a9-a395-caa201447aef,2025-10-10,direct,basic,IN,Retail
4efc7ced-28f6-45ca-8f78-8b1806a4eff2,2026-05-21,direct,free,UK,Healthcare
112ede36-a658-4085-ae01-a1d776670924,2025-10-16,organic,free,IN,Finance
83971ea2-1546-459f-8cd3-14687ec7ff4e,2026-04-27,referral,free,US,Tech
945abf5a-6c58-43d3-b851-2023d035050b,2026-02-25,paid_facebook,free,US,Tech
c23c70a8-0a7b-45dc-948e-00f1df892a14,2025-07-08,organic,free,CA,Tech
739545dd-a619-4c80-86a2-59feb1019972,2025-07-15,direct,free,UK,Healthcare
8193f509-9653-46b8-a2eb-127cbaf29749,2025-11-10,organic,free,CA,Healthcare
9effc64b-e1a5-4f23-96e0-a924110c06a7,2026-04-27,organic,free,US,Healthcare
5be5c09d-1677-4297-b736-a69fc8ceeed9,2026-02-08,organic,free,CA,Healthcare
db768c8b-eb66-47c7-a4b3-ca8a7545be6e,2025-11-16,paid_facebook,free,AU,Retail
8de22c57-58bb-4eb8-a6b2-d645c623f7d1,2026-03-12,organic,free,UK,Tech
94182250-a98f-43f4-a196-b7c8bbe7981b,2026-03-01,referral,basic,US,Tech
b00335cd-466f-4c18-a272-21fe416147d5,2025-06-20,paid_facebook,free,US,Education
99b0d423-9de1-4b33-a64e-870e92ed464d,2026-01-25,organic,free,US,Finance
8048adcc-6b78-4f22-ba53-06ad8b8a101d,2026-02-25,paid_facebook,basic,UK,Retail
8f2574c7-5a76-4b1e-b043-952c550d0137,2026-04-06,paid_google,free,US,Finance
1d63d69d-d85a-40ae-b27d-169b3e45e643,2025-07-01,organic,free,IN,Retail
e7b46b3e-b121-4265-8c1f-545b0f9d3ee2,2026-04-10,organic,free,US,Retail
452781b4-8a97-47c3-8f26-89bfe5f0626e,2025-09-12,paid_google,pro,UK,Retail
efdd80bd-098a-42ec-90b2-e5ce0355445a,2025-11-17,organic,free,UK,Tech
b418035b-7633-4c43-9683-6a7922ac748f,2025-12-03,referral,basic,US,Finance
79a2e5a8-bd4d-4cd4-afe2-569a35b77a95,2025-10-06,organic,basic,FR,Finance
c338575d-89e9-412c-ac8a-51fe475db414,2025-12-27,paid_google,free,AU,Healthcare
8772fc70-f78c-4454-a7ab-6c90c41e9048,2026-03-08,paid_google,basic,US,Finance
55bbdf45-9a8d-4359-87d1-9b3a6aa6e853,2026-02-08,paid_google,free,CA,Healthcare
19344964-7fea-4402-b08b-025214f12f1d,2025-06-19,organic,free,IN,Education
d05e3cda-bad3-4af2-88fa-609772b3f13e,2025-12-17,organic,free,CA,Healthcare
da783da3-d8f2-4d28-a025-e3ef4c5de7ca,2026-01-06,organic,basic,US,Retail
d7ada448-bd64-4a7b-845a-bf9ebc68c55c,2025-10-14,paid_google,free,DE,Tech
3f460b08-b2d7-42ad-b805-9e7536e185b2,2026-01-09,organic,free,IN,Retail
d635b47c-ab9b-4d03-93d0-d52f76e79aed,2025-06-03,organic,basic,UK,Education
633e95a9-5fb6-4811-b124-d9006cd0801e,2026-01-22,organic,basic,US,Tech
fc1bdd09-91c4-4069-80e8-dcdbaf7ccecd,2026-05-08,referral,enterprise,US,Education
cfd73bf0-bf95-43b3-8c19-c7daa8fad1e3,2026-01-14,direct,free,UK,Retail
3f22d13d-7d66-4248-ac3c-6022213bf14a,2025-10-20,paid_facebook,free,DE,Tech
bb46bf1f-9f1c-4572-bc02-8116c87cc177,2025-06-09,paid_google,free,CA,Education
7870c584-3d24-4215-a0cc-182740780920,2025-12-07,organic,basic,US,Healthcare
7d3134a0-d77f-41d5-a1cc-615a83ad8fc1,2026-05-16,paid_google,free,US,Finance
2ca4c474-130f-45d5-9a2a-46703df17bf6,2025-11-12,paid_google,pro,UK,Retail
466eee84-00da-4e67-9cf2-a6ee0e56f47c,2025-10-17,paid_google,free,US,Healthcare
252c57c0-0f01-4c08-8dc0-2a35686e584a,2026-03-03,organic,pro,UK,Education
2b90567a-031e-4f7a-a5fa-2e9bb2ed31d6,2026-03-18,paid_google,basic,IN,Education
2e0acabe-b343-4f48-971c-93a2b1dfce76,2025-07-23,organic,pro,AU,Tech
ee02ebbb-b122-4cc5-8b95-bdd375e9c955,2025-11-22,organic,free,DE,Healthcare
61af5398-35c4-4b51-a832-0f5985976634,2025-09-18,organic,free,CA,Education
1444192a-5e51-4d97-84ed-879effc66489,2025-12-20,organic,free,FR,Tech
717bea02-fe62-4e85-b556-ba9a7c5c04a7,2025-10-14,organic,free,CA,Finance
059a25ee-c310-4f92-8e7e-086d8dd98a86,2025-06-04,organic,free,IN,Finance
31ff2662-cfa8-4846-9e5d-dc2190f5b084,2025-11-02,organic,basic,CA,Tech
94795f36-d7c3-4f2d-aff6-0ce637d8fb14,2025-11-19,organic,free,DE,Healthcare
ad6542c3-d2e2-4351-b772-d7974b9f6733,2026-05-24,organic,pro,US,Tech
f8bf1848-9f5c-44c8-af57-da67b5825f02,2025-07-17,organic,free,IN,Tech
9502888a-61fa-418a-a5de-84e8e0a99462,2025-09-02,organic,free,US,Healthcare
fa93989b-33d4-451f-8f28-1af5529d77ce,2025-07-18,paid_facebook,free,US,Finance
06f32366-0c4e-4297-bb66-6bf2c3b8e4a8,2026-01-26,direct,basic,UK,Education
dbcb6bea-09d0-4b1d-857b-a3aec952b5cd,2026-05-13,direct,free,US,Finance
bce53126-90ed-4649-8b96-61daca9e8ea2,2025-12-30,paid_google,pro,UK,Healthcare
fa54aa35-5a3f-4187-b2d1-398ed49b5942,2026-05-06,paid_google,free,CA,Retail
62fdb74e-520b-4357-801f-1ef338acd69c,2026-04-20,organic,pro,US,Healthcare
4b3d12d6-b679-49a1-b6e7-ce7f0c931cdc,2025-10-17,direct,free,CA,Finance
7c0c2099-dafb-45db-bb18-e461c7f78569,2025-12-22,paid_facebook,free,FR,Finance
b4a8efbd-23f0-43d9-ae47-dd67979ef27f,2025-08-12,referral,basic,IN,Healthcare
31ea3836-b374-4790-b73c-9119a10a240f,2025-06-04,organic,basic,US,Healthcare
088da8a7-4934-4490-9e42-97b617dbfda5,2025-08-15,paid_google,free,CA,Healthcare
35220338-b059-4e5e-9d00-3099ef1bd829,2026-04-25,organic,pro,US,Finance
ec7a3610-3b0d-4d62-a3f7-f1ced631f084,2025-08-16,direct,free,UK,Tech
cc7657f7-c50a-4f6a-8360-eda4da3ec150,2026-03-31,organic,basic,UK,Retail
12baa5e6-b11b-475b-8b55-e88c28aacfe4,2026-02-11,paid_google,free,FR,Tech
34523e15-485b-4212-acf2-2be705fe9bb4,2025-09-10,organic,free,IN,Finance
cecf7cba-2632-40c2-8145-fa221e8a2ca0,2025-09-14,referral,free,IN,Tech
6cf12ec3-4128-4ebd-938e-9bba96cea968,2026-04-29,organic,pro,UK,Healthcare
41d494a4-89db-4916-8fa7-7d52c9d4a274,2025-07-09,referral,enterprise,UK,Education
66da924d-3b04-4efc-9f3a-6d52d9bba599,2026-04-10,paid_google,free,FR,Healthcare
383e196b-012e-437a-8445-5d66995f838c,2026-03-02,paid_google,pro,US,Retail
bac2c232-4233-4188-84d4-e90b0572cb3f,2025-08-27,organic,free,US,Healthcare
5d0034e8-c30c-4702-853f-82cd4c4c4640,2025-12-28,referral,basic,US,Education
9d817da2-0d22-4ebe-9f38-38c08f12e2fb,2025-08-16,paid_facebook,free,US,Finance
6c3fae7e-37f8-49a5-bd64-431d40f4dca7,2025-08-16,organic,free,UK,Tech
af516b7a-eef3-4cdc-a395-1186fafa645c,2025-06-28,paid_google,free,US,Healthcare
1402a06d-5c9c-4f34-a79d-be591fba3805,2026-01-31,organic,free,FR,Tech
e31b5ef3-a4d7-4b44-ad32-9c3d5ca09324,2025-08-05,organic,free,CA,Retail
6500bd79-7e43-441b-9e9d-7a7b4ebe8e7d,2026-02-21,paid_google,basic,IN,Tech
19a78c45-53f7-493e-8c3d-75740ae0f91f,2025-12-22,paid_google,free,IN,Retail
fa49f320-19f8-44ac-a9c0-6e18aa467725,2025-07-28,paid_google,pro,DE,Retail
4224d69c-e8f6-4761-b3cf-9c366a2354bc,2025-12-18,paid_google,basic,IN,Healthcare
9818d470-649d-4f1a-a80d-120be4fa5ba7,2026-01-11,paid_facebook,free,US,Education
1d7d67cb-df86-4540-9ead-235422bdc5f9,2025-10-20,direct,free,US,Tech
ed9f87a1-62b4-4992-89bc-0800a5524e7b,2025-08-23,organic,basic,FR,Retail
075412e5-bc86-4118-80c5-7c6581ec3ae0,2025-10-21,paid_google,pro,CA,Retail
97da17d2-8caf-4e82-8b44-c0a5eacd559f,2026-05-18,referral,enterprise,US,Retail
68cc911c-2b0a-44a1-b465-75c102188eaf,2025-07-03,paid_google,basic,UK,Finance
7f92cf7a-9ef2-49d5-982a-45a4094627c3,2025-10-30,paid_google,free,FR,Tech
a7cdf64a-4d75-4333-89d7-28c574d1f310,2025-11-05,paid_facebook,basic,FR,Tech
e65352dc-a94c-47db-9d8f-45583a9e0018,2025-10-19,referral,free,US,Retail
f5103050-9df2-4eb3-b771-048574e23c83,2026-02-06,paid_facebook,free,DE,Tech
b3ea13b9-17e2-42e6-8162-a1d5e004d485,2026-03-30,organic,basic,UK,Tech
8100802d-49f7-4cb0-ae1e-d6faa61e21c2,2025-09-20,paid_google,pro,UK,Finance
e324b807-f852-49e7-8159-213d96221d30,2025-10-22,organic,enterprise,US,Retail
9bed3f34-4bc4-4224-a299-7030dc97a849,2025-12-26,organic,free,DE,Tech
f6efe6f7-bead-447f-ab08-3cbab2402998,2026-01-10,paid_google,basic,CA,Education
88b80195-a207-4497-a095-f5699707dc61,2025-07-13,organic,pro,US,Retail
61596ad9-94d9-4669-bb4d-5a17b815b2d2,2026-02-19,paid_google,basic,UK,Tech
d996b4e7-4b24-4ea3-99ed-cc88f035ea93,2026-01-30,paid_google,free,US,Finance
ce9ee5b9-a84f-4e8e-b3cd-d363cea6e23b,2025-06-03,referral,basic,UK,Education
9b1a54b0-aeab-4646-893b-8d14f81a95b7,2025-10-03,organic,free,US,Healthcare
adb77ceb-37d7-4752-be8c-4a020a0087f8,2026-02-23,organic,basic,CA,Healthcare
756297e4-a056-4744-97b5-d632b46ccd9d,2025-08-23,paid_google,basic,US,Education
78f813d4-093d-4c0d-a7dd-a206f564d6ab,2025-06-16,organic,basic,DE,Healthcare
df050fdc-a266-476a-961a-0777847e869b,2026-04-30,organic,free,US,Education
8565b23b-d0ce-48be-a8c7-470f7dac4df3,2025-07-29,referral,free,AU,Tech
c78248f4-2043-4354-9975-b001dd2c343e,2025-11-24,organic,free,IN,Healthcare
f25e7492-1e2b-4da9-87cb-8e5f7a9583be,2025-08-02,paid_google,free,UK,Healthcare
2a976fed-377c-4887-946c-9fc30b2802db,2025-07-19,organic,enterprise,US,Education
639f3fb0-785a-48fd-915e-abd6f66b30fc,2026-04-03,organic,free,UK,Tech
5321395b-360c-411e-b17f-aa69d842b184,2026-02-01,organic,free,FR,Tech
213b7f45-7225-4764-b936-95164c7b8353,2026-03-16,paid_facebook,pro,US,Retail
3400f29f-22d0-4ec8-8dd5-b1c1f55b75a5,2026-03-13,referral,free,US,Retail
ad820de0-80ee-4652-add1-bd0d8cbaf52f,2026-04-28,paid_facebook,basic,FR,Tech
0cb254dc-5a4e-4950-ae6c-9f8de561abe7,2025-06-15,paid_google,free,DE,Education
45ff23e6-e71c-4d84-b0bb-400b340fac15,2026-05-04,paid_facebook,free,UK,Finance
32815599-c427-4cf4-8573-897199697569,2026-02-10,organic,pro,CA,Finance
1a4f8890-7c31-4023-b8b7-96d39b0a3452,2025-08-31,paid_facebook,free,US,Retail
a4b39db3-295a-43df-a9ec-a418bb1ca608,2026-03-06,paid_google,free,US,Healthcare
4611ab7f-395b-425f-9171-90aa5ead1095,2025-12-23,paid_facebook,free,US,Finance
68f91634-2618-4126-ae60-bd45a1a7219b,2025-09-02,organic,free,US,Healthcare
e5bde62f-c90d-4946-ae4e-231ea9941644,2026-01-11,referral,pro,CA,Healthcare
3137ff6e-c8ac-4160-9202-5a14259f1c1d,2026-03-28,paid_google,basic,US,Tech
771ac1c1-5396-48ed-a637-d8a1b7a2d0b6,2026-04-14,organic,free,US,Finance
15b3d6c7-ea9f-42d7-9d9f-4261c1d4791c,2025-12-16,paid_google,basic,IN,Finance
28b317a8-273c-4f63-8065-ac20b7642e52,2026-02-26,organic,basic,US,Healthcare
b2e4d583-5111-4bd9-9cb1-a60c29ed08a7,2026-01-20,organic,pro,IN,Healthcare
904665fa-54e8-496a-b879-4aaa74473437,2025-07-16,paid_google,free,US,Tech
f4beb676-0c79-4013-9de2-68b94fdcd6dd,2025-08-03,organic,pro,US,Education
6e89bf48-4802-437e-86ea-8cfae821866f,2026-01-16,organic,free,US,Finance
c95269d6-6f33-46e5-9f80-e9a9fc5823a4,2026-02-04,organic,basic,US,Finance
b2b7dd27-614d-4469-aff1-c231aa07df1d,2026-02-01,organic,enterprise,US,Tech
1e6b8255-2cad-4958-8a92-36591f08813c,2025-08-14,organic,free,US,Tech
0e579f0f-48d8-4893-8bb0-f2312c9f2b20,2025-11-04,organic,free,UK,Education
fcce7bf8-a5d6-4cf4-b29a-0bd023eb6bb1,2026-01-09,organic,free,US,Healthcare
679c5015-6168-44f9-8fe2-2860d1e0d564,2025-12-07,direct,free,US,Finance
d8c3803d-38f5-46d1-ae10-47f21525a29f,2025-07-22,direct,free,UK,Healthcare
8466a630-a613-45e4-bbb9-cbf9f63db458,2025-08-27,referral,basic,CA,Finance
df448aa5-6794-44cb-94a1-7f9e166ee9c8,2026-04-09,organic,free,US,Tech
d7f7cf66-d6e4-4bde-9600-c1c69e3bbfa7,2026-05-05,paid_facebook,free,US,Tech
b9fd9c4d-7d78-45e0-bc20-06dc299a23c6,2025-08-05,paid_google,free,US,Tech
4c0c601f-efc8-433c-b4c6-d3fe54b13011,2025-10-28,organic,free,IN,Education
f0cec178-12a9-409d-a086-2271cea0fb23,2025-06-20,referral,free,CA,Finance
e600febc-756c-4e6f-92ec-7df2d3cffd0f,2025-07-03,direct,basic,US,Tech
c0d425b2-0cdd-4799-a004-a028f34f73d3,2026-04-24,paid_facebook,free,FR,Education
1bc805aa-ad17-4c82-8a29-0eb2ad939c07,2026-03-08,organic,enterprise,FR,Healthcare
1571eb03-67f5-4c05-95a5-e2c0e2fead12,2025-07-16,paid_google,free,US,Education
ea5cd845-3023-4eeb-a6c1-a64261f57c8c,2025-08-12,organic,pro,US,Education
feaee9d3-4e90-497c-b09a-1af7e940abdf,2026-05-20,organic,free,US,Retail
2436274c-83a3-4557-b1a7-71bda46561e0,2026-04-09,paid_facebook,basic,AU,Healthcare
63dbbd81-8131-48d4-bc2e-8cb6419d05b8,2026-05-09,organic,basic,UK,Retail
ec35cb99-60f5-407c-bd21-98beb626fac1,2025-10-11,organic,basic,US,Finance
c0b3eadf-07f0-4963-80fd-304d6c9d0df7,2025-07-25,organic,basic,FR,Education
9d34a41d-1d7b-42d3-948c-e2518b5f7e40,2025-07-31,paid_google,enterprise,UK,Education
136c4530-75b3-443b-8bb6-879ed6e99439,2026-05-11,direct,basic,CA,Education
502d16d8-e63a-45c2-9d4a-dc2c88123d89,2025-06-08,paid_google,basic,AU,Education
f8210f9a-d075-44e2-ba9d-7b2340187b25,2026-02-27,organic,pro,AU,Retail
fbbf72a3-25c7-49d2-8e51-e80ae3035f27,2026-02-01,paid_google,basic,US,Finance
df333145-77c4-4830-b7bc-ed70f1248037,2025-11-23,paid_google,free,UK,Retail
d790b237-e348-46c6-88d7-c3c3c1f9373c,2025-09-24,referral,free,CA,Education
53adaa89-aac6-4161-b1db-2cdf22d63caf,2026-04-13,paid_google,pro,US,Finance
b9100522-64a7-4b61-ab18-963c9bd367f0,2026-02-26,organic,free,US,Healthcare
1215a9de-7762-4a16-af58-5a3508456d71,2025-12-10,organic,basic,US,Retail
98e66b2c-3745-488d-86d6-95af34c2235f,2025-10-28,referral,free,DE,Tech
36153905-37cb-4afa-9f7e-b7dd442e38b0,2025-10-09,organic,free,DE,Healthcare
3665226b-f6b1-4842-9f7b-ade22ad9f87e,2025-09-10,paid_facebook,basic,IN,Healthcare
e38d3c6a-9b7a-4e28-82ae-59ee31987ae4,2026-04-06,organic,free,FR,Education
f368ecf1-4615-48ae-884e-da667102de55,2026-02-25,paid_facebook,free,US,Education
28e65f4d-a151-47b7-894e-5f28c6422956,2026-03-19,organic,free,UK,Healthcare
2a609499-acf4-4a60-a829-55527db8e75a,2025-12-27,organic,free,US,Retail
2513f4d9-374e-41bc-a90b-976d9c1f0060,2026-05-27,paid_google,basic,CA,Finance
78169e71-5920-40ed-9a85-a9ac38bb053a,2026-05-04,paid_google,free,DE,Retail
c621b438-04f9-4a79-a398-f26b7bde8e6d,2025-08-06,organic,basic,UK,Retail
0df53b34-4f35-430f-bce0-f9f08a078603,2025-06-10,paid_google,free,UK,Healthcare
3e5fc9a5-5aa3-497e-becd-ff102ee7e64f,2025-07-19,organic,enterprise,CA,Retail
4606decf-1bb9-4325-8100-d0691c7a9c7c,2025-09-19,paid_facebook,free,IN,Finance
3315a3b7-31b3-441c-9c9d-837a7dede0b8,2026-04-17,paid_google,free,US,Healthcare
898d71f9-abf2-49fe-8366-9adbe95a560c,2026-01-05,paid_facebook,free,FR,Retail
3800605c-9fda-4639-b728-5eb378036e60,2025-07-27,paid_google,free,US,Education
8a4005da-8ca5-4b79-816a-a6a5b213fc09,2026-03-10,referral,free,US,Retail
c1f61125-7d69-4719-a9bf-8b26d97da75f,2025-09-21,organic,basic,US,Healthcare
33a8017d-9ce6-47c1-a68c-06d41026f657,2025-10-11,organic,free,IN,Healthcare
41f7d72e-c02c-4adb-a161-2a4e8a48d4c5,2025-08-10,paid_google,free,FR,Education
ff9d1e71-6bad-41a3-885a-9af3d4fab51c,2025-08-22,paid_google,free,FR,Healthcare
d4453a71-9a4e-41b5-ae76-767e53dc9ddc,2025-07-27,paid_google,pro,CA,Tech
c046dc87-c355-41f5-8bf6-0d89b5df1c56,2026-05-15,paid_facebook,free,US,Healthcare
9ac03184-b7ba-4a77-b5dd-51c8b9d899fc,2026-02-26,paid_google,free,UK,Retail
9eeb5c9c-f138-40eb-ac77-b5b560361351,2025-09-19,referral,free,FR,Finance
19d003ee-1c93-40a7-afc3-227e9b93e4a4,2026-05-23,paid_google,basic,US,Retail
2ed3c434-f167-4066-b251-9cab2f68f2ad,2025-08-15,organic,basic,UK,Healthcare
f8673f3d-5b7d-41c7-84ec-9980e9641b9c,2025-11-05,referral,free,CA,Tech
3ee8c1b2-d4a5-49e5-ab3b-8718881d7367,2025-06-20,referral,free,US,Retail
62e56d1f-cfa3-48d1-b4a4-037bbbe0c8b0,2025-10-09,organic,free,US,Finance
15952b40-e1f9-4dbf-aa94-aa31650ae694,2026-04-25,organic,basic,UK,Retail
3f032ce4-a552-48bf-ac38-fd813078df66,2025-09-30,paid_google,free,FR,Education
912afad9-a7f8-487e-82eb-07f94c5031a9,2025-07-11,organic,pro,FR,Tech
6a5ee263-87c6-4c67-9d7d-5d940a571eda,2025-11-14,paid_google,free,UK,Healthcare
b0b27ff0-4f83-42cb-99f4-423a844df1fa,2025-10-08,direct,free,FR,Retail
e0c902f2-d982-46f7-bb36-1aa82e19a049,2025-06-23,organic,free,US,Retail
e7fa615e-488e-4402-90d8-7ed353d421e5,2026-03-06,organic,basic,IN,Retail
f1cda649-f735-432e-82f6-2062dd7e60f9,2026-02-06,paid_facebook,basic,US,Retail
d1499831-851b-418d-b1b5-d6e34625724c,2025-06-09,organic,enterprise,IN,Finance
81bd9ccf-0db2-4256-911a-d25b809829d0,2025-06-13,referral,free,DE,Education
bfcf0307-de60-45cd-b1fd-2cb694ad05c3,2026-04-03,organic,free,US,Education
98d34d2e-a9d5-4227-acfe-962a1594406a,2026-04-16,paid_google,free,FR,Tech
7532849d-e628-418d-8d27-172c926a5dc7,2025-07-22,organic,free,US,Tech
891c5df2-27ac-41a4-af0f-0d342877572f,2025-12-26,paid_facebook,free,IN,Finance
60e2f8a3-fa5e-4d57-81df-4b752093dbb2,2025-07-08,paid_google,free,US,Education
89d878ca-b27a-4b11-870b-2975635b5650,2025-09-08,direct,free,DE,Tech
3181d653-4f55-49ad-b833-5e2e5480a99e,2025-12-10,paid_google,free,US,Healthcare
63f67364-f70c-492f-8cb9-792935d74819,2025-12-08,referral,basic,US,Education
9070c98f-67bb-4a51-805e-bc90725cdcd4,2025-07-21,paid_google,free,FR,Retail
b3cf2c6d-5f25-4252-a6f1-ce67bb219e26,2025-10-19,direct,basic,IN,Education
303952a0-7fff-4eb8-a4a5-431d4e7a84a7,2025-11-15,organic,free,IN,Healthcare
914ff70a-6fab-4cc1-92b9-455ed0e893be,2026-04-07,paid_google,basic,IN,Retail
63fca43c-75ec-4de4-93c4-54fb10c558fc,2025-09-17,organic,free,UK,Education
638ebd0f-5eb3-4ec7-86f4-048693a1a68d,2025-12-24,organic,free,FR,Retail
61070548-1f98-4e2f-8d38-f132ceb93b05,2026-03-27,paid_google,enterprise,AU,Retail
8932602a-aae9-4afc-9cdf-c9987b183373,2025-09-18,paid_facebook,free,US,Finance
9c0fc57f-284f-47f7-b8a3-fa7ede9e2400,2025-12-13,paid_google,basic,IN,Healthcare
a0c1b752-d240-4da9-a60a-0333f8fc7117,2025-10-30,organic,basic,FR,Finance
473c5d70-7092-4721-b831-c848d1208b8d,2026-01-29,organic,free,DE,Education
de058b3b-55d0-410c-b075-c4ad4bbb63be,2025-10-06,organic,basic,US,Retail
0ad00857-31d8-406c-a458-f85fde5d46bf,2025-09-13,direct,pro,IN,Education
564bd28b-1a99-4953-bfaa-c024875bd0b5,2025-06-10,organic,free,DE,Education
bc522c41-e9c4-4e98-9ea4-c08038a19bee,2026-05-22,organic,basic,US,Finance
8104c7d4-757e-4e16-8383-c2d44e1ae39e,2025-10-26,paid_google,basic,FR,Education
fd53150b-238f-4d35-b148-3c47ef7c2581,2026-05-30,organic,free,US,Healthcare
7ea63788-3009-47e9-aa37-188d3e0a744f,2025-10-18,organic,free,US,Retail
fc440ab6-0fe1-4a64-8aad-8663faaf7a00,2025-12-07,paid_google,free,US,Tech
3f5c10f7-7e55-4690-af4c-331a69d37064,2025-09-02,paid_facebook,basic,US,Healthcare
e2cc17f0-2c74-4cdb-a182-f2eb6fefe8f6,2026-01-15,referral,basic,UK,Tech
9d99df48-73d6-4936-80f0-c1c2860555b7,2025-08-02,referral,basic,CA,Tech
a78acfe4-aedc-42a1-8130-a047520300dd,2026-05-06,direct,free,US,Finance
33bf4579-fc9b-4f02-aa61-538deefa6465,2025-06-25,organic,free,CA,Tech
1c31cef2-4da1-4b41-8ecb-e861f8983cbb,2026-02-23,organic,basic,US,Retail
21a3d67f-106f-4a72-a71d-c5d4d51274d7,2026-03-08,organic,free,DE,Finance
f68cd048-76cc-432c-8ba9-f76d853d8bf8,2025-06-11,paid_google,basic,FR,Healthcare
133c3879-7a1a-46f1-81c6-ab92c325114a,2026-04-16,paid_google,basic,UK,Healthcare
2fe94054-db9e-4afe-afa9-3904fe17228d,2025-12-18,paid_facebook,free,AU,Healthcare
983d879d-201a-4bb3-8163-08ab7938d230,2025-10-04,organic,free,DE,Education
5d193a66-2a91-4b07-91ea-ab11ee8d4e66,2026-04-02,organic,free,IN,Finance
883ead23-f3f3-4232-8e88-d5fba10837a6,2025-12-07,paid_google,basic,US,Finance
91a12419-7ce7-4889-9b62-f90d37c8e5b2,2025-08-28,organic,pro,US,Finance
d38aff30-bd2c-43ba-97f4-7bb39659c49a,2026-05-21,paid_facebook,basic,FR,Retail
f2cc6b63-f9fa-4eb2-a497-b4529248ee13,2025-09-24,direct,free,US,Finance
52ea92fd-e53a-4b40-ba04-b66bbcc1a7e4,2026-05-18,organic,free,US,Retail
c4d33b5c-0881-41e1-b57c-23d22d37bd10,2025-11-24,paid_facebook,basic,US,Healthcare
762ba0c6-e25a-4a30-a606-11e1a7acb913,2025-06-14,paid_google,free,UK,Education
5073084d-667d-4700-97b1-4310b59189b2,2026-02-12,organic,basic,CA,Tech
bcbce7f9-0bab-455c-9cba-6eeaa97fac78,2025-12-26,organic,free,CA,Education
c701a44f-d3c8-4426-abcd-56689592ce33,2026-03-08,organic,free,US,Education
4c54113e-3747-407c-a53f-348c7d9fcef0,2026-04-24,paid_google,free,US,Education
af26dddf-aaa1-46da-8964-e3cd3af41b94,2026-04-21,organic,free,US,Tech
71301471-1f2f-4af6-b2ba-7ae39e3188bd,2025-09-13,referral,basic,UK,Retail
532ce4df-adf2-455d-b977-53d6feee0701,2025-10-25,direct,free,CA,Healthcare
32bd556b-d743-45e1-8e28-0b2a56b38071,2026-03-06,organic,pro,US,Tech
4c1d0af8-cc42-43ed-89e1-e22fd5556b9b,2025-06-09,organic,free,US,Healthcare
3c89db77-f50a-4476-8d68-6ae4dc91dc2c,2025-09-26,paid_facebook,free,AU,Retail
